{"totales":{"PorcentajeDesaparecidos":"40.00","PorcentajeLocalizados":"60.00","PorcentajeLocalizadosCV":"83.33","PorcentajeLocalizadosSV":"16.67","PorcentajeSoloDesaparecidos":"87.50","PorcentajeSoloNoLocalizados":"12.50","TotalDesaparecidos":"08","TotalGlobal":"20","TotalLocalizados":"12","TotalLocalizadosCV":"10","TotalLocalizadosSV":"02","TotalSoloDesaparecidos":"07","TotalSoloNoLocalizados":"01"},"espacial":{"Hombre":{"DURANGO":1,"ESTADO DE MEXICO":1,"JALISCO":1,"NUEVO LEON":1,"QUINTANA ROO":2,"SINALOA":0,"TAMAULIPAS":6,"YUCATAN":0},"Indeterminado":{"DURANGO":0,"ESTADO DE MEXICO":0,"JALISCO":0,"NUEVO LEON":0,"QUINTANA ROO":0,"SINALOA":0,"TAMAULIPAS":0,"YUCATAN":0},"Mujer":{"DURANGO":0,"ESTADO DE MEXICO":0,"JALISCO":0,"NUEVO LEON":0,"QUINTANA ROO":5,"SINALOA":1,"TAMAULIPAS":1,"YUCATAN":1}},"anual":{"Hombre":{"1.CIFRA SIN  AÑO DE REFERENCIA":0,"2008":1,"2010":0,"2011":3,"2012":1,"2013":0,"2014":2,"2015":1,"2016":1,"2017":2,"2020":1},"Indeterminado":{"1.CIFRA SIN  AÑO DE REFERENCIA":0,"2008":0,"2010":0,"2011":0,"2012":0,"2013":0,"2014":0,"2015":0,"2016":0,"2017":0,"2020":0},"Mujer":{"1.CIFRA SIN  AÑO DE REFERENCIA":1,"2008":1,"2010":1,"2011":0,"2012":0,"2013":1,"2014":0,"2015":0,"2016":2,"2017":2,"2020":0}},"mensual_ultimo_anio":{"Hombre":{"2012-JUNIO":1,"2013-AGOSTO":0,"2014-FEBRERO":1,"2014-MAYO":1,"2015-ENERO":1,"2016-JULIO":0,"2016-JUNIO":1,"2017-ABRIL":1,"2017-ENERO":0,"2017-MAYO":0,"2017-OCTUBRE":1,"2020-MARZO":1},"Indeterminado":{"2012-JUNIO":0,"2013-AGOSTO":0,"2014-FEBRERO":0,"2014-MAYO":0,"2015-ENERO":0,"2016-JULIO":0,"2016-JUNIO":0,"2017-ABRIL":0,"2017-ENERO":0,"2017-MAYO":0,"2017-OCTUBRE":0,"2020-MARZO":0},"Mujer":{"2012-JUNIO":0,"2013-AGOSTO":1,"2014-FEBRERO":0,"2014-MAYO":0,"2015-ENERO":0,"2016-JULIO":2,"2016-JUNIO":0,"2017-ABRIL":0,"2017-ENERO":1,"2017-MAYO":1,"2017-OCTUBRE":0,"2020-MARZO":0}},"por_edad":{"Hombres":{"13":1,"14":1,"15":0,"16":0,"17":1,"18":2,"19":0,"23":1,"35":1,"39":1,"42":1,"44":1,"48":1,"72":1},"Indeterminado":{"13":0,"14":0,"15":0,"16":0,"17":0,"18":0,"19":0,"23":0,"35":0,"39":0,"42":0,"44":0,"48":0,"72":0},"Mujeres":{"13":2,"14":1,"15":1,"16":1,"17":0,"18":1,"19":2,"23":0,"35":0,"39":0,"42":0,"44":0,"48":0,"72":0}},"por_nacionalidad":{"Hombres":{"MEXICANA":12},"Indeterminado":{"MEXICANA":0},"Mujeres":{"MEXICANA":8}}}