{"totales":{"PorcentajeDesaparecidos":"92.33","PorcentajeLocalizados":"7.67","PorcentajeLocalizadosCV":"85.71","PorcentajeLocalizadosSV":"14.29","PorcentajeSoloDesaparecidos":"94.07","PorcentajeSoloNoLocalizados":"5.93","TotalDesaparecidos":"590","TotalGlobal":"639","TotalLocalizados":"49","TotalLocalizadosCV":"42","TotalLocalizadosSV":"07","TotalSoloDesaparecidos":"555","TotalSoloNoLocalizados":"35"},"espacial":{"Hombre":{"AGUASCALIENTES":2,"BAJA CALIFORNIA":9,"CAMPECHE":2,"CHIHUAHUA":41,"CIUDAD DE MEXICO":16,"COAHUILA":28,"COLIMA":4,"DURANGO":3,"ESTADO DE MEXICO":25,"GUERRERO":6,"HIDALGO":0,"JALISCO":48,"MICHOACAN ":4,"MORELOS":9,"NAYARIT":1,"NUEVO LEON":8,"OAXACA":2,"QUERETARO ":3,"QUINTANA ROO":1,"SINALOA":15,"SONORA":224,"TABASCO":2,"TAMAULIPAS":15,"TLAXCALA":0,"VERACRUZ ":8,"YUCATAN":5,"ZACATECAS":6},"Indeterminado":{"AGUASCALIENTES":0,"BAJA CALIFORNIA":0,"CAMPECHE":0,"CHIHUAHUA":0,"CIUDAD DE MEXICO":0,"COAHUILA":0,"COLIMA":0,"DURANGO":0,"ESTADO DE MEXICO":0,"GUERRERO":0,"HIDALGO":0,"JALISCO":0,"MICHOACAN ":0,"MORELOS":0,"NAYARIT":0,"NUEVO LEON":0,"OAXACA":0,"QUERETARO ":0,"QUINTANA ROO":0,"SINALOA":0,"SONORA":0,"TABASCO":0,"TAMAULIPAS":0,"TLAXCALA":0,"VERACRUZ ":0,"YUCATAN":0,"ZACATECAS":0},"Mujer":{"AGUASCALIENTES":1,"BAJA CALIFORNIA":4,"CAMPECHE":1,"CHIHUAHUA":3,"CIUDAD DE MEXICO":12,"COAHUILA":3,"COLIMA":7,"DURANGO":0,"ESTADO DE MEXICO":15,"GUERRERO":3,"HIDALGO":2,"JALISCO":13,"MICHOACAN ":4,"MORELOS":2,"NAYARIT":0,"NUEVO LEON":2,"OAXACA":1,"QUERETARO ":1,"QUINTANA ROO":0,"SINALOA":3,"SONORA":66,"TABASCO":0,"TAMAULIPAS":6,"TLAXCALA":1,"VERACRUZ ":0,"YUCATAN":1,"ZACATECAS":1}},"anual":{"Hombre":{"1.CIFRA SIN  AÑO DE REFERENCIA":2,"1968":0,"1987":1,"1991":0,"1997":1,"2000":1,"2002":1,"2003":1,"2005":1,"2006":1,"2007":13,"2008":12,"2009":27,"2010":32,"2011":31,"2012":61,"2013":90,"2014":82,"2015":39,"2016":36,"2017":46,"2018":7,"2019":0,"2020":2},"Indeterminado":{"1.CIFRA SIN  AÑO DE REFERENCIA":0,"1968":0,"1987":0,"1991":0,"1997":0,"2000":0,"2002":0,"2003":0,"2005":0,"2006":0,"2007":0,"2008":0,"2009":0,"2010":0,"2011":0,"2012":0,"2013":0,"2014":0,"2015":0,"2016":0,"2017":0,"2018":0,"2019":0,"2020":0},"Mujer":{"1.CIFRA SIN  AÑO DE REFERENCIA":0,"1968":1,"1987":0,"1991":1,"1997":0,"2000":0,"2002":0,"2003":0,"2005":0,"2006":0,"2007":5,"2008":6,"2009":4,"2010":10,"2011":6,"2012":14,"2013":31,"2014":36,"2015":6,"2016":16,"2017":9,"2018":5,"2019":2,"2020":0}},"mensual_ultimo_anio":{"Hombre":{"2017-DICIEMBRE":3,"2017-NOVIEMBRE":3,"2017-OCTUBRE":3,"2018-ABRIL":2,"2018-ENERO":2,"2018-FEBRERO":2,"2018-MARZO":0,"2018-MAYO":1,"2019-DICIEMBRE":0,"2019-SEPTIEMBRE":0,"2020-JUNIO":1,"2020-MARZO":1},"Indeterminado":{"2017-DICIEMBRE":0,"2017-NOVIEMBRE":0,"2017-OCTUBRE":0,"2018-ABRIL":0,"2018-ENERO":0,"2018-FEBRERO":0,"2018-MARZO":0,"2018-MAYO":0,"2019-DICIEMBRE":0,"2019-SEPTIEMBRE":0,"2020-JUNIO":0,"2020-MARZO":0},"Mujer":{"2017-DICIEMBRE":0,"2017-NOVIEMBRE":0,"2017-OCTUBRE":2,"2018-ABRIL":2,"2018-ENERO":0,"2018-FEBRERO":2,"2018-MARZO":1,"2018-MAYO":0,"2019-DICIEMBRE":1,"2019-SEPTIEMBRE":1,"2020-JUNIO":0,"2020-MARZO":0}},"por_edad":{"Hombres":{"1":0,"12":1,"13":4,"14":6,"15":2,"16":6,"17":6,"18":7,"19":8,"2":0,"20":9,"21":8,"22":14,"23":13,"24":9,"25":11,"26":11,"27":17,"28":14,"29":14,"30":16,"31":11,"32":14,"33":15,"34":15,"35":10,"36":14,"37":14,"38":10,"39":5,"4":2,"40":15,"41":15,"42":7,"43":4,"44":11,"45":5,"46":5,"47":9,"48":7,"49":6,"5":0,"50":8,"51":4,"52":7,"53":8,"54":4,"55":5,"56":10,"57":3,"58":4,"59":3,"6":1,"60":1,"61":2,"62":2,"63":3,"64":3,"65":3,"66":3,"67":2,"68":1,"69":4,"70":1,"71":0,"72":3,"73":5,"74":2,"75":6,"76":3,"77":2,"78":1,"79":1,"8":1,"81":1,"82":3,"83":1,"84":1,"85":2,"87":0,"9":1,"90":0,"91":1,"92":1,"93":0},"Indeterminado":{"1":0,"12":0,"13":0,"14":0,"15":0,"16":0,"17":0,"18":0,"19":0,"2":0,"20":0,"21":0,"22":0,"23":0,"24":0,"25":0,"26":0,"27":0,"28":0,"29":0,"30":0,"31":0,"32":0,"33":0,"34":0,"35":0,"36":0,"37":0,"38":0,"39":0,"4":0,"40":0,"41":0,"42":0,"43":0,"44":0,"45":0,"46":0,"47":0,"48":0,"49":0,"5":0,"50":0,"51":0,"52":0,"53":0,"54":0,"55":0,"56":0,"57":0,"58":0,"59":0,"6":0,"60":0,"61":0,"62":0,"63":0,"64":0,"65":0,"66":0,"67":0,"68":0,"69":0,"70":0,"71":0,"72":0,"73":0,"74":0,"75":0,"76":0,"77":0,"78":0,"79":0,"8":0,"81":0,"82":0,"83":0,"84":0,"85":0,"87":0,"9":0,"90":0,"91":0,"92":0,"93":0},"Mujeres":{"1":3,"12":1,"13":2,"14":4,"15":2,"16":3,"17":5,"18":7,"19":3,"2":1,"20":7,"21":4,"22":5,"23":7,"24":1,"25":2,"26":3,"27":4,"28":4,"29":6,"30":4,"31":3,"32":1,"33":3,"34":2,"35":1,"36":4,"37":3,"38":4,"39":3,"4":0,"40":2,"41":1,"42":3,"43":1,"44":0,"45":5,"46":3,"47":1,"48":1,"49":1,"5":1,"50":0,"51":2,"52":2,"53":1,"54":1,"55":2,"56":0,"57":0,"58":1,"59":2,"6":0,"60":2,"61":2,"62":1,"63":0,"64":0,"65":1,"66":0,"67":2,"68":0,"69":0,"70":0,"71":1,"72":0,"73":0,"74":0,"75":3,"76":0,"77":2,"78":0,"79":1,"8":0,"81":1,"82":0,"83":0,"84":1,"85":0,"87":1,"9":0,"90":1,"91":0,"92":0,"93":1}},"por_nacionalidad":{"Hombres":{"COSTARRICENSE":0,"ESTADOUNIDENSE":1,"HONDUREÑA":1,"MEXICANA":484,"SE DESCONOCE":1},"Indeterminado":{"COSTARRICENSE":0,"ESTADOUNIDENSE":0,"HONDUREÑA":0,"MEXICANA":0,"SE DESCONOCE":0},"Mujeres":{"COSTARRICENSE":1,"ESTADOUNIDENSE":0,"HONDUREÑA":0,"MEXICANA":148,"SE DESCONOCE":3}}}