{"totales":{"PorcentajeDesaparecidos":"92.31","PorcentajeLocalizados":"7.69","PorcentajeLocalizadosCV":"100.00","PorcentajeLocalizadosSV":"0.00","PorcentajeSoloDesaparecidos":"100.00","PorcentajeSoloNoLocalizados":"0.00","TotalDesaparecidos":"24","TotalGlobal":"26","TotalLocalizados":"02","TotalLocalizadosCV":"02","TotalLocalizadosSV":"00","TotalSoloDesaparecidos":"24","TotalSoloNoLocalizados":"00"},"espacial":{"Hombre":{"BAJA CALIFORNIA SUR":1,"CHIAPAS":0,"CHIHUAHUA":0,"GUERRERO":2,"JALISCO":6,"NUEVO LEON":1,"SONORA":2,"TAMAULIPAS":5,"VERACRUZ ":2},"Indeterminado":{"BAJA CALIFORNIA SUR":0,"CHIAPAS":0,"CHIHUAHUA":0,"GUERRERO":0,"JALISCO":0,"NUEVO LEON":0,"SONORA":0,"TAMAULIPAS":0,"VERACRUZ ":0},"Mujer":{"BAJA CALIFORNIA SUR":0,"CHIAPAS":1,"CHIHUAHUA":1,"GUERRERO":0,"JALISCO":2,"NUEVO LEON":0,"SONORA":0,"TAMAULIPAS":2,"VERACRUZ ":1}},"anual":{"Hombre":{"2010":0,"2011":1,"2012":1,"2013":4,"2014":1,"2015":2,"2016":2,"2017":7,"2018":1,"2020":0},"Indeterminado":{"2010":0,"2011":0,"2012":0,"2013":0,"2014":0,"2015":0,"2016":0,"2017":0,"2018":0,"2020":0},"Mujer":{"2010":2,"2011":0,"2012":0,"2013":2,"2014":0,"2015":0,"2016":0,"2017":1,"2018":1,"2020":1}},"mensual_ultimo_anio":{"Hombre":{"2015-MARZO":1,"2016-FEBRERO":2,"2017-AGOSTO":1,"2017-DICIEMBRE":1,"2017-FEBRERO":1,"2017-JULIO":2,"2017-NOVIEMBRE":0,"2017-OCTUBRE":1,"2017-SEPTIEMBRE":1,"2018-ENERO":0,"2018-FEBRERO":1,"2020-MAYO":0},"Indeterminado":{"2015-MARZO":0,"2016-FEBRERO":0,"2017-AGOSTO":0,"2017-DICIEMBRE":0,"2017-FEBRERO":0,"2017-JULIO":0,"2017-NOVIEMBRE":0,"2017-OCTUBRE":0,"2017-SEPTIEMBRE":0,"2018-ENERO":0,"2018-FEBRERO":0,"2020-MAYO":0},"Mujer":{"2015-MARZO":0,"2016-FEBRERO":0,"2017-AGOSTO":0,"2017-DICIEMBRE":0,"2017-FEBRERO":0,"2017-JULIO":0,"2017-NOVIEMBRE":1,"2017-OCTUBRE":0,"2017-SEPTIEMBRE":0,"2018-ENERO":1,"2018-FEBRERO":0,"2020-MAYO":1}},"por_edad":{"Hombres":{"0":1,"14":0,"17":1,"20":1,"22":2,"23":0,"25":2,"26":1,"32":1,"33":1,"35":2,"36":1,"38":1,"44":1,"45":2,"48":0,"50":1,"53":1,"54":0},"Indeterminado":{"0":0,"14":0,"17":0,"20":0,"22":0,"23":0,"25":0,"26":0,"32":0,"33":0,"35":0,"36":0,"38":0,"44":0,"45":0,"48":0,"50":0,"53":0,"54":0},"Mujeres":{"0":0,"14":1,"17":0,"20":0,"22":0,"23":2,"25":0,"26":2,"32":0,"33":0,"35":0,"36":0,"38":0,"44":0,"45":0,"48":1,"50":0,"53":0,"54":1}},"por_nacionalidad":{"Hombres":{"ESTADOUNIDENSE":1,"MEXICANA":18},"Indeterminado":{"ESTADOUNIDENSE":0,"MEXICANA":0},"Mujeres":{"ESTADOUNIDENSE":0,"MEXICANA":7}}}