{"totales":{"PorcentajeDesaparecidos":"33.33","PorcentajeLocalizados":"66.67","PorcentajeLocalizadosCV":"75.00","PorcentajeLocalizadosSV":"25.00","PorcentajeSoloDesaparecidos":"100.00","PorcentajeSoloNoLocalizados":"0.00","TotalDesaparecidos":"02","TotalGlobal":"06","TotalLocalizados":"04","TotalLocalizadosCV":"03","TotalLocalizadosSV":"01","TotalSoloDesaparecidos":"02","TotalSoloNoLocalizados":"00"},"espacial":{"Hombre":{"JALISCO":1,"TAMAULIPAS":3},"Indeterminado":{"JALISCO":0,"TAMAULIPAS":0},"Mujer":{"JALISCO":0,"TAMAULIPAS":2}},"anual":{"Hombre":{"2007":1,"2010":1,"2011":1,"2014":1},"Indeterminado":{"2007":0,"2010":0,"2011":0,"2014":0},"Mujer":{"2007":0,"2010":0,"2011":0,"2014":2}},"mensual_ultimo_anio":{"Hombre":{"2007-SEPTIEMBRE":1,"2010-FEBRERO":1,"2011-AGOSTO":1,"2014-AGOSTO":0,"2014-FEBRERO":0,"2014-MARZO":1},"Indeterminado":{"2007-SEPTIEMBRE":0,"2010-FEBRERO":0,"2011-AGOSTO":0,"2014-AGOSTO":0,"2014-FEBRERO":0,"2014-MARZO":0},"Mujer":{"2007-SEPTIEMBRE":0,"2010-FEBRERO":0,"2011-AGOSTO":0,"2014-AGOSTO":1,"2014-FEBRERO":1,"2014-MARZO":0}},"por_edad":{"Hombres":{"0":1,"11":0,"23":1,"30":1,"37":1},"Indeterminado":{"0":0,"11":0,"23":0,"30":0,"37":0},"Mujeres":{"0":0,"11":2,"23":0,"30":0,"37":0}},"por_nacionalidad":{"Hombres":{"ESTADOUNIDENSE":1,"MEXICANA":3},"Indeterminado":{"ESTADOUNIDENSE":0,"MEXICANA":0},"Mujeres":{"ESTADOUNIDENSE":0,"MEXICANA":2}}}