{"totales":{"PorcentajeDesaparecidos":"100.00","PorcentajeLocalizados":"0.00","PorcentajeLocalizadosCV":"0.00","PorcentajeLocalizadosSV":"0.00","PorcentajeSoloDesaparecidos":"100.00","PorcentajeSoloNoLocalizados":"0.00","TotalDesaparecidos":"01","TotalGlobal":"01","TotalLocalizados":"00","TotalLocalizadosCV":"00","TotalLocalizadosSV":"00","TotalSoloDesaparecidos":"01","TotalSoloNoLocalizados":"00"},"espacial":{"Hombre":{"COAHUILA":0},"Indeterminado":{"COAHUILA":0},"Mujer":{"COAHUILA":1}},"anual":{"Hombre":{"2013":0},"Indeterminado":{"2013":0},"Mujer":{"2013":1}},"mensual_ultimo_anio":{"Hombre":{"2013-NOVIEMBRE":0},"Indeterminado":{"2013-NOVIEMBRE":0},"Mujer":{"2013-NOVIEMBRE":1}},"por_edad":{"Hombres":{"19":0},"Indeterminado":{"19":0},"Mujeres":{"19":1}},"por_nacionalidad":{"Hombres":{"MEXICANA":0},"Indeterminado":{"MEXICANA":0},"Mujeres":{"MEXICANA":1}}}