{"totales":{"PorcentajeDesaparecidos":"37.50","PorcentajeLocalizados":"62.50","PorcentajeLocalizadosCV":"100.00","PorcentajeLocalizadosSV":"0.00","PorcentajeSoloDesaparecidos":"66.67","PorcentajeSoloNoLocalizados":"33.33","TotalDesaparecidos":"03","TotalGlobal":"08","TotalLocalizados":"05","TotalLocalizadosCV":"05","TotalLocalizadosSV":"00","TotalSoloDesaparecidos":"02","TotalSoloNoLocalizados":"01"},"espacial":{"Hombre":{"JALISCO":1,"NAYARIT":2,"NUEVO LEON":1,"ZACATECAS":1},"Indeterminado":{"JALISCO":0,"NAYARIT":0,"NUEVO LEON":0,"ZACATECAS":0},"Mujer":{"JALISCO":0,"NAYARIT":3,"NUEVO LEON":0,"ZACATECAS":0}},"anual":{"Hombre":{"2010":1,"2012":1,"2014":1,"2015":0,"2016":1,"2020":1},"Indeterminado":{"2010":0,"2012":0,"2014":0,"2015":0,"2016":0,"2020":0},"Mujer":{"2010":0,"2012":0,"2014":2,"2015":1,"2016":0,"2020":0}},"mensual_ultimo_anio":{"Hombre":{"2010-JULIO":1,"2012-OCTUBRE":1,"2014-JULIO":1,"2014-MAYO":0,"2015-ENERO":0,"2016-JUNIO":1,"2020-OCTUBRE":1},"Indeterminado":{"2010-JULIO":0,"2012-OCTUBRE":0,"2014-JULIO":0,"2014-MAYO":0,"2015-ENERO":0,"2016-JUNIO":0,"2020-OCTUBRE":0},"Mujer":{"2010-JULIO":0,"2012-OCTUBRE":0,"2014-JULIO":1,"2014-MAYO":1,"2015-ENERO":1,"2016-JUNIO":0,"2020-OCTUBRE":0}},"por_edad":{"Hombres":{"14":0,"16":0,"17":0,"24":1,"27":1,"36":2,"56":1},"Indeterminado":{"14":0,"16":0,"17":0,"24":0,"27":0,"36":0,"56":0},"Mujeres":{"14":1,"16":1,"17":1,"24":0,"27":0,"36":0,"56":0}},"por_nacionalidad":{"Hombres":{"MEXICANA":5},"Indeterminado":{"MEXICANA":0},"Mujeres":{"MEXICANA":3}}}