{"totales":{"PorcentajeDesaparecidos":"30.00","PorcentajeLocalizados":"70.00","PorcentajeLocalizadosCV":"85.71","PorcentajeLocalizadosSV":"14.29","PorcentajeSoloDesaparecidos":"66.67","PorcentajeSoloNoLocalizados":"33.33","TotalDesaparecidos":"03","TotalGlobal":"10","TotalLocalizados":"07","TotalLocalizadosCV":"06","TotalLocalizadosSV":"01","TotalSoloDesaparecidos":"02","TotalSoloNoLocalizados":"01"},"espacial":{"Hombre":{"CHIHUAHUA":2,"CIUDAD DE MEXICO":3,"DURANGO":1,"SONORA":1},"Indeterminado":{"CHIHUAHUA":0,"CIUDAD DE MEXICO":0,"DURANGO":0,"SONORA":0},"Mujer":{"CHIHUAHUA":1,"CIUDAD DE MEXICO":0,"DURANGO":2,"SONORA":0}},"anual":{"Hombre":{"2000":1,"2001":1,"2014":2,"2015":1,"2016":0,"2019":1,"2021":1},"Indeterminado":{"2000":0,"2001":0,"2014":0,"2015":0,"2016":0,"2019":0,"2021":0},"Mujer":{"2000":0,"2001":0,"2014":2,"2015":0,"2016":1,"2019":0,"2021":0}},"mensual_ultimo_anio":{"Hombre":{"2000-SEPTIEMBRE":1,"2001-DICIEMBRE":1,"2014-FEBRERO":0,"2014-MARZO":2,"2014-OCTUBRE":0,"2015-OCTUBRE":1,"2016-JUNIO":0,"2019-DICIEMBRE":1,"2021-ABRIL":1},"Indeterminado":{"2000-SEPTIEMBRE":0,"2001-DICIEMBRE":0,"2014-FEBRERO":0,"2014-MARZO":0,"2014-OCTUBRE":0,"2015-OCTUBRE":0,"2016-JUNIO":0,"2019-DICIEMBRE":0,"2021-ABRIL":0},"Mujer":{"2000-SEPTIEMBRE":0,"2001-DICIEMBRE":0,"2014-FEBRERO":1,"2014-MARZO":0,"2014-OCTUBRE":1,"2015-OCTUBRE":0,"2016-JUNIO":1,"2019-DICIEMBRE":0,"2021-ABRIL":0}},"por_edad":{"Hombres":{"11":1,"12":0,"19":0,"30":1,"41":1,"42":1,"60":0,"80":1,"81":2},"Indeterminado":{"11":0,"12":0,"19":0,"30":0,"41":0,"42":0,"60":0,"80":0,"81":0},"Mujeres":{"11":0,"12":1,"19":1,"30":0,"41":0,"42":0,"60":1,"80":0,"81":0}},"por_nacionalidad":{"Hombres":{"MEXICANA":7},"Indeterminado":{"MEXICANA":0},"Mujeres":{"MEXICANA":3}}}