{"totales":{"PorcentajeDesaparecidos":"28.43","PorcentajeLocalizados":"71.57","PorcentajeLocalizadosCV":"91.78","PorcentajeLocalizadosSV":"8.22","PorcentajeSoloDesaparecidos":"34.48","PorcentajeSoloNoLocalizados":"65.52","TotalDesaparecidos":"29","TotalGlobal":"102","TotalLocalizados":"73","TotalLocalizadosCV":"67","TotalLocalizadosSV":"06","TotalSoloDesaparecidos":"10","TotalSoloNoLocalizados":"19"},"espacial":{"Hombre":{"QUINTANA ROO":2,"SONORA":0,"YUCATAN":38},"Indeterminado":{"QUINTANA ROO":0,"SONORA":0,"YUCATAN":0},"Mujer":{"QUINTANA ROO":1,"SONORA":3,"YUCATAN":58}},"anual":{"Hombre":{"2007":1,"2012":1,"2013":2,"2014":7,"2015":1,"2016":1,"2017":17,"2018":3,"2020":7},"Indeterminado":{"2007":0,"2012":0,"2013":0,"2014":0,"2015":0,"2016":0,"2017":0,"2018":0,"2020":0},"Mujer":{"2007":0,"2012":0,"2013":1,"2014":6,"2015":1,"2016":1,"2017":42,"2018":1,"2020":10}},"mensual_ultimo_anio":{"Hombre":{"2017-AGOSTO":1,"2017-NOVIEMBRE":0,"2017-OCTUBRE":2,"2017-SEPTIEMBRE":2,"2018-ENERO":0,"2018-FEBRERO":1,"2018-MARZO":2,"2020-AGOSTO":1,"2020-JULIO":3,"2020-JUNIO":2,"2020-MARZO":0,"2020-SEPTIEMBRE":1},"Indeterminado":{"2017-AGOSTO":0,"2017-NOVIEMBRE":0,"2017-OCTUBRE":0,"2017-SEPTIEMBRE":0,"2018-ENERO":0,"2018-FEBRERO":0,"2018-MARZO":0,"2020-AGOSTO":0,"2020-JULIO":0,"2020-JUNIO":0,"2020-MARZO":0,"2020-SEPTIEMBRE":0},"Mujer":{"2017-AGOSTO":4,"2017-NOVIEMBRE":1,"2017-OCTUBRE":3,"2017-SEPTIEMBRE":9,"2018-ENERO":1,"2018-FEBRERO":0,"2018-MARZO":0,"2020-AGOSTO":3,"2020-JULIO":2,"2020-JUNIO":4,"2020-MARZO":1,"2020-SEPTIEMBRE":0}},"por_edad":{"Hombres":{"1":0,"11":0,"12":0,"13":1,"14":0,"15":1,"16":1,"17":1,"18":1,"20":2,"21":0,"22":0,"24":0,"25":1,"26":1,"28":0,"29":1,"30":1,"31":0,"32":1,"33":1,"34":1,"36":2,"37":1,"39":2,"4":0,"40":1,"41":2,"43":0,"44":1,"47":1,"52":1,"53":1,"55":1,"57":1,"58":1,"59":1,"6":0,"60":1,"61":1,"65":1,"67":1,"68":1,"72":1,"73":1,"75":1,"8":2},"Indeterminado":{"1":0,"11":0,"12":0,"13":0,"14":0,"15":0,"16":0,"17":0,"18":0,"20":0,"21":0,"22":0,"24":0,"25":0,"26":0,"28":0,"29":0,"30":0,"31":0,"32":0,"33":0,"34":0,"36":0,"37":0,"39":0,"4":0,"40":0,"41":0,"43":0,"44":0,"47":0,"52":0,"53":0,"55":0,"57":0,"58":0,"59":0,"6":0,"60":0,"61":0,"65":0,"67":0,"68":0,"72":0,"73":0,"75":0,"8":0},"Mujeres":{"1":1,"11":1,"12":1,"13":6,"14":5,"15":10,"16":6,"17":7,"18":3,"20":1,"21":1,"22":2,"24":1,"25":2,"26":1,"28":3,"29":1,"30":0,"31":1,"32":0,"33":0,"34":1,"36":0,"37":1,"39":0,"4":1,"40":0,"41":0,"43":1,"44":0,"47":0,"52":1,"53":0,"55":0,"57":1,"58":0,"59":1,"6":1,"60":0,"61":0,"65":0,"67":0,"68":0,"72":0,"73":0,"75":0,"8":1}},"por_nacionalidad":{"Hombres":{"MEXICANA":40},"Indeterminado":{"MEXICANA":0},"Mujeres":{"MEXICANA":62}}}