{"totales":{"PorcentajeDesaparecidos":"54.55","PorcentajeLocalizados":"45.45","PorcentajeLocalizadosCV":"100.00","PorcentajeLocalizadosSV":"0.00","PorcentajeSoloDesaparecidos":"100.00","PorcentajeSoloNoLocalizados":"0.00","TotalDesaparecidos":"06","TotalGlobal":"11","TotalLocalizados":"05","TotalLocalizadosCV":"05","TotalLocalizadosSV":"00","TotalSoloDesaparecidos":"06","TotalSoloNoLocalizados":"00"},"espacial":{"Hombre":{"CIUDAD DE MEXICO":1,"JALISCO":3,"TAMAULIPAS":1,"YUCATAN":1},"Indeterminado":{"CIUDAD DE MEXICO":0,"JALISCO":0,"TAMAULIPAS":0,"YUCATAN":0},"Mujer":{"CIUDAD DE MEXICO":0,"JALISCO":2,"TAMAULIPAS":3,"YUCATAN":0}},"anual":{"Hombre":{"2008":1,"2009":1,"2012":1,"2013":2,"2014":0,"2016":1},"Indeterminado":{"2008":0,"2009":0,"2012":0,"2013":0,"2014":0,"2016":0},"Mujer":{"2008":0,"2009":0,"2012":2,"2013":1,"2014":2,"2016":0}},"mensual_ultimo_anio":{"Hombre":{"2008-MARZO":1,"2009-SEPTIEMBRE":1,"2012-MAYO":1,"2012-OCTUBRE":0,"2012-SEPTIEMBRE":0,"2013-ABRIL":0,"2013-AGOSTO":2,"2014-FEBRERO":0,"2014-JUNIO":0,"2016-JUNIO":1},"Indeterminado":{"2008-MARZO":0,"2009-SEPTIEMBRE":0,"2012-MAYO":0,"2012-OCTUBRE":0,"2012-SEPTIEMBRE":0,"2013-ABRIL":0,"2013-AGOSTO":0,"2014-FEBRERO":0,"2014-JUNIO":0,"2016-JUNIO":0},"Mujer":{"2008-MARZO":0,"2009-SEPTIEMBRE":0,"2012-MAYO":0,"2012-OCTUBRE":1,"2012-SEPTIEMBRE":1,"2013-ABRIL":1,"2013-AGOSTO":0,"2014-FEBRERO":1,"2014-JUNIO":1,"2016-JUNIO":0}},"por_edad":{"Hombres":{"14":0,"15":0,"16":0,"17":0,"20":1,"21":1,"23":1,"30":1,"34":2},"Indeterminado":{"14":0,"15":0,"16":0,"17":0,"20":0,"21":0,"23":0,"30":0,"34":0},"Mujeres":{"14":2,"15":1,"16":1,"17":1,"20":0,"21":0,"23":0,"30":0,"34":0}},"por_nacionalidad":{"Hombres":{"MEXICANA":6,"SIN NACIONALIDAD DE REFERENCIA":0},"Indeterminado":{"MEXICANA":0,"SIN NACIONALIDAD DE REFERENCIA":0},"Mujeres":{"MEXICANA":4,"SIN NACIONALIDAD DE REFERENCIA":1}}}