{"totales":{"PorcentajeDesaparecidos":"60.00","PorcentajeLocalizados":"40.00","PorcentajeLocalizadosCV":"100.00","PorcentajeLocalizadosSV":"0.00","PorcentajeSoloDesaparecidos":"100.00","PorcentajeSoloNoLocalizados":"0.00","TotalDesaparecidos":"03","TotalGlobal":"05","TotalLocalizados":"02","TotalLocalizadosCV":"02","TotalLocalizadosSV":"00","TotalSoloDesaparecidos":"03","TotalSoloNoLocalizados":"00"},"espacial":{"Hombre":{"NUEVO LEON":0,"QUERETARO ":1,"SONORA":1,"TAMAULIPAS":1},"Indeterminado":{"NUEVO LEON":0,"QUERETARO ":0,"SONORA":0,"TAMAULIPAS":0},"Mujer":{"NUEVO LEON":1,"QUERETARO ":0,"SONORA":1,"TAMAULIPAS":0}},"anual":{"Hombre":{"2016":3,"2017":0},"Indeterminado":{"2016":0,"2017":0},"Mujer":{"2016":1,"2017":1}},"mensual_ultimo_anio":{"Hombre":{"2016-ENERO":1,"2016-JUNIO":1,"2016-MARZO":1,"2017-SEPTIEMBRE":0},"Indeterminado":{"2016-ENERO":0,"2016-JUNIO":0,"2016-MARZO":0,"2017-SEPTIEMBRE":0},"Mujer":{"2016-ENERO":1,"2016-JUNIO":0,"2016-MARZO":0,"2017-SEPTIEMBRE":1}},"por_edad":{"Hombres":{"15":0,"16":1,"25":0,"40":2},"Indeterminado":{"15":0,"16":0,"25":0,"40":0},"Mujeres":{"15":1,"16":0,"25":1,"40":0}},"por_nacionalidad":{"Hombres":{"MEXICANA":3},"Indeterminado":{"MEXICANA":0},"Mujeres":{"MEXICANA":2}}}