{"totales":{"PorcentajeDesaparecidos":"50.00","PorcentajeLocalizados":"50.00","PorcentajeLocalizadosCV":"100.00","PorcentajeLocalizadosSV":"0.00","PorcentajeSoloDesaparecidos":"100.00","PorcentajeSoloNoLocalizados":"0.00","TotalDesaparecidos":"04","TotalGlobal":"08","TotalLocalizados":"04","TotalLocalizadosCV":"04","TotalLocalizadosSV":"00","TotalSoloDesaparecidos":"04","TotalSoloNoLocalizados":"00"},"espacial":{"Hombre":{"COLIMA":0,"GUERRERO":3},"Indeterminado":{"COLIMA":0,"GUERRERO":0},"Mujer":{"COLIMA":1,"GUERRERO":4}},"anual":{"Hombre":{"2014":0,"2015":0,"2016":2,"2017":1},"Indeterminado":{"2014":0,"2015":0,"2016":0,"2017":0},"Mujer":{"2014":1,"2015":2,"2016":1,"2017":1}},"mensual_ultimo_anio":{"Hombre":{"2014-FEBRERO":0,"2015-AGOSTO":0,"2015-OCTUBRE":0,"2016-ABRIL":1,"2016-OCTUBRE":1,"2017-DICIEMBRE":0,"2017-NOVIEMBRE":1},"Indeterminado":{"2014-FEBRERO":0,"2015-AGOSTO":0,"2015-OCTUBRE":0,"2016-ABRIL":0,"2016-OCTUBRE":0,"2017-DICIEMBRE":0,"2017-NOVIEMBRE":0},"Mujer":{"2014-FEBRERO":1,"2015-AGOSTO":1,"2015-OCTUBRE":1,"2016-ABRIL":0,"2016-OCTUBRE":1,"2017-DICIEMBRE":1,"2017-NOVIEMBRE":0}},"por_edad":{"Hombres":{"0":1,"10":0,"14":0,"23":0,"24":0,"33":1,"34":1,"41":0},"Indeterminado":{"0":0,"10":0,"14":0,"23":0,"24":0,"33":0,"34":0,"41":0},"Mujeres":{"0":0,"10":1,"14":1,"23":1,"24":1,"33":0,"34":0,"41":1}},"por_nacionalidad":{"Hombres":{"MEXICANA":3},"Indeterminado":{"MEXICANA":0},"Mujeres":{"MEXICANA":5}}}