{"totales":{"PorcentajeDesaparecidos":"63.64","PorcentajeLocalizados":"36.36","PorcentajeLocalizadosCV":"75.00","PorcentajeLocalizadosSV":"25.00","PorcentajeSoloDesaparecidos":"100.00","PorcentajeSoloNoLocalizados":"0.00","TotalDesaparecidos":"14","TotalGlobal":"22","TotalLocalizados":"08","TotalLocalizadosCV":"06","TotalLocalizadosSV":"02","TotalSoloDesaparecidos":"14","TotalSoloNoLocalizados":"00"},"espacial":{"Hombre":{"CIUDAD DE MEXICO":0,"JALISCO":0,"PUEBLA":2,"SINALOA":2,"SONORA":4,"TAMAULIPAS":6},"Indeterminado":{"CIUDAD DE MEXICO":0,"JALISCO":0,"PUEBLA":0,"SINALOA":0,"SONORA":0,"TAMAULIPAS":0},"Mujer":{"CIUDAD DE MEXICO":3,"JALISCO":1,"PUEBLA":0,"SINALOA":3,"SONORA":0,"TAMAULIPAS":1}},"anual":{"Hombre":{"2008":1,"2009":1,"2010":2,"2011":0,"2012":1,"2013":1,"2014":1,"2015":3,"2017":3,"2018":1,"2020":0},"Indeterminado":{"2008":0,"2009":0,"2010":0,"2011":0,"2012":0,"2013":0,"2014":0,"2015":0,"2017":0,"2018":0,"2020":0},"Mujer":{"2008":0,"2009":1,"2010":0,"2011":1,"2012":1,"2013":0,"2014":0,"2015":1,"2017":1,"2018":2,"2020":1}},"mensual_ultimo_anio":{"Hombre":{"2012-NOVIEMBRE":0,"2013-DICIEMBRE":1,"2014-FEBRERO":1,"2015-JUNIO":1,"2015-MAYO":0,"2015-OCTUBRE":2,"2017-JULIO":1,"2017-JUNIO":1,"2017-OCTUBRE":1,"2018-FEBRERO":0,"2018-MARZO":1,"2020-MARZO":0},"Indeterminado":{"2012-NOVIEMBRE":0,"2013-DICIEMBRE":0,"2014-FEBRERO":0,"2015-JUNIO":0,"2015-MAYO":0,"2015-OCTUBRE":0,"2017-JULIO":0,"2017-JUNIO":0,"2017-OCTUBRE":0,"2018-FEBRERO":0,"2018-MARZO":0,"2020-MARZO":0},"Mujer":{"2012-NOVIEMBRE":1,"2013-DICIEMBRE":0,"2014-FEBRERO":0,"2015-JUNIO":0,"2015-MAYO":1,"2015-OCTUBRE":0,"2017-JULIO":0,"2017-JUNIO":1,"2017-OCTUBRE":0,"2018-FEBRERO":2,"2018-MARZO":0,"2020-MARZO":1}},"por_edad":{"Hombres":{"0":1,"15":0,"16":0,"2":1,"23":0,"25":1,"26":0,"27":1,"32":3,"38":1,"39":2,"40":2,"48":1,"58":1,"71":0,"SIN EDAD DE REFERENCIA":0},"Indeterminado":{"0":0,"15":0,"16":0,"2":0,"23":0,"25":0,"26":0,"27":0,"32":0,"38":0,"39":0,"40":0,"48":0,"58":0,"71":0,"SIN EDAD DE REFERENCIA":0},"Mujeres":{"0":0,"15":2,"16":1,"2":0,"23":1,"25":0,"26":1,"27":0,"32":0,"38":0,"39":0,"40":0,"48":1,"58":0,"71":1,"SIN EDAD DE REFERENCIA":1}},"por_nacionalidad":{"Hombres":{"MEXICANA":14},"Indeterminado":{"MEXICANA":0},"Mujeres":{"MEXICANA":8}}}