{"totales":{"PorcentajeDesaparecidos":"22.22","PorcentajeLocalizados":"77.78","PorcentajeLocalizadosCV":"100.00","PorcentajeLocalizadosSV":"0.00","PorcentajeSoloDesaparecidos":"100.00","PorcentajeSoloNoLocalizados":"0.00","TotalDesaparecidos":"02","TotalGlobal":"09","TotalLocalizados":"07","TotalLocalizadosCV":"07","TotalLocalizadosSV":"00","TotalSoloDesaparecidos":"02","TotalSoloNoLocalizados":"00"},"espacial":{"Hombre":{"ESTADO DE MEXICO":0,"JALISCO":2,"QUERETARO ":1,"QUINTANA ROO":0,"SINALOA":3},"Indeterminado":{"ESTADO DE MEXICO":0,"JALISCO":0,"QUERETARO ":0,"QUINTANA ROO":0,"SINALOA":0},"Mujer":{"ESTADO DE MEXICO":1,"JALISCO":0,"QUERETARO ":0,"QUINTANA ROO":1,"SINALOA":1}},"anual":{"Hombre":{"2007":0,"2009":2,"2010":1,"2013":1,"2014":2},"Indeterminado":{"2007":0,"2009":0,"2010":0,"2013":0,"2014":0},"Mujer":{"2007":1,"2009":0,"2010":1,"2013":0,"2014":1}},"mensual_ultimo_anio":{"Hombre":{"2007-MARZO":0,"2009-FEBRERO":1,"2009-SEPTIEMBRE":1,"2010-DICIEMBRE":0,"2010-ENERO":1,"2013-MARZO":1,"2014-FEBRERO":1,"2014-MARZO":1,"2014-OCTUBRE":0},"Indeterminado":{"2007-MARZO":0,"2009-FEBRERO":0,"2009-SEPTIEMBRE":0,"2010-DICIEMBRE":0,"2010-ENERO":0,"2013-MARZO":0,"2014-FEBRERO":0,"2014-MARZO":0,"2014-OCTUBRE":0},"Mujer":{"2007-MARZO":1,"2009-FEBRERO":0,"2009-SEPTIEMBRE":0,"2010-DICIEMBRE":1,"2010-ENERO":0,"2013-MARZO":0,"2014-FEBRERO":0,"2014-MARZO":0,"2014-OCTUBRE":1}},"por_edad":{"Hombres":{"0":1,"23":1,"25":2,"26":1,"32":0,"36":1},"Indeterminado":{"0":0,"23":0,"25":0,"26":0,"32":0,"36":0},"Mujeres":{"0":2,"23":0,"25":0,"26":0,"32":1,"36":0}},"por_nacionalidad":{"Hombres":{"MEXICANA":6},"Indeterminado":{"MEXICANA":0},"Mujeres":{"MEXICANA":3}}}