{"totales":{"PorcentajeDesaparecidos":"17.86","PorcentajeLocalizados":"82.14","PorcentajeLocalizadosCV":"95.65","PorcentajeLocalizadosSV":"4.35","PorcentajeSoloDesaparecidos":"60.00","PorcentajeSoloNoLocalizados":"40.00","TotalDesaparecidos":"05","TotalGlobal":"28","TotalLocalizados":"23","TotalLocalizadosCV":"22","TotalLocalizadosSV":"01","TotalSoloDesaparecidos":"03","TotalSoloNoLocalizados":"02"},"espacial":{"Hombre":{"CHIAPAS":4,"CHIHUAHUA":10},"Indeterminado":{"CHIAPAS":0,"CHIHUAHUA":0},"Mujer":{"CHIAPAS":3,"CHIHUAHUA":11}},"anual":{"Hombre":{"2009":0,"2010":1,"2011":1,"2012":1,"2013":2,"2014":3,"2015":2,"2016":1,"2017":2,"2018":1},"Indeterminado":{"2009":0,"2010":0,"2011":0,"2012":0,"2013":0,"2014":0,"2015":0,"2016":0,"2017":0,"2018":0},"Mujer":{"2009":1,"2010":1,"2011":0,"2012":0,"2013":1,"2014":3,"2015":4,"2016":0,"2017":4,"2018":0}},"mensual_ultimo_anio":{"Hombre":{"2014-ENERO":1,"2014-JUNIO":1,"2014-OCTUBRE":1,"2015-JUNIO":0,"2015-MAYO":2,"2015-NOVIEMBRE":0,"2015-SEPTIEMBRE":0,"2016-DICIEMBRE":1,"2017-AGOSTO":1,"2017-JULIO":1,"2017-SEPTIEMBRE":0,"2018-FEBRERO":1},"Indeterminado":{"2014-ENERO":0,"2014-JUNIO":0,"2014-OCTUBRE":0,"2015-JUNIO":0,"2015-MAYO":0,"2015-NOVIEMBRE":0,"2015-SEPTIEMBRE":0,"2016-DICIEMBRE":0,"2017-AGOSTO":0,"2017-JULIO":0,"2017-SEPTIEMBRE":0,"2018-FEBRERO":0},"Mujer":{"2014-ENERO":2,"2014-JUNIO":1,"2014-OCTUBRE":0,"2015-JUNIO":1,"2015-MAYO":1,"2015-NOVIEMBRE":1,"2015-SEPTIEMBRE":1,"2016-DICIEMBRE":0,"2017-AGOSTO":3,"2017-JULIO":0,"2017-SEPTIEMBRE":1,"2018-FEBRERO":0}},"por_edad":{"Hombres":{"1":1,"10":2,"11":1,"12":0,"13":0,"14":0,"15":2,"16":1,"20":0,"21":1,"23":1,"25":1,"27":1,"35":1,"58":1,"7":0,"81":0,"9":1},"Indeterminado":{"1":0,"10":0,"11":0,"12":0,"13":0,"14":0,"15":0,"16":0,"20":0,"21":0,"23":0,"25":0,"27":0,"35":0,"58":0,"7":0,"81":0,"9":0},"Mujeres":{"1":0,"10":0,"11":0,"12":1,"13":3,"14":1,"15":2,"16":0,"20":2,"21":0,"23":0,"25":1,"27":0,"35":0,"58":0,"7":2,"81":1,"9":1}},"por_nacionalidad":{"Hombres":{"MEXICANA":14},"Indeterminado":{"MEXICANA":0},"Mujeres":{"MEXICANA":14}}}