{"totales":{"PorcentajeDesaparecidos":"100.00","PorcentajeLocalizados":"0.00","PorcentajeLocalizadosCV":"0.00","PorcentajeLocalizadosSV":"0.00","PorcentajeSoloDesaparecidos":"100.00","PorcentajeSoloNoLocalizados":"0.00","TotalDesaparecidos":"02","TotalGlobal":"02","TotalLocalizados":"00","TotalLocalizadosCV":"00","TotalLocalizadosSV":"00","TotalSoloDesaparecidos":"02","TotalSoloNoLocalizados":"00"},"espacial":{"Hombre":{"VERACRUZ ":2},"Indeterminado":{"VERACRUZ ":0},"Mujer":{"VERACRUZ ":0}},"anual":{"Hombre":{"2011":2},"Indeterminado":{"2011":0},"Mujer":{"2011":0}},"mensual_ultimo_anio":{"Hombre":{"2011-MAYO":1,"2011-SEPTIEMBRE":1},"Indeterminado":{"2011-MAYO":0,"2011-SEPTIEMBRE":0},"Mujer":{"2011-MAYO":0,"2011-SEPTIEMBRE":0}},"por_edad":{"Hombres":{"43":1,"44":1},"Indeterminado":{"43":0,"44":0},"Mujeres":{"43":0,"44":0}},"por_nacionalidad":{"Hombres":{"MEXICANA":2},"Indeterminado":{"MEXICANA":0},"Mujeres":{"MEXICANA":0}}}