{"totales":{"PorcentajeDesaparecidos":"100.00","PorcentajeLocalizados":"0.00","PorcentajeLocalizadosCV":"0.00","PorcentajeLocalizadosSV":"0.00","PorcentajeSoloDesaparecidos":"100.00","PorcentajeSoloNoLocalizados":"0.00","TotalDesaparecidos":"05","TotalGlobal":"05","TotalLocalizados":"00","TotalLocalizadosCV":"00","TotalLocalizadosSV":"00","TotalSoloDesaparecidos":"05","TotalSoloNoLocalizados":"00"},"espacial":{"Hombre":{"JALISCO":0,"NUEVO LEON":1,"TAMAULIPAS":3},"Indeterminado":{"JALISCO":0,"NUEVO LEON":0,"TAMAULIPAS":0},"Mujer":{"JALISCO":1,"NUEVO LEON":0,"TAMAULIPAS":0}},"anual":{"Hombre":{"2011":2,"2014":1,"2015":1},"Indeterminado":{"2011":0,"2014":0,"2015":0},"Mujer":{"2011":0,"2014":1,"2015":0}},"mensual_ultimo_anio":{"Hombre":{"2011-SEPTIEMBRE":2,"2014-MARZO":1,"2014-NOVIEMBRE":0,"2015-ENERO":1},"Indeterminado":{"2011-SEPTIEMBRE":0,"2014-MARZO":0,"2014-NOVIEMBRE":0,"2015-ENERO":0},"Mujer":{"2011-SEPTIEMBRE":0,"2014-MARZO":0,"2014-NOVIEMBRE":1,"2015-ENERO":0}},"por_edad":{"Hombres":{"12":1,"17":0,"34":1,"36":1,"6":1},"Indeterminado":{"12":0,"17":0,"34":0,"36":0,"6":0},"Mujeres":{"12":0,"17":1,"34":0,"36":0,"6":0}},"por_nacionalidad":{"Hombres":{"MEXICANA":4},"Indeterminado":{"MEXICANA":0},"Mujeres":{"MEXICANA":1}}}