{"totales":{"PorcentajeDesaparecidos":"0.00","PorcentajeLocalizados":"100.00","PorcentajeLocalizadosCV":"100.00","PorcentajeLocalizadosSV":"0.00","PorcentajeSoloDesaparecidos":"0.00","PorcentajeSoloNoLocalizados":"0.00","TotalDesaparecidos":"00","TotalGlobal":"01","TotalLocalizados":"01","TotalLocalizadosCV":"01","TotalLocalizadosSV":"00","TotalSoloDesaparecidos":"00","TotalSoloNoLocalizados":"00"},"espacial":{"Hombre":{"NUEVO LEON":1},"Indeterminado":{"NUEVO LEON":0},"Mujer":{"NUEVO LEON":0}},"anual":{"Hombre":{"2012":1},"Indeterminado":{"2012":0},"Mujer":{"2012":0}},"mensual_ultimo_anio":{"Hombre":{"2012-SEPTIEMBRE":1},"Indeterminado":{"2012-SEPTIEMBRE":0},"Mujer":{"2012-SEPTIEMBRE":0}},"por_edad":{"Hombres":{"21":1},"Indeterminado":{"21":0},"Mujeres":{"21":0}},"por_nacionalidad":{"Hombres":{"MEXICANA":1},"Indeterminado":{"MEXICANA":0},"Mujeres":{"MEXICANA":0}}}