{"totales":{"PorcentajeDesaparecidos":"52.38","PorcentajeLocalizados":"47.62","PorcentajeLocalizadosCV":"80.00","PorcentajeLocalizadosSV":"20.00","PorcentajeSoloDesaparecidos":"90.91","PorcentajeSoloNoLocalizados":"9.09","TotalDesaparecidos":"11","TotalGlobal":"21","TotalLocalizados":"10","TotalLocalizadosCV":"08","TotalLocalizadosSV":"02","TotalSoloDesaparecidos":"10","TotalSoloNoLocalizados":"01"},"espacial":{"Hombre":{"CHIAPAS":0,"CHIHUAHUA":1,"CIUDAD DE MEXICO":2,"GUERRERO":0,"JALISCO":2,"NAYARIT":1,"NUEVO LEON":1,"QUINTANA ROO":0,"TAMAULIPAS":5},"Indeterminado":{"CHIAPAS":0,"CHIHUAHUA":0,"CIUDAD DE MEXICO":0,"GUERRERO":0,"JALISCO":0,"NAYARIT":0,"NUEVO LEON":0,"QUINTANA ROO":0,"TAMAULIPAS":0},"Mujer":{"CHIAPAS":1,"CHIHUAHUA":0,"CIUDAD DE MEXICO":0,"GUERRERO":1,"JALISCO":3,"NAYARIT":0,"NUEVO LEON":0,"QUINTANA ROO":1,"TAMAULIPAS":3}},"anual":{"Hombre":{"1.CIFRA SIN  AÑO DE REFERENCIA":1,"2008":0,"2010":0,"2011":1,"2012":1,"2013":3,"2014":2,"2015":2,"2016":1,"2017":1},"Indeterminado":{"1.CIFRA SIN  AÑO DE REFERENCIA":0,"2008":0,"2010":0,"2011":0,"2012":0,"2013":0,"2014":0,"2015":0,"2016":0,"2017":0},"Mujer":{"1.CIFRA SIN  AÑO DE REFERENCIA":0,"2008":2,"2010":2,"2011":1,"2012":0,"2013":1,"2014":1,"2015":1,"2016":1,"2017":0}},"mensual_ultimo_anio":{"Hombre":{"2013-DICIEMBRE":1,"2013-FEBRERO":1,"2013-MARZO":1,"2014-AGOSTO":1,"2014-FEBRERO":1,"2014-MARZO":0,"2015-DICIEMBRE":1,"2015-ENERO":1,"2015-FEBRERO":0,"2016-JULIO":1,"2016-JUNIO":0,"2017-MAYO":1},"Indeterminado":{"2013-DICIEMBRE":0,"2013-FEBRERO":0,"2013-MARZO":0,"2014-AGOSTO":0,"2014-FEBRERO":0,"2014-MARZO":0,"2015-DICIEMBRE":0,"2015-ENERO":0,"2015-FEBRERO":0,"2016-JULIO":0,"2016-JUNIO":0,"2017-MAYO":0},"Mujer":{"2013-DICIEMBRE":0,"2013-FEBRERO":0,"2013-MARZO":0,"2014-AGOSTO":0,"2014-FEBRERO":0,"2014-MARZO":1,"2015-DICIEMBRE":0,"2015-ENERO":0,"2015-FEBRERO":1,"2016-JULIO":0,"2016-JUNIO":1,"2017-MAYO":0}},"por_edad":{"Hombres":{"13":0,"16":1,"17":0,"18":0,"21":0,"22":1,"25":1,"30":2,"34":1,"36":2,"38":0,"39":1,"43":1,"46":0,"49":1,"67":1,"69":0},"Indeterminado":{"13":0,"16":0,"17":0,"18":0,"21":0,"22":0,"25":0,"30":0,"34":0,"36":0,"38":0,"39":0,"43":0,"46":0,"49":0,"67":0,"69":0},"Mujeres":{"13":1,"16":0,"17":2,"18":1,"21":1,"22":1,"25":0,"30":0,"34":0,"36":0,"38":1,"39":0,"43":0,"46":1,"49":0,"67":0,"69":1}},"por_nacionalidad":{"Hombres":{"MEXICANA":11,"SIN NACIONALIDAD DE REFERENCIA":1},"Indeterminado":{"MEXICANA":0,"SIN NACIONALIDAD DE REFERENCIA":0},"Mujeres":{"MEXICANA":9,"SIN NACIONALIDAD DE REFERENCIA":0}}}