{"totales":{"PorcentajeDesaparecidos":"0.00","PorcentajeLocalizados":"100.00","PorcentajeLocalizadosCV":"100.00","PorcentajeLocalizadosSV":"0.00","PorcentajeSoloDesaparecidos":"0.00","PorcentajeSoloNoLocalizados":"0.00","TotalDesaparecidos":"00","TotalGlobal":"01","TotalLocalizados":"01","TotalLocalizadosCV":"01","TotalLocalizadosSV":"00","TotalSoloDesaparecidos":"00","TotalSoloNoLocalizados":"00"},"espacial":{"Hombre":{"YUCATAN":1},"Indeterminado":{"YUCATAN":0},"Mujer":{"YUCATAN":0}},"anual":{"Hombre":{"2021":1},"Indeterminado":{"2021":0},"Mujer":{"2021":0}},"mensual_ultimo_anio":{"Hombre":{"2021-MARZO":1},"Indeterminado":{"2021-MARZO":0},"Mujer":{"2021-MARZO":0}},"por_edad":{"Hombres":{"41":1},"Indeterminado":{"41":0},"Mujeres":{"41":0}},"por_nacionalidad":{"Hombres":{"MEXICANA":1},"Indeterminado":{"MEXICANA":0},"Mujeres":{"MEXICANA":0}}}