{"totales":{"PorcentajeDesaparecidos":"50.00","PorcentajeLocalizados":"50.00","PorcentajeLocalizadosCV":"100.00","PorcentajeLocalizadosSV":"0.00","PorcentajeSoloDesaparecidos":"100.00","PorcentajeSoloNoLocalizados":"0.00","TotalDesaparecidos":"01","TotalGlobal":"02","TotalLocalizados":"01","TotalLocalizadosCV":"01","TotalLocalizadosSV":"00","TotalSoloDesaparecidos":"01","TotalSoloNoLocalizados":"00"},"espacial":{"Hombre":{"COLIMA":1,"SINALOA":1},"Indeterminado":{"COLIMA":0,"SINALOA":0},"Mujer":{"COLIMA":0,"SINALOA":0}},"anual":{"Hombre":{"2017":1,"2021":1},"Indeterminado":{"2017":0,"2021":0},"Mujer":{"2017":0,"2021":0}},"mensual_ultimo_anio":{"Hombre":{"2017-JULIO":1,"2021-MAYO":1},"Indeterminado":{"2017-JULIO":0,"2021-MAYO":0},"Mujer":{"2017-JULIO":0,"2021-MAYO":0}},"por_edad":{"Hombres":{"22":1,"27":1},"Indeterminado":{"22":0,"27":0},"Mujeres":{"22":0,"27":0}},"por_nacionalidad":{"Hombres":{"MEXICANA":2},"Indeterminado":{"MEXICANA":0},"Mujeres":{"MEXICANA":0}}}