{"totales":{"PorcentajeDesaparecidos":"25.00","PorcentajeLocalizados":"75.00","PorcentajeLocalizadosCV":"85.19","PorcentajeLocalizadosSV":"14.81","PorcentajeSoloDesaparecidos":"33.33","PorcentajeSoloNoLocalizados":"66.67","TotalDesaparecidos":"09","TotalGlobal":"36","TotalLocalizados":"27","TotalLocalizadosCV":"23","TotalLocalizadosSV":"04","TotalSoloDesaparecidos":"03","TotalSoloNoLocalizados":"06"},"espacial":{"Hombre":{"YUCATAN":18},"Indeterminado":{"YUCATAN":0},"Mujer":{"YUCATAN":18}},"anual":{"Hombre":{"1.CIFRA SIN  AÑO DE REFERENCIA":2,"2019":0,"2020":13,"2021":3},"Indeterminado":{"1.CIFRA SIN  AÑO DE REFERENCIA":0,"2019":0,"2020":0,"2021":0},"Mujer":{"1.CIFRA SIN  AÑO DE REFERENCIA":0,"2019":1,"2020":13,"2021":4}},"mensual_ultimo_anio":{"Hombre":{"2020-ABRIL":1,"2020-AGOSTO":2,"2020-ENERO":1,"2020-JULIO":1,"2020-JUNIO":2,"2020-MARZO":2,"2020-MAYO":0,"2020-OCTUBRE":3,"2020-SEPTIEMBRE":1,"2021-ENERO":1,"2021-FEBRERO":2,"2021-MARZO":0},"Indeterminado":{"2020-ABRIL":0,"2020-AGOSTO":0,"2020-ENERO":0,"2020-JULIO":0,"2020-JUNIO":0,"2020-MARZO":0,"2020-MAYO":0,"2020-OCTUBRE":0,"2020-SEPTIEMBRE":0,"2021-ENERO":0,"2021-FEBRERO":0,"2021-MARZO":0},"Mujer":{"2020-ABRIL":4,"2020-AGOSTO":1,"2020-ENERO":0,"2020-JULIO":1,"2020-JUNIO":0,"2020-MARZO":1,"2020-MAYO":1,"2020-OCTUBRE":3,"2020-SEPTIEMBRE":2,"2021-ENERO":0,"2021-FEBRERO":2,"2021-MARZO":2}},"por_edad":{"Hombres":{"13":0,"14":0,"15":1,"16":0,"17":1,"18":1,"2":0,"20":1,"22":1,"23":1,"24":1,"25":1,"26":1,"33":1,"43":1,"45":0,"47":1,"58":1,"59":1,"61":0,"69":1,"72":1,"80":0,"86":1,"SIN EDAD DE REFERENCIA":1},"Indeterminado":{"13":0,"14":0,"15":0,"16":0,"17":0,"18":0,"2":0,"20":0,"22":0,"23":0,"24":0,"25":0,"26":0,"33":0,"43":0,"45":0,"47":0,"58":0,"59":0,"61":0,"69":0,"72":0,"80":0,"86":0,"SIN EDAD DE REFERENCIA":0},"Mujeres":{"13":3,"14":1,"15":1,"16":3,"17":4,"18":0,"2":1,"20":0,"22":0,"23":0,"24":1,"25":1,"26":0,"33":0,"43":0,"45":1,"47":0,"58":0,"59":0,"61":1,"69":0,"72":0,"80":1,"86":0,"SIN EDAD DE REFERENCIA":0}},"por_nacionalidad":{"Hombres":{"MEXICANA":18},"Indeterminado":{"MEXICANA":0},"Mujeres":{"MEXICANA":18}}}