{"totales":{"PorcentajeDesaparecidos":"0.00","PorcentajeLocalizados":"100.00","PorcentajeLocalizadosCV":"100.00","PorcentajeLocalizadosSV":"0.00","PorcentajeSoloDesaparecidos":"0.00","PorcentajeSoloNoLocalizados":"0.00","TotalDesaparecidos":"00","TotalGlobal":"02","TotalLocalizados":"02","TotalLocalizadosCV":"02","TotalLocalizadosSV":"00","TotalSoloDesaparecidos":"00","TotalSoloNoLocalizados":"00"},"espacial":{"Hombre":{"YUCATAN":1},"Indeterminado":{"YUCATAN":0},"Mujer":{"YUCATAN":1}},"anual":{"Hombre":{"2020":0,"2021":1},"Indeterminado":{"2020":0,"2021":0},"Mujer":{"2020":1,"2021":0}},"mensual_ultimo_anio":{"Hombre":{"2020-JUNIO":0,"2021-FEBRERO":1},"Indeterminado":{"2020-JUNIO":0,"2021-FEBRERO":0},"Mujer":{"2020-JUNIO":1,"2021-FEBRERO":0}},"por_edad":{"Hombres":{"16":0,"38":1},"Indeterminado":{"16":0,"38":0},"Mujeres":{"16":1,"38":0}},"por_nacionalidad":{"Hombres":{"MEXICANA":1},"Indeterminado":{"MEXICANA":0},"Mujeres":{"MEXICANA":1}}}