{"totales":{"PorcentajeDesaparecidos":"50.00","PorcentajeLocalizados":"50.00","PorcentajeLocalizadosCV":"100.00","PorcentajeLocalizadosSV":"0.00","PorcentajeSoloDesaparecidos":"100.00","PorcentajeSoloNoLocalizados":"0.00","TotalDesaparecidos":"01","TotalGlobal":"02","TotalLocalizados":"01","TotalLocalizadosCV":"01","TotalLocalizadosSV":"00","TotalSoloDesaparecidos":"01","TotalSoloNoLocalizados":"00"},"espacial":{"Hombre":{"QUINTANA ROO":0,"YUCATAN":1},"Indeterminado":{"QUINTANA ROO":0,"YUCATAN":0},"Mujer":{"QUINTANA ROO":1,"YUCATAN":0}},"anual":{"Hombre":{"2019":0,"2021":1},"Indeterminado":{"2019":0,"2021":0},"Mujer":{"2019":1,"2021":0}},"mensual_ultimo_anio":{"Hombre":{"2019-ENERO":0,"2021-MARZO":1},"Indeterminado":{"2019-ENERO":0,"2021-MARZO":0},"Mujer":{"2019-ENERO":1,"2021-MARZO":0}},"por_edad":{"Hombres":{"12":0,"28":1},"Indeterminado":{"12":0,"28":0},"Mujeres":{"12":1,"28":0}},"por_nacionalidad":{"Hombres":{"MEXICANA":1},"Indeterminado":{"MEXICANA":0},"Mujeres":{"MEXICANA":1}}}