{"totales":{"PorcentajeDesaparecidos":"100.00","PorcentajeLocalizados":"0.00","PorcentajeLocalizadosCV":"0.00","PorcentajeLocalizadosSV":"0.00","PorcentajeSoloDesaparecidos":"100.00","PorcentajeSoloNoLocalizados":"0.00","TotalDesaparecidos":"01","TotalGlobal":"01","TotalLocalizados":"00","TotalLocalizadosCV":"00","TotalLocalizadosSV":"00","TotalSoloDesaparecidos":"01","TotalSoloNoLocalizados":"00"},"espacial":{"Hombre":{"ESTADO DE MEXICO":0},"Indeterminado":{"ESTADO DE MEXICO":0},"Mujer":{"ESTADO DE MEXICO":1}},"anual":{"Hombre":{"2020":0},"Indeterminado":{"2020":0},"Mujer":{"2020":1}},"mensual_ultimo_anio":{"Hombre":{"2020-ABRIL":0},"Indeterminado":{"2020-ABRIL":0},"Mujer":{"2020-ABRIL":1}},"por_edad":{"Hombres":{"51":0},"Indeterminado":{"51":0},"Mujeres":{"51":1}},"por_nacionalidad":{"Hombres":{"MEXICANA":0},"Indeterminado":{"MEXICANA":0},"Mujeres":{"MEXICANA":1}}}