{"totales":{"PorcentajeDesaparecidos":"0.00","PorcentajeLocalizados":"100.00","PorcentajeLocalizadosCV":"100.00","PorcentajeLocalizadosSV":"0.00","PorcentajeSoloDesaparecidos":"0.00","PorcentajeSoloNoLocalizados":"0.00","TotalDesaparecidos":"00","TotalGlobal":"01","TotalLocalizados":"01","TotalLocalizadosCV":"01","TotalLocalizadosSV":"00","TotalSoloDesaparecidos":"00","TotalSoloNoLocalizados":"00"},"espacial":{"Hombre":{"YUCATAN":0},"Indeterminado":{"YUCATAN":0},"Mujer":{"YUCATAN":1}},"anual":{"Hombre":{"2021":0},"Indeterminado":{"2021":0},"Mujer":{"2021":1}},"mensual_ultimo_anio":{"Hombre":{"2021-ENERO":0},"Indeterminado":{"2021-ENERO":0},"Mujer":{"2021-ENERO":1}},"por_edad":{"Hombres":{"43":0},"Indeterminado":{"43":0},"Mujeres":{"43":1}},"por_nacionalidad":{"Hombres":{"MEXICANA":0},"Indeterminado":{"MEXICANA":0},"Mujeres":{"MEXICANA":1}}}