{"totales":{"PorcentajeDesaparecidos":"100.00","PorcentajeLocalizados":"0.00","PorcentajeLocalizadosCV":"0.00","PorcentajeLocalizadosSV":"0.00","PorcentajeSoloDesaparecidos":"100.00","PorcentajeSoloNoLocalizados":"0.00","TotalDesaparecidos":"01","TotalGlobal":"01","TotalLocalizados":"00","TotalLocalizadosCV":"00","TotalLocalizadosSV":"00","TotalSoloDesaparecidos":"01","TotalSoloNoLocalizados":"00"},"espacial":{"Hombre":{"GUERRERO":1},"Indeterminado":{"GUERRERO":0},"Mujer":{"GUERRERO":0}},"anual":{"Hombre":{"1.CIFRA SIN  AÑO DE REFERENCIA":1},"Indeterminado":{"1.CIFRA SIN  AÑO DE REFERENCIA":0},"Mujer":{"1.CIFRA SIN  AÑO DE REFERENCIA":0}},"mensual_ultimo_anio":{"Hombre":{"0-CIFRA SIN AÑO NI MES DE REFERENCIA":1},"Indeterminado":{"0-CIFRA SIN AÑO NI MES DE REFERENCIA":0},"Mujer":{"0-CIFRA SIN AÑO NI MES DE REFERENCIA":0}},"por_edad":{"Hombres":{"28":1},"Indeterminado":{"28":0},"Mujeres":{"28":0}},"por_nacionalidad":{"Hombres":{"MEXICANA":1},"Indeterminado":{"MEXICANA":0},"Mujeres":{"MEXICANA":0}}}