{"totales":{"PorcentajeDesaparecidos":"100.00","PorcentajeLocalizados":"0.00","PorcentajeLocalizadosCV":"0.00","PorcentajeLocalizadosSV":"0.00","PorcentajeSoloDesaparecidos":"100.00","PorcentajeSoloNoLocalizados":"0.00","TotalDesaparecidos":"03","TotalGlobal":"03","TotalLocalizados":"00","TotalLocalizadosCV":"00","TotalLocalizadosSV":"00","TotalSoloDesaparecidos":"03","TotalSoloNoLocalizados":"00"},"espacial":{"Hombre":{"GUERRERO":3},"Indeterminado":{"GUERRERO":0},"Mujer":{"GUERRERO":0}},"anual":{"Hombre":{"2019":2,"2020":1},"Indeterminado":{"2019":0,"2020":0},"Mujer":{"2019":0,"2020":0}},"mensual_ultimo_anio":{"Hombre":{"2019-OCTUBRE":2,"2020-MARZO":1},"Indeterminado":{"2019-OCTUBRE":0,"2020-MARZO":0},"Mujer":{"2019-OCTUBRE":0,"2020-MARZO":0}},"por_edad":{"Hombres":{"17":1,"44":1,"71":1},"Indeterminado":{"17":0,"44":0,"71":0},"Mujeres":{"17":0,"44":0,"71":0}},"por_nacionalidad":{"Hombres":{"MEXICANA":3},"Indeterminado":{"MEXICANA":0},"Mujeres":{"MEXICANA":0}}}