{"totales":{"PorcentajeDesaparecidos":"33.33","PorcentajeLocalizados":"66.67","PorcentajeLocalizadosCV":"100.00","PorcentajeLocalizadosSV":"0.00","PorcentajeSoloDesaparecidos":"100.00","PorcentajeSoloNoLocalizados":"0.00","TotalDesaparecidos":"07","TotalGlobal":"21","TotalLocalizados":"14","TotalLocalizadosCV":"14","TotalLocalizadosSV":"00","TotalSoloDesaparecidos":"07","TotalSoloNoLocalizados":"00"},"espacial":{"Hombre":{"CHIAPAS":1,"CIUDAD DE MEXICO":2,"COLIMA":0,"HIDALGO":0,"JALISCO":4,"QUERETARO ":0,"SINALOA":1,"ZACATECAS":3},"Indeterminado":{"CHIAPAS":0,"CIUDAD DE MEXICO":0,"COLIMA":0,"HIDALGO":0,"JALISCO":0,"QUERETARO ":0,"SINALOA":0,"ZACATECAS":0},"Mujer":{"CHIAPAS":1,"CIUDAD DE MEXICO":1,"COLIMA":2,"HIDALGO":1,"JALISCO":2,"QUERETARO ":2,"SINALOA":1,"ZACATECAS":0}},"anual":{"Hombre":{"2009":1,"2010":1,"2011":0,"2012":0,"2013":1,"2014":4,"2015":2,"2016":1,"2017":0,"2019":1},"Indeterminado":{"2009":0,"2010":0,"2011":0,"2012":0,"2013":0,"2014":0,"2015":0,"2016":0,"2017":0,"2019":0},"Mujer":{"2009":0,"2010":0,"2011":1,"2012":2,"2013":4,"2014":1,"2015":0,"2016":1,"2017":1,"2019":0}},"mensual_ultimo_anio":{"Hombre":{"2013-DICIEMBRE":0,"2014-ABRIL":1,"2014-AGOSTO":0,"2014-ENERO":1,"2014-JULIO":1,"2014-MAYO":1,"2015-AGOSTO":1,"2015-NOVIEMBRE":1,"2016-ABRIL":1,"2016-JUNIO":0,"2017-OCTUBRE":0,"2019-DICIEMBRE":1},"Indeterminado":{"2013-DICIEMBRE":0,"2014-ABRIL":0,"2014-AGOSTO":0,"2014-ENERO":0,"2014-JULIO":0,"2014-MAYO":0,"2015-AGOSTO":0,"2015-NOVIEMBRE":0,"2016-ABRIL":0,"2016-JUNIO":0,"2017-OCTUBRE":0,"2019-DICIEMBRE":0},"Mujer":{"2013-DICIEMBRE":2,"2014-ABRIL":0,"2014-AGOSTO":1,"2014-ENERO":0,"2014-JULIO":0,"2014-MAYO":0,"2015-AGOSTO":0,"2015-NOVIEMBRE":0,"2016-ABRIL":0,"2016-JUNIO":1,"2017-OCTUBRE":1,"2019-DICIEMBRE":0}},"por_edad":{"Hombres":{"10":0,"13":1,"14":1,"15":0,"16":0,"17":0,"18":0,"20":2,"29":1,"30":2,"32":1,"35":0,"38":2,"42":1,"51":0,"9":0},"Indeterminado":{"10":0,"13":0,"14":0,"15":0,"16":0,"17":0,"18":0,"20":0,"29":0,"30":0,"32":0,"35":0,"38":0,"42":0,"51":0,"9":0},"Mujeres":{"10":1,"13":0,"14":0,"15":1,"16":2,"17":1,"18":1,"20":0,"29":0,"30":0,"32":0,"35":2,"38":0,"42":0,"51":1,"9":1}},"por_nacionalidad":{"Hombres":{"MEXICANA":11},"Indeterminado":{"MEXICANA":0},"Mujeres":{"MEXICANA":10}}}