{"totales":{"PorcentajeDesaparecidos":"9.09","PorcentajeLocalizados":"90.91","PorcentajeLocalizadosCV":"90.00","PorcentajeLocalizadosSV":"10.00","PorcentajeSoloDesaparecidos":"100.00","PorcentajeSoloNoLocalizados":"0.00","TotalDesaparecidos":"01","TotalGlobal":"11","TotalLocalizados":"10","TotalLocalizadosCV":"09","TotalLocalizadosSV":"01","TotalSoloDesaparecidos":"01","TotalSoloNoLocalizados":"00"},"espacial":{"Hombre":{"CIUDAD DE MEXICO":0,"JALISCO":1,"QUERETARO ":0,"SINALOA":6},"Indeterminado":{"CIUDAD DE MEXICO":0,"JALISCO":0,"QUERETARO ":0,"SINALOA":0},"Mujer":{"CIUDAD DE MEXICO":1,"JALISCO":0,"QUERETARO ":1,"SINALOA":2}},"anual":{"Hombre":{"2006":2,"2008":1,"2009":2,"2010":0,"2011":1,"2013":0,"2014":1},"Indeterminado":{"2006":0,"2008":0,"2009":0,"2010":0,"2011":0,"2013":0,"2014":0},"Mujer":{"2006":0,"2008":1,"2009":0,"2010":1,"2011":0,"2013":2,"2014":0}},"mensual_ultimo_anio":{"Hombre":{"2006-DICIEMBRE":2,"2008-AGOSTO":1,"2008-DICIEMBRE":0,"2009-SEPTIEMBRE":2,"2010-NOVIEMBRE":0,"2011-OCTUBRE":1,"2013-MARZO":0,"2013-OCTUBRE":0,"2014-SEPTIEMBRE":1},"Indeterminado":{"2006-DICIEMBRE":0,"2008-AGOSTO":0,"2008-DICIEMBRE":0,"2009-SEPTIEMBRE":0,"2010-NOVIEMBRE":0,"2011-OCTUBRE":0,"2013-MARZO":0,"2013-OCTUBRE":0,"2014-SEPTIEMBRE":0},"Mujer":{"2006-DICIEMBRE":0,"2008-AGOSTO":0,"2008-DICIEMBRE":1,"2009-SEPTIEMBRE":0,"2010-NOVIEMBRE":1,"2011-OCTUBRE":0,"2013-MARZO":1,"2013-OCTUBRE":1,"2014-SEPTIEMBRE":0}},"por_edad":{"Hombres":{"0":4,"13":0,"25":2,"26":1,"34":0},"Indeterminado":{"0":0,"13":0,"25":0,"26":0,"34":0},"Mujeres":{"0":2,"13":1,"25":0,"26":0,"34":1}},"por_nacionalidad":{"Hombres":{"MEXICANA":7},"Indeterminado":{"MEXICANA":0},"Mujeres":{"MEXICANA":4}}}