{"totales":{"PorcentajeDesaparecidos":"0.00","PorcentajeLocalizados":"100.00","PorcentajeLocalizadosCV":"100.00","PorcentajeLocalizadosSV":"0.00","PorcentajeSoloDesaparecidos":"0.00","PorcentajeSoloNoLocalizados":"0.00","TotalDesaparecidos":"00","TotalGlobal":"02","TotalLocalizados":"02","TotalLocalizadosCV":"02","TotalLocalizadosSV":"00","TotalSoloDesaparecidos":"00","TotalSoloNoLocalizados":"00"},"espacial":{"Hombre":{"MORELOS":1,"SINALOA":1},"Indeterminado":{"MORELOS":0,"SINALOA":0},"Mujer":{"MORELOS":0,"SINALOA":0}},"anual":{"Hombre":{"2010":1,"2011":1},"Indeterminado":{"2010":0,"2011":0},"Mujer":{"2010":0,"2011":0}},"mensual_ultimo_anio":{"Hombre":{"2010-JUNIO":1,"2011-FEBRERO":1},"Indeterminado":{"2010-JUNIO":0,"2011-FEBRERO":0},"Mujer":{"2010-JUNIO":0,"2011-FEBRERO":0}},"por_edad":{"Hombres":{"32":1,"80":1},"Indeterminado":{"32":0,"80":0},"Mujeres":{"32":0,"80":0}},"por_nacionalidad":{"Hombres":{"MEXICANA":2},"Indeterminado":{"MEXICANA":0},"Mujeres":{"MEXICANA":0}}}