{"totales":{"PorcentajeDesaparecidos":"100.00","PorcentajeLocalizados":"0.00","PorcentajeLocalizadosCV":"0.00","PorcentajeLocalizadosSV":"0.00","PorcentajeSoloDesaparecidos":"100.00","PorcentajeSoloNoLocalizados":"0.00","TotalDesaparecidos":"01","TotalGlobal":"01","TotalLocalizados":"00","TotalLocalizadosCV":"00","TotalLocalizadosSV":"00","TotalSoloDesaparecidos":"01","TotalSoloNoLocalizados":"00"},"espacial":{"Hombre":{"CIUDAD DE MEXICO":0},"Indeterminado":{"CIUDAD DE MEXICO":0},"Mujer":{"CIUDAD DE MEXICO":1}},"anual":{"Hombre":{"2019":0},"Indeterminado":{"2019":0},"Mujer":{"2019":1}},"mensual_ultimo_anio":{"Hombre":{"2019-AGOSTO":0},"Indeterminado":{"2019-AGOSTO":0},"Mujer":{"2019-AGOSTO":1}},"por_edad":{"Hombres":{"65":0},"Indeterminado":{"65":0},"Mujeres":{"65":1}},"por_nacionalidad":{"Hombres":{"MEXICANA":0},"Indeterminado":{"MEXICANA":0},"Mujeres":{"MEXICANA":1}}}