{"totales":{"PorcentajeDesaparecidos":"80.00","PorcentajeLocalizados":"20.00","PorcentajeLocalizadosCV":"100.00","PorcentajeLocalizadosSV":"0.00","PorcentajeSoloDesaparecidos":"100.00","PorcentajeSoloNoLocalizados":"0.00","TotalDesaparecidos":"04","TotalGlobal":"05","TotalLocalizados":"01","TotalLocalizadosCV":"01","TotalLocalizadosSV":"00","TotalSoloDesaparecidos":"04","TotalSoloNoLocalizados":"00"},"espacial":{"Hombre":{"SONORA":3},"Indeterminado":{"SONORA":0},"Mujer":{"SONORA":2}},"anual":{"Hombre":{"2012":0,"2013":1,"2014":1,"2015":1},"Indeterminado":{"2012":0,"2013":0,"2014":0,"2015":0},"Mujer":{"2012":1,"2013":0,"2014":0,"2015":1}},"mensual_ultimo_anio":{"Hombre":{"2012-ABRIL":0,"2013-FEBRERO":1,"2014-MARZO":1,"2015-DICIEMBRE":1,"2015-SEPTIEMBRE":0},"Indeterminado":{"2012-ABRIL":0,"2013-FEBRERO":0,"2014-MARZO":0,"2015-DICIEMBRE":0,"2015-SEPTIEMBRE":0},"Mujer":{"2012-ABRIL":1,"2013-FEBRERO":0,"2014-MARZO":0,"2015-DICIEMBRE":0,"2015-SEPTIEMBRE":1}},"por_edad":{"Hombres":{"16":0,"29":0,"36":1,"40":1,"45":1},"Indeterminado":{"16":0,"29":0,"36":0,"40":0,"45":0},"Mujeres":{"16":1,"29":1,"36":0,"40":0,"45":0}},"por_nacionalidad":{"Hombres":{"MEXICANA":3},"Indeterminado":{"MEXICANA":0},"Mujeres":{"MEXICANA":2}}}