{"totales":{"PorcentajeDesaparecidos":"100.00","PorcentajeLocalizados":"0.00","PorcentajeLocalizadosCV":"0.00","PorcentajeLocalizadosSV":"0.00","PorcentajeSoloDesaparecidos":"100.00","PorcentajeSoloNoLocalizados":"0.00","TotalDesaparecidos":"01","TotalGlobal":"01","TotalLocalizados":"00","TotalLocalizadosCV":"00","TotalLocalizadosSV":"00","TotalSoloDesaparecidos":"01","TotalSoloNoLocalizados":"00"},"espacial":{"Hombre":{"CHIHUAHUA":1},"Indeterminado":{"CHIHUAHUA":0},"Mujer":{"CHIHUAHUA":0}},"anual":{"Hombre":{"2020":1},"Indeterminado":{"2020":0},"Mujer":{"2020":0}},"mensual_ultimo_anio":{"Hombre":{"2020-AGOSTO":1},"Indeterminado":{"2020-AGOSTO":0},"Mujer":{"2020-AGOSTO":0}},"por_edad":{"Hombres":{"14":1},"Indeterminado":{"14":0},"Mujeres":{"14":0}},"por_nacionalidad":{"Hombres":{"MEXICANA":1},"Indeterminado":{"MEXICANA":0},"Mujeres":{"MEXICANA":0}}}