{"totales":{"PorcentajeDesaparecidos":"100.00","PorcentajeLocalizados":"0.00","PorcentajeLocalizadosCV":"0.00","PorcentajeLocalizadosSV":"0.00","PorcentajeSoloDesaparecidos":"0.00","PorcentajeSoloNoLocalizados":"100.00","TotalDesaparecidos":"01","TotalGlobal":"01","TotalLocalizados":"00","TotalLocalizadosCV":"00","TotalLocalizadosSV":"00","TotalSoloDesaparecidos":"00","TotalSoloNoLocalizados":"01"},"espacial":{"Hombre":{"DURANGO":1},"Indeterminado":{"DURANGO":0},"Mujer":{"DURANGO":0}},"anual":{"Hombre":{"2020":1},"Indeterminado":{"2020":0},"Mujer":{"2020":0}},"mensual_ultimo_anio":{"Hombre":{"2020-SEPTIEMBRE":1},"Indeterminado":{"2020-SEPTIEMBRE":0},"Mujer":{"2020-SEPTIEMBRE":0}},"por_edad":{"Hombres":{"16":1},"Indeterminado":{"16":0},"Mujeres":{"16":0}},"por_nacionalidad":{"Hombres":{"MEXICANA":1},"Indeterminado":{"MEXICANA":0},"Mujeres":{"MEXICANA":0}}}