{"totales":{"PorcentajeDesaparecidos":"68.75","PorcentajeLocalizados":"31.25","PorcentajeLocalizadosCV":"100.00","PorcentajeLocalizadosSV":"0.00","PorcentajeSoloDesaparecidos":"100.00","PorcentajeSoloNoLocalizados":"0.00","TotalDesaparecidos":"11","TotalGlobal":"16","TotalLocalizados":"05","TotalLocalizadosCV":"05","TotalLocalizadosSV":"00","TotalSoloDesaparecidos":"11","TotalSoloNoLocalizados":"00"},"espacial":{"Hombre":{"CHIAPAS":5,"GUERRERO":7},"Indeterminado":{"CHIAPAS":0,"GUERRERO":0},"Mujer":{"CHIAPAS":1,"GUERRERO":3}},"anual":{"Hombre":{"2010":0,"2013":2,"2014":4,"2015":3,"2016":2,"2018":1},"Indeterminado":{"2010":0,"2013":0,"2014":0,"2015":0,"2016":0,"2018":0},"Mujer":{"2010":1,"2013":0,"2014":0,"2015":0,"2016":3,"2018":0}},"mensual_ultimo_anio":{"Hombre":{"2010-OCTUBRE":0,"2013-DICIEMBRE":1,"2013-JULIO":1,"2014-ABRIL":1,"2014-SEPTIEMBRE":3,"2015-MAYO":3,"2016-JUNIO":0,"2016-MAYO":2,"2016-NOVIEMBRE":0,"2018-FEBRERO":1},"Indeterminado":{"2010-OCTUBRE":0,"2013-DICIEMBRE":0,"2013-JULIO":0,"2014-ABRIL":0,"2014-SEPTIEMBRE":0,"2015-MAYO":0,"2016-JUNIO":0,"2016-MAYO":0,"2016-NOVIEMBRE":0,"2018-FEBRERO":0},"Mujer":{"2010-OCTUBRE":1,"2013-DICIEMBRE":0,"2013-JULIO":0,"2014-ABRIL":0,"2014-SEPTIEMBRE":0,"2015-MAYO":0,"2016-JUNIO":1,"2016-MAYO":0,"2016-NOVIEMBRE":2,"2018-FEBRERO":0}},"por_edad":{"Hombres":{"11":1,"13":1,"17":2,"20":0,"21":1,"26":1,"27":0,"28":1,"29":1,"35":0,"42":1,"50":1,"52":1,"67":1},"Indeterminado":{"11":0,"13":0,"17":0,"20":0,"21":0,"26":0,"27":0,"28":0,"29":0,"35":0,"42":0,"50":0,"52":0,"67":0},"Mujeres":{"11":0,"13":0,"17":1,"20":1,"21":0,"26":0,"27":1,"28":0,"29":0,"35":1,"42":0,"50":0,"52":0,"67":0}},"por_nacionalidad":{"Hombres":{"MEXICANA":12},"Indeterminado":{"MEXICANA":0},"Mujeres":{"MEXICANA":4}}}