{"totales":{"PorcentajeDesaparecidos":"100.00","PorcentajeLocalizados":"0.00","PorcentajeLocalizadosCV":"0.00","PorcentajeLocalizadosSV":"0.00","PorcentajeSoloDesaparecidos":"0.00","PorcentajeSoloNoLocalizados":"100.00","TotalDesaparecidos":"01","TotalGlobal":"01","TotalLocalizados":"00","TotalLocalizadosCV":"00","TotalLocalizadosSV":"00","TotalSoloDesaparecidos":"00","TotalSoloNoLocalizados":"01"},"espacial":{"Hombre":{"VERACRUZ ":1},"Indeterminado":{"VERACRUZ ":0},"Mujer":{"VERACRUZ ":0}},"anual":{"Hombre":{"2021":1},"Indeterminado":{"2021":0},"Mujer":{"2021":0}},"mensual_ultimo_anio":{"Hombre":{"2021-MARZO":1},"Indeterminado":{"2021-MARZO":0},"Mujer":{"2021-MARZO":0}},"por_edad":{"Hombres":{"55":1},"Indeterminado":{"55":0},"Mujeres":{"55":0}},"por_nacionalidad":{"Hombres":{"MEXICANA":1},"Indeterminado":{"MEXICANA":0},"Mujeres":{"MEXICANA":0}}}