{"totales":{"PorcentajeDesaparecidos":"40.00","PorcentajeLocalizados":"60.00","PorcentajeLocalizadosCV":"100.00","PorcentajeLocalizadosSV":"0.00","PorcentajeSoloDesaparecidos":"100.00","PorcentajeSoloNoLocalizados":"0.00","TotalDesaparecidos":"02","TotalGlobal":"05","TotalLocalizados":"03","TotalLocalizadosCV":"03","TotalLocalizadosSV":"00","TotalSoloDesaparecidos":"02","TotalSoloNoLocalizados":"00"},"espacial":{"Hombre":{"SONORA":3},"Indeterminado":{"SONORA":0},"Mujer":{"SONORA":2}},"anual":{"Hombre":{"2014":3},"Indeterminado":{"2014":0},"Mujer":{"2014":2}},"mensual_ultimo_anio":{"Hombre":{"2014-ABRIL":1,"2014-AGOSTO":0,"2014-ENERO":0,"2014-JULIO":2},"Indeterminado":{"2014-ABRIL":0,"2014-AGOSTO":0,"2014-ENERO":0,"2014-JULIO":0},"Mujer":{"2014-ABRIL":0,"2014-AGOSTO":1,"2014-ENERO":1,"2014-JULIO":0}},"por_edad":{"Hombres":{"14":1,"16":1,"17":1},"Indeterminado":{"14":0,"16":0,"17":0},"Mujeres":{"14":0,"16":1,"17":1}},"por_nacionalidad":{"Hombres":{"MEXICANA":3},"Indeterminado":{"MEXICANA":0},"Mujeres":{"MEXICANA":2}}}