{"totales":{"PorcentajeDesaparecidos":"0.00","PorcentajeLocalizados":"100.00","PorcentajeLocalizadosCV":"100.00","PorcentajeLocalizadosSV":"0.00","PorcentajeSoloDesaparecidos":"0.00","PorcentajeSoloNoLocalizados":"0.00","TotalDesaparecidos":"00","TotalGlobal":"01","TotalLocalizados":"01","TotalLocalizadosCV":"01","TotalLocalizadosSV":"00","TotalSoloDesaparecidos":"00","TotalSoloNoLocalizados":"00"},"espacial":{"Hombre":{"ESTADO DE MEXICO":0},"Indeterminado":{"ESTADO DE MEXICO":0},"Mujer":{"ESTADO DE MEXICO":1}},"anual":{"Hombre":{"2020":0},"Indeterminado":{"2020":0},"Mujer":{"2020":1}},"mensual_ultimo_anio":{"Hombre":{"2020-ENERO":0},"Indeterminado":{"2020-ENERO":0},"Mujer":{"2020-ENERO":1}},"por_edad":{"Hombres":{"15":0},"Indeterminado":{"15":0},"Mujeres":{"15":1}},"por_nacionalidad":{"Hombres":{"MEXICANA":0},"Indeterminado":{"MEXICANA":0},"Mujeres":{"MEXICANA":1}}}