{"totales":{"PorcentajeDesaparecidos":"100.00","PorcentajeLocalizados":"0.00","PorcentajeLocalizadosCV":"0.00","PorcentajeLocalizadosSV":"0.00","PorcentajeSoloDesaparecidos":"100.00","PorcentajeSoloNoLocalizados":"0.00","TotalDesaparecidos":"03","TotalGlobal":"03","TotalLocalizados":"00","TotalLocalizadosCV":"00","TotalLocalizadosSV":"00","TotalSoloDesaparecidos":"03","TotalSoloNoLocalizados":"00"},"espacial":{"Hombre":{"GUERRERO":1,"NUEVO LEON":1,"TAMAULIPAS":1},"Indeterminado":{"GUERRERO":0,"NUEVO LEON":0,"TAMAULIPAS":0},"Mujer":{"GUERRERO":0,"NUEVO LEON":0,"TAMAULIPAS":0}},"anual":{"Hombre":{"2017":1,"2019":1,"2020":1},"Indeterminado":{"2017":0,"2019":0,"2020":0},"Mujer":{"2017":0,"2019":0,"2020":0}},"mensual_ultimo_anio":{"Hombre":{"2017-AGOSTO":1,"2019-JUNIO":1,"2020-JUNIO":1},"Indeterminado":{"2017-AGOSTO":0,"2019-JUNIO":0,"2020-JUNIO":0},"Mujer":{"2017-AGOSTO":0,"2019-JUNIO":0,"2020-JUNIO":0}},"por_edad":{"Hombres":{"23":1,"25":1,"41":1},"Indeterminado":{"23":0,"25":0,"41":0},"Mujeres":{"23":0,"25":0,"41":0}},"por_nacionalidad":{"Hombres":{"ESTADOUNIDENSE":2,"VENEZOLANA":1},"Indeterminado":{"ESTADOUNIDENSE":0,"VENEZOLANA":0},"Mujeres":{"ESTADOUNIDENSE":0,"VENEZOLANA":0}}}