{"totales":{"PorcentajeDesaparecidos":"100.00","PorcentajeLocalizados":"0.00","PorcentajeLocalizadosCV":"0.00","PorcentajeLocalizadosSV":"0.00","PorcentajeSoloDesaparecidos":"100.00","PorcentajeSoloNoLocalizados":"0.00","TotalDesaparecidos":"01","TotalGlobal":"01","TotalLocalizados":"00","TotalLocalizadosCV":"00","TotalLocalizadosSV":"00","TotalSoloDesaparecidos":"01","TotalSoloNoLocalizados":"00"},"espacial":{"Hombre":{"SINALOA":1},"Indeterminado":{"SINALOA":0},"Mujer":{"SINALOA":0}},"anual":{"Hombre":{"2021":1},"Indeterminado":{"2021":0},"Mujer":{"2021":0}},"mensual_ultimo_anio":{"Hombre":{"2021-MAYO":1},"Indeterminado":{"2021-MAYO":0},"Mujer":{"2021-MAYO":0}},"por_edad":{"Hombres":{"66":1},"Indeterminado":{"66":0},"Mujeres":{"66":0}},"por_nacionalidad":{"Hombres":{"ESTADOUNIDENSE":1},"Indeterminado":{"ESTADOUNIDENSE":0},"Mujeres":{"ESTADOUNIDENSE":0}}}