{"totales":{"PorcentajeDesaparecidos":"50.00","PorcentajeLocalizados":"50.00","PorcentajeLocalizadosCV":"66.67","PorcentajeLocalizadosSV":"33.33","PorcentajeSoloDesaparecidos":"100.00","PorcentajeSoloNoLocalizados":"0.00","TotalDesaparecidos":"03","TotalGlobal":"06","TotalLocalizados":"03","TotalLocalizadosCV":"02","TotalLocalizadosSV":"01","TotalSoloDesaparecidos":"03","TotalSoloNoLocalizados":"00"},"espacial":{"Hombre":{"CIUDAD DE MEXICO":0,"COAHUILA":1,"HIDALGO":1,"MICHOACAN ":1,"MORELOS":0,"TLAXCALA":0},"Indeterminado":{"CIUDAD DE MEXICO":0,"COAHUILA":0,"HIDALGO":0,"MICHOACAN ":0,"MORELOS":0,"TLAXCALA":0},"Mujer":{"CIUDAD DE MEXICO":1,"COAHUILA":0,"HIDALGO":0,"MICHOACAN ":0,"MORELOS":1,"TLAXCALA":1}},"anual":{"Hombre":{"1.CIFRA SIN  AÑO DE REFERENCIA":0,"2019":1,"2020":1,"2021":1},"Indeterminado":{"1.CIFRA SIN  AÑO DE REFERENCIA":0,"2019":0,"2020":0,"2021":0},"Mujer":{"1.CIFRA SIN  AÑO DE REFERENCIA":2,"2019":0,"2020":1,"2021":0}},"mensual_ultimo_anio":{"Hombre":{"0-CIFRA SIN AÑO NI MES DE REFERENCIA":0,"2019-MAYO":1,"2020-ABRIL":0,"2020-MAYO":1,"2021-MAYO":1},"Indeterminado":{"0-CIFRA SIN AÑO NI MES DE REFERENCIA":0,"2019-MAYO":0,"2020-ABRIL":0,"2020-MAYO":0,"2021-MAYO":0},"Mujer":{"0-CIFRA SIN AÑO NI MES DE REFERENCIA":2,"2019-MAYO":0,"2020-ABRIL":1,"2020-MAYO":0,"2021-MAYO":0}},"por_edad":{"Hombres":{"23":0,"26":1,"28":1,"37":0,"71":1,"89":0},"Indeterminado":{"23":0,"26":0,"28":0,"37":0,"71":0,"89":0},"Mujeres":{"23":1,"26":0,"28":0,"37":1,"71":0,"89":1}},"por_nacionalidad":{"Hombres":{"ALEMANA":0,"ARGENTINA":1,"ESTADOUNIDENSE":0,"HONDUREÑA":1,"MEXICANA":1},"Indeterminado":{"ALEMANA":0,"ARGENTINA":0,"ESTADOUNIDENSE":0,"HONDUREÑA":0,"MEXICANA":0},"Mujeres":{"ALEMANA":1,"ARGENTINA":0,"ESTADOUNIDENSE":1,"HONDUREÑA":0,"MEXICANA":1}}}