{"totales":{"PorcentajeDesaparecidos":"66.67","PorcentajeLocalizados":"33.33","PorcentajeLocalizadosCV":"100.00","PorcentajeLocalizadosSV":"0.00","PorcentajeSoloDesaparecidos":"100.00","PorcentajeSoloNoLocalizados":"0.00","TotalDesaparecidos":"02","TotalGlobal":"03","TotalLocalizados":"01","TotalLocalizadosCV":"01","TotalLocalizadosSV":"00","TotalSoloDesaparecidos":"02","TotalSoloNoLocalizados":"00"},"espacial":{"Hombre":{"BAJA CALIFORNIA":1,"SONORA":1,"TABASCO":1},"Indeterminado":{"BAJA CALIFORNIA":0,"SONORA":0,"TABASCO":0},"Mujer":{"BAJA CALIFORNIA":0,"SONORA":0,"TABASCO":0}},"anual":{"Hombre":{"1.CIFRA SIN  AÑO DE REFERENCIA":2,"2020":1},"Indeterminado":{"1.CIFRA SIN  AÑO DE REFERENCIA":0,"2020":0},"Mujer":{"1.CIFRA SIN  AÑO DE REFERENCIA":0,"2020":0}},"mensual_ultimo_anio":{"Hombre":{"0-CIFRA SIN AÑO NI MES DE REFERENCIA":2,"2020-FEBRERO":1},"Indeterminado":{"0-CIFRA SIN AÑO NI MES DE REFERENCIA":0,"2020-FEBRERO":0},"Mujer":{"0-CIFRA SIN AÑO NI MES DE REFERENCIA":0,"2020-FEBRERO":0}},"por_edad":{"Hombres":{"23":1,"24":1,"34":1},"Indeterminado":{"23":0,"24":0,"34":0},"Mujeres":{"23":0,"24":0,"34":0}},"por_nacionalidad":{"Hombres":{"HONDUREÑA":2,"VENEZOLANA":1},"Indeterminado":{"HONDUREÑA":0,"VENEZOLANA":0},"Mujeres":{"HONDUREÑA":0,"VENEZOLANA":0}}}