{"totales":{"PorcentajeDesaparecidos":"66.67","PorcentajeLocalizados":"33.33","PorcentajeLocalizadosCV":"100.00","PorcentajeLocalizadosSV":"0.00","PorcentajeSoloDesaparecidos":"100.00","PorcentajeSoloNoLocalizados":"0.00","TotalDesaparecidos":"02","TotalGlobal":"03","TotalLocalizados":"01","TotalLocalizadosCV":"01","TotalLocalizadosSV":"00","TotalSoloDesaparecidos":"02","TotalSoloNoLocalizados":"00"},"espacial":{"Hombre":{"OAXACA":2,"PUEBLA":1},"Indeterminado":{"OAXACA":0,"PUEBLA":0},"Mujer":{"OAXACA":0,"PUEBLA":0}},"anual":{"Hombre":{"2019":2,"2020":1},"Indeterminado":{"2019":0,"2020":0},"Mujer":{"2019":0,"2020":0}},"mensual_ultimo_anio":{"Hombre":{"2019-JULIO":2,"2020-ABRIL":1},"Indeterminado":{"2019-JULIO":0,"2020-ABRIL":0},"Mujer":{"2019-JULIO":0,"2020-ABRIL":0}},"por_edad":{"Hombres":{"18":1,"19":1,"20":1},"Indeterminado":{"18":0,"19":0,"20":0},"Mujeres":{"18":0,"19":0,"20":0}},"por_nacionalidad":{"Hombres":{"MEXICANA":3},"Indeterminado":{"MEXICANA":0},"Mujeres":{"MEXICANA":0}}}