{"totales":{"PorcentajeDesaparecidos":"71.43","PorcentajeLocalizados":"28.57","PorcentajeLocalizadosCV":"100.00","PorcentajeLocalizadosSV":"0.00","PorcentajeSoloDesaparecidos":"100.00","PorcentajeSoloNoLocalizados":"0.00","TotalDesaparecidos":"05","TotalGlobal":"07","TotalLocalizados":"02","TotalLocalizadosCV":"02","TotalLocalizadosSV":"00","TotalSoloDesaparecidos":"05","TotalSoloNoLocalizados":"00"},"espacial":{"Hombre":{"CIUDAD DE MEXICO":1,"GUERRERO":3,"PUEBLA":1,"VERACRUZ ":1},"Indeterminado":{"CIUDAD DE MEXICO":0,"GUERRERO":0,"PUEBLA":0,"VERACRUZ ":0},"Mujer":{"CIUDAD DE MEXICO":0,"GUERRERO":1,"PUEBLA":0,"VERACRUZ ":0}},"anual":{"Hombre":{"2001":1,"2019":1,"2020":3,"2021":1},"Indeterminado":{"2001":0,"2019":0,"2020":0,"2021":0},"Mujer":{"2001":0,"2019":0,"2020":1,"2021":0}},"mensual_ultimo_anio":{"Hombre":{"2001-DICIEMBRE":1,"2019-OCTUBRE":1,"2020-JUNIO":0,"2020-MARZO":1,"2020-MAYO":1,"2020-NOVIEMBRE":1,"2021-ABRIL":1},"Indeterminado":{"2001-DICIEMBRE":0,"2019-OCTUBRE":0,"2020-JUNIO":0,"2020-MARZO":0,"2020-MAYO":0,"2020-NOVIEMBRE":0,"2021-ABRIL":0},"Mujer":{"2001-DICIEMBRE":0,"2019-OCTUBRE":0,"2020-JUNIO":1,"2020-MARZO":0,"2020-MAYO":0,"2020-NOVIEMBRE":0,"2021-ABRIL":0}},"por_edad":{"Hombres":{"14":0,"17":1,"19":1,"37":1,"42":1,"44":1,"81":1},"Indeterminado":{"14":0,"17":0,"19":0,"37":0,"42":0,"44":0,"81":0},"Mujeres":{"14":1,"17":0,"19":0,"37":0,"42":0,"44":0,"81":0}},"por_nacionalidad":{"Hombres":{"MEXICANA":6},"Indeterminado":{"MEXICANA":0},"Mujeres":{"MEXICANA":1}}}