{"totales":{"PorcentajeDesaparecidos":"100.00","PorcentajeLocalizados":"0.00","PorcentajeLocalizadosCV":"0.00","PorcentajeLocalizadosSV":"0.00","PorcentajeSoloDesaparecidos":"100.00","PorcentajeSoloNoLocalizados":"0.00","TotalDesaparecidos":"01","TotalGlobal":"01","TotalLocalizados":"00","TotalLocalizadosCV":"00","TotalLocalizadosSV":"00","TotalSoloDesaparecidos":"01","TotalSoloNoLocalizados":"00"},"espacial":{"Hombre":{"MICHOACAN ":1},"Indeterminado":{"MICHOACAN ":0},"Mujer":{"MICHOACAN ":0}},"anual":{"Hombre":{"2019":1},"Indeterminado":{"2019":0},"Mujer":{"2019":0}},"mensual_ultimo_anio":{"Hombre":{"2019-SEPTIEMBRE":1},"Indeterminado":{"2019-SEPTIEMBRE":0},"Mujer":{"2019-SEPTIEMBRE":0}},"por_edad":{"Hombres":{"26":1},"Indeterminado":{"26":0},"Mujeres":{"26":0}},"por_nacionalidad":{"Hombres":{"MEXICANA":1},"Indeterminado":{"MEXICANA":0},"Mujeres":{"MEXICANA":0}}}