{"totales":{"PorcentajeDesaparecidos":"0.00","PorcentajeLocalizados":"100.00","PorcentajeLocalizadosCV":"100.00","PorcentajeLocalizadosSV":"0.00","PorcentajeSoloDesaparecidos":"0.00","PorcentajeSoloNoLocalizados":"0.00","TotalDesaparecidos":"00","TotalGlobal":"01","TotalLocalizados":"01","TotalLocalizadosCV":"01","TotalLocalizadosSV":"00","TotalSoloDesaparecidos":"00","TotalSoloNoLocalizados":"00"},"espacial":{"Hombre":{"GUERRERO":1},"Indeterminado":{"GUERRERO":0},"Mujer":{"GUERRERO":0}},"anual":{"Hombre":{"2020":1},"Indeterminado":{"2020":0},"Mujer":{"2020":0}},"mensual_ultimo_anio":{"Hombre":{"2020-ENERO":1},"Indeterminado":{"2020-ENERO":0},"Mujer":{"2020-ENERO":0}},"por_edad":{"Hombres":{"40":1},"Indeterminado":{"40":0},"Mujeres":{"40":0}},"por_nacionalidad":{"Hombres":{"MEXICANA":1},"Indeterminado":{"MEXICANA":0},"Mujeres":{"MEXICANA":0}}}