{"totales":{"PorcentajeDesaparecidos":"0.00","PorcentajeLocalizados":"100.00","PorcentajeLocalizadosCV":"100.00","PorcentajeLocalizadosSV":"0.00","PorcentajeSoloDesaparecidos":"0.00","PorcentajeSoloNoLocalizados":"0.00","TotalDesaparecidos":"00","TotalGlobal":"03","TotalLocalizados":"03","TotalLocalizadosCV":"03","TotalLocalizadosSV":"00","TotalSoloDesaparecidos":"00","TotalSoloNoLocalizados":"00"},"espacial":{"Hombre":{"CHIAPAS":2,"ESTADO DE MEXICO":0},"Indeterminado":{"CHIAPAS":0,"ESTADO DE MEXICO":0},"Mujer":{"CHIAPAS":0,"ESTADO DE MEXICO":1}},"anual":{"Hombre":{"2019":1,"2020":1},"Indeterminado":{"2019":0,"2020":0},"Mujer":{"2019":0,"2020":1}},"mensual_ultimo_anio":{"Hombre":{"2019-ENERO":1,"2020-ABRIL":0,"2020-JUNIO":1},"Indeterminado":{"2019-ENERO":0,"2020-ABRIL":0,"2020-JUNIO":0},"Mujer":{"2019-ENERO":0,"2020-ABRIL":1,"2020-JUNIO":0}},"por_edad":{"Hombres":{"29":0,"40":1,"7":1},"Indeterminado":{"29":0,"40":0,"7":0},"Mujeres":{"29":1,"40":0,"7":0}},"por_nacionalidad":{"Hombres":{"MEXICANA":2},"Indeterminado":{"MEXICANA":0},"Mujeres":{"MEXICANA":1}}}