{"totales":{"PorcentajeDesaparecidos":"35.53","PorcentajeLocalizados":"64.47","PorcentajeLocalizadosCV":"87.76","PorcentajeLocalizadosSV":"12.24","PorcentajeSoloDesaparecidos":"29.63","PorcentajeSoloNoLocalizados":"70.37","TotalDesaparecidos":"27","TotalGlobal":"76","TotalLocalizados":"49","TotalLocalizadosCV":"43","TotalLocalizadosSV":"06","TotalSoloDesaparecidos":"08","TotalSoloNoLocalizados":"19"},"espacial":{"Hombre":{"BAJA CALIFORNIA SUR":1,"CIUDAD DE MEXICO":5,"ESTADO DE MEXICO":1,"OAXACA":1,"PUEBLA":1,"SONORA":0,"TAMAULIPAS":1,"VERACRUZ ":1,"YUCATAN":27},"Indeterminado":{"BAJA CALIFORNIA SUR":0,"CIUDAD DE MEXICO":0,"ESTADO DE MEXICO":0,"OAXACA":0,"PUEBLA":0,"SONORA":0,"TAMAULIPAS":0,"VERACRUZ ":0,"YUCATAN":0},"Mujer":{"BAJA CALIFORNIA SUR":0,"CIUDAD DE MEXICO":0,"ESTADO DE MEXICO":1,"OAXACA":0,"PUEBLA":0,"SONORA":1,"TAMAULIPAS":0,"VERACRUZ ":0,"YUCATAN":36}},"anual":{"Hombre":{"1.CIFRA SIN  AÑO DE REFERENCIA":3,"2017":1,"2018":1,"2019":2,"2020":22,"2021":9},"Indeterminado":{"1.CIFRA SIN  AÑO DE REFERENCIA":0,"2017":0,"2018":0,"2019":0,"2020":0,"2021":0},"Mujer":{"1.CIFRA SIN  AÑO DE REFERENCIA":2,"2017":0,"2018":0,"2019":4,"2020":28,"2021":4}},"mensual_ultimo_anio":{"Hombre":{"2020-ABRIL":1,"2020-AGOSTO":3,"2020-JULIO":4,"2020-JUNIO":6,"2020-MAYO":0,"2020-OCTUBRE":4,"2020-SEPTIEMBRE":2,"2021-ABRIL":1,"2021-ENERO":2,"2021-FEBRERO":3,"2021-JUNIO":1,"2021-MARZO":2},"Indeterminado":{"2020-ABRIL":0,"2020-AGOSTO":0,"2020-JULIO":0,"2020-JUNIO":0,"2020-MAYO":0,"2020-OCTUBRE":0,"2020-SEPTIEMBRE":0,"2021-ABRIL":0,"2021-ENERO":0,"2021-FEBRERO":0,"2021-JUNIO":0,"2021-MARZO":0},"Mujer":{"2020-ABRIL":4,"2020-AGOSTO":4,"2020-JULIO":5,"2020-JUNIO":5,"2020-MAYO":1,"2020-OCTUBRE":3,"2020-SEPTIEMBRE":4,"2021-ABRIL":0,"2021-ENERO":0,"2021-FEBRERO":2,"2021-JUNIO":0,"2021-MARZO":2}},"por_edad":{"Hombres":{"12":0,"13":1,"14":0,"15":1,"16":0,"17":1,"18":4,"19":0,"2":0,"20":1,"22":1,"23":1,"24":2,"25":2,"26":4,"27":0,"28":1,"29":1,"32":1,"33":1,"34":1,"37":0,"38":2,"39":1,"4":0,"41":1,"42":0,"43":1,"44":0,"45":0,"47":1,"52":0,"58":1,"59":1,"6":0,"61":0,"72":2,"8":1,"80":1,"81":1,"86":1,"SIN EDAD DE REFERENCIA":1},"Indeterminado":{"12":0,"13":0,"14":0,"15":0,"16":0,"17":0,"18":0,"19":0,"2":0,"20":0,"22":0,"23":0,"24":0,"25":0,"26":0,"27":0,"28":0,"29":0,"32":0,"33":0,"34":0,"37":0,"38":0,"39":0,"4":0,"41":0,"42":0,"43":0,"44":0,"45":0,"47":0,"52":0,"58":0,"59":0,"6":0,"61":0,"72":0,"8":0,"80":0,"81":0,"86":0,"SIN EDAD DE REFERENCIA":0},"Mujeres":{"12":1,"13":6,"14":3,"15":2,"16":7,"17":4,"18":0,"19":1,"2":1,"20":0,"22":0,"23":0,"24":1,"25":1,"26":0,"27":1,"28":0,"29":1,"32":0,"33":0,"34":0,"37":1,"38":0,"39":0,"4":1,"41":0,"42":1,"43":0,"44":1,"45":1,"47":0,"52":1,"58":0,"59":0,"6":1,"61":1,"72":0,"8":0,"80":1,"81":0,"86":0,"SIN EDAD DE REFERENCIA":0}},"por_nacionalidad":{"Hombres":{"ESTADOUNIDENSE":1,"MEXICANA":37},"Indeterminado":{"ESTADOUNIDENSE":0,"MEXICANA":0},"Mujeres":{"ESTADOUNIDENSE":0,"MEXICANA":38}}}