{"totales":{"PorcentajeDesaparecidos":"17.11","PorcentajeLocalizados":"82.89","PorcentajeLocalizadosCV":"98.41","PorcentajeLocalizadosSV":"1.59","PorcentajeSoloDesaparecidos":"100.00","PorcentajeSoloNoLocalizados":"0.00","TotalDesaparecidos":"13","TotalGlobal":"76","TotalLocalizados":"63","TotalLocalizadosCV":"62","TotalLocalizadosSV":"01","TotalSoloDesaparecidos":"13","TotalSoloNoLocalizados":"00"},"espacial":{"Hombres":{"ARMANDO DEL CASTILLO FRANCO":0,"SIN COLONIA DE REFERENCIA":35},"Indeterminado":{"ARMANDO DEL CASTILLO FRANCO":0,"SIN COLONIA DE REFERENCIA":0},"Mujeres":{"ARMANDO DEL CASTILLO FRANCO":1,"SIN COLONIA DE REFERENCIA":40}},"anual":{"Hombre":{"1.CIFRA SIN  AÑO DE REFERENCIA":1,"2005":1,"2008":2,"2011":0,"2014":0,"2016":0,"2017":1,"2018":4,"2019":10,"2020":16},"Indeterminado":{"1.CIFRA SIN  AÑO DE REFERENCIA":0,"2005":0,"2008":0,"2011":0,"2014":0,"2016":0,"2017":0,"2018":0,"2019":0,"2020":0},"Mujer":{"1.CIFRA SIN  AÑO DE REFERENCIA":0,"2005":1,"2008":0,"2011":1,"2014":1,"2016":1,"2017":0,"2018":7,"2019":20,"2020":10}},"mensual_ultimo_anio":{"Hombre":{"2019-DICIEMBRE":1,"2019-NOVIEMBRE":0,"2019-OCTUBRE":2,"2019-SEPTIEMBRE":0,"2020-AGOSTO":0,"2020-ENERO":0,"2020-FEBRERO":3,"2020-JULIO":4,"2020-JUNIO":3,"2020-MARZO":3,"2020-MAYO":2,"2020-SEPTIEMBRE":1},"Indeterminado":{"2019-DICIEMBRE":0,"2019-NOVIEMBRE":0,"2019-OCTUBRE":0,"2019-SEPTIEMBRE":0,"2020-AGOSTO":0,"2020-ENERO":0,"2020-FEBRERO":0,"2020-JULIO":0,"2020-JUNIO":0,"2020-MARZO":0,"2020-MAYO":0,"2020-SEPTIEMBRE":0},"Mujer":{"2019-DICIEMBRE":1,"2019-NOVIEMBRE":2,"2019-OCTUBRE":1,"2019-SEPTIEMBRE":1,"2020-AGOSTO":2,"2020-ENERO":2,"2020-FEBRERO":0,"2020-JULIO":1,"2020-JUNIO":1,"2020-MARZO":2,"2020-MAYO":2,"2020-SEPTIEMBRE":0}},"por_edad":{"Hombres":{"12":1,"13":1,"14":0,"15":1,"16":0,"17":1,"18":0,"19":0,"20":0,"21":1,"22":0,"23":2,"24":0,"25":0,"26":4,"27":3,"28":2,"29":0,"30":2,"31":2,"32":0,"34":0,"35":1,"40":2,"43":1,"44":1,"46":0,"49":1,"52":1,"55":1,"62":1,"7":0,"74":1,"79":1,"85":1,"90":1,"SIN EDAD DE REFERENCIA":2},"Indeterminado":{"12":0,"13":0,"14":0,"15":0,"16":0,"17":0,"18":0,"19":0,"20":0,"21":0,"22":0,"23":0,"24":0,"25":0,"26":0,"27":0,"28":0,"29":0,"30":0,"31":0,"32":0,"34":0,"35":0,"40":0,"43":0,"44":0,"46":0,"49":0,"52":0,"55":0,"62":0,"7":0,"74":0,"79":0,"85":0,"90":0,"SIN EDAD DE REFERENCIA":0},"Mujeres":{"12":0,"13":2,"14":4,"15":8,"16":5,"17":4,"18":2,"19":2,"20":1,"21":0,"22":1,"23":1,"24":2,"25":1,"26":1,"27":0,"28":2,"29":1,"30":0,"31":0,"32":1,"34":1,"35":0,"40":0,"43":0,"44":0,"46":1,"49":0,"52":0,"55":0,"62":0,"7":1,"74":0,"79":0,"85":0,"90":0,"SIN EDAD DE REFERENCIA":0}},"por_nacionalidad":{"Hombres":{"MEXICANA":35},"Indeterminado":{"MEXICANA":0},"Mujeres":{"MEXICANA":41}}}