{"totales":{"PorcentajeDesaparecidos":"100.00","PorcentajeLocalizados":"0.00","PorcentajeLocalizadosCV":"0.00","PorcentajeLocalizadosSV":"0.00","PorcentajeSoloDesaparecidos":"100.00","PorcentajeSoloNoLocalizados":"0.00","TotalDesaparecidos":"04","TotalGlobal":"04","TotalLocalizados":"00","TotalLocalizadosCV":"00","TotalLocalizadosSV":"00","TotalSoloDesaparecidos":"04","TotalSoloNoLocalizados":"00"},"espacial":{"Hombres":{"SIN COLONIA DE REFERENCIA":4},"Indeterminado":{"SIN COLONIA DE REFERENCIA":0},"Mujeres":{"SIN COLONIA DE REFERENCIA":0}},"anual":{"Hombre":{"2019":4},"Indeterminado":{"2019":0},"Mujer":{"2019":0}},"mensual_ultimo_anio":{"Hombre":{"2019-FEBRERO":4},"Indeterminado":{"2019-FEBRERO":0},"Mujer":{"2019-FEBRERO":0}},"por_edad":{"Hombres":{"27":1,"29":2,"32":1},"Indeterminado":{"27":0,"29":0,"32":0},"Mujeres":{"27":0,"29":0,"32":0}},"por_nacionalidad":{"Hombres":{"MEXICANA":4},"Indeterminado":{"MEXICANA":0},"Mujeres":{"MEXICANA":0}}}