{"totales":{"PorcentajeDesaparecidos":"0.00","PorcentajeLocalizados":"0.00","PorcentajeLocalizadosCV":"0.00","PorcentajeLocalizadosSV":"0.00","PorcentajeSoloDesaparecidos":"0.00","PorcentajeSoloNoLocalizados":"0.00","TotalDesaparecidos":"00","TotalGlobal":"00","TotalLocalizados":"00","TotalLocalizadosCV":"00","TotalLocalizadosSV":"00","TotalSoloDesaparecidos":"00","TotalSoloNoLocalizados":"00"},"espacial":{},"anual":{"Hombre":{},"Indeterminado":{},"Mujer":{}},"mensual_ultimo_anio":{"Hombre":{},"Indeterminado":{},"Mujer":{}},"por_edad":{},"por_nacionalidad":{}}