{"totales":{"PorcentajeDesaparecidos":"100.00","PorcentajeLocalizados":"0.00","PorcentajeLocalizadosCV":"0.00","PorcentajeLocalizadosSV":"0.00","PorcentajeSoloDesaparecidos":"50.00","PorcentajeSoloNoLocalizados":"50.00","TotalDesaparecidos":"02","TotalGlobal":"02","TotalLocalizados":"00","TotalLocalizadosCV":"00","TotalLocalizadosSV":"00","TotalSoloDesaparecidos":"01","TotalSoloNoLocalizados":"01"},"espacial":{"Hombres":{"SIN COLONIA DE REFERENCIA":0,"TORREÓN DE CAÑAS":1},"Indeterminado":{"SIN COLONIA DE REFERENCIA":0,"TORREÓN DE CAÑAS":0},"Mujeres":{"SIN COLONIA DE REFERENCIA":1,"TORREÓN DE CAÑAS":0}},"anual":{"Hombre":{"2012":1,"2020":0},"Indeterminado":{"2012":0,"2020":0},"Mujer":{"2012":0,"2020":1}},"mensual_ultimo_anio":{"Hombre":{"2012-AGOSTO":1,"2020-OCTUBRE":0},"Indeterminado":{"2012-AGOSTO":0,"2020-OCTUBRE":0},"Mujer":{"2012-AGOSTO":0,"2020-OCTUBRE":1}},"por_edad":{"Hombres":{"35":0,"36":1},"Indeterminado":{"35":0,"36":0},"Mujeres":{"35":1,"36":0}},"por_nacionalidad":{"Hombres":{"MEXICANA":1},"Indeterminado":{"MEXICANA":0},"Mujeres":{"MEXICANA":1}}}