{"totales":{"PorcentajeDesaparecidos":"57.14","PorcentajeLocalizados":"42.86","PorcentajeLocalizadosCV":"100.00","PorcentajeLocalizadosSV":"0.00","PorcentajeSoloDesaparecidos":"100.00","PorcentajeSoloNoLocalizados":"0.00","TotalDesaparecidos":"04","TotalGlobal":"07","TotalLocalizados":"03","TotalLocalizadosCV":"03","TotalLocalizadosSV":"00","TotalSoloDesaparecidos":"04","TotalSoloNoLocalizados":"00"},"espacial":{"Hombres":{"SIN COLONIA DE REFERENCIA":7},"Indeterminado":{"SIN COLONIA DE REFERENCIA":0},"Mujeres":{"SIN COLONIA DE REFERENCIA":0}},"anual":{"Hombre":{"1.CIFRA SIN  AÑO DE REFERENCIA":1,"2011":3,"2020":3},"Indeterminado":{"1.CIFRA SIN  AÑO DE REFERENCIA":0,"2011":0,"2020":0},"Mujer":{"1.CIFRA SIN  AÑO DE REFERENCIA":0,"2011":0,"2020":0}},"mensual_ultimo_anio":{"Hombre":{"0-CIFRA SIN AÑO NI MES DE REFERENCIA":1,"2011-DICIEMBRE":1,"2011-SEPTIEMBRE":2,"2020-AGOSTO":1,"2020-DICIEMBRE":1,"2020-JULIO":1},"Indeterminado":{"0-CIFRA SIN AÑO NI MES DE REFERENCIA":0,"2011-DICIEMBRE":0,"2011-SEPTIEMBRE":0,"2020-AGOSTO":0,"2020-DICIEMBRE":0,"2020-JULIO":0},"Mujer":{"0-CIFRA SIN AÑO NI MES DE REFERENCIA":0,"2011-DICIEMBRE":0,"2011-SEPTIEMBRE":0,"2020-AGOSTO":0,"2020-DICIEMBRE":0,"2020-JULIO":0}},"por_edad":{"Hombres":{"18":1,"19":2,"23":1,"27":1,"36":1,"51":1},"Indeterminado":{"18":0,"19":0,"23":0,"27":0,"36":0,"51":0},"Mujeres":{"18":0,"19":0,"23":0,"27":0,"36":0,"51":0}},"por_nacionalidad":{"Hombres":{"MEXICANA":7},"Indeterminado":{"MEXICANA":0},"Mujeres":{"MEXICANA":0}}}