{"totales":{"PorcentajeDesaparecidos":"80.00","PorcentajeLocalizados":"20.00","PorcentajeLocalizadosCV":"100.00","PorcentajeLocalizadosSV":"0.00","PorcentajeSoloDesaparecidos":"25.00","PorcentajeSoloNoLocalizados":"75.00","TotalDesaparecidos":"04","TotalGlobal":"05","TotalLocalizados":"01","TotalLocalizadosCV":"01","TotalLocalizadosSV":"00","TotalSoloDesaparecidos":"01","TotalSoloNoLocalizados":"03"},"espacial":{"Hombres":{"SAN FRANCISCO DEL MEZQUITAL":1,"SIN COLONIA DE REFERENCIA":4},"Indeterminado":{"SAN FRANCISCO DEL MEZQUITAL":0,"SIN COLONIA DE REFERENCIA":0},"Mujeres":{"SAN FRANCISCO DEL MEZQUITAL":0,"SIN COLONIA DE REFERENCIA":0}},"anual":{"Hombre":{"2006":1,"2009":1,"2010":1,"2020":2},"Indeterminado":{"2006":0,"2009":0,"2010":0,"2020":0},"Mujer":{"2006":0,"2009":0,"2010":0,"2020":0}},"mensual_ultimo_anio":{"Hombre":{"2006-JULIO":1,"2009-AGOSTO":1,"2010-OCTUBRE":1,"2020-JUNIO":1,"2020-SEPTIEMBRE":1},"Indeterminado":{"2006-JULIO":0,"2009-AGOSTO":0,"2010-OCTUBRE":0,"2020-JUNIO":0,"2020-SEPTIEMBRE":0},"Mujer":{"2006-JULIO":0,"2009-AGOSTO":0,"2010-OCTUBRE":0,"2020-JUNIO":0,"2020-SEPTIEMBRE":0}},"por_edad":{"Hombres":{"16":1,"28":1,"32":1,"48":1,"SIN EDAD DE REFERENCIA":1},"Indeterminado":{"16":0,"28":0,"32":0,"48":0,"SIN EDAD DE REFERENCIA":0},"Mujeres":{"16":0,"28":0,"32":0,"48":0,"SIN EDAD DE REFERENCIA":0}},"por_nacionalidad":{"Hombres":{"MEXICANA":5},"Indeterminado":{"MEXICANA":0},"Mujeres":{"MEXICANA":0}}}