{"totales":{"PorcentajeDesaparecidos":"0.00","PorcentajeLocalizados":"100.00","PorcentajeLocalizadosCV":"100.00","PorcentajeLocalizadosSV":"0.00","PorcentajeSoloDesaparecidos":"0.00","PorcentajeSoloNoLocalizados":"0.00","TotalDesaparecidos":"00","TotalGlobal":"02","TotalLocalizados":"02","TotalLocalizadosCV":"02","TotalLocalizadosSV":"00","TotalSoloDesaparecidos":"00","TotalSoloNoLocalizados":"00"},"espacial":{"Hombres":{"SIN COLONIA DE REFERENCIA":2},"Indeterminado":{"SIN COLONIA DE REFERENCIA":0},"Mujeres":{"SIN COLONIA DE REFERENCIA":0}},"anual":{"Hombre":{"2016":1,"2018":1},"Indeterminado":{"2016":0,"2018":0},"Mujer":{"2016":0,"2018":0}},"mensual_ultimo_anio":{"Hombre":{"2016-SEPTIEMBRE":1,"2018-AGOSTO":1},"Indeterminado":{"2016-SEPTIEMBRE":0,"2018-AGOSTO":0},"Mujer":{"2016-SEPTIEMBRE":0,"2018-AGOSTO":0}},"por_edad":{"Hombres":{"18":1,"SIN EDAD DE REFERENCIA":1},"Indeterminado":{"18":0,"SIN EDAD DE REFERENCIA":0},"Mujeres":{"18":0,"SIN EDAD DE REFERENCIA":0}},"por_nacionalidad":{"Hombres":{"MEXICANA":2},"Indeterminado":{"MEXICANA":0},"Mujeres":{"MEXICANA":0}}}