{"totales":{"PorcentajeDesaparecidos":"33.33","PorcentajeLocalizados":"66.67","PorcentajeLocalizadosCV":"100.00","PorcentajeLocalizadosSV":"0.00","PorcentajeSoloDesaparecidos":"0.00","PorcentajeSoloNoLocalizados":"100.00","TotalDesaparecidos":"01","TotalGlobal":"03","TotalLocalizados":"02","TotalLocalizadosCV":"02","TotalLocalizadosSV":"00","TotalSoloDesaparecidos":"00","TotalSoloNoLocalizados":"01"},"espacial":{"Hombres":{"SIN COLONIA DE REFERENCIA":3},"Indeterminado":{"SIN COLONIA DE REFERENCIA":0},"Mujeres":{"SIN COLONIA DE REFERENCIA":0}},"anual":{"Hombre":{"2012":1,"2013":1,"2014":1},"Indeterminado":{"2012":0,"2013":0,"2014":0},"Mujer":{"2012":0,"2013":0,"2014":0}},"mensual_ultimo_anio":{"Hombre":{"2012-AGOSTO":1,"2013-FEBRERO":1,"2014-NOVIEMBRE":1},"Indeterminado":{"2012-AGOSTO":0,"2013-FEBRERO":0,"2014-NOVIEMBRE":0},"Mujer":{"2012-AGOSTO":0,"2013-FEBRERO":0,"2014-NOVIEMBRE":0}},"por_edad":{"Hombres":{"23":1,"36":1,"47":1},"Indeterminado":{"23":0,"36":0,"47":0},"Mujeres":{"23":0,"36":0,"47":0}},"por_nacionalidad":{"Hombres":{"MEXICANA":2,"SIN NACIONALIDAD DE REFERENCIA":1},"Indeterminado":{"MEXICANA":0,"SIN NACIONALIDAD DE REFERENCIA":0},"Mujeres":{"MEXICANA":0,"SIN NACIONALIDAD DE REFERENCIA":0}}}