{"totales":{"PorcentajeDesaparecidos":"70.83","PorcentajeLocalizados":"29.17","PorcentajeLocalizadosCV":"42.86","PorcentajeLocalizadosSV":"57.14","PorcentajeSoloDesaparecidos":"94.12","PorcentajeSoloNoLocalizados":"5.88","TotalDesaparecidos":"17","TotalGlobal":"24","TotalLocalizados":"07","TotalLocalizadosCV":"03","TotalLocalizadosSV":"04","TotalSoloDesaparecidos":"16","TotalSoloNoLocalizados":"01"},"espacial":{"Hombres":{"EL SALTO CENTRO":1,"SIN COLONIA DE REFERENCIA":16},"Indeterminado":{"EL SALTO CENTRO":0,"SIN COLONIA DE REFERENCIA":0},"Mujeres":{"EL SALTO CENTRO":0,"SIN COLONIA DE REFERENCIA":7}},"anual":{"Hombre":{"2007":2,"2009":2,"2010":3,"2012":2,"2014":0,"2019":2,"2020":6},"Indeterminado":{"2007":0,"2009":0,"2010":0,"2012":0,"2014":0,"2019":0,"2020":0},"Mujer":{"2007":0,"2009":1,"2010":0,"2012":1,"2014":1,"2019":1,"2020":3}},"mensual_ultimo_anio":{"Hombre":{"2010-DICIEMBRE":2,"2012-FEBRERO":2,"2012-JUNIO":0,"2014-NOVIEMBRE":0,"2019-AGOSTO":0,"2019-DICIEMBRE":1,"2019-NOVIEMBRE":1,"2020-ABRIL":0,"2020-AGOSTO":1,"2020-DICIEMBRE":1,"2020-ENERO":0,"2020-JUNIO":4},"Indeterminado":{"2010-DICIEMBRE":0,"2012-FEBRERO":0,"2012-JUNIO":0,"2014-NOVIEMBRE":0,"2019-AGOSTO":0,"2019-DICIEMBRE":0,"2019-NOVIEMBRE":0,"2020-ABRIL":0,"2020-AGOSTO":0,"2020-DICIEMBRE":0,"2020-ENERO":0,"2020-JUNIO":0},"Mujer":{"2010-DICIEMBRE":0,"2012-FEBRERO":0,"2012-JUNIO":1,"2014-NOVIEMBRE":1,"2019-AGOSTO":1,"2019-DICIEMBRE":0,"2019-NOVIEMBRE":0,"2020-ABRIL":1,"2020-AGOSTO":0,"2020-DICIEMBRE":0,"2020-ENERO":1,"2020-JUNIO":1}},"por_edad":{"Hombres":{"13":0,"14":0,"16":0,"17":0,"19":0,"20":2,"22":1,"24":2,"25":1,"27":1,"31":2,"33":1,"38":1,"41":1,"43":1,"45":2,"46":1,"56":1},"Indeterminado":{"13":0,"14":0,"16":0,"17":0,"19":0,"20":0,"22":0,"24":0,"25":0,"27":0,"31":0,"33":0,"38":0,"41":0,"43":0,"45":0,"46":0,"56":0},"Mujeres":{"13":2,"14":2,"16":1,"17":1,"19":1,"20":0,"22":0,"24":0,"25":0,"27":0,"31":0,"33":0,"38":0,"41":0,"43":0,"45":0,"46":0,"56":0}},"por_nacionalidad":{"Hombres":{"MEXICANA":17},"Indeterminado":{"MEXICANA":0},"Mujeres":{"MEXICANA":7}}}