{"totales":{"PorcentajeDesaparecidos":"33.33","PorcentajeLocalizados":"66.67","PorcentajeLocalizadosCV":"0.00","PorcentajeLocalizadosSV":"100.00","PorcentajeSoloDesaparecidos":"0.00","PorcentajeSoloNoLocalizados":"100.00","TotalDesaparecidos":"01","TotalGlobal":"03","TotalLocalizados":"02","TotalLocalizadosCV":"00","TotalLocalizadosSV":"02","TotalSoloDesaparecidos":"00","TotalSoloNoLocalizados":"01"},"espacial":{"Hombres":{"SAN SALVADOR DE HORTA":0,"SIN COLONIA DE REFERENCIA":2},"Indeterminado":{"SAN SALVADOR DE HORTA":0,"SIN COLONIA DE REFERENCIA":0},"Mujeres":{"SAN SALVADOR DE HORTA":1,"SIN COLONIA DE REFERENCIA":0}},"anual":{"Hombre":{"2010":1,"2020":1},"Indeterminado":{"2010":0,"2020":0},"Mujer":{"2010":0,"2020":1}},"mensual_ultimo_anio":{"Hombre":{"2010-MAYO":1,"2020-AGOSTO":1,"2020-JULIO":0},"Indeterminado":{"2010-MAYO":0,"2020-AGOSTO":0,"2020-JULIO":0},"Mujer":{"2010-MAYO":0,"2020-AGOSTO":0,"2020-JULIO":1}},"por_edad":{"Hombres":{"25":0,"26":1,"42":1},"Indeterminado":{"25":0,"26":0,"42":0},"Mujeres":{"25":1,"26":0,"42":0}},"por_nacionalidad":{"Hombres":{"MEXICANA":2},"Indeterminado":{"MEXICANA":0},"Mujeres":{"MEXICANA":1}}}