{"totales":{"PorcentajeDesaparecidos":"72.73","PorcentajeLocalizados":"27.27","PorcentajeLocalizadosCV":"66.67","PorcentajeLocalizadosSV":"33.33","PorcentajeSoloDesaparecidos":"100.00","PorcentajeSoloNoLocalizados":"0.00","TotalDesaparecidos":"08","TotalGlobal":"11","TotalLocalizados":"03","TotalLocalizadosCV":"02","TotalLocalizadosSV":"01","TotalSoloDesaparecidos":"08","TotalSoloNoLocalizados":"00"},"espacial":{"Hombres":{"SIN COLONIA DE REFERENCIA":8},"Indeterminado":{"SIN COLONIA DE REFERENCIA":0},"Mujeres":{"SIN COLONIA DE REFERENCIA":3}},"anual":{"Hombre":{"2008":1,"2010":2,"2012":2,"2013":1,"2016":1,"2020":1},"Indeterminado":{"2008":0,"2010":0,"2012":0,"2013":0,"2016":0,"2020":0},"Mujer":{"2008":0,"2010":0,"2012":0,"2013":0,"2016":0,"2020":3}},"mensual_ultimo_anio":{"Hombre":{"2008-DICIEMBRE":1,"2010-MARZO":1,"2010-MAYO":1,"2012-MAYO":2,"2013-SEPTIEMBRE":1,"2016-AGOSTO":1,"2020-ABRIL":1,"2020-ENERO":0,"2020-JULIO":0},"Indeterminado":{"2008-DICIEMBRE":0,"2010-MARZO":0,"2010-MAYO":0,"2012-MAYO":0,"2013-SEPTIEMBRE":0,"2016-AGOSTO":0,"2020-ABRIL":0,"2020-ENERO":0,"2020-JULIO":0},"Mujer":{"2008-DICIEMBRE":0,"2010-MARZO":0,"2010-MAYO":0,"2012-MAYO":0,"2013-SEPTIEMBRE":0,"2016-AGOSTO":0,"2020-ABRIL":0,"2020-ENERO":1,"2020-JULIO":2}},"por_edad":{"Hombres":{"11":0,"13":0,"24":1,"29":1,"31":1,"34":1,"40":1,"45":1,"49":1,"60":1},"Indeterminado":{"11":0,"13":0,"24":0,"29":0,"31":0,"34":0,"40":0,"45":0,"49":0,"60":0},"Mujeres":{"11":1,"13":1,"24":0,"29":0,"31":1,"34":0,"40":0,"45":0,"49":0,"60":0}},"por_nacionalidad":{"Hombres":{"MEXICANA":7,"SE DESCONOCE":1},"Indeterminado":{"MEXICANA":0,"SE DESCONOCE":0},"Mujeres":{"MEXICANA":3,"SE DESCONOCE":0}}}