{"totales":{"PorcentajeDesaparecidos":"0.00","PorcentajeLocalizados":"100.00","PorcentajeLocalizadosCV":"66.67","PorcentajeLocalizadosSV":"33.33","PorcentajeSoloDesaparecidos":"0.00","PorcentajeSoloNoLocalizados":"0.00","TotalDesaparecidos":"00","TotalGlobal":"03","TotalLocalizados":"03","TotalLocalizadosCV":"02","TotalLocalizadosSV":"01","TotalSoloDesaparecidos":"00","TotalSoloNoLocalizados":"00"},"espacial":{"Hombres":{"SIN COLONIA DE REFERENCIA":1},"Indeterminado":{"SIN COLONIA DE REFERENCIA":0},"Mujeres":{"SIN COLONIA DE REFERENCIA":2}},"anual":{"Hombre":{"2020":1},"Indeterminado":{"2020":0},"Mujer":{"2020":2}},"mensual_ultimo_anio":{"Hombre":{"2020-ABRIL":1,"2020-MAYO":0},"Indeterminado":{"2020-ABRIL":0,"2020-MAYO":0},"Mujer":{"2020-ABRIL":0,"2020-MAYO":2}},"por_edad":{"Hombres":{"13":0,"31":1},"Indeterminado":{"13":0,"31":0},"Mujeres":{"13":2,"31":0}},"por_nacionalidad":{"Hombres":{"MEXICANA":1},"Indeterminado":{"MEXICANA":0},"Mujeres":{"MEXICANA":2}}}