{"totales":{"PorcentajeDesaparecidos":"85.71","PorcentajeLocalizados":"14.29","PorcentajeLocalizadosCV":"100.00","PorcentajeLocalizadosSV":"0.00","PorcentajeSoloDesaparecidos":"66.67","PorcentajeSoloNoLocalizados":"33.33","TotalDesaparecidos":"06","TotalGlobal":"07","TotalLocalizados":"01","TotalLocalizadosCV":"01","TotalLocalizadosSV":"00","TotalSoloDesaparecidos":"04","TotalSoloNoLocalizados":"02"},"espacial":{"Hombres":{"SIN COLONIA DE REFERENCIA":6},"Indeterminado":{"SIN COLONIA DE REFERENCIA":0},"Mujeres":{"SIN COLONIA DE REFERENCIA":1}},"anual":{"Hombre":{"2013":2,"2017":2,"2020":1,"2021":1},"Indeterminado":{"2013":0,"2017":0,"2020":0,"2021":0},"Mujer":{"2013":0,"2017":1,"2020":0,"2021":0}},"mensual_ultimo_anio":{"Hombre":{"2013-MAYO":2,"2017-ABRIL":2,"2017-JUNIO":0,"2020-OCTUBRE":1,"2021-JULIO":1},"Indeterminado":{"2013-MAYO":0,"2017-ABRIL":0,"2017-JUNIO":0,"2020-OCTUBRE":0,"2021-JULIO":0},"Mujer":{"2013-MAYO":0,"2017-ABRIL":0,"2017-JUNIO":1,"2020-OCTUBRE":0,"2021-JULIO":0}},"por_edad":{"Hombres":{"18":1,"29":1,"31":2,"42":0,"43":1,"50":1},"Indeterminado":{"18":0,"29":0,"31":0,"42":0,"43":0,"50":0},"Mujeres":{"18":0,"29":0,"31":0,"42":1,"43":0,"50":0}},"por_nacionalidad":{"Hombres":{"MEXICANA":6},"Indeterminado":{"MEXICANA":0},"Mujeres":{"MEXICANA":1}}}