{"totales":{"PorcentajeDesaparecidos":"100.00","PorcentajeLocalizados":"0.00","PorcentajeLocalizadosCV":"0.00","PorcentajeLocalizadosSV":"0.00","PorcentajeSoloDesaparecidos":"75.00","PorcentajeSoloNoLocalizados":"25.00","TotalDesaparecidos":"04","TotalGlobal":"04","TotalLocalizados":"00","TotalLocalizadosCV":"00","TotalLocalizadosSV":"00","TotalSoloDesaparecidos":"03","TotalSoloNoLocalizados":"01"},"espacial":{"Hombres":{"SAN ANTONIO":0,"SIN COLONIA DE REFERENCIA":1},"Indeterminado":{"SAN ANTONIO":0,"SIN COLONIA DE REFERENCIA":0},"Mujeres":{"SAN ANTONIO":1,"SIN COLONIA DE REFERENCIA":2}},"anual":{"Hombre":{"2010":1,"2011":0,"2020":0},"Indeterminado":{"2010":0,"2011":0,"2020":0},"Mujer":{"2010":0,"2011":2,"2020":1}},"mensual_ultimo_anio":{"Hombre":{"2010-ABRIL":1,"2011-FEBRERO":0,"2020-JUNIO":0},"Indeterminado":{"2010-ABRIL":0,"2011-FEBRERO":0,"2020-JUNIO":0},"Mujer":{"2010-ABRIL":0,"2011-FEBRERO":2,"2020-JUNIO":1}},"por_edad":{"Hombres":{"15":0,"34":0,"37":0,"45":1},"Indeterminado":{"15":0,"34":0,"37":0,"45":0},"Mujeres":{"15":1,"34":1,"37":1,"45":0}},"por_nacionalidad":{"Hombres":{"MEXICANA":1},"Indeterminado":{"MEXICANA":0},"Mujeres":{"MEXICANA":3}}}