{"totales":{"PorcentajeDesaparecidos":"0.00","PorcentajeLocalizados":"100.00","PorcentajeLocalizadosCV":"100.00","PorcentajeLocalizadosSV":"0.00","PorcentajeSoloDesaparecidos":"0.00","PorcentajeSoloNoLocalizados":"0.00","TotalDesaparecidos":"00","TotalGlobal":"01","TotalLocalizados":"01","TotalLocalizadosCV":"01","TotalLocalizadosSV":"00","TotalSoloDesaparecidos":"00","TotalSoloNoLocalizados":"00"},"espacial":{"Hombres":{"SIN COLONIA DE REFERENCIA":1},"Indeterminado":{"SIN COLONIA DE REFERENCIA":0},"Mujeres":{"SIN COLONIA DE REFERENCIA":0}},"anual":{"Hombre":{"2010":1},"Indeterminado":{"2010":0},"Mujer":{"2010":0}},"mensual_ultimo_anio":{"Hombre":{"2010-NOVIEMBRE":1},"Indeterminado":{"2010-NOVIEMBRE":0},"Mujer":{"2010-NOVIEMBRE":0}},"por_edad":{"Hombres":{"0":1},"Indeterminado":{"0":0},"Mujeres":{"0":0}},"por_nacionalidad":{"Hombres":{"SIN NACIONALIDAD DE REFERENCIA":1},"Indeterminado":{"SIN NACIONALIDAD DE REFERENCIA":0},"Mujeres":{"SIN NACIONALIDAD DE REFERENCIA":0}}}