{"totales":{"PorcentajeDesaparecidos":"46.67","PorcentajeLocalizados":"53.33","PorcentajeLocalizadosCV":"75.00","PorcentajeLocalizadosSV":"25.00","PorcentajeSoloDesaparecidos":"85.71","PorcentajeSoloNoLocalizados":"14.29","TotalDesaparecidos":"07","TotalGlobal":"15","TotalLocalizados":"08","TotalLocalizadosCV":"06","TotalLocalizadosSV":"02","TotalSoloDesaparecidos":"06","TotalSoloNoLocalizados":"01"},"espacial":{"Hombres":{"EL PUEBLO":1,"SIN COLONIA DE REFERENCIA":9},"Indeterminado":{"EL PUEBLO":0,"SIN COLONIA DE REFERENCIA":0},"Mujeres":{"EL PUEBLO":0,"SIN COLONIA DE REFERENCIA":5}},"anual":{"Hombre":{"2006":1,"2010":4,"2012":1,"2019":2,"2020":2},"Indeterminado":{"2006":0,"2010":0,"2012":0,"2019":0,"2020":0},"Mujer":{"2006":0,"2010":0,"2012":0,"2019":0,"2020":5}},"mensual_ultimo_anio":{"Hombre":{"2006-DICIEMBRE":1,"2010-AGOSTO":1,"2010-ENERO":1,"2010-JULIO":2,"2012-ABRIL":1,"2019-DICIEMBRE":1,"2019-MAYO":1,"2020-ENERO":1,"2020-JULIO":0,"2020-JUNIO":0,"2020-MARZO":1,"2020-MAYO":0},"Indeterminado":{"2006-DICIEMBRE":0,"2010-AGOSTO":0,"2010-ENERO":0,"2010-JULIO":0,"2012-ABRIL":0,"2019-DICIEMBRE":0,"2019-MAYO":0,"2020-ENERO":0,"2020-JULIO":0,"2020-JUNIO":0,"2020-MARZO":0,"2020-MAYO":0},"Mujer":{"2006-DICIEMBRE":0,"2010-AGOSTO":0,"2010-ENERO":0,"2010-JULIO":0,"2012-ABRIL":0,"2019-DICIEMBRE":0,"2019-MAYO":0,"2020-ENERO":1,"2020-JULIO":1,"2020-JUNIO":2,"2020-MARZO":0,"2020-MAYO":1}},"por_edad":{"Hombres":{"13":1,"14":0,"16":0,"17":0,"21":1,"30":1,"33":1,"35":1,"39":1,"41":1,"42":1,"53":1,"92":1},"Indeterminado":{"13":0,"14":0,"16":0,"17":0,"21":0,"30":0,"33":0,"35":0,"39":0,"41":0,"42":0,"53":0,"92":0},"Mujeres":{"13":1,"14":2,"16":1,"17":1,"21":0,"30":0,"33":0,"35":0,"39":0,"41":0,"42":0,"53":0,"92":0}},"por_nacionalidad":{"Hombres":{"MEXICANA":10},"Indeterminado":{"MEXICANA":0},"Mujeres":{"MEXICANA":5}}}