{"totales":{"PorcentajeDesaparecidos":"0.00","PorcentajeLocalizados":"100.00","PorcentajeLocalizadosCV":"80.00","PorcentajeLocalizadosSV":"20.00","PorcentajeSoloDesaparecidos":"0.00","PorcentajeSoloNoLocalizados":"0.00","TotalDesaparecidos":"00","TotalGlobal":"05","TotalLocalizados":"05","TotalLocalizadosCV":"04","TotalLocalizadosSV":"01","TotalSoloDesaparecidos":"00","TotalSoloNoLocalizados":"00"},"espacial":{"Hombres":{"SIN COLONIA DE REFERENCIA":2},"Indeterminado":{"SIN COLONIA DE REFERENCIA":0},"Mujeres":{"SIN COLONIA DE REFERENCIA":3}},"anual":{"Hombre":{"2010":1,"2020":1},"Indeterminado":{"2010":0,"2020":0},"Mujer":{"2010":0,"2020":3}},"mensual_ultimo_anio":{"Hombre":{"2010-AGOSTO":1,"2020-MARZO":1},"Indeterminado":{"2010-AGOSTO":0,"2020-MARZO":0},"Mujer":{"2010-AGOSTO":0,"2020-MARZO":3}},"por_edad":{"Hombres":{"18":0,"2":0,"26":0,"4":1,"41":1},"Indeterminado":{"18":0,"2":0,"26":0,"4":0,"41":0},"Mujeres":{"18":1,"2":1,"26":1,"4":0,"41":0}},"por_nacionalidad":{"Hombres":{"MEXICANA":2},"Indeterminado":{"MEXICANA":0},"Mujeres":{"MEXICANA":3}}}