{"totales":{"PorcentajeDesaparecidos":"33.33","PorcentajeLocalizados":"66.67","PorcentajeLocalizadosCV":"0.00","PorcentajeLocalizadosSV":"100.00","PorcentajeSoloDesaparecidos":"100.00","PorcentajeSoloNoLocalizados":"0.00","TotalDesaparecidos":"01","TotalGlobal":"03","TotalLocalizados":"02","TotalLocalizadosCV":"00","TotalLocalizadosSV":"02","TotalSoloDesaparecidos":"01","TotalSoloNoLocalizados":"00"},"espacial":{"Hombres":{"SIN COLONIA DE REFERENCIA":3},"Indeterminado":{"SIN COLONIA DE REFERENCIA":0},"Mujeres":{"SIN COLONIA DE REFERENCIA":0}},"anual":{"Hombre":{"2010":1,"2012":2},"Indeterminado":{"2010":0,"2012":0},"Mujer":{"2010":0,"2012":0}},"mensual_ultimo_anio":{"Hombre":{"2010-NOVIEMBRE":1,"2012-MARZO":2},"Indeterminado":{"2010-NOVIEMBRE":0,"2012-MARZO":0},"Mujer":{"2010-NOVIEMBRE":0,"2012-MARZO":0}},"por_edad":{"Hombres":{"33":1,"35":1,"46":1},"Indeterminado":{"33":0,"35":0,"46":0},"Mujeres":{"33":0,"35":0,"46":0}},"por_nacionalidad":{"Hombres":{"MEXICANA":3},"Indeterminado":{"MEXICANA":0},"Mujeres":{"MEXICANA":0}}}