{"totales":{"PorcentajeDesaparecidos":"80.00","PorcentajeLocalizados":"20.00","PorcentajeLocalizadosCV":"100.00","PorcentajeLocalizadosSV":"0.00","PorcentajeSoloDesaparecidos":"100.00","PorcentajeSoloNoLocalizados":"0.00","TotalDesaparecidos":"04","TotalGlobal":"05","TotalLocalizados":"01","TotalLocalizadosCV":"01","TotalLocalizadosSV":"00","TotalSoloDesaparecidos":"04","TotalSoloNoLocalizados":"00"},"espacial":{"Hombres":{"SIN COLONIA DE REFERENCIA":3},"Indeterminado":{"SIN COLONIA DE REFERENCIA":0},"Mujeres":{"SIN COLONIA DE REFERENCIA":2}},"anual":{"Hombre":{"1.CIFRA SIN  AÑO DE REFERENCIA":1,"2009":1,"2011":1,"2020":0},"Indeterminado":{"1.CIFRA SIN  AÑO DE REFERENCIA":0,"2009":0,"2011":0,"2020":0},"Mujer":{"1.CIFRA SIN  AÑO DE REFERENCIA":0,"2009":0,"2011":0,"2020":2}},"mensual_ultimo_anio":{"Hombre":{"0-CIFRA SIN AÑO NI MES DE REFERENCIA":1,"2009-JUNIO":1,"2011-MAYO":1,"2020-ENERO":0,"2020-JULIO":0},"Indeterminado":{"0-CIFRA SIN AÑO NI MES DE REFERENCIA":0,"2009-JUNIO":0,"2011-MAYO":0,"2020-ENERO":0,"2020-JULIO":0},"Mujer":{"0-CIFRA SIN AÑO NI MES DE REFERENCIA":0,"2009-JUNIO":0,"2011-MAYO":0,"2020-ENERO":1,"2020-JULIO":1}},"por_edad":{"Hombres":{"17":0,"34":1,"37":0,"42":1,"43":1},"Indeterminado":{"17":0,"34":0,"37":0,"42":0,"43":0},"Mujeres":{"17":1,"34":0,"37":1,"42":0,"43":0}},"por_nacionalidad":{"Hombres":{"MEXICANA":3},"Indeterminado":{"MEXICANA":0},"Mujeres":{"MEXICANA":2}}}