{"totales":{"PorcentajeDesaparecidos":"100.00","PorcentajeLocalizados":"0.00","PorcentajeLocalizadosCV":"0.00","PorcentajeLocalizadosSV":"0.00","PorcentajeSoloDesaparecidos":"85.71","PorcentajeSoloNoLocalizados":"14.29","TotalDesaparecidos":"07","TotalGlobal":"07","TotalLocalizados":"00","TotalLocalizadosCV":"00","TotalLocalizadosSV":"00","TotalSoloDesaparecidos":"06","TotalSoloNoLocalizados":"01"},"espacial":{"Hombres":{"SIN COLONIA DE REFERENCIA":7},"Indeterminado":{"SIN COLONIA DE REFERENCIA":0},"Mujeres":{"SIN COLONIA DE REFERENCIA":0}},"anual":{"Hombre":{"2010":1,"2012":1,"2016":1,"2017":1,"2018":1,"2019":1,"2021":1},"Indeterminado":{"2010":0,"2012":0,"2016":0,"2017":0,"2018":0,"2019":0,"2021":0},"Mujer":{"2010":0,"2012":0,"2016":0,"2017":0,"2018":0,"2019":0,"2021":0}},"mensual_ultimo_anio":{"Hombre":{"2010-SEPTIEMBRE":1,"2012-SEPTIEMBRE":1,"2016-AGOSTO":1,"2017-MAYO":1,"2018-NOVIEMBRE":1,"2019-JULIO":1,"2021-JUNIO":1},"Indeterminado":{"2010-SEPTIEMBRE":0,"2012-SEPTIEMBRE":0,"2016-AGOSTO":0,"2017-MAYO":0,"2018-NOVIEMBRE":0,"2019-JULIO":0,"2021-JUNIO":0},"Mujer":{"2010-SEPTIEMBRE":0,"2012-SEPTIEMBRE":0,"2016-AGOSTO":0,"2017-MAYO":0,"2018-NOVIEMBRE":0,"2019-JULIO":0,"2021-JUNIO":0}},"por_edad":{"Hombres":{"16":1,"22":1,"26":1,"33":1,"37":1,"41":1,"SIN EDAD DE REFERENCIA":1},"Indeterminado":{"16":0,"22":0,"26":0,"33":0,"37":0,"41":0,"SIN EDAD DE REFERENCIA":0},"Mujeres":{"16":0,"22":0,"26":0,"33":0,"37":0,"41":0,"SIN EDAD DE REFERENCIA":0}},"por_nacionalidad":{"Hombres":{"MEXICANA":6,"SE DESCONOCE":1},"Indeterminado":{"MEXICANA":0,"SE DESCONOCE":0},"Mujeres":{"MEXICANA":0,"SE DESCONOCE":0}}}