{"totales":{"PorcentajeDesaparecidos":"0.00","PorcentajeLocalizados":"100.00","PorcentajeLocalizadosCV":"100.00","PorcentajeLocalizadosSV":"0.00","PorcentajeSoloDesaparecidos":"0.00","PorcentajeSoloNoLocalizados":"0.00","TotalDesaparecidos":"00","TotalGlobal":"02","TotalLocalizados":"02","TotalLocalizadosCV":"02","TotalLocalizadosSV":"00","TotalSoloDesaparecidos":"00","TotalSoloNoLocalizados":"00"},"espacial":{"Hombres":{"SIN COLONIA DE REFERENCIA":2},"Indeterminado":{"SIN COLONIA DE REFERENCIA":0},"Mujeres":{"SIN COLONIA DE REFERENCIA":0}},"anual":{"Hombre":{"1.CIFRA SIN  AÑO DE REFERENCIA":1,"2009":1},"Indeterminado":{"1.CIFRA SIN  AÑO DE REFERENCIA":0,"2009":0},"Mujer":{"1.CIFRA SIN  AÑO DE REFERENCIA":0,"2009":0}},"mensual_ultimo_anio":{"Hombre":{"0-CIFRA SIN AÑO NI MES DE REFERENCIA":1,"2009-ABRIL":1},"Indeterminado":{"0-CIFRA SIN AÑO NI MES DE REFERENCIA":0,"2009-ABRIL":0},"Mujer":{"0-CIFRA SIN AÑO NI MES DE REFERENCIA":0,"2009-ABRIL":0}},"por_edad":{"Hombres":{"25":1,"38":1},"Indeterminado":{"25":0,"38":0},"Mujeres":{"25":0,"38":0}},"por_nacionalidad":{"Hombres":{"MEXICANA":1,"SIN NACIONALIDAD DE REFERENCIA":1},"Indeterminado":{"MEXICANA":0,"SIN NACIONALIDAD DE REFERENCIA":0},"Mujeres":{"MEXICANA":0,"SIN NACIONALIDAD DE REFERENCIA":0}}}