{"totales":{"PorcentajeDesaparecidos":"21.62","PorcentajeLocalizados":"78.38","PorcentajeLocalizadosCV":"93.28","PorcentajeLocalizadosSV":"6.72","PorcentajeSoloDesaparecidos":"92.98","PorcentajeSoloNoLocalizados":"7.02","TotalDesaparecidos":"513","TotalGlobal":"2373","TotalLocalizados":"1860","TotalLocalizadosCV":"1735","TotalLocalizadosSV":"125","TotalSoloDesaparecidos":"477","TotalSoloNoLocalizados":"36"},"espacial":{"Hombres":{"16 DE SEPTIEMBRE":1,"18 DE MARZO":1,"20 DE NOVIEMBRE":1,"20 DE NOVIEMBRE II":0,"5 DE MAYO":1,"8 DE SEPTIEMBRE":0,"ADOLFO LÓPEZ MATEOS":0,"ALEJANDRA":1,"AMPLIACIÓN 20 DE NOVIEMBRE":1,"AMPLIACIÓN HÉCTOR MAYAGOITIA":1,"AMPLIACIÓN ROSAS DEL TEPEYAC":1,"ARMANDO DEL CASTILLO FRANCO":2,"ARTURO GAMIZ":1,"ASENTAMIENTOS HUMANOS":6,"ATENAS":0,"AZCAPOTZALCO":1,"AZTECA":1,"BENIGNO MONTOYA":0,"BENITO JUÁREZ":1,"BENJAMÍN MÉNDEZ":0,"CALIFORNIA":0,"CAMINOS DEL SOL":0,"CANELAS":0,"CARLOS LUNA":1,"CERRO DEL MERCADO":2,"CHULAS FRONTERAS":0,"CIUDAD INDUSTRIAL":2,"CIÉNEGA":1,"CNOP":0,"COLINAS DEL SALTITO":3,"CONSTITUCIÓN":1,"CONSTITUYENTES":1,"DIVISIÓN DEL NORTE":3,"DOLORES DEL RÍO":1,"DOLORES HIDALGO":0,"DOMINGO ARRIETA":1,"DURANGO NUEVO 1":0,"EL ARENAL":0,"EL CIPRÉS":2,"EL NAYAR":2,"EL PUEBLITO":0,"EL REFUGIO":1,"EL ROSARIO":0,"EL SALTITO":1,"EMILIANO ZAPATA":2,"FELIPE ÁNGELES":2,"FIDEL VELÁSQUEZ I":2,"FIDEL VELÁSQUEZ II":1,"FRANCISCO ZARCO":0,"FSTSE":1,"FÁTIMA":1,"GABINO SANTILLÁN":0,"GOBERNADORES":2,"GRANJA GRACIELA":0,"GUADALUPE":2,"GUADALUPE VICTORIA INFONAVIT":0,"GUILLERMINA":1,"GUSTAVO DÍAZ ORDAZ":0,"HIDALGO":1,"HIPÓDROMO":0,"HUIZACHE II":0,"HÉCTOR MAYAGOITIA DOMÍNGUEZ":3,"IGNACIO ZARAGOZA":2,"INDUSTRIAL LADRILLERA":1,"INSURGENTES":1,"ISABEL ALMANZA":2,"IV CENTENARIO":0,"J GUADALUPE RODRIGUEZ":2,"JALISCO":0,"JARDINES DE CANCÚN":3,"JARDINES DE DURANGO":2,"JARDINES DE SAN ANTONIO I":3,"JARDINES DEL REAL I":0,"JOSÉ LÓPEZ PORTILLO":0,"JOSÉ MARTÍ":0,"JOSÉ MARÍA MORELOS Y PAVÓN":1,"JOSÉ REVUELTAS":3,"JOSÉ ÁNGEL LEAL":2,"JOYAS DEL VALLE":1,"JUAN LIRA BRACHO":2,"JUSTICIA SOCIAL":1,"LA FERRERIA":1,"LA FORESTAL":0,"LA HACIENDA":0,"LA LOMA":1,"LA MODERNA":1,"LA VIRGEN":2,"LAGUNA COLORADA":1,"LAS ALAMEDAS":0,"LAS AMÉRICAS":1,"LAS FLORES":1,"LAS FUENTES":1,"LAS PALMAS":2,"LOMA DORADA":1,"LOMAS DEL PARQUE":0,"LOS ARBOLITOS II":1,"LOS ENCINOS":0,"LOS FRESNOS":1,"LOS NOGALES":1,"LOS SAUCES":0,"LOS ÁLAMOS":0,"LUCIO CABAÑAS":2,"LUIS DONALDO COLOSIO":0,"LUIS ECHEVERRÍA ALVAREZ":0,"LUZ Y ESPERANZA":4,"LÁZARO CÁRDENAS":1,"MADERERA":0,"MASSIE":1,"MIGUEL DE LA MADRID HURTADO":2,"MIGUEL GONZÁLEZ AVELAR":0,"MIRAMAR":0,"MORELOS SUR":1,"MORGA":1,"MÁXIMO GAMIZ FERNÁNDEZ":0,"MÉXICO":1,"NAVACOYAN":1,"NIÑOS HÉROES":1,"NUEVA VIZCAYA":0,"NUEVO DURANGO II":1,"NUEVO PEDREGAL":0,"PICACHOS":0,"POTREROS DEL REFUGIO":1,"PRI":1,"PRIMER PRESIDENTE":0,"PROMOTORES SOCIALES":1,"REAL DEL MEZQUITAL":1,"REAL VICTORIA I":1,"REAL VICTORIA II":0,"RESIDENCIAL SANTA TERESA":1,"RICARDO FLORES MAGÓN":1,"RINCONADA LAS FLORES":1,"ROSAS DEL TEPEYAC":2,"SAN CARLOS":4,"SAN ISIDRO":1,"SAN JOSÉ":2,"SAN JUAN":0,"SAN LUIS":2,"SAN MARCOS":3,"SAN MIGUEL":1,"SAN ÁNGEL":0,"SANTA AMELIA":0,"SANTA FE":0,"SANTA MARÍA":2,"SANTA TERESA":0,"SILVESTRE DORADOR":1,"SIN COLONIA DE REFERENCIA":1157,"SOLIDARIDAD":0,"TIERRA BLANCA":0,"TIERRA Y LIBERTAD":0,"UNIVERSAL":0,"UNIÓN DE RODRIGUEZ":1,"VALENTÍN GÓMEZ FARIAS":1,"VALLE DE CRISTO":1,"VALLE DEL GUADIANA":5,"VALLE DEL MEZQUITAL I":1,"VALLE DEL SUR":2,"VALLE VERDE SUR":1,"VERSALLES":0,"VICENTE GUERRERO":1,"VILLA DE GUADALUPE":2,"VILLAS DEL CARMEN":1,"VILLAS DEL GUADIANA I":2,"VILLAS DEL GUADIANA II":1,"VILLAS DEL GUADIANA III":0,"VILLAS DEL GUADIANA IV":2},"Indeterminado":{"16 DE SEPTIEMBRE":0,"18 DE MARZO":0,"20 DE NOVIEMBRE":0,"20 DE NOVIEMBRE II":0,"5 DE MAYO":0,"8 DE SEPTIEMBRE":0,"ADOLFO LÓPEZ MATEOS":0,"ALEJANDRA":0,"AMPLIACIÓN 20 DE NOVIEMBRE":0,"AMPLIACIÓN HÉCTOR MAYAGOITIA":0,"AMPLIACIÓN ROSAS DEL TEPEYAC":0,"ARMANDO DEL CASTILLO FRANCO":0,"ARTURO GAMIZ":0,"ASENTAMIENTOS HUMANOS":0,"ATENAS":0,"AZCAPOTZALCO":0,"AZTECA":0,"BENIGNO MONTOYA":0,"BENITO JUÁREZ":0,"BENJAMÍN MÉNDEZ":0,"CALIFORNIA":0,"CAMINOS DEL SOL":0,"CANELAS":0,"CARLOS LUNA":0,"CERRO DEL MERCADO":0,"CHULAS FRONTERAS":0,"CIUDAD INDUSTRIAL":0,"CIÉNEGA":0,"CNOP":0,"COLINAS DEL SALTITO":0,"CONSTITUCIÓN":0,"CONSTITUYENTES":0,"DIVISIÓN DEL NORTE":0,"DOLORES DEL RÍO":0,"DOLORES HIDALGO":0,"DOMINGO ARRIETA":0,"DURANGO NUEVO 1":0,"EL ARENAL":0,"EL CIPRÉS":0,"EL NAYAR":0,"EL PUEBLITO":0,"EL REFUGIO":0,"EL ROSARIO":0,"EL SALTITO":0,"EMILIANO ZAPATA":0,"FELIPE ÁNGELES":0,"FIDEL VELÁSQUEZ I":0,"FIDEL VELÁSQUEZ II":0,"FRANCISCO ZARCO":0,"FSTSE":0,"FÁTIMA":0,"GABINO SANTILLÁN":0,"GOBERNADORES":0,"GRANJA GRACIELA":0,"GUADALUPE":0,"GUADALUPE VICTORIA INFONAVIT":0,"GUILLERMINA":0,"GUSTAVO DÍAZ ORDAZ":0,"HIDALGO":0,"HIPÓDROMO":0,"HUIZACHE II":0,"HÉCTOR MAYAGOITIA DOMÍNGUEZ":0,"IGNACIO ZARAGOZA":0,"INDUSTRIAL LADRILLERA":0,"INSURGENTES":0,"ISABEL ALMANZA":0,"IV CENTENARIO":0,"J GUADALUPE RODRIGUEZ":0,"JALISCO":0,"JARDINES DE CANCÚN":0,"JARDINES DE DURANGO":0,"JARDINES DE SAN ANTONIO I":0,"JARDINES DEL REAL I":0,"JOSÉ LÓPEZ PORTILLO":0,"JOSÉ MARTÍ":0,"JOSÉ MARÍA MORELOS Y PAVÓN":0,"JOSÉ REVUELTAS":0,"JOSÉ ÁNGEL LEAL":0,"JOYAS DEL VALLE":0,"JUAN LIRA BRACHO":0,"JUSTICIA SOCIAL":0,"LA FERRERIA":0,"LA FORESTAL":0,"LA HACIENDA":0,"LA LOMA":0,"LA MODERNA":0,"LA VIRGEN":0,"LAGUNA COLORADA":0,"LAS ALAMEDAS":0,"LAS AMÉRICAS":0,"LAS FLORES":0,"LAS FUENTES":0,"LAS PALMAS":0,"LOMA DORADA":0,"LOMAS DEL PARQUE":0,"LOS ARBOLITOS II":0,"LOS ENCINOS":0,"LOS FRESNOS":0,"LOS NOGALES":0,"LOS SAUCES":0,"LOS ÁLAMOS":0,"LUCIO CABAÑAS":0,"LUIS DONALDO COLOSIO":0,"LUIS ECHEVERRÍA ALVAREZ":0,"LUZ Y ESPERANZA":0,"LÁZARO CÁRDENAS":0,"MADERERA":0,"MASSIE":0,"MIGUEL DE LA MADRID HURTADO":0,"MIGUEL GONZÁLEZ AVELAR":0,"MIRAMAR":0,"MORELOS SUR":0,"MORGA":0,"MÁXIMO GAMIZ FERNÁNDEZ":0,"MÉXICO":0,"NAVACOYAN":0,"NIÑOS HÉROES":0,"NUEVA VIZCAYA":0,"NUEVO DURANGO II":0,"NUEVO PEDREGAL":0,"PICACHOS":0,"POTREROS DEL REFUGIO":0,"PRI":0,"PRIMER PRESIDENTE":0,"PROMOTORES SOCIALES":0,"REAL DEL MEZQUITAL":0,"REAL VICTORIA I":0,"REAL VICTORIA II":0,"RESIDENCIAL SANTA TERESA":0,"RICARDO FLORES MAGÓN":0,"RINCONADA LAS FLORES":0,"ROSAS DEL TEPEYAC":0,"SAN CARLOS":0,"SAN ISIDRO":0,"SAN JOSÉ":0,"SAN JUAN":0,"SAN LUIS":0,"SAN MARCOS":0,"SAN MIGUEL":0,"SAN ÁNGEL":0,"SANTA AMELIA":0,"SANTA FE":0,"SANTA MARÍA":0,"SANTA TERESA":0,"SILVESTRE DORADOR":0,"SIN COLONIA DE REFERENCIA":1,"SOLIDARIDAD":0,"TIERRA BLANCA":0,"TIERRA Y LIBERTAD":0,"UNIVERSAL":0,"UNIÓN DE RODRIGUEZ":0,"VALENTÍN GÓMEZ FARIAS":0,"VALLE DE CRISTO":0,"VALLE DEL GUADIANA":0,"VALLE DEL MEZQUITAL I":0,"VALLE DEL SUR":0,"VALLE VERDE SUR":0,"VERSALLES":0,"VICENTE GUERRERO":0,"VILLA DE GUADALUPE":0,"VILLAS DEL CARMEN":0,"VILLAS DEL GUADIANA I":0,"VILLAS DEL GUADIANA II":0,"VILLAS DEL GUADIANA III":0,"VILLAS DEL GUADIANA IV":0},"Mujeres":{"16 DE SEPTIEMBRE":3,"18 DE MARZO":0,"20 DE NOVIEMBRE":0,"20 DE NOVIEMBRE II":1,"5 DE MAYO":0,"8 DE SEPTIEMBRE":1,"ADOLFO LÓPEZ MATEOS":1,"ALEJANDRA":0,"AMPLIACIÓN 20 DE NOVIEMBRE":1,"AMPLIACIÓN HÉCTOR MAYAGOITIA":0,"AMPLIACIÓN ROSAS DEL TEPEYAC":0,"ARMANDO DEL CASTILLO FRANCO":2,"ARTURO GAMIZ":5,"ASENTAMIENTOS HUMANOS":4,"ATENAS":1,"AZCAPOTZALCO":2,"AZTECA":1,"BENIGNO MONTOYA":1,"BENITO JUÁREZ":5,"BENJAMÍN MÉNDEZ":1,"CALIFORNIA":1,"CAMINOS DEL SOL":2,"CANELAS":1,"CARLOS LUNA":3,"CERRO DEL MERCADO":1,"CHULAS FRONTERAS":1,"CIUDAD INDUSTRIAL":1,"CIÉNEGA":0,"CNOP":2,"COLINAS DEL SALTITO":1,"CONSTITUCIÓN":3,"CONSTITUYENTES":0,"DIVISIÓN DEL NORTE":3,"DOLORES DEL RÍO":0,"DOLORES HIDALGO":1,"DOMINGO ARRIETA":4,"DURANGO NUEVO 1":1,"EL ARENAL":1,"EL CIPRÉS":2,"EL NAYAR":0,"EL PUEBLITO":1,"EL REFUGIO":2,"EL ROSARIO":1,"EL SALTITO":0,"EMILIANO ZAPATA":5,"FELIPE ÁNGELES":2,"FIDEL VELÁSQUEZ I":1,"FIDEL VELÁSQUEZ II":2,"FRANCISCO ZARCO":4,"FSTSE":0,"FÁTIMA":1,"GABINO SANTILLÁN":1,"GOBERNADORES":1,"GRANJA GRACIELA":1,"GUADALUPE":3,"GUADALUPE VICTORIA INFONAVIT":1,"GUILLERMINA":0,"GUSTAVO DÍAZ ORDAZ":1,"HIDALGO":0,"HIPÓDROMO":2,"HUIZACHE II":4,"HÉCTOR MAYAGOITIA DOMÍNGUEZ":3,"IGNACIO ZARAGOZA":1,"INDUSTRIAL LADRILLERA":0,"INSURGENTES":1,"ISABEL ALMANZA":3,"IV CENTENARIO":1,"J GUADALUPE RODRIGUEZ":1,"JALISCO":1,"JARDINES DE CANCÚN":5,"JARDINES DE DURANGO":1,"JARDINES DE SAN ANTONIO I":4,"JARDINES DEL REAL I":1,"JOSÉ LÓPEZ PORTILLO":1,"JOSÉ MARTÍ":2,"JOSÉ MARÍA MORELOS Y PAVÓN":0,"JOSÉ REVUELTAS":6,"JOSÉ ÁNGEL LEAL":4,"JOYAS DEL VALLE":0,"JUAN LIRA BRACHO":2,"JUSTICIA SOCIAL":0,"LA FERRERIA":0,"LA FORESTAL":1,"LA HACIENDA":2,"LA LOMA":0,"LA MODERNA":0,"LA VIRGEN":6,"LAGUNA COLORADA":0,"LAS ALAMEDAS":1,"LAS AMÉRICAS":0,"LAS FLORES":0,"LAS FUENTES":0,"LAS PALMAS":1,"LOMA DORADA":0,"LOMAS DEL PARQUE":2,"LOS ARBOLITOS II":0,"LOS ENCINOS":1,"LOS FRESNOS":0,"LOS NOGALES":0,"LOS SAUCES":1,"LOS ÁLAMOS":1,"LUCIO CABAÑAS":2,"LUIS DONALDO COLOSIO":1,"LUIS ECHEVERRÍA ALVAREZ":2,"LUZ Y ESPERANZA":2,"LÁZARO CÁRDENAS":1,"MADERERA":2,"MASSIE":1,"MIGUEL DE LA MADRID HURTADO":1,"MIGUEL GONZÁLEZ AVELAR":1,"MIRAMAR":1,"MORELOS SUR":1,"MORGA":0,"MÁXIMO GAMIZ FERNÁNDEZ":1,"MÉXICO":1,"NAVACOYAN":0,"NIÑOS HÉROES":1,"NUEVA VIZCAYA":1,"NUEVO DURANGO II":0,"NUEVO PEDREGAL":1,"PICACHOS":1,"POTREROS DEL REFUGIO":0,"PRI":0,"PRIMER PRESIDENTE":2,"PROMOTORES SOCIALES":1,"REAL DEL MEZQUITAL":0,"REAL VICTORIA I":0,"REAL VICTORIA II":1,"RESIDENCIAL SANTA TERESA":0,"RICARDO FLORES MAGÓN":0,"RINCONADA LAS FLORES":0,"ROSAS DEL TEPEYAC":2,"SAN CARLOS":2,"SAN ISIDRO":1,"SAN JOSÉ":0,"SAN JUAN":2,"SAN LUIS":0,"SAN MARCOS":3,"SAN MIGUEL":0,"SAN ÁNGEL":1,"SANTA AMELIA":2,"SANTA FE":5,"SANTA MARÍA":1,"SANTA TERESA":1,"SILVESTRE DORADOR":0,"SIN COLONIA DE REFERENCIA":821,"SOLIDARIDAD":1,"TIERRA BLANCA":1,"TIERRA Y LIBERTAD":5,"UNIVERSAL":9,"UNIÓN DE RODRIGUEZ":0,"VALENTÍN GÓMEZ FARIAS":2,"VALLE DE CRISTO":4,"VALLE DEL GUADIANA":5,"VALLE DEL MEZQUITAL I":0,"VALLE DEL SUR":2,"VALLE VERDE SUR":1,"VERSALLES":1,"VICENTE GUERRERO":0,"VILLA DE GUADALUPE":3,"VILLAS DEL CARMEN":0,"VILLAS DEL GUADIANA I":2,"VILLAS DEL GUADIANA II":3,"VILLAS DEL GUADIANA III":1,"VILLAS DEL GUADIANA IV":2}},"anual":{"Hombre":{"1.CIFRA SIN  AÑO DE REFERENCIA":67,"1987":1,"1991":1,"1997":1,"2002":3,"2003":2,"2004":2,"2006":2,"2007":22,"2008":25,"2009":48,"2010":197,"2011":110,"2012":68,"2013":39,"2014":50,"2015":58,"2016":35,"2017":60,"2018":110,"2019":270,"2020":118,"2021":32},"Indeterminado":{"1.CIFRA SIN  AÑO DE REFERENCIA":0,"1987":0,"1991":0,"1997":0,"2002":0,"2003":0,"2004":0,"2006":0,"2007":0,"2008":0,"2009":0,"2010":0,"2011":0,"2012":0,"2013":0,"2014":0,"2015":0,"2016":0,"2017":0,"2018":0,"2019":0,"2020":1,"2021":0},"Mujer":{"1.CIFRA SIN  AÑO DE REFERENCIA":106,"1987":0,"1991":0,"1997":0,"2002":0,"2003":0,"2004":0,"2006":2,"2007":21,"2008":33,"2009":39,"2010":20,"2011":20,"2012":50,"2013":35,"2014":89,"2015":68,"2016":54,"2017":42,"2018":131,"2019":223,"2020":98,"2021":20}},"mensual_ultimo_anio":{"Hombre":{"2020-AGOSTO":4,"2020-DICIEMBRE":4,"2020-NOVIEMBRE":2,"2020-OCTUBRE":2,"2020-SEPTIEMBRE":3,"2021-ABRIL":10,"2021-ENERO":0,"2021-FEBRERO":3,"2021-JULIO":3,"2021-JUNIO":3,"2021-MARZO":11,"2021-MAYO":2},"Indeterminado":{"2020-AGOSTO":0,"2020-DICIEMBRE":0,"2020-NOVIEMBRE":0,"2020-OCTUBRE":0,"2020-SEPTIEMBRE":0,"2021-ABRIL":0,"2021-ENERO":0,"2021-FEBRERO":0,"2021-JULIO":0,"2021-JUNIO":0,"2021-MARZO":0,"2021-MAYO":0},"Mujer":{"2020-AGOSTO":0,"2020-DICIEMBRE":5,"2020-NOVIEMBRE":2,"2020-OCTUBRE":1,"2020-SEPTIEMBRE":5,"2021-ABRIL":8,"2021-ENERO":2,"2021-FEBRERO":1,"2021-JULIO":3,"2021-JUNIO":1,"2021-MARZO":4,"2021-MAYO":1}},"por_edad":{"Hombres":{"0":9,"1":7,"10":11,"11":6,"12":14,"13":17,"14":21,"15":31,"16":41,"17":36,"18":23,"19":26,"2":10,"20":37,"21":39,"22":35,"23":43,"24":42,"25":40,"26":31,"27":40,"28":36,"29":40,"3":8,"30":31,"31":28,"32":27,"33":21,"34":21,"35":28,"36":21,"37":19,"38":28,"39":19,"4":9,"40":23,"41":15,"42":20,"43":25,"44":21,"45":22,"46":17,"47":12,"48":13,"49":15,"5":4,"50":7,"51":15,"52":12,"53":7,"54":12,"55":9,"56":10,"57":5,"58":9,"59":3,"6":4,"60":5,"61":2,"62":7,"63":4,"64":3,"65":5,"66":3,"67":1,"68":2,"69":2,"7":5,"70":1,"72":3,"73":1,"74":5,"75":3,"77":5,"78":4,"8":5,"80":2,"81":3,"82":2,"83":1,"84":1,"86":1,"87":1,"88":1,"89":0,"9":7,"90":1,"91":1,"97":1,"SIN EDAD DE REFERENCIA":58},"Indeterminado":{"0":0,"1":0,"10":0,"11":0,"12":0,"13":0,"14":0,"15":0,"16":0,"17":0,"18":0,"19":0,"2":0,"20":0,"21":0,"22":0,"23":0,"24":0,"25":0,"26":0,"27":0,"28":0,"29":0,"3":0,"30":0,"31":0,"32":0,"33":0,"34":0,"35":0,"36":0,"37":0,"38":0,"39":0,"4":0,"40":1,"41":0,"42":0,"43":0,"44":0,"45":0,"46":0,"47":0,"48":0,"49":0,"5":0,"50":0,"51":0,"52":0,"53":0,"54":0,"55":0,"56":0,"57":0,"58":0,"59":0,"6":0,"60":0,"61":0,"62":0,"63":0,"64":0,"65":0,"66":0,"67":0,"68":0,"69":0,"7":0,"70":0,"72":0,"73":0,"74":0,"75":0,"77":0,"78":0,"8":0,"80":0,"81":0,"82":0,"83":0,"84":0,"86":0,"87":0,"88":0,"89":0,"9":0,"90":0,"91":0,"97":0,"SIN EDAD DE REFERENCIA":0},"Mujeres":{"0":3,"1":7,"10":4,"11":5,"12":27,"13":78,"14":109,"15":131,"16":113,"17":92,"18":28,"19":30,"2":7,"20":19,"21":27,"22":29,"23":24,"24":25,"25":15,"26":17,"27":18,"28":15,"29":19,"3":6,"30":13,"31":8,"32":11,"33":7,"34":7,"35":6,"36":7,"37":5,"38":1,"39":6,"4":8,"40":9,"41":3,"42":4,"43":4,"44":5,"45":3,"46":4,"47":2,"48":2,"49":5,"5":3,"50":4,"51":1,"52":4,"53":2,"54":2,"55":2,"56":0,"57":1,"58":0,"59":2,"6":9,"60":2,"61":1,"62":3,"63":0,"64":0,"65":0,"66":0,"67":0,"68":0,"69":0,"7":2,"70":0,"72":0,"73":0,"74":0,"75":0,"77":0,"78":0,"8":4,"80":0,"81":0,"82":0,"83":0,"84":0,"86":0,"87":1,"88":0,"89":2,"9":5,"90":1,"91":0,"97":0,"SIN EDAD DE REFERENCIA":32}},"por_nacionalidad":{"Hombres":{"ESTADOUNIDENSE":3,"MEXICANA":1315,"MONEGASCA":0,"SE DESCONOCE":1,"SIN NACIONALIDAD DE REFERENCIA":2},"Indeterminado":{"ESTADOUNIDENSE":0,"MEXICANA":1,"MONEGASCA":0,"SE DESCONOCE":0,"SIN NACIONALIDAD DE REFERENCIA":0},"Mujeres":{"ESTADOUNIDENSE":0,"MEXICANA":1048,"MONEGASCA":1,"SE DESCONOCE":0,"SIN NACIONALIDAD DE REFERENCIA":2}}}