{"totales":{"PorcentajeDesaparecidos":"18.47","PorcentajeLocalizados":"81.53","PorcentajeLocalizadosCV":"95.07","PorcentajeLocalizadosSV":"4.93","PorcentajeSoloDesaparecidos":"95.65","PorcentajeSoloNoLocalizados":"4.35","TotalDesaparecidos":"46","TotalGlobal":"249","TotalLocalizados":"203","TotalLocalizadosCV":"193","TotalLocalizadosSV":"10","TotalSoloDesaparecidos":"44","TotalSoloNoLocalizados":"02"},"espacial":{"Hombres":{"SAN ANTONIO":1,"SIN COLONIA DE REFERENCIA":155},"Indeterminado":{"SAN ANTONIO":0,"SIN COLONIA DE REFERENCIA":0},"Mujeres":{"SAN ANTONIO":0,"SIN COLONIA DE REFERENCIA":93}},"anual":{"Hombre":{"1.CIFRA SIN  AÑO DE REFERENCIA":4,"2002":1,"2003":1,"2004":0,"2009":4,"2010":3,"2011":7,"2012":3,"2015":3,"2016":1,"2017":1,"2018":30,"2019":67,"2020":30,"2021":1},"Indeterminado":{"1.CIFRA SIN  AÑO DE REFERENCIA":0,"2002":0,"2003":0,"2004":0,"2009":0,"2010":0,"2011":0,"2012":0,"2015":0,"2016":0,"2017":0,"2018":0,"2019":0,"2020":0,"2021":0},"Mujer":{"1.CIFRA SIN  AÑO DE REFERENCIA":0,"2002":1,"2003":0,"2004":1,"2009":2,"2010":0,"2011":0,"2012":1,"2015":0,"2016":1,"2017":0,"2018":17,"2019":47,"2020":23,"2021":0}},"mensual_ultimo_anio":{"Hombre":{"2019-DICIEMBRE":6,"2019-NOVIEMBRE":3,"2020-ABRIL":1,"2020-AGOSTO":5,"2020-ENERO":1,"2020-FEBRERO":2,"2020-JULIO":7,"2020-JUNIO":4,"2020-MARZO":6,"2020-MAYO":3,"2020-NOVIEMBRE":1,"2021-ENERO":1},"Indeterminado":{"2019-DICIEMBRE":0,"2019-NOVIEMBRE":0,"2020-ABRIL":0,"2020-AGOSTO":0,"2020-ENERO":0,"2020-FEBRERO":0,"2020-JULIO":0,"2020-JUNIO":0,"2020-MARZO":0,"2020-MAYO":0,"2020-NOVIEMBRE":0,"2021-ENERO":0},"Mujer":{"2019-DICIEMBRE":1,"2019-NOVIEMBRE":5,"2020-ABRIL":3,"2020-AGOSTO":0,"2020-ENERO":3,"2020-FEBRERO":4,"2020-JULIO":2,"2020-JUNIO":3,"2020-MARZO":4,"2020-MAYO":3,"2020-NOVIEMBRE":1,"2021-ENERO":0}},"por_edad":{"Hombres":{"0":2,"12":2,"13":1,"14":1,"15":2,"16":9,"17":2,"18":4,"19":1,"20":1,"21":1,"22":5,"23":8,"24":5,"25":1,"26":6,"27":3,"28":3,"29":4,"30":3,"31":8,"32":2,"33":3,"34":2,"35":4,"36":3,"37":4,"38":5,"39":7,"40":1,"41":1,"42":5,"44":1,"45":4,"46":2,"48":2,"49":2,"50":1,"52":5,"53":5,"55":1,"56":1,"58":1,"59":1,"61":1,"62":2,"63":1,"65":1,"66":1,"67":1,"69":2,"70":1,"74":1,"75":1,"78":1,"79":1,"84":1,"94":1,"SIN EDAD DE REFERENCIA":5},"Indeterminado":{"0":0,"12":0,"13":0,"14":0,"15":0,"16":0,"17":0,"18":0,"19":0,"20":0,"21":0,"22":0,"23":0,"24":0,"25":0,"26":0,"27":0,"28":0,"29":0,"30":0,"31":0,"32":0,"33":0,"34":0,"35":0,"36":0,"37":0,"38":0,"39":0,"40":0,"41":0,"42":0,"44":0,"45":0,"46":0,"48":0,"49":0,"50":0,"52":0,"53":0,"55":0,"56":0,"58":0,"59":0,"61":0,"62":0,"63":0,"65":0,"66":0,"67":0,"69":0,"70":0,"74":0,"75":0,"78":0,"79":0,"84":0,"94":0,"SIN EDAD DE REFERENCIA":0},"Mujeres":{"0":0,"12":5,"13":5,"14":7,"15":15,"16":12,"17":6,"18":4,"19":3,"20":3,"21":1,"22":5,"23":2,"24":1,"25":0,"26":3,"27":1,"28":5,"29":1,"30":3,"31":1,"32":0,"33":1,"34":1,"35":1,"36":1,"37":0,"38":0,"39":0,"40":0,"41":0,"42":2,"44":1,"45":0,"46":0,"48":0,"49":0,"50":0,"52":0,"53":0,"55":0,"56":0,"58":0,"59":0,"61":0,"62":0,"63":0,"65":0,"66":0,"67":0,"69":0,"70":0,"74":0,"75":0,"78":0,"79":0,"84":0,"94":0,"SIN EDAD DE REFERENCIA":3}},"por_nacionalidad":{"Hombres":{"MEXICANA":156},"Indeterminado":{"MEXICANA":0},"Mujeres":{"MEXICANA":93}}}