{"totales":{"PorcentajeDesaparecidos":"85.71","PorcentajeLocalizados":"14.29","PorcentajeLocalizadosCV":"100.00","PorcentajeLocalizadosSV":"0.00","PorcentajeSoloDesaparecidos":"66.67","PorcentajeSoloNoLocalizados":"33.33","TotalDesaparecidos":"06","TotalGlobal":"07","TotalLocalizados":"01","TotalLocalizadosCV":"01","TotalLocalizadosSV":"00","TotalSoloDesaparecidos":"04","TotalSoloNoLocalizados":"02"},"espacial":{"Hombres":{"CIUDAD GUADALUPE VICTORIA":1,"GENERAL CALIXTO CONTRERAS (COLORADA)":1,"SIN COLONIA DE REFERENCIA":3},"Indeterminado":{"CIUDAD GUADALUPE VICTORIA":0,"GENERAL CALIXTO CONTRERAS (COLORADA)":0,"SIN COLONIA DE REFERENCIA":0},"Mujeres":{"CIUDAD GUADALUPE VICTORIA":0,"GENERAL CALIXTO CONTRERAS (COLORADA)":0,"SIN COLONIA DE REFERENCIA":2}},"anual":{"Hombre":{"2009":1,"2011":1,"2020":3},"Indeterminado":{"2009":0,"2011":0,"2020":0},"Mujer":{"2009":0,"2011":0,"2020":2}},"mensual_ultimo_anio":{"Hombre":{"2009-FEBRERO":1,"2011-AGOSTO":1,"2020-DICIEMBRE":1,"2020-FEBRERO":1,"2020-JULIO":0,"2020-SEPTIEMBRE":1},"Indeterminado":{"2009-FEBRERO":0,"2011-AGOSTO":0,"2020-DICIEMBRE":0,"2020-FEBRERO":0,"2020-JULIO":0,"2020-SEPTIEMBRE":0},"Mujer":{"2009-FEBRERO":0,"2011-AGOSTO":0,"2020-DICIEMBRE":0,"2020-FEBRERO":0,"2020-JULIO":2,"2020-SEPTIEMBRE":0}},"por_edad":{"Hombres":{"20":1,"21":1,"29":1,"36":0,"4":0,"49":1,"SIN EDAD DE REFERENCIA":1},"Indeterminado":{"20":0,"21":0,"29":0,"36":0,"4":0,"49":0,"SIN EDAD DE REFERENCIA":0},"Mujeres":{"20":0,"21":0,"29":0,"36":1,"4":1,"49":0,"SIN EDAD DE REFERENCIA":0}},"por_nacionalidad":{"Hombres":{"MEXICANA":5},"Indeterminado":{"MEXICANA":0},"Mujeres":{"MEXICANA":2}}}