{"totales":{"PorcentajeDesaparecidos":"11.71","PorcentajeLocalizados":"88.29","PorcentajeLocalizadosCV":"98.11","PorcentajeLocalizadosSV":"1.89","PorcentajeSoloDesaparecidos":"100.00","PorcentajeSoloNoLocalizados":"0.00","TotalDesaparecidos":"35","TotalGlobal":"299","TotalLocalizados":"264","TotalLocalizadosCV":"259","TotalLocalizadosSV":"05","TotalSoloDesaparecidos":"35","TotalSoloNoLocalizados":"00"},"espacial":{"Hombres":{"12 DE OCTUBRE":1,"ARBOLEDAS":0,"DON SEBASTIÁN":0,"EL LLANITO":0,"EL PRETORIO":1,"GUANAJUATO":1,"INDEPENDENCIA":1,"INSURGENTES":2,"JAMAICA":1,"JESUS DEL MONTE":1,"LA CALIFORNIA":0,"LA ESPERANZA":1,"LINDAVISTA":3,"LOMA BONITA":2,"LOS PINOS":1,"LOS PÉREZ":1,"MANZANOS":0,"MARIANO BALLEZA":0,"NIÑOS HÉROES":0,"PIPILA":1,"PRESA DEL GALLINERO":0,"REVOLUCIÓN":1,"RÍO LAJA":0,"SAN AGUSTIN":1,"SAN ANTONIO DEL CARMEN":0,"SAN ANTÓN DE LAS MINAS":0,"SAN CRISTÓBAL":1,"SAN PABLO":0,"SIN COLONIA DE REFERENCIA":94,"SOLEDAD NUEVA":0,"TEQUISQUIAPAN":2,"TIERRA BLANCA":1,"VISTA HERMOSA":0,"XOCONOXTLITO DEL LLANITO":0,"ÁLAMO":1},"Indeterminado":{"12 DE OCTUBRE":0,"ARBOLEDAS":0,"DON SEBASTIÁN":0,"EL LLANITO":0,"EL PRETORIO":0,"GUANAJUATO":0,"INDEPENDENCIA":0,"INSURGENTES":0,"JAMAICA":0,"JESUS DEL MONTE":0,"LA CALIFORNIA":0,"LA ESPERANZA":0,"LINDAVISTA":0,"LOMA BONITA":0,"LOS PINOS":0,"LOS PÉREZ":0,"MANZANOS":0,"MARIANO BALLEZA":0,"NIÑOS HÉROES":0,"PIPILA":0,"PRESA DEL GALLINERO":0,"REVOLUCIÓN":0,"RÍO LAJA":0,"SAN AGUSTIN":0,"SAN ANTONIO DEL CARMEN":0,"SAN ANTÓN DE LAS MINAS":0,"SAN CRISTÓBAL":0,"SAN PABLO":0,"SIN COLONIA DE REFERENCIA":1,"SOLEDAD NUEVA":0,"TEQUISQUIAPAN":0,"TIERRA BLANCA":0,"VISTA HERMOSA":0,"XOCONOXTLITO DEL LLANITO":0,"ÁLAMO":0},"Mujeres":{"12 DE OCTUBRE":1,"ARBOLEDAS":1,"DON SEBASTIÁN":1,"EL LLANITO":2,"EL PRETORIO":0,"GUANAJUATO":3,"INDEPENDENCIA":0,"INSURGENTES":0,"JAMAICA":0,"JESUS DEL MONTE":0,"LA CALIFORNIA":1,"LA ESPERANZA":1,"LINDAVISTA":7,"LOMA BONITA":2,"LOS PINOS":0,"LOS PÉREZ":0,"MANZANOS":1,"MARIANO BALLEZA":5,"NIÑOS HÉROES":1,"PIPILA":0,"PRESA DEL GALLINERO":1,"REVOLUCIÓN":1,"RÍO LAJA":2,"SAN AGUSTIN":6,"SAN ANTONIO DEL CARMEN":2,"SAN ANTÓN DE LAS MINAS":1,"SAN CRISTÓBAL":1,"SAN PABLO":1,"SIN COLONIA DE REFERENCIA":135,"SOLEDAD NUEVA":1,"TEQUISQUIAPAN":0,"TIERRA BLANCA":0,"VISTA HERMOSA":2,"XOCONOXTLITO DEL LLANITO":1,"ÁLAMO":0}},"anual":{"Hombre":{"1.CIFRA SIN  AÑO DE REFERENCIA":1,"2006":0,"2007":13,"2008":1,"2009":11,"2010":12,"2011":13,"2012":14,"2013":2,"2014":12,"2015":9,"2016":9,"2017":3,"2018":10,"2019":4,"2020":4},"Indeterminado":{"1.CIFRA SIN  AÑO DE REFERENCIA":0,"2006":0,"2007":0,"2008":0,"2009":0,"2010":0,"2011":0,"2012":0,"2013":0,"2014":1,"2015":0,"2016":0,"2017":0,"2018":0,"2019":0,"2020":0},"Mujer":{"1.CIFRA SIN  AÑO DE REFERENCIA":0,"2006":4,"2007":23,"2008":1,"2009":27,"2010":21,"2011":13,"2012":17,"2013":3,"2014":20,"2015":38,"2016":9,"2017":2,"2018":1,"2019":0,"2020":1}},"mensual_ultimo_anio":{"Hombre":{"2018-DICIEMBRE":1,"2018-MAYO":1,"2018-OCTUBRE":3,"2018-SEPTIEMBRE":1,"2019-ENERO":1,"2019-MARZO":1,"2019-NOVIEMBRE":1,"2019-OCTUBRE":1,"2020-ABRIL":2,"2020-FEBRERO":1,"2020-JULIO":1,"2020-MAYO":0},"Indeterminado":{"2018-DICIEMBRE":0,"2018-MAYO":0,"2018-OCTUBRE":0,"2018-SEPTIEMBRE":0,"2019-ENERO":0,"2019-MARZO":0,"2019-NOVIEMBRE":0,"2019-OCTUBRE":0,"2020-ABRIL":0,"2020-FEBRERO":0,"2020-JULIO":0,"2020-MAYO":0},"Mujer":{"2018-DICIEMBRE":0,"2018-MAYO":0,"2018-OCTUBRE":0,"2018-SEPTIEMBRE":0,"2019-ENERO":0,"2019-MARZO":0,"2019-NOVIEMBRE":0,"2019-OCTUBRE":0,"2020-ABRIL":0,"2020-FEBRERO":0,"2020-JULIO":0,"2020-MAYO":1}},"por_edad":{"Hombres":{"0":1,"10":1,"11":0,"12":1,"13":4,"14":5,"15":6,"16":7,"17":11,"18":6,"19":2,"20":2,"21":4,"22":5,"23":3,"24":3,"25":1,"26":4,"27":3,"28":1,"29":4,"30":3,"31":1,"32":1,"33":4,"34":3,"35":2,"36":2,"37":1,"38":1,"39":3,"40":1,"41":1,"42":2,"43":2,"44":4,"45":1,"46":0,"47":2,"48":0,"49":0,"50":1,"52":1,"53":0,"57":1,"60":2,"63":0,"65":1,"66":1,"7":1,"75":1,"8":0,"86":1},"Indeterminado":{"0":0,"10":0,"11":0,"12":0,"13":0,"14":0,"15":0,"16":0,"17":0,"18":0,"19":0,"20":0,"21":0,"22":0,"23":0,"24":0,"25":0,"26":0,"27":0,"28":0,"29":0,"30":0,"31":0,"32":0,"33":0,"34":1,"35":0,"36":0,"37":0,"38":0,"39":0,"40":0,"41":0,"42":0,"43":0,"44":0,"45":0,"46":0,"47":0,"48":0,"49":0,"50":0,"52":0,"53":0,"57":0,"60":0,"63":0,"65":0,"66":0,"7":0,"75":0,"8":0,"86":0},"Mujeres":{"0":1,"10":0,"11":4,"12":8,"13":6,"14":15,"15":34,"16":23,"17":15,"18":13,"19":10,"20":5,"21":6,"22":3,"23":4,"24":4,"25":4,"26":3,"27":1,"28":2,"29":1,"30":2,"31":1,"32":1,"33":0,"34":2,"35":1,"36":1,"37":0,"38":0,"39":0,"40":1,"41":0,"42":0,"43":2,"44":0,"45":0,"46":1,"47":0,"48":1,"49":1,"50":0,"52":0,"53":2,"57":0,"60":0,"63":1,"65":0,"66":0,"7":0,"75":0,"8":1,"86":0}},"por_nacionalidad":{"Hombres":{"ESTADOUNIDENSE":0,"MEXICANA":78,"NICARAGUENSE":0,"SE DESCONOCE":9,"SIN NACIONALIDAD DE REFERENCIA":31},"Indeterminado":{"ESTADOUNIDENSE":0,"MEXICANA":1,"NICARAGUENSE":0,"SE DESCONOCE":0,"SIN NACIONALIDAD DE REFERENCIA":0},"Mujeres":{"ESTADOUNIDENSE":1,"MEXICANA":123,"NICARAGUENSE":1,"SE DESCONOCE":2,"SIN NACIONALIDAD DE REFERENCIA":53}}}