{"totales":{"PorcentajeDesaparecidos":"41.95","PorcentajeLocalizados":"58.05","PorcentajeLocalizadosCV":"99.01","PorcentajeLocalizadosSV":"0.99","PorcentajeSoloDesaparecidos":"100.00","PorcentajeSoloNoLocalizados":"0.00","TotalDesaparecidos":"73","TotalGlobal":"174","TotalLocalizados":"101","TotalLocalizadosCV":"100","TotalLocalizadosSV":"01","TotalSoloDesaparecidos":"73","TotalSoloNoLocalizados":"00"},"espacial":{"Hombres":{"ABASOLO":1,"ABASOLO CENTRO":0,"ALAMEDA DE ALVAREZ":1,"EL SALITRE":2,"EL SAUCILLO":0,"FLORIDA DE GÓMEZ":1,"FRANCISCO I MADERO":1,"GUADALUPE":2,"HUITZATARITO":1,"JUÁREZ":0,"LA CUBANA":1,"LAS CABRILLAS":1,"LAS MARGARITAS":0,"LOMAS DE SANTA MARÍA":1,"OJO DE AGUA DE GALVÁN":1,"PIEDRAS NEGRAS":0,"RANCHO NUEVO DE LA CRUZ":1,"RINCÓN DE MARTÍNEZ":1,"SAN FRANCISCO DE HORTA":1,"SIN COLONIA DE REFERENCIA":80,"VICENTE GUERRERO":3,"ZAPOTE DE PERALTA":0},"Indeterminado":{"ABASOLO":0,"ABASOLO CENTRO":0,"ALAMEDA DE ALVAREZ":0,"EL SALITRE":0,"EL SAUCILLO":0,"FLORIDA DE GÓMEZ":0,"FRANCISCO I MADERO":0,"GUADALUPE":0,"HUITZATARITO":0,"JUÁREZ":0,"LA CUBANA":0,"LAS CABRILLAS":0,"LAS MARGARITAS":0,"LOMAS DE SANTA MARÍA":0,"OJO DE AGUA DE GALVÁN":0,"PIEDRAS NEGRAS":0,"RANCHO NUEVO DE LA CRUZ":0,"RINCÓN DE MARTÍNEZ":0,"SAN FRANCISCO DE HORTA":0,"SIN COLONIA DE REFERENCIA":4,"VICENTE GUERRERO":0,"ZAPOTE DE PERALTA":0},"Mujeres":{"ABASOLO":0,"ABASOLO CENTRO":3,"ALAMEDA DE ALVAREZ":0,"EL SALITRE":0,"EL SAUCILLO":1,"FLORIDA DE GÓMEZ":0,"FRANCISCO I MADERO":0,"GUADALUPE":1,"HUITZATARITO":0,"JUÁREZ":1,"LA CUBANA":0,"LAS CABRILLAS":0,"LAS MARGARITAS":3,"LOMAS DE SANTA MARÍA":0,"OJO DE AGUA DE GALVÁN":3,"PIEDRAS NEGRAS":1,"RANCHO NUEVO DE LA CRUZ":1,"RINCÓN DE MARTÍNEZ":0,"SAN FRANCISCO DE HORTA":0,"SIN COLONIA DE REFERENCIA":56,"VICENTE GUERRERO":0,"ZAPOTE DE PERALTA":1}},"anual":{"Hombre":{"1.CIFRA SIN  AÑO DE REFERENCIA":1,"2006":1,"2007":3,"2008":3,"2009":0,"2011":2,"2012":0,"2013":4,"2014":8,"2015":15,"2016":4,"2017":1,"2018":9,"2019":32,"2020":16},"Indeterminado":{"1.CIFRA SIN  AÑO DE REFERENCIA":0,"2006":0,"2007":0,"2008":0,"2009":0,"2011":0,"2012":0,"2013":0,"2014":0,"2015":0,"2016":0,"2017":0,"2018":0,"2019":4,"2020":0},"Mujer":{"1.CIFRA SIN  AÑO DE REFERENCIA":2,"2006":2,"2007":7,"2008":9,"2009":3,"2011":2,"2012":3,"2013":4,"2014":12,"2015":9,"2016":5,"2017":2,"2018":2,"2019":6,"2020":3}},"mensual_ultimo_anio":{"Hombre":{"2019-AGOSTO":5,"2019-DICIEMBRE":9,"2019-JULIO":1,"2019-NOVIEMBRE":3,"2019-OCTUBRE":8,"2019-SEPTIEMBRE":2,"2020-AGOSTO":1,"2020-ENERO":3,"2020-FEBRERO":4,"2020-JUNIO":2,"2020-MARZO":4,"2020-MAYO":2},"Indeterminado":{"2019-AGOSTO":0,"2019-DICIEMBRE":0,"2019-JULIO":1,"2019-NOVIEMBRE":1,"2019-OCTUBRE":2,"2019-SEPTIEMBRE":0,"2020-AGOSTO":0,"2020-ENERO":0,"2020-FEBRERO":0,"2020-JUNIO":0,"2020-MARZO":0,"2020-MAYO":0},"Mujer":{"2019-AGOSTO":0,"2019-DICIEMBRE":1,"2019-JULIO":0,"2019-NOVIEMBRE":3,"2019-OCTUBRE":1,"2019-SEPTIEMBRE":1,"2020-AGOSTO":0,"2020-ENERO":2,"2020-FEBRERO":0,"2020-JUNIO":1,"2020-MARZO":0,"2020-MAYO":0}},"por_edad":{"Hombres":{"0":2,"1":0,"11":1,"12":1,"13":0,"14":0,"15":0,"16":2,"17":2,"18":1,"19":3,"20":2,"21":1,"22":2,"23":4,"24":3,"25":1,"26":6,"27":4,"28":5,"29":3,"3":0,"30":5,"31":6,"32":4,"33":2,"34":6,"35":3,"36":1,"37":4,"38":3,"39":1,"40":2,"41":1,"42":3,"43":1,"44":1,"45":3,"46":2,"50":1,"51":1,"54":1,"57":0,"58":1,"60":1,"61":1,"8":0,"83":1,"86":1},"Indeterminado":{"0":0,"1":0,"11":0,"12":0,"13":0,"14":0,"15":0,"16":0,"17":0,"18":0,"19":0,"20":1,"21":0,"22":0,"23":0,"24":0,"25":0,"26":1,"27":0,"28":0,"29":0,"3":0,"30":0,"31":0,"32":0,"33":0,"34":0,"35":0,"36":1,"37":0,"38":0,"39":0,"40":1,"41":0,"42":0,"43":0,"44":0,"45":0,"46":0,"50":0,"51":0,"54":0,"57":0,"58":0,"60":0,"61":0,"8":0,"83":0,"86":0},"Mujeres":{"0":6,"1":2,"11":0,"12":0,"13":3,"14":6,"15":7,"16":8,"17":4,"18":8,"19":8,"20":2,"21":1,"22":1,"23":0,"24":2,"25":1,"26":2,"27":0,"28":0,"29":0,"3":1,"30":1,"31":1,"32":1,"33":1,"34":0,"35":0,"36":0,"37":0,"38":0,"39":0,"40":0,"41":0,"42":1,"43":0,"44":0,"45":1,"46":0,"50":0,"51":0,"54":0,"57":1,"58":1,"60":0,"61":0,"8":1,"83":0,"86":0}},"por_nacionalidad":{"Hombres":{"MEXICANA":68,"SE DESCONOCE":6,"SIN NACIONALIDAD DE REFERENCIA":25},"Indeterminado":{"MEXICANA":4,"SE DESCONOCE":0,"SIN NACIONALIDAD DE REFERENCIA":0},"Mujeres":{"MEXICANA":36,"SE DESCONOCE":1,"SIN NACIONALIDAD DE REFERENCIA":34}}}