{"totales":{"PorcentajeDesaparecidos":"17.78","PorcentajeLocalizados":"82.22","PorcentajeLocalizadosCV":"97.30","PorcentajeLocalizadosSV":"2.70","PorcentajeSoloDesaparecidos":"100.00","PorcentajeSoloNoLocalizados":"0.00","TotalDesaparecidos":"08","TotalGlobal":"45","TotalLocalizados":"37","TotalLocalizadosCV":"36","TotalLocalizadosSV":"01","TotalSoloDesaparecidos":"08","TotalSoloNoLocalizados":"00"},"espacial":{"Hombres":{"BEGOÑA":0,"CIUDAD DR. MORA":1,"DERRAMADERO":1,"EL RAMILLETE":0,"LA REDONDA":1,"LOMA DEL ZAPOTE":1,"RANCHO NUEVO DE GUADALUPE":2,"SACROMONTE":1,"SAN RAFAEL DE CHARCAS":1,"SIN COLONIA DE REFERENCIA":13},"Indeterminado":{"BEGOÑA":0,"CIUDAD DR. MORA":0,"DERRAMADERO":0,"EL RAMILLETE":0,"LA REDONDA":0,"LOMA DEL ZAPOTE":0,"RANCHO NUEVO DE GUADALUPE":0,"SACROMONTE":0,"SAN RAFAEL DE CHARCAS":0,"SIN COLONIA DE REFERENCIA":0},"Mujeres":{"BEGOÑA":2,"CIUDAD DR. MORA":3,"DERRAMADERO":0,"EL RAMILLETE":1,"LA REDONDA":0,"LOMA DEL ZAPOTE":1,"RANCHO NUEVO DE GUADALUPE":0,"SACROMONTE":0,"SAN RAFAEL DE CHARCAS":2,"SIN COLONIA DE REFERENCIA":15}},"anual":{"Hombre":{"2007":1,"2008":2,"2009":0,"2010":3,"2011":0,"2012":1,"2013":2,"2014":5,"2015":6,"2016":1},"Indeterminado":{"2007":0,"2008":0,"2009":0,"2010":0,"2011":0,"2012":0,"2013":0,"2014":0,"2015":0,"2016":0},"Mujer":{"2007":1,"2008":4,"2009":1,"2010":0,"2011":2,"2012":3,"2013":5,"2014":2,"2015":6,"2016":0}},"mensual_ultimo_anio":{"Hombre":{"2014-ABRIL":1,"2014-AGOSTO":1,"2014-JULIO":1,"2014-JUNIO":0,"2014-SEPTIEMBRE":2,"2015-ENERO":3,"2015-JUNIO":1,"2015-MARZO":0,"2015-MAYO":1,"2015-OCTUBRE":1,"2015-SEPTIEMBRE":0,"2016-JULIO":1},"Indeterminado":{"2014-ABRIL":0,"2014-AGOSTO":0,"2014-JULIO":0,"2014-JUNIO":0,"2014-SEPTIEMBRE":0,"2015-ENERO":0,"2015-JUNIO":0,"2015-MARZO":0,"2015-MAYO":0,"2015-OCTUBRE":0,"2015-SEPTIEMBRE":0,"2016-JULIO":0},"Mujer":{"2014-ABRIL":0,"2014-AGOSTO":0,"2014-JULIO":1,"2014-JUNIO":1,"2014-SEPTIEMBRE":0,"2015-ENERO":0,"2015-JUNIO":0,"2015-MARZO":3,"2015-MAYO":1,"2015-OCTUBRE":0,"2015-SEPTIEMBRE":2,"2016-JULIO":0}},"por_edad":{"Hombres":{"1":1,"10":0,"11":1,"12":0,"14":1,"15":2,"16":0,"17":1,"18":1,"19":2,"23":0,"24":1,"26":1,"28":0,"35":2,"40":0,"43":2,"44":1,"46":0,"47":1,"49":1,"67":1,"73":0,"8":1,"85":1,"88":0},"Indeterminado":{"1":0,"10":0,"11":0,"12":0,"14":0,"15":0,"16":0,"17":0,"18":0,"19":0,"23":0,"24":0,"26":0,"28":0,"35":0,"40":0,"43":0,"44":0,"46":0,"47":0,"49":0,"67":0,"73":0,"8":0,"85":0,"88":0},"Mujeres":{"1":0,"10":1,"11":0,"12":2,"14":2,"15":3,"16":2,"17":6,"18":0,"19":0,"23":1,"24":1,"26":1,"28":1,"35":0,"40":1,"43":0,"44":0,"46":1,"47":0,"49":0,"67":0,"73":1,"8":0,"85":0,"88":1}},"por_nacionalidad":{"Hombres":{"MEXICANA":15,"SE DESCONOCE":2,"SIN NACIONALIDAD DE REFERENCIA":4},"Indeterminado":{"MEXICANA":0,"SE DESCONOCE":0,"SIN NACIONALIDAD DE REFERENCIA":0},"Mujeres":{"MEXICANA":17,"SE DESCONOCE":2,"SIN NACIONALIDAD DE REFERENCIA":5}}}