{"totales":{"PorcentajeDesaparecidos":"14.96","PorcentajeLocalizados":"85.04","PorcentajeLocalizadosCV":"98.47","PorcentajeLocalizadosSV":"1.53","PorcentajeSoloDesaparecidos":"99.10","PorcentajeSoloNoLocalizados":"0.90","TotalDesaparecidos":"334","TotalGlobal":"2232","TotalLocalizados":"1898","TotalLocalizadosCV":"1869","TotalLocalizadosSV":"29","TotalSoloDesaparecidos":"331","TotalSoloNoLocalizados":"03"},"espacial":{"Hombres":{"1 DE MAYO":0,"12 DE DICIEMBRE":16,"18 DE AGOSTO":3,"24 DE ABRIL":1,"24 DE DICIEMBRE":2,"5 DE SEPTIEMBRE":0,"ALDAMA":2,"AMPLIACIÓN LAS AMÉRICAS":1,"ARANDAS":1,"AZTECA":1,"BAJADA DE SAN MARTÍN":2,"BALCONES DE LA FLORESTA":1,"BELLAVISTA":2,"BENITO JUÁREZ 1":1,"BERNARDO COBOS":4,"BRISAS DEL RÍO":1,"CAMINO REAL":1,"CAMINO REAL DE LO DE JUÁREZ":2,"CAMPESTRE DE LAS FLORES":0,"CARRIZAL GRANDE":0,"CARRIZALITO":4,"CIUDAD DEPORTIVA":7,"CIUDAD INDUSTRIAL":1,"COLINAS DEL RÍO":0,"COLON":2,"COMISIÓN FEDERAL DE ELECTRICIDAD":0,"CONSTITUCIÓN DE APATZINGÁN":8,"COPALILLO":2,"CUARTA BRIGADA":1,"CUARTO DÍA":1,"DEL BOSQUE":3,"DISTRITO FEDERAL":1,"EJIDO LO DE JUÁREZ":2,"EL CANTADOR":5,"EL CARMEN":1,"EL COBANO":2,"EL COPAL":2,"EL CORTIJO":1,"EL MILAGRO":5,"EL RANCHITO INDEPENDENCIA":1,"EL REFUGIO":6,"EL ROSARIO":1,"EL TRÉBOL":0,"EL ZAPOTE":1,"EL ÁNGEL":0,"EMILIANO ZAPATA 2":6,"EMILIANO ZAPATA 2A":0,"EMILIANO ZAPATA 3A":1,"ERNESTO CHE GUEVARA":7,"ESFUERZO OBRERO":2,"ESFUERZO Y LUCHA":1,"ESPAÑITA":1,"ESTRELLA":0,"EXHACIENDA SAN MIGUELITO":1,"EXPO FRESAS":1,"FLORES MAGÓN NORTE":1,"FLORES MAGÓN SUR":1,"FLORESTA":9,"FONAPO":1,"FRANCISCO VILLA":0,"GALAXIA NARANJAL":0,"GAMEZ":2,"GANADERA":2,"GRANDE":0,"GUADALUPE":0,"GUADALUPE DE RIVERA":1,"GUANAJUATO":1,"GUERRERO":1,"HACIENDA LA VIRGEN":1,"HACIENDA LAS FLORES":1,"IGNACIO ALLENDE":3,"INDEPENDENCIA":8,"INSURGENTES":4,"IRAPUATO":4,"IRAPUATO CENTRO":4,"JARDINES DE IRAPUATO":0,"JARDINES DE LA HACIENDA":4,"JOSEFA ORTIZ DE DOMÍNGUEZ":1,"JUÁREZ":5,"LA CAJA":3,"LA CALERA":4,"LA CANDELARIA":1,"LA ESTANCIA":0,"LA GANADERA":1,"LA HACIENDA":2,"LA HUERTA":0,"LA LUPITA":8,"LA PAZ":4,"LA PRADERA":2,"LA SALUD":2,"LA SOLEDAD":2,"LA VALENCIANA":0,"LAS AMÉRICAS":15,"LAS ANIMAS":0,"LAS ARBOLEDAS":0,"LAS CARMELITAS":3,"LAS DELICIAS":2,"LAS ERAS":3,"LAS FUENTES":2,"LAS HUERTAS 3A SECCIÓN":1,"LAS MALVAS":1,"LAS MALVAS REVOLUCIÓN":1,"LAS MISIONES":4,"LAS PALMAS":3,"LAS PALOMAS":0,"LAS PLAZAS":0,"LAS REYNAS":2,"LAS ROSAS":0,"LAS TROJES":1,"LAS ÁGUILAS":0,"LINDAVISTA":1,"LOMA BONITA":0,"LOS ARCOS":1,"LOS ENCINOS":1,"LOS EUCALIPTOS":1,"LOS FRESNOS":3,"LOS GIRASOLES":1,"LOS HOYOS":1,"LOS HUERTOS":2,"LOS PINOS":0,"LOS PRESIDENTES":5,"LOS PRÍNCIPES":3,"LOS REYES":5,"LOS ÁNGELES":3,"LUCIO CABAÑAS":4,"LUIS ALONSO GONZÁLEZ":2,"LÁZARO CÁRDENAS":6,"MAGISTERIAL":1,"MIGUEL HIDALGO":17,"MODERNA":1,"MOLINO DE SANTA ANA":1,"MORELOS":6,"MUNGUIA":1,"NOGALIA":1,"NUEVA REFORMA AGRARIA":1,"NUEVO MÉXICO":13,"OBRERO":1,"PEÑUELAS":1,"PLAN DE GUANAJUATO":4,"PLAYA AZUL":4,"PRIMAVERA":3,"PRIMAVERAL":3,"PRIMERO DE MAYO INFONAVIT":0,"PRONASOL":2,"PROVIDENCIA DE PÉREZ":0,"PURÍSIMA DE FLORES":1,"PURÍSIMA DE TEMASCATIO":1,"PURÍSIMA DEL JARDÍN":8,"PURÍSIMA DEL JARDÍN O HILACHA":1,"PURÍSIMA DEL PROGRESO":1,"QUINTA SAN JOAQUÍN":0,"RAFAEL GALVÁN":1,"RANCHO COLON":0,"RANCHO GRANDE":3,"RANCHO NUEVO DE DOLORES":1,"RENOVACIÓN":1,"REVOLUCIÓN":0,"RINCÓN DE LOS ARCOS":2,"RINCÓN DE LOS FRESNOS":1,"RIVERA DE GUADALUPE":0,"RODRIGUEZ":6,"ROMA":1,"SAN AGUSTIN":1,"SAN ANTONIO DE AYALA":0,"SAN ANTONIO EL RICO":1,"SAN CARLOS":1,"SAN CAYETANO":2,"SAN CAYETANO DE LUNA I":0,"SAN CRISTÓBAL":0,"SAN FRANCISCO":0,"SAN GABRIEL 1A SECC.":0,"SAN GABRIEL 3A SECC.":0,"SAN ISIDRO":3,"SAN JOSÉ":0,"SAN JOSÉ DE JORGE LÓPEZ":1,"SAN JOSÉ DE LAS CRUCES":1,"SAN JUAN DE RETANA":3,"SAN MARTÍN DE PORRES":6,"SAN MIGUELITO":6,"SAN PEDRO":2,"SAN ROQUE":2,"SAN VICENTE":2,"SANTA ANITA":0,"SANTA BÁRBARA":2,"SANTA ELENA":2,"SANTA FE":0,"SANTA JULIA":3,"SANTA MARÍA":1,"SANTA ROSA TAMASCATIO":0,"SERRANO":0,"SIN COLONIA DE REFERENCIA":595,"SOLIDARIDAD INFONAVIT":2,"TABACHINES":1,"TAJÍN":1,"TARETAN":2,"TOMELOPEZ":0,"TOMELOPITOS":1,"UCOPI":5,"UNIDAD MODELO DEL IMSS":0,"VALENCIANITA":0,"VALLE DE LAS FLORES":2,"VALLE DE LAS FLORES 2A SECCIÓN":1,"VALLE DEL SOL":9,"VALLE VERDE":3,"VASCO DE QUIROGA":1,"VENADO DE SAN LORENZO":0,"VENADO DE YOSTIRO":1,"VILLA REAL":0,"VILLA SAN CAYETANO":1,"VILLAS DE IRAPUATO":4,"VILLAS EL DORADO":1,"VISTA HERMOSA":0,"municipio LIBRE":0,"ÁLAMOS":3,"ÁLVARO OBREGÓN":7},"Indeterminado":{"1 DE MAYO":0,"12 DE DICIEMBRE":0,"18 DE AGOSTO":0,"24 DE ABRIL":0,"24 DE DICIEMBRE":0,"5 DE SEPTIEMBRE":0,"ALDAMA":0,"AMPLIACIÓN LAS AMÉRICAS":0,"ARANDAS":0,"AZTECA":0,"BAJADA DE SAN MARTÍN":0,"BALCONES DE LA FLORESTA":0,"BELLAVISTA":0,"BENITO JUÁREZ 1":0,"BERNARDO COBOS":0,"BRISAS DEL RÍO":0,"CAMINO REAL":0,"CAMINO REAL DE LO DE JUÁREZ":0,"CAMPESTRE DE LAS FLORES":0,"CARRIZAL GRANDE":0,"CARRIZALITO":0,"CIUDAD DEPORTIVA":0,"CIUDAD INDUSTRIAL":0,"COLINAS DEL RÍO":0,"COLON":0,"COMISIÓN FEDERAL DE ELECTRICIDAD":0,"CONSTITUCIÓN DE APATZINGÁN":0,"COPALILLO":0,"CUARTA BRIGADA":0,"CUARTO DÍA":0,"DEL BOSQUE":0,"DISTRITO FEDERAL":0,"EJIDO LO DE JUÁREZ":0,"EL CANTADOR":0,"EL CARMEN":0,"EL COBANO":0,"EL COPAL":0,"EL CORTIJO":0,"EL MILAGRO":0,"EL RANCHITO INDEPENDENCIA":0,"EL REFUGIO":0,"EL ROSARIO":0,"EL TRÉBOL":0,"EL ZAPOTE":0,"EL ÁNGEL":0,"EMILIANO ZAPATA 2":0,"EMILIANO ZAPATA 2A":0,"EMILIANO ZAPATA 3A":0,"ERNESTO CHE GUEVARA":0,"ESFUERZO OBRERO":0,"ESFUERZO Y LUCHA":0,"ESPAÑITA":0,"ESTRELLA":0,"EXHACIENDA SAN MIGUELITO":0,"EXPO FRESAS":0,"FLORES MAGÓN NORTE":0,"FLORES MAGÓN SUR":0,"FLORESTA":0,"FONAPO":0,"FRANCISCO VILLA":0,"GALAXIA NARANJAL":0,"GAMEZ":0,"GANADERA":0,"GRANDE":0,"GUADALUPE":0,"GUADALUPE DE RIVERA":0,"GUANAJUATO":0,"GUERRERO":0,"HACIENDA LA VIRGEN":0,"HACIENDA LAS FLORES":0,"IGNACIO ALLENDE":0,"INDEPENDENCIA":0,"INSURGENTES":0,"IRAPUATO":0,"IRAPUATO CENTRO":0,"JARDINES DE IRAPUATO":0,"JARDINES DE LA HACIENDA":0,"JOSEFA ORTIZ DE DOMÍNGUEZ":0,"JUÁREZ":0,"LA CAJA":0,"LA CALERA":0,"LA CANDELARIA":0,"LA ESTANCIA":0,"LA GANADERA":0,"LA HACIENDA":0,"LA HUERTA":0,"LA LUPITA":0,"LA PAZ":0,"LA PRADERA":0,"LA SALUD":0,"LA SOLEDAD":0,"LA VALENCIANA":0,"LAS AMÉRICAS":0,"LAS ANIMAS":0,"LAS ARBOLEDAS":0,"LAS CARMELITAS":0,"LAS DELICIAS":0,"LAS ERAS":0,"LAS FUENTES":0,"LAS HUERTAS 3A SECCIÓN":0,"LAS MALVAS":0,"LAS MALVAS REVOLUCIÓN":0,"LAS MISIONES":0,"LAS PALMAS":0,"LAS PALOMAS":0,"LAS PLAZAS":0,"LAS REYNAS":0,"LAS ROSAS":0,"LAS TROJES":0,"LAS ÁGUILAS":0,"LINDAVISTA":0,"LOMA BONITA":0,"LOS ARCOS":0,"LOS ENCINOS":0,"LOS EUCALIPTOS":0,"LOS FRESNOS":0,"LOS GIRASOLES":0,"LOS HOYOS":0,"LOS HUERTOS":0,"LOS PINOS":0,"LOS PRESIDENTES":0,"LOS PRÍNCIPES":0,"LOS REYES":0,"LOS ÁNGELES":0,"LUCIO CABAÑAS":0,"LUIS ALONSO GONZÁLEZ":0,"LÁZARO CÁRDENAS":0,"MAGISTERIAL":0,"MIGUEL HIDALGO":0,"MODERNA":0,"MOLINO DE SANTA ANA":0,"MORELOS":0,"MUNGUIA":0,"NOGALIA":0,"NUEVA REFORMA AGRARIA":0,"NUEVO MÉXICO":0,"OBRERO":0,"PEÑUELAS":0,"PLAN DE GUANAJUATO":0,"PLAYA AZUL":0,"PRIMAVERA":0,"PRIMAVERAL":0,"PRIMERO DE MAYO INFONAVIT":0,"PRONASOL":0,"PROVIDENCIA DE PÉREZ":0,"PURÍSIMA DE FLORES":0,"PURÍSIMA DE TEMASCATIO":0,"PURÍSIMA DEL JARDÍN":0,"PURÍSIMA DEL JARDÍN O HILACHA":0,"PURÍSIMA DEL PROGRESO":0,"QUINTA SAN JOAQUÍN":0,"RAFAEL GALVÁN":0,"RANCHO COLON":0,"RANCHO GRANDE":0,"RANCHO NUEVO DE DOLORES":0,"RENOVACIÓN":0,"REVOLUCIÓN":0,"RINCÓN DE LOS ARCOS":0,"RINCÓN DE LOS FRESNOS":0,"RIVERA DE GUADALUPE":0,"RODRIGUEZ":0,"ROMA":0,"SAN AGUSTIN":0,"SAN ANTONIO DE AYALA":0,"SAN ANTONIO EL RICO":0,"SAN CARLOS":0,"SAN CAYETANO":0,"SAN CAYETANO DE LUNA I":0,"SAN CRISTÓBAL":0,"SAN FRANCISCO":0,"SAN GABRIEL 1A SECC.":0,"SAN GABRIEL 3A SECC.":0,"SAN ISIDRO":0,"SAN JOSÉ":0,"SAN JOSÉ DE JORGE LÓPEZ":0,"SAN JOSÉ DE LAS CRUCES":0,"SAN JUAN DE RETANA":0,"SAN MARTÍN DE PORRES":0,"SAN MIGUELITO":0,"SAN PEDRO":0,"SAN ROQUE":0,"SAN VICENTE":0,"SANTA ANITA":0,"SANTA BÁRBARA":0,"SANTA ELENA":0,"SANTA FE":0,"SANTA JULIA":0,"SANTA MARÍA":0,"SANTA ROSA TAMASCATIO":0,"SERRANO":0,"SIN COLONIA DE REFERENCIA":20,"SOLIDARIDAD INFONAVIT":0,"TABACHINES":0,"TAJÍN":0,"TARETAN":0,"TOMELOPEZ":0,"TOMELOPITOS":0,"UCOPI":0,"UNIDAD MODELO DEL IMSS":0,"VALENCIANITA":0,"VALLE DE LAS FLORES":0,"VALLE DE LAS FLORES 2A SECCIÓN":0,"VALLE DEL SOL":0,"VALLE VERDE":0,"VASCO DE QUIROGA":0,"VENADO DE SAN LORENZO":0,"VENADO DE YOSTIRO":0,"VILLA REAL":0,"VILLA SAN CAYETANO":0,"VILLAS DE IRAPUATO":0,"VILLAS EL DORADO":0,"VISTA HERMOSA":0,"municipio LIBRE":0,"ÁLAMOS":0,"ÁLVARO OBREGÓN":0},"Mujeres":{"1 DE MAYO":1,"12 DE DICIEMBRE":18,"18 DE AGOSTO":4,"24 DE ABRIL":2,"24 DE DICIEMBRE":4,"5 DE SEPTIEMBRE":1,"ALDAMA":1,"AMPLIACIÓN LAS AMÉRICAS":2,"ARANDAS":9,"AZTECA":3,"BAJADA DE SAN MARTÍN":5,"BALCONES DE LA FLORESTA":1,"BELLAVISTA":7,"BENITO JUÁREZ 1":2,"BERNARDO COBOS":4,"BRISAS DEL RÍO":5,"CAMINO REAL":1,"CAMINO REAL DE LO DE JUÁREZ":1,"CAMPESTRE DE LAS FLORES":1,"CARRIZAL GRANDE":1,"CARRIZALITO":1,"CIUDAD DEPORTIVA":0,"CIUDAD INDUSTRIAL":1,"COLINAS DEL RÍO":2,"COLON":5,"COMISIÓN FEDERAL DE ELECTRICIDAD":2,"CONSTITUCIÓN DE APATZINGÁN":18,"COPALILLO":1,"CUARTA BRIGADA":3,"CUARTO DÍA":1,"DEL BOSQUE":2,"DISTRITO FEDERAL":0,"EJIDO LO DE JUÁREZ":0,"EL CANTADOR":2,"EL CARMEN":4,"EL COBANO":1,"EL COPAL":0,"EL CORTIJO":0,"EL MILAGRO":3,"EL RANCHITO INDEPENDENCIA":1,"EL REFUGIO":15,"EL ROSARIO":0,"EL TRÉBOL":1,"EL ZAPOTE":0,"EL ÁNGEL":2,"EMILIANO ZAPATA 2":3,"EMILIANO ZAPATA 2A":1,"EMILIANO ZAPATA 3A":5,"ERNESTO CHE GUEVARA":4,"ESFUERZO OBRERO":3,"ESFUERZO Y LUCHA":0,"ESPAÑITA":0,"ESTRELLA":1,"EXHACIENDA SAN MIGUELITO":0,"EXPO FRESAS":1,"FLORES MAGÓN NORTE":6,"FLORES MAGÓN SUR":2,"FLORESTA":5,"FONAPO":1,"FRANCISCO VILLA":2,"GALAXIA NARANJAL":1,"GAMEZ":0,"GANADERA":7,"GRANDE":1,"GUADALUPE":4,"GUADALUPE DE RIVERA":1,"GUANAJUATO":0,"GUERRERO":0,"HACIENDA LA VIRGEN":4,"HACIENDA LAS FLORES":0,"IGNACIO ALLENDE":1,"INDEPENDENCIA":3,"INSURGENTES":3,"IRAPUATO":4,"IRAPUATO CENTRO":7,"JARDINES DE IRAPUATO":2,"JARDINES DE LA HACIENDA":7,"JOSEFA ORTIZ DE DOMÍNGUEZ":0,"JUÁREZ":2,"LA CAJA":2,"LA CALERA":4,"LA CANDELARIA":0,"LA ESTANCIA":1,"LA GANADERA":2,"LA HACIENDA":6,"LA HUERTA":2,"LA LUPITA":5,"LA PAZ":0,"LA PRADERA":2,"LA SALUD":2,"LA SOLEDAD":3,"LA VALENCIANA":3,"LAS AMÉRICAS":8,"LAS ANIMAS":3,"LAS ARBOLEDAS":2,"LAS CARMELITAS":4,"LAS DELICIAS":1,"LAS ERAS":1,"LAS FUENTES":5,"LAS HUERTAS 3A SECCIÓN":1,"LAS MALVAS":1,"LAS MALVAS REVOLUCIÓN":0,"LAS MISIONES":0,"LAS PALMAS":0,"LAS PALOMAS":1,"LAS PLAZAS":1,"LAS REYNAS":1,"LAS ROSAS":1,"LAS TROJES":1,"LAS ÁGUILAS":1,"LINDAVISTA":1,"LOMA BONITA":1,"LOS ARCOS":1,"LOS ENCINOS":0,"LOS EUCALIPTOS":0,"LOS FRESNOS":4,"LOS GIRASOLES":0,"LOS HOYOS":0,"LOS HUERTOS":2,"LOS PINOS":3,"LOS PRESIDENTES":7,"LOS PRÍNCIPES":1,"LOS REYES":4,"LOS ÁNGELES":1,"LUCIO CABAÑAS":10,"LUIS ALONSO GONZÁLEZ":4,"LÁZARO CÁRDENAS":2,"MAGISTERIAL":1,"MIGUEL HIDALGO":18,"MODERNA":1,"MOLINO DE SANTA ANA":0,"MORELOS":9,"MUNGUIA":0,"NOGALIA":1,"NUEVA REFORMA AGRARIA":4,"NUEVO MÉXICO":20,"OBRERO":0,"PEÑUELAS":0,"PLAN DE GUANAJUATO":5,"PLAYA AZUL":8,"PRIMAVERA":6,"PRIMAVERAL":1,"PRIMERO DE MAYO INFONAVIT":2,"PRONASOL":5,"PROVIDENCIA DE PÉREZ":1,"PURÍSIMA DE FLORES":0,"PURÍSIMA DE TEMASCATIO":0,"PURÍSIMA DEL JARDÍN":4,"PURÍSIMA DEL JARDÍN O HILACHA":0,"PURÍSIMA DEL PROGRESO":2,"QUINTA SAN JOAQUÍN":2,"RAFAEL GALVÁN":3,"RANCHO COLON":6,"RANCHO GRANDE":6,"RANCHO NUEVO DE DOLORES":0,"RENOVACIÓN":0,"REVOLUCIÓN":1,"RINCÓN DE LOS ARCOS":0,"RINCÓN DE LOS FRESNOS":2,"RIVERA DE GUADALUPE":2,"RODRIGUEZ":7,"ROMA":0,"SAN AGUSTIN":1,"SAN ANTONIO DE AYALA":2,"SAN ANTONIO EL RICO":3,"SAN CARLOS":0,"SAN CAYETANO":3,"SAN CAYETANO DE LUNA I":1,"SAN CRISTÓBAL":3,"SAN FRANCISCO":1,"SAN GABRIEL 1A SECC.":2,"SAN GABRIEL 3A SECC.":1,"SAN ISIDRO":4,"SAN JOSÉ":1,"SAN JOSÉ DE JORGE LÓPEZ":1,"SAN JOSÉ DE LAS CRUCES":0,"SAN JUAN DE RETANA":7,"SAN MARTÍN DE PORRES":15,"SAN MIGUELITO":12,"SAN PEDRO":5,"SAN ROQUE":7,"SAN VICENTE":3,"SANTA ANITA":2,"SANTA BÁRBARA":0,"SANTA ELENA":2,"SANTA FE":1,"SANTA JULIA":12,"SANTA MARÍA":10,"SANTA ROSA TAMASCATIO":1,"SERRANO":1,"SIN COLONIA DE REFERENCIA":555,"SOLIDARIDAD INFONAVIT":1,"TABACHINES":3,"TAJÍN":0,"TARETAN":0,"TOMELOPEZ":1,"TOMELOPITOS":1,"UCOPI":6,"UNIDAD MODELO DEL IMSS":2,"VALENCIANITA":3,"VALLE DE LAS FLORES":4,"VALLE DE LAS FLORES 2A SECCIÓN":1,"VALLE DEL SOL":17,"VALLE VERDE":11,"VASCO DE QUIROGA":0,"VENADO DE SAN LORENZO":2,"VENADO DE YOSTIRO":1,"VILLA REAL":1,"VILLA SAN CAYETANO":4,"VILLAS DE IRAPUATO":0,"VILLAS EL DORADO":0,"VISTA HERMOSA":1,"municipio LIBRE":3,"ÁLAMOS":3,"ÁLVARO OBREGÓN":4}},"anual":{"Hombre":{"1.CIFRA SIN  AÑO DE REFERENCIA":11,"1984":1,"2004":2,"2006":8,"2007":66,"2008":68,"2009":87,"2010":5,"2011":49,"2012":39,"2013":133,"2014":140,"2015":132,"2016":61,"2017":31,"2018":40,"2019":95,"2020":73,"2021":4},"Indeterminado":{"1.CIFRA SIN  AÑO DE REFERENCIA":0,"1984":0,"2004":0,"2006":0,"2007":0,"2008":0,"2009":0,"2010":0,"2011":0,"2012":0,"2013":0,"2014":0,"2015":0,"2016":0,"2017":0,"2018":4,"2019":12,"2020":4,"2021":0},"Mujer":{"1.CIFRA SIN  AÑO DE REFERENCIA":4,"1984":0,"2004":0,"2006":15,"2007":109,"2008":111,"2009":135,"2010":7,"2011":77,"2012":70,"2013":150,"2014":210,"2015":167,"2016":54,"2017":17,"2018":10,"2019":12,"2020":18,"2021":1}},"mensual_ultimo_anio":{"Hombre":{"2020-ABRIL":7,"2020-AGOSTO":0,"2020-DICIEMBRE":2,"2020-ENERO":5,"2020-FEBRERO":7,"2020-JULIO":9,"2020-JUNIO":18,"2020-MARZO":15,"2020-MAYO":10,"2021-ABRIL":2,"2021-JULIO":1,"2021-MAYO":1},"Indeterminado":{"2020-ABRIL":2,"2020-AGOSTO":0,"2020-DICIEMBRE":0,"2020-ENERO":0,"2020-FEBRERO":0,"2020-JULIO":1,"2020-JUNIO":0,"2020-MARZO":0,"2020-MAYO":1,"2021-ABRIL":0,"2021-JULIO":0,"2021-MAYO":0},"Mujer":{"2020-ABRIL":2,"2020-AGOSTO":1,"2020-DICIEMBRE":2,"2020-ENERO":2,"2020-FEBRERO":1,"2020-JULIO":3,"2020-JUNIO":4,"2020-MARZO":1,"2020-MAYO":2,"2021-ABRIL":0,"2021-JULIO":1,"2021-MAYO":0}},"por_edad":{"Hombres":{"0":6,"1":3,"10":11,"11":10,"12":15,"13":17,"14":37,"15":53,"16":51,"17":34,"18":28,"19":30,"2":9,"20":25,"21":29,"22":30,"23":28,"24":27,"25":23,"26":29,"27":22,"28":12,"29":26,"3":3,"30":18,"31":18,"32":17,"33":21,"34":19,"35":19,"36":18,"37":22,"38":15,"39":14,"4":1,"40":22,"41":17,"42":20,"43":15,"44":14,"45":17,"46":13,"47":17,"48":5,"49":6,"5":2,"50":8,"51":4,"52":6,"53":4,"54":8,"55":4,"56":9,"57":3,"58":5,"59":8,"6":6,"60":2,"61":4,"62":7,"63":5,"64":2,"65":4,"66":2,"67":0,"68":1,"69":3,"7":6,"70":2,"71":3,"72":1,"73":1,"74":1,"75":2,"76":4,"77":4,"78":1,"79":2,"8":1,"80":3,"81":2,"82":2,"84":4,"85":3,"86":1,"87":1,"88":2,"9":8,"90":1,"91":2,"92":1,"94":1,"95":1,"SIN EDAD DE REFERENCIA":2},"Indeterminado":{"0":0,"1":0,"10":0,"11":0,"12":0,"13":0,"14":0,"15":0,"16":0,"17":0,"18":0,"19":1,"2":0,"20":0,"21":3,"22":0,"23":0,"24":1,"25":1,"26":0,"27":1,"28":1,"29":1,"3":0,"30":2,"31":0,"32":0,"33":1,"34":0,"35":0,"36":1,"37":1,"38":0,"39":0,"4":0,"40":0,"41":1,"42":1,"43":0,"44":1,"45":0,"46":0,"47":0,"48":0,"49":0,"5":0,"50":0,"51":0,"52":1,"53":0,"54":0,"55":0,"56":1,"57":0,"58":0,"59":0,"6":0,"60":0,"61":0,"62":0,"63":0,"64":0,"65":0,"66":0,"67":0,"68":0,"69":0,"7":0,"70":0,"71":0,"72":0,"73":0,"74":0,"75":0,"76":0,"77":0,"78":0,"79":0,"8":0,"80":0,"81":0,"82":0,"84":0,"85":0,"86":0,"87":0,"88":0,"9":0,"90":0,"91":0,"92":0,"94":0,"95":0,"SIN EDAD DE REFERENCIA":1},"Mujeres":{"0":7,"1":4,"10":4,"11":9,"12":25,"13":91,"14":133,"15":145,"16":130,"17":114,"18":66,"19":55,"2":3,"20":46,"21":29,"22":17,"23":17,"24":23,"25":16,"26":22,"27":13,"28":9,"29":11,"3":5,"30":15,"31":9,"32":8,"33":7,"34":9,"35":5,"36":6,"37":9,"38":4,"39":7,"4":2,"40":6,"41":2,"42":2,"43":1,"44":2,"45":3,"46":6,"47":3,"48":3,"49":1,"5":1,"50":1,"51":2,"52":2,"53":2,"54":0,"55":5,"56":2,"57":1,"58":2,"59":2,"6":4,"60":3,"61":1,"62":2,"63":1,"64":0,"65":1,"66":1,"67":1,"68":0,"69":1,"7":3,"70":1,"71":2,"72":0,"73":2,"74":0,"75":0,"76":0,"77":0,"78":1,"79":1,"8":2,"80":2,"81":2,"82":1,"84":0,"85":0,"86":1,"87":0,"88":2,"9":5,"90":0,"91":0,"92":0,"94":0,"95":0,"SIN EDAD DE REFERENCIA":3}},"por_nacionalidad":{"Hombres":{"BRASILENA":0,"ESPANOLA":1,"ESTADOUNIDENSE":1,"GUATEMALTECA":1,"MEXICANA":553,"MONEGASCA":1,"NICARAGUENSE":1,"PARAGUAYA":0,"SE DESCONOCE":39,"SIN NACIONALIDAD DE REFERENCIA":448},"Indeterminado":{"BRASILENA":0,"ESPANOLA":0,"ESTADOUNIDENSE":0,"GUATEMALTECA":0,"MEXICANA":12,"MONEGASCA":0,"NICARAGUENSE":0,"PARAGUAYA":0,"SE DESCONOCE":8,"SIN NACIONALIDAD DE REFERENCIA":0},"Mujeres":{"BRASILENA":1,"ESPANOLA":1,"ESTADOUNIDENSE":2,"GUATEMALTECA":0,"MEXICANA":508,"MONEGASCA":0,"NICARAGUENSE":0,"PARAGUAYA":1,"SE DESCONOCE":9,"SIN NACIONALIDAD DE REFERENCIA":645}}}