{"totales":{"PorcentajeDesaparecidos":"46.43","PorcentajeLocalizados":"53.57","PorcentajeLocalizadosCV":"93.33","PorcentajeLocalizadosSV":"6.67","PorcentajeSoloDesaparecidos":"100.00","PorcentajeSoloNoLocalizados":"0.00","TotalDesaparecidos":"13","TotalGlobal":"28","TotalLocalizados":"15","TotalLocalizadosCV":"14","TotalLocalizadosSV":"01","TotalSoloDesaparecidos":"13","TotalSoloNoLocalizados":"00"},"espacial":{"Hombres":{"HUANIMARO CENTRO":1,"JAROCHES":1,"LA LOBERA EL RIÑÓN":0,"MONTE BLANCO":0,"SAN JOSÉ DE AYALA":0,"SIN COLONIA DE REFERENCIA":10},"Indeterminado":{"HUANIMARO CENTRO":0,"JAROCHES":0,"LA LOBERA EL RIÑÓN":0,"MONTE BLANCO":0,"SAN JOSÉ DE AYALA":0,"SIN COLONIA DE REFERENCIA":2},"Mujeres":{"HUANIMARO CENTRO":0,"JAROCHES":1,"LA LOBERA EL RIÑÓN":1,"MONTE BLANCO":3,"SAN JOSÉ DE AYALA":1,"SIN COLONIA DE REFERENCIA":8}},"anual":{"Hombre":{"2007":0,"2013":2,"2014":0,"2015":1,"2017":0,"2018":4,"2019":3,"2020":2},"Indeterminado":{"2007":0,"2013":0,"2014":0,"2015":0,"2017":0,"2018":0,"2019":2,"2020":0},"Mujer":{"2007":1,"2013":4,"2014":2,"2015":3,"2017":2,"2018":0,"2019":1,"2020":1}},"mensual_ultimo_anio":{"Hombre":{"2015-SEPTIEMBRE":1,"2017-MAYO":0,"2018-DICIEMBRE":1,"2018-MAYO":2,"2018-OCTUBRE":1,"2019-DICIEMBRE":0,"2019-ENERO":0,"2019-FEBRERO":1,"2019-MAYO":0,"2019-NOVIEMBRE":1,"2019-OCTUBRE":1,"2020-JUNIO":2},"Indeterminado":{"2015-SEPTIEMBRE":0,"2017-MAYO":0,"2018-DICIEMBRE":0,"2018-MAYO":0,"2018-OCTUBRE":0,"2019-DICIEMBRE":0,"2019-ENERO":1,"2019-FEBRERO":0,"2019-MAYO":1,"2019-NOVIEMBRE":0,"2019-OCTUBRE":0,"2020-JUNIO":0},"Mujer":{"2015-SEPTIEMBRE":0,"2017-MAYO":2,"2018-DICIEMBRE":0,"2018-MAYO":0,"2018-OCTUBRE":0,"2019-DICIEMBRE":1,"2019-ENERO":0,"2019-FEBRERO":0,"2019-MAYO":0,"2019-NOVIEMBRE":0,"2019-OCTUBRE":0,"2020-JUNIO":1}},"por_edad":{"Hombres":{"14":0,"15":0,"16":0,"18":0,"19":1,"21":0,"23":0,"24":2,"25":0,"28":0,"30":1,"31":0,"33":1,"34":1,"40":2,"42":0,"46":1,"55":1,"56":1,"59":0,"81":1},"Indeterminado":{"14":0,"15":0,"16":0,"18":0,"19":0,"21":1,"23":0,"24":0,"25":0,"28":0,"30":0,"31":0,"33":0,"34":0,"40":0,"42":1,"46":0,"55":0,"56":0,"59":0,"81":0},"Mujeres":{"14":1,"15":2,"16":4,"18":1,"19":0,"21":0,"23":1,"24":0,"25":1,"28":1,"30":0,"31":1,"33":0,"34":0,"40":1,"42":0,"46":0,"55":0,"56":0,"59":1,"81":0}},"por_nacionalidad":{"Hombres":{"MEXICANA":8,"SE DESCONOCE":1,"SIN NACIONALIDAD DE REFERENCIA":3},"Indeterminado":{"MEXICANA":2,"SE DESCONOCE":0,"SIN NACIONALIDAD DE REFERENCIA":0},"Mujeres":{"MEXICANA":8,"SE DESCONOCE":0,"SIN NACIONALIDAD DE REFERENCIA":6}}}