{"totales":{"PorcentajeDesaparecidos":"27.03","PorcentajeLocalizados":"72.97","PorcentajeLocalizadosCV":"92.59","PorcentajeLocalizadosSV":"7.41","PorcentajeSoloDesaparecidos":"100.00","PorcentajeSoloNoLocalizados":"0.00","TotalDesaparecidos":"10","TotalGlobal":"37","TotalLocalizados":"27","TotalLocalizadosCV":"25","TotalLocalizadosSV":"02","TotalSoloDesaparecidos":"10","TotalSoloNoLocalizados":"00"},"espacial":{"Hombres":{"CANDELAS":1,"ESTANZUELA DE ROMERO":0,"LA SABANILLA":1,"SIN COLONIA DE REFERENCIA":12,"TACAMBARILLO":0,"YERBABUENA":1},"Indeterminado":{"CANDELAS":0,"ESTANZUELA DE ROMERO":0,"LA SABANILLA":0,"SIN COLONIA DE REFERENCIA":5,"TACAMBARILLO":0,"YERBABUENA":0},"Mujeres":{"CANDELAS":0,"ESTANZUELA DE ROMERO":1,"LA SABANILLA":0,"SIN COLONIA DE REFERENCIA":15,"TACAMBARILLO":1,"YERBABUENA":0}},"anual":{"Hombre":{"2007":1,"2008":0,"2009":1,"2010":2,"2011":1,"2012":1,"2013":2,"2014":1,"2015":2,"2016":1,"2017":1,"2018":0,"2019":0,"2020":2},"Indeterminado":{"2007":0,"2008":0,"2009":0,"2010":0,"2011":0,"2012":0,"2013":0,"2014":0,"2015":0,"2016":0,"2017":0,"2018":4,"2019":1,"2020":0},"Mujer":{"2007":2,"2008":1,"2009":1,"2010":1,"2011":2,"2012":3,"2013":2,"2014":2,"2015":1,"2016":0,"2017":0,"2018":0,"2019":0,"2020":2}},"mensual_ultimo_anio":{"Hombre":{"2015-MAYO":0,"2015-SEPTIEMBRE":1,"2016-AGOSTO":1,"2017-JUNIO":1,"2018-AGOSTO":0,"2018-JULIO":0,"2018-MAYO":0,"2018-SEPTIEMBRE":0,"2019-MAYO":0,"2020-JUNIO":1,"2020-MARZO":0,"2020-MAYO":1},"Indeterminado":{"2015-MAYO":0,"2015-SEPTIEMBRE":0,"2016-AGOSTO":0,"2017-JUNIO":0,"2018-AGOSTO":1,"2018-JULIO":1,"2018-MAYO":1,"2018-SEPTIEMBRE":1,"2019-MAYO":1,"2020-JUNIO":0,"2020-MARZO":0,"2020-MAYO":0},"Mujer":{"2015-MAYO":1,"2015-SEPTIEMBRE":0,"2016-AGOSTO":0,"2017-JUNIO":0,"2018-AGOSTO":0,"2018-JULIO":0,"2018-MAYO":0,"2018-SEPTIEMBRE":0,"2019-MAYO":0,"2020-JUNIO":1,"2020-MARZO":1,"2020-MAYO":0}},"por_edad":{"Hombres":{"1":1,"11":0,"13":0,"14":0,"15":0,"17":1,"18":0,"19":0,"20":0,"21":1,"22":2,"23":0,"28":1,"29":1,"31":0,"32":0,"33":0,"34":0,"36":1,"39":1,"41":3,"52":0,"55":0,"8":0,"80":1,"81":1,"87":1},"Indeterminado":{"1":0,"11":0,"13":0,"14":0,"15":0,"17":0,"18":0,"19":0,"20":0,"21":0,"22":0,"23":1,"28":0,"29":0,"31":0,"32":0,"33":1,"34":1,"36":1,"39":1,"41":0,"52":0,"55":0,"8":0,"80":0,"81":0,"87":0},"Mujeres":{"1":0,"11":1,"13":1,"14":1,"15":1,"17":2,"18":2,"19":2,"20":1,"21":1,"22":0,"23":0,"28":0,"29":0,"31":1,"32":1,"33":0,"34":0,"36":0,"39":0,"41":0,"52":1,"55":1,"8":1,"80":0,"81":0,"87":0}},"por_nacionalidad":{"Hombres":{"MEXICANA":9,"SE DESCONOCE":0,"SIN NACIONALIDAD DE REFERENCIA":6},"Indeterminado":{"MEXICANA":5,"SE DESCONOCE":0,"SIN NACIONALIDAD DE REFERENCIA":0},"Mujeres":{"MEXICANA":11,"SE DESCONOCE":1,"SIN NACIONALIDAD DE REFERENCIA":5}}}