{"totales":{"PorcentajeDesaparecidos":"25.71","PorcentajeLocalizados":"74.29","PorcentajeLocalizadosCV":"98.08","PorcentajeLocalizadosSV":"1.92","PorcentajeSoloDesaparecidos":"100.00","PorcentajeSoloNoLocalizados":"0.00","TotalDesaparecidos":"18","TotalGlobal":"70","TotalLocalizados":"52","TotalLocalizadosCV":"51","TotalLocalizadosSV":"01","TotalSoloDesaparecidos":"18","TotalSoloNoLocalizados":"00"},"espacial":{"Hombres":{"CERRITO DE CAMARGO":1,"DEL VALLE":1,"EL ARMADILLO":0,"EMILIANO ZAPATA":1,"JOSEFA ORTIZ DE DOMÍNGUEZ":2,"LOS LLANITOS":1,"MOGOTE DEL GALLO":0,"SANTIAGO CAPITIRO":0,"SIN COLONIA DE REFERENCIA":18,"VICTORIA DE CORTAZAR":1,"ZEMPOALA":1},"Indeterminado":{"CERRITO DE CAMARGO":0,"DEL VALLE":0,"EL ARMADILLO":0,"EMILIANO ZAPATA":0,"JOSEFA ORTIZ DE DOMÍNGUEZ":0,"LOS LLANITOS":0,"MOGOTE DEL GALLO":0,"SANTIAGO CAPITIRO":0,"SIN COLONIA DE REFERENCIA":3,"VICTORIA DE CORTAZAR":0,"ZEMPOALA":0},"Mujeres":{"CERRITO DE CAMARGO":2,"DEL VALLE":3,"EL ARMADILLO":1,"EMILIANO ZAPATA":5,"JOSEFA ORTIZ DE DOMÍNGUEZ":4,"LOS LLANITOS":0,"MOGOTE DEL GALLO":1,"SANTIAGO CAPITIRO":1,"SIN COLONIA DE REFERENCIA":23,"VICTORIA DE CORTAZAR":1,"ZEMPOALA":0}},"anual":{"Hombre":{"2007":1,"2008":1,"2009":1,"2011":2,"2012":3,"2013":4,"2014":3,"2015":1,"2016":0,"2018":1,"2019":4,"2020":5,"2021":0},"Indeterminado":{"2007":0,"2008":0,"2009":0,"2011":0,"2012":0,"2013":0,"2014":0,"2015":0,"2016":0,"2018":0,"2019":2,"2020":1,"2021":0},"Mujer":{"2007":3,"2008":6,"2009":1,"2011":3,"2012":4,"2013":6,"2014":7,"2015":3,"2016":3,"2018":0,"2019":1,"2020":3,"2021":1}},"mensual_ultimo_anio":{"Hombre":{"2019-AGOSTO":0,"2019-ENERO":0,"2019-FEBRERO":1,"2019-JULIO":1,"2019-MAYO":1,"2019-NOVIEMBRE":1,"2020-ABRIL":0,"2020-ENERO":1,"2020-FEBRERO":1,"2020-JULIO":1,"2020-MAYO":2,"2021-ABRIL":0},"Indeterminado":{"2019-AGOSTO":0,"2019-ENERO":1,"2019-FEBRERO":0,"2019-JULIO":0,"2019-MAYO":1,"2019-NOVIEMBRE":0,"2020-ABRIL":1,"2020-ENERO":0,"2020-FEBRERO":0,"2020-JULIO":0,"2020-MAYO":0,"2021-ABRIL":0},"Mujer":{"2019-AGOSTO":1,"2019-ENERO":0,"2019-FEBRERO":0,"2019-JULIO":0,"2019-MAYO":0,"2019-NOVIEMBRE":0,"2020-ABRIL":0,"2020-ENERO":1,"2020-FEBRERO":1,"2020-JULIO":0,"2020-MAYO":1,"2021-ABRIL":1}},"por_edad":{"Hombres":{"0":1,"12":0,"13":1,"14":0,"15":1,"16":2,"17":1,"18":0,"19":0,"21":1,"22":2,"24":1,"25":0,"26":0,"28":1,"29":1,"32":0,"33":2,"34":1,"35":1,"36":2,"37":1,"38":2,"39":0,"40":1,"42":1,"43":0,"46":0,"48":1,"50":0,"53":1,"58":1,"65":0,"68":0,"SIN EDAD DE REFERENCIA":0},"Indeterminado":{"0":0,"12":0,"13":0,"14":0,"15":0,"16":0,"17":0,"18":0,"19":0,"21":0,"22":0,"24":0,"25":0,"26":0,"28":0,"29":0,"32":1,"33":0,"34":0,"35":0,"36":0,"37":0,"38":0,"39":0,"40":0,"42":0,"43":0,"46":0,"48":0,"50":0,"53":0,"58":0,"65":0,"68":0,"SIN EDAD DE REFERENCIA":2},"Mujeres":{"0":0,"12":1,"13":2,"14":5,"15":9,"16":2,"17":3,"18":3,"19":2,"21":2,"22":0,"24":0,"25":2,"26":2,"28":1,"29":0,"32":0,"33":1,"34":0,"35":0,"36":0,"37":0,"38":0,"39":1,"40":0,"42":0,"43":1,"46":1,"48":0,"50":1,"53":0,"58":0,"65":1,"68":1,"SIN EDAD DE REFERENCIA":0}},"por_nacionalidad":{"Hombres":{"MEXICANA":11,"SE DESCONOCE":6,"SIN NACIONALIDAD DE REFERENCIA":9},"Indeterminado":{"MEXICANA":1,"SE DESCONOCE":2,"SIN NACIONALIDAD DE REFERENCIA":0},"Mujeres":{"MEXICANA":18,"SE DESCONOCE":3,"SIN NACIONALIDAD DE REFERENCIA":20}}}