{"totales":{"PorcentajeDesaparecidos":"18.80","PorcentajeLocalizados":"81.20","PorcentajeLocalizadosCV":"96.30","PorcentajeLocalizadosSV":"3.70","PorcentajeSoloDesaparecidos":"100.00","PorcentajeSoloNoLocalizados":"0.00","TotalDesaparecidos":"50","TotalGlobal":"266","TotalLocalizados":"216","TotalLocalizadosCV":"208","TotalLocalizadosSV":"08","TotalSoloDesaparecidos":"50","TotalSoloNoLocalizados":"00"},"espacial":{"Hombres":{"ALAMEDA":1,"CARRILLO PUERTO":6,"CAÑADA DE CARACHEO":0,"CERRITO COLORADO":3,"CHAPINGO":3,"CORTAZAR CENTRO":1,"DEL VALLE":3,"EJEMPLO ES CORTAZAR":1,"EL DURAZNO":0,"EL FRESNO":0,"EL PIPILA":1,"GUANAJUATO":1,"JACINTO LÓPEZ":4,"LA PERLA":0,"MAGUEYES":1,"NUEVA ROSALES":1,"NUEVA SAN FRANCISCO":0,"ROSALES":1,"SAN MIGUEL":1,"SIN COLONIA DE REFERENCIA":101,"VISTA HERMOSA":0},"Indeterminado":{"ALAMEDA":0,"CARRILLO PUERTO":0,"CAÑADA DE CARACHEO":0,"CERRITO COLORADO":0,"CHAPINGO":0,"CORTAZAR CENTRO":0,"DEL VALLE":0,"EJEMPLO ES CORTAZAR":0,"EL DURAZNO":0,"EL FRESNO":0,"EL PIPILA":0,"GUANAJUATO":0,"JACINTO LÓPEZ":0,"LA PERLA":0,"MAGUEYES":0,"NUEVA ROSALES":0,"NUEVA SAN FRANCISCO":0,"ROSALES":0,"SAN MIGUEL":0,"SIN COLONIA DE REFERENCIA":10,"VISTA HERMOSA":0},"Mujeres":{"ALAMEDA":3,"CARRILLO PUERTO":4,"CAÑADA DE CARACHEO":1,"CERRITO COLORADO":7,"CHAPINGO":0,"CORTAZAR CENTRO":1,"DEL VALLE":1,"EJEMPLO ES CORTAZAR":0,"EL DURAZNO":1,"EL FRESNO":1,"EL PIPILA":2,"GUANAJUATO":1,"JACINTO LÓPEZ":10,"LA PERLA":1,"MAGUEYES":0,"NUEVA ROSALES":0,"NUEVA SAN FRANCISCO":1,"ROSALES":1,"SAN MIGUEL":1,"SIN COLONIA DE REFERENCIA":90,"VISTA HERMOSA":1}},"anual":{"Hombre":{"1.CIFRA SIN  AÑO DE REFERENCIA":1,"2007":2,"2008":3,"2009":11,"2010":2,"2011":10,"2012":20,"2013":14,"2014":15,"2015":16,"2016":18,"2017":3,"2018":3,"2019":3,"2020":7,"2021":1},"Indeterminado":{"1.CIFRA SIN  AÑO DE REFERENCIA":0,"2007":0,"2008":0,"2009":0,"2010":0,"2011":0,"2012":0,"2013":0,"2014":0,"2015":0,"2016":0,"2017":0,"2018":4,"2019":6,"2020":0,"2021":0},"Mujer":{"1.CIFRA SIN  AÑO DE REFERENCIA":1,"2007":0,"2008":4,"2009":7,"2010":0,"2011":26,"2012":15,"2013":19,"2014":26,"2015":13,"2016":10,"2017":0,"2018":2,"2019":2,"2020":2,"2021":0}},"mensual_ultimo_anio":{"Hombre":{"2019-DICIEMBRE":0,"2019-JUNIO":1,"2019-MAYO":0,"2019-NOVIEMBRE":0,"2019-SEPTIEMBRE":1,"2020-ABRIL":1,"2020-ENERO":1,"2020-JULIO":1,"2020-JUNIO":0,"2020-MARZO":3,"2020-MAYO":1,"2021-ABRIL":1},"Indeterminado":{"2019-DICIEMBRE":1,"2019-JUNIO":1,"2019-MAYO":1,"2019-NOVIEMBRE":1,"2019-SEPTIEMBRE":1,"2020-ABRIL":0,"2020-ENERO":0,"2020-JULIO":0,"2020-JUNIO":0,"2020-MARZO":0,"2020-MAYO":0,"2021-ABRIL":0},"Mujer":{"2019-DICIEMBRE":0,"2019-JUNIO":0,"2019-MAYO":2,"2019-NOVIEMBRE":0,"2019-SEPTIEMBRE":0,"2020-ABRIL":0,"2020-ENERO":0,"2020-JULIO":0,"2020-JUNIO":1,"2020-MARZO":1,"2020-MAYO":0,"2021-ABRIL":0}},"por_edad":{"Hombres":{"0":0,"1":0,"10":1,"12":6,"13":4,"14":4,"15":2,"16":4,"17":1,"18":0,"19":1,"2":2,"20":4,"21":2,"22":3,"23":4,"24":3,"25":7,"26":2,"27":5,"28":5,"29":3,"3":1,"30":3,"31":3,"32":4,"33":3,"34":4,"35":3,"36":1,"37":1,"38":4,"4":0,"40":1,"41":2,"42":2,"43":2,"44":2,"45":4,"47":3,"48":4,"49":1,"5":1,"52":1,"55":1,"56":1,"58":1,"59":1,"6":2,"61":0,"63":1,"65":1,"7":0,"70":1,"75":2,"78":0,"82":2,"9":1,"96":1,"SIN EDAD DE REFERENCIA":1},"Indeterminado":{"0":0,"1":0,"10":0,"12":0,"13":0,"14":0,"15":0,"16":0,"17":0,"18":0,"19":1,"2":0,"20":0,"21":0,"22":1,"23":0,"24":1,"25":2,"26":0,"27":1,"28":0,"29":0,"3":0,"30":0,"31":0,"32":0,"33":0,"34":0,"35":0,"36":0,"37":1,"38":2,"4":0,"40":0,"41":1,"42":0,"43":0,"44":0,"45":0,"47":0,"48":0,"49":0,"5":0,"52":0,"55":0,"56":0,"58":0,"59":0,"6":0,"61":0,"63":0,"65":0,"7":0,"70":0,"75":0,"78":0,"82":0,"9":0,"96":0,"SIN EDAD DE REFERENCIA":0},"Mujeres":{"0":1,"1":1,"10":0,"12":3,"13":5,"14":17,"15":14,"16":11,"17":15,"18":4,"19":3,"2":2,"20":1,"21":3,"22":1,"23":3,"24":6,"25":1,"26":4,"27":1,"28":1,"29":4,"3":0,"30":3,"31":0,"32":1,"33":1,"34":1,"35":3,"36":1,"37":0,"38":1,"4":2,"40":1,"41":0,"42":0,"43":2,"44":0,"45":0,"47":0,"48":0,"49":0,"5":0,"52":0,"55":0,"56":0,"58":1,"59":0,"6":2,"61":1,"63":0,"65":0,"7":1,"70":1,"75":0,"78":1,"82":0,"9":3,"96":0,"SIN EDAD DE REFERENCIA":0}},"por_nacionalidad":{"Hombres":{"MEXICANA":96,"SE DESCONOCE":3,"SIN NACIONALIDAD DE REFERENCIA":30},"Indeterminado":{"MEXICANA":10,"SE DESCONOCE":0,"SIN NACIONALIDAD DE REFERENCIA":0},"Mujeres":{"MEXICANA":84,"SE DESCONOCE":1,"SIN NACIONALIDAD DE REFERENCIA":42}}}