{"totales":{"PorcentajeDesaparecidos":"43.48","PorcentajeLocalizados":"56.52","PorcentajeLocalizadosCV":"94.87","PorcentajeLocalizadosSV":"5.13","PorcentajeSoloDesaparecidos":"100.00","PorcentajeSoloNoLocalizados":"0.00","TotalDesaparecidos":"30","TotalGlobal":"69","TotalLocalizados":"39","TotalLocalizadosCV":"37","TotalLocalizadosSV":"02","TotalSoloDesaparecidos":"30","TotalSoloNoLocalizados":"00"},"espacial":{"Hombres":{"CIENEGUILLA":1,"GALERA DE LA GRULLA":1,"LOS ARROYITOS":0,"MARAVILLAS":1,"PRESITA EL SÁUZ":1,"SAN FRANCISCO":0,"SIN COLONIA DE REFERENCIA":40,"TUPATARO":0},"Indeterminado":{"CIENEGUILLA":0,"GALERA DE LA GRULLA":0,"LOS ARROYITOS":0,"MARAVILLAS":0,"PRESITA EL SÁUZ":0,"SAN FRANCISCO":0,"SIN COLONIA DE REFERENCIA":4,"TUPATARO":0},"Mujeres":{"CIENEGUILLA":1,"GALERA DE LA GRULLA":0,"LOS ARROYITOS":1,"MARAVILLAS":0,"PRESITA EL SÁUZ":0,"SAN FRANCISCO":1,"SIN COLONIA DE REFERENCIA":16,"TUPATARO":2}},"anual":{"Hombre":{"2008":4,"2009":6,"2011":0,"2012":2,"2013":1,"2014":5,"2015":4,"2016":1,"2018":2,"2019":10,"2020":9},"Indeterminado":{"2008":0,"2009":0,"2011":0,"2012":0,"2013":0,"2014":0,"2015":0,"2016":0,"2018":0,"2019":4,"2020":0},"Mujer":{"2008":2,"2009":0,"2011":1,"2012":3,"2013":2,"2014":0,"2015":4,"2016":4,"2018":0,"2019":3,"2020":2}},"mensual_ultimo_anio":{"Hombre":{"2019-AGOSTO":0,"2019-DICIEMBRE":2,"2019-JUNIO":3,"2019-MAYO":2,"2019-NOVIEMBRE":1,"2019-SEPTIEMBRE":1,"2020-ABRIL":1,"2020-ENERO":2,"2020-FEBRERO":3,"2020-JULIO":0,"2020-JUNIO":2,"2020-MAYO":1},"Indeterminado":{"2019-AGOSTO":1,"2019-DICIEMBRE":0,"2019-JUNIO":0,"2019-MAYO":1,"2019-NOVIEMBRE":0,"2019-SEPTIEMBRE":0,"2020-ABRIL":0,"2020-ENERO":0,"2020-FEBRERO":0,"2020-JULIO":0,"2020-JUNIO":0,"2020-MAYO":0},"Mujer":{"2019-AGOSTO":1,"2019-DICIEMBRE":0,"2019-JUNIO":0,"2019-MAYO":2,"2019-NOVIEMBRE":0,"2019-SEPTIEMBRE":0,"2020-ABRIL":0,"2020-ENERO":0,"2020-FEBRERO":1,"2020-JULIO":1,"2020-JUNIO":0,"2020-MAYO":0}},"por_edad":{"Hombres":{"11":2,"13":0,"14":2,"15":2,"16":0,"18":1,"19":2,"2":1,"22":3,"23":1,"25":3,"27":1,"28":1,"29":2,"30":1,"31":0,"33":1,"34":1,"36":1,"37":1,"38":3,"39":1,"40":1,"41":2,"42":1,"44":1,"45":1,"47":2,"48":1,"50":1,"56":1,"59":1,"61":1,"64":0,"70":1,"77":0},"Indeterminado":{"11":0,"13":0,"14":0,"15":0,"16":0,"18":0,"19":0,"2":0,"22":1,"23":0,"25":0,"27":0,"28":0,"29":0,"30":0,"31":1,"33":0,"34":0,"36":0,"37":0,"38":0,"39":0,"40":1,"41":0,"42":0,"44":0,"45":0,"47":0,"48":0,"50":0,"56":0,"59":0,"61":0,"64":0,"70":0,"77":1},"Mujeres":{"11":0,"13":2,"14":3,"15":3,"16":4,"18":3,"19":1,"2":0,"22":0,"23":1,"25":1,"27":0,"28":0,"29":0,"30":0,"31":1,"33":0,"34":0,"36":0,"37":0,"38":0,"39":0,"40":0,"41":1,"42":0,"44":0,"45":0,"47":0,"48":0,"50":0,"56":0,"59":0,"61":0,"64":1,"70":0,"77":0}},"por_nacionalidad":{"Hombres":{"MEXICANA":27,"SE DESCONOCE":4,"SIN NACIONALIDAD DE REFERENCIA":13},"Indeterminado":{"MEXICANA":4,"SE DESCONOCE":0,"SIN NACIONALIDAD DE REFERENCIA":0},"Mujeres":{"MEXICANA":16,"SE DESCONOCE":0,"SIN NACIONALIDAD DE REFERENCIA":5}}}