{"totales":{"PorcentajeDesaparecidos":"31.25","PorcentajeLocalizados":"68.75","PorcentajeLocalizadosCV":"100.00","PorcentajeLocalizadosSV":"0.00","PorcentajeSoloDesaparecidos":"100.00","PorcentajeSoloNoLocalizados":"0.00","TotalDesaparecidos":"05","TotalGlobal":"16","TotalLocalizados":"11","TotalLocalizadosCV":"11","TotalLocalizadosSV":"00","TotalSoloDesaparecidos":"05","TotalSoloNoLocalizados":"00"},"espacial":{"Hombres":{"EL CALVARIO":1,"LA VENTA":2,"PIEDRA LARGA":0,"SIN COLONIA DE REFERENCIA":7},"Indeterminado":{"EL CALVARIO":0,"LA VENTA":0,"PIEDRA LARGA":0,"SIN COLONIA DE REFERENCIA":0},"Mujeres":{"EL CALVARIO":0,"LA VENTA":1,"PIEDRA LARGA":2,"SIN COLONIA DE REFERENCIA":3}},"anual":{"Hombre":{"2012":0,"2014":1,"2015":3,"2016":1,"2019":2,"2020":3},"Indeterminado":{"2012":0,"2014":0,"2015":0,"2016":0,"2019":0,"2020":0},"Mujer":{"2012":2,"2014":0,"2015":4,"2016":0,"2019":0,"2020":0}},"mensual_ultimo_anio":{"Hombre":{"2012-NOVIEMBRE":0,"2014-SEPTIEMBRE":1,"2015-AGOSTO":1,"2015-ENERO":1,"2015-MARZO":0,"2015-OCTUBRE":1,"2015-SEPTIEMBRE":0,"2016-MARZO":1,"2019-FEBRERO":2,"2020-ENERO":1,"2020-FEBRERO":1,"2020-MARZO":1},"Indeterminado":{"2012-NOVIEMBRE":0,"2014-SEPTIEMBRE":0,"2015-AGOSTO":0,"2015-ENERO":0,"2015-MARZO":0,"2015-OCTUBRE":0,"2015-SEPTIEMBRE":0,"2016-MARZO":0,"2019-FEBRERO":0,"2020-ENERO":0,"2020-FEBRERO":0,"2020-MARZO":0},"Mujer":{"2012-NOVIEMBRE":2,"2014-SEPTIEMBRE":0,"2015-AGOSTO":1,"2015-ENERO":0,"2015-MARZO":1,"2015-OCTUBRE":1,"2015-SEPTIEMBRE":1,"2016-MARZO":0,"2019-FEBRERO":0,"2020-ENERO":0,"2020-FEBRERO":0,"2020-MARZO":0}},"por_edad":{"Hombres":{"11":0,"12":1,"13":0,"14":1,"17":0,"20":0,"26":1,"30":1,"40":1,"42":1,"52":1,"56":1,"60":1,"SIN EDAD DE REFERENCIA":1},"Indeterminado":{"11":0,"12":0,"13":0,"14":0,"17":0,"20":0,"26":0,"30":0,"40":0,"42":0,"52":0,"56":0,"60":0,"SIN EDAD DE REFERENCIA":0},"Mujeres":{"11":1,"12":0,"13":1,"14":2,"17":1,"20":1,"26":0,"30":0,"40":0,"42":0,"52":0,"56":0,"60":0,"SIN EDAD DE REFERENCIA":0}},"por_nacionalidad":{"Hombres":{"MEXICANA":9,"SIN NACIONALIDAD DE REFERENCIA":1},"Indeterminado":{"MEXICANA":0,"SIN NACIONALIDAD DE REFERENCIA":0},"Mujeres":{"MEXICANA":5,"SIN NACIONALIDAD DE REFERENCIA":1}}}