{"totales":{"PorcentajeDesaparecidos":"6.10","PorcentajeLocalizados":"93.90","PorcentajeLocalizadosCV":"97.94","PorcentajeLocalizadosSV":"2.06","PorcentajeSoloDesaparecidos":"100.00","PorcentajeSoloNoLocalizados":"0.00","TotalDesaparecidos":"41","TotalGlobal":"672","TotalLocalizados":"631","TotalLocalizadosCV":"618","TotalLocalizadosSV":"13","TotalSoloDesaparecidos":"41","TotalSoloNoLocalizados":"00"},"espacial":{"Hombres":{"ALAMEDA":0,"ALHÓNDIGA":0,"ARBOLEDAS":0,"ARPEROS":1,"CALDERONES":0,"CAMPANARIO":0,"CATA":0,"CAÑADA DE BUSTOS":3,"CENTRO SCT GUANAJUATO":7,"CERRO DE LOS LEONES":0,"CERVERA":1,"CIÉNEGA DEL PEDREGAL":0,"EL CARRIZO":1,"EL CEDRO":1,"EL COYOTE":1,"EL TEJABAN":1,"ENCINO":0,"GUANAJUATO CENTRO":0,"HACIENDA DE GUADALUPE":0,"HUACHIMOLE DE CUEVAS":0,"LA SAUCEDA":0,"LA TRINIDAD":1,"LA VENADA":0,"LAS MOMIAS":2,"LAS PALMAS":0,"LAS TERESAS":3,"LOS LORENZOS":0,"LOS NICOLASES":2,"MARFIL":9,"MELLADO":1,"MONTE DE SAN NICOLÁS":1,"NUEVO GUANAJUATO":0,"PASEO DE LA PRESA":0,"PASO DE PIRULES":0,"PEREGRINA":0,"PRESA DE LOS SANTOS":1,"PUEBLITO DE ROCHA":3,"PUENTECILLAS":4,"SAN JOSÉ DE CERVERA":0,"SAN JOSÉ DE LLANOS":1,"SAN JOSÉ DE TRANSITO":1,"SAN JOSÉ DEL RODEO":0,"SANTA FE":1,"SANTA ROSA DE LIMA":0,"SANTA TERESA":1,"SIN COLONIA DE REFERENCIA":215,"VALENCIANA":0,"YERBABUENA":2,"ZAPOTE":0},"Indeterminado":{"ALAMEDA":0,"ALHÓNDIGA":0,"ARBOLEDAS":0,"ARPEROS":0,"CALDERONES":0,"CAMPANARIO":0,"CATA":0,"CAÑADA DE BUSTOS":0,"CENTRO SCT GUANAJUATO":0,"CERRO DE LOS LEONES":0,"CERVERA":0,"CIÉNEGA DEL PEDREGAL":0,"EL CARRIZO":0,"EL CEDRO":0,"EL COYOTE":0,"EL TEJABAN":0,"ENCINO":0,"GUANAJUATO CENTRO":0,"HACIENDA DE GUADALUPE":0,"HUACHIMOLE DE CUEVAS":0,"LA SAUCEDA":0,"LA TRINIDAD":0,"LA VENADA":0,"LAS MOMIAS":0,"LAS PALMAS":0,"LAS TERESAS":0,"LOS LORENZOS":0,"LOS NICOLASES":0,"MARFIL":0,"MELLADO":0,"MONTE DE SAN NICOLÁS":0,"NUEVO GUANAJUATO":0,"PASEO DE LA PRESA":0,"PASO DE PIRULES":0,"PEREGRINA":0,"PRESA DE LOS SANTOS":0,"PUEBLITO DE ROCHA":0,"PUENTECILLAS":0,"SAN JOSÉ DE CERVERA":0,"SAN JOSÉ DE LLANOS":0,"SAN JOSÉ DE TRANSITO":0,"SAN JOSÉ DEL RODEO":0,"SANTA FE":0,"SANTA ROSA DE LIMA":0,"SANTA TERESA":0,"SIN COLONIA DE REFERENCIA":1,"VALENCIANA":0,"YERBABUENA":0,"ZAPOTE":0},"Mujeres":{"ALAMEDA":2,"ALHÓNDIGA":1,"ARBOLEDAS":1,"ARPEROS":0,"CALDERONES":1,"CAMPANARIO":1,"CATA":1,"CAÑADA DE BUSTOS":2,"CENTRO SCT GUANAJUATO":7,"CERRO DE LOS LEONES":3,"CERVERA":0,"CIÉNEGA DEL PEDREGAL":1,"EL CARRIZO":4,"EL CEDRO":0,"EL COYOTE":0,"EL TEJABAN":0,"ENCINO":7,"GUANAJUATO CENTRO":1,"HACIENDA DE GUADALUPE":1,"HUACHIMOLE DE CUEVAS":2,"LA SAUCEDA":5,"LA TRINIDAD":1,"LA VENADA":5,"LAS MOMIAS":0,"LAS PALMAS":1,"LAS TERESAS":7,"LOS LORENZOS":1,"LOS NICOLASES":0,"MARFIL":10,"MELLADO":2,"MONTE DE SAN NICOLÁS":0,"NUEVO GUANAJUATO":1,"PASEO DE LA PRESA":4,"PASO DE PIRULES":1,"PEREGRINA":1,"PRESA DE LOS SANTOS":0,"PUEBLITO DE ROCHA":4,"PUENTECILLAS":2,"SAN JOSÉ DE CERVERA":1,"SAN JOSÉ DE LLANOS":1,"SAN JOSÉ DE TRANSITO":0,"SAN JOSÉ DEL RODEO":1,"SANTA FE":1,"SANTA ROSA DE LIMA":1,"SANTA TERESA":7,"SIN COLONIA DE REFERENCIA":311,"VALENCIANA":2,"YERBABUENA":0,"ZAPOTE":2}},"anual":{"Hombre":{"1.CIFRA SIN  AÑO DE REFERENCIA":1,"1977":1,"2001":1,"2006":3,"2007":38,"2008":1,"2009":27,"2010":15,"2011":24,"2012":18,"2013":33,"2014":31,"2015":39,"2016":10,"2017":10,"2018":3,"2019":5,"2020":3,"2021":1},"Indeterminado":{"1.CIFRA SIN  AÑO DE REFERENCIA":1,"1977":0,"2001":0,"2006":0,"2007":0,"2008":0,"2009":0,"2010":0,"2011":0,"2012":0,"2013":0,"2014":0,"2015":0,"2016":0,"2017":0,"2018":0,"2019":0,"2020":0,"2021":0},"Mujer":{"1.CIFRA SIN  AÑO DE REFERENCIA":1,"1977":0,"2001":0,"2006":6,"2007":58,"2008":4,"2009":38,"2010":34,"2011":29,"2012":46,"2013":41,"2014":63,"2015":52,"2016":22,"2017":11,"2018":1,"2019":0,"2020":0,"2021":1}},"mensual_ultimo_anio":{"Hombre":{"2017-DICIEMBRE":1,"2017-OCTUBRE":2,"2017-SEPTIEMBRE":1,"2018-FEBRERO":1,"2018-MARZO":2,"2019-AGOSTO":1,"2019-ENERO":1,"2019-JULIO":2,"2019-OCTUBRE":1,"2020-JULIO":3,"2021-FEBRERO":1,"2021-MAYO":0},"Indeterminado":{"2017-DICIEMBRE":0,"2017-OCTUBRE":0,"2017-SEPTIEMBRE":0,"2018-FEBRERO":0,"2018-MARZO":0,"2019-AGOSTO":0,"2019-ENERO":0,"2019-JULIO":0,"2019-OCTUBRE":0,"2020-JULIO":0,"2021-FEBRERO":0,"2021-MAYO":0},"Mujer":{"2017-DICIEMBRE":0,"2017-OCTUBRE":1,"2017-SEPTIEMBRE":0,"2018-FEBRERO":1,"2018-MARZO":0,"2019-AGOSTO":0,"2019-ENERO":0,"2019-JULIO":0,"2019-OCTUBRE":0,"2020-JULIO":0,"2021-FEBRERO":0,"2021-MAYO":1}},"por_edad":{"Hombres":{"0":3,"1":0,"10":3,"11":1,"12":3,"13":7,"14":14,"15":17,"16":13,"17":13,"18":8,"19":12,"2":4,"20":4,"21":4,"22":10,"23":7,"24":4,"25":9,"26":7,"27":3,"28":9,"29":6,"3":1,"30":7,"31":3,"32":6,"33":5,"34":5,"35":3,"36":1,"37":1,"38":6,"39":3,"4":4,"40":4,"41":1,"42":3,"43":1,"44":4,"45":2,"46":2,"47":1,"49":1,"5":0,"50":2,"51":1,"52":5,"54":0,"56":1,"57":2,"58":0,"59":4,"6":1,"60":1,"61":1,"62":2,"63":1,"64":1,"67":1,"69":1,"7":1,"70":1,"71":1,"72":0,"73":2,"76":1,"8":2,"85":1,"86":0,"9":5,"91":1,"93":0,"95":0},"Indeterminado":{"0":0,"1":0,"10":0,"11":0,"12":0,"13":0,"14":0,"15":0,"16":0,"17":0,"18":0,"19":0,"2":0,"20":0,"21":0,"22":0,"23":0,"24":0,"25":0,"26":0,"27":0,"28":0,"29":0,"3":0,"30":0,"31":0,"32":1,"33":0,"34":0,"35":0,"36":0,"37":0,"38":0,"39":0,"4":0,"40":0,"41":0,"42":0,"43":0,"44":0,"45":0,"46":0,"47":0,"49":0,"5":0,"50":0,"51":0,"52":0,"54":0,"56":0,"57":0,"58":0,"59":0,"6":0,"60":0,"61":0,"62":0,"63":0,"64":0,"67":0,"69":0,"7":0,"70":0,"71":0,"72":0,"73":0,"76":0,"8":0,"85":0,"86":0,"9":0,"91":0,"93":0,"95":0},"Mujeres":{"0":5,"1":1,"10":1,"11":6,"12":24,"13":30,"14":40,"15":60,"16":60,"17":37,"18":18,"19":12,"2":0,"20":13,"21":9,"22":5,"23":7,"24":1,"25":4,"26":7,"27":5,"28":2,"29":7,"3":1,"30":3,"31":4,"32":3,"33":1,"34":2,"35":3,"36":0,"37":4,"38":2,"39":1,"4":2,"40":1,"41":2,"42":1,"43":1,"44":1,"45":1,"46":1,"47":0,"49":0,"5":3,"50":0,"51":0,"52":0,"54":2,"56":2,"57":0,"58":3,"59":0,"6":0,"60":0,"61":0,"62":0,"63":0,"64":1,"67":0,"69":0,"7":1,"70":0,"71":0,"72":1,"73":0,"76":0,"8":1,"85":0,"86":1,"9":2,"91":0,"93":1,"95":1}},"por_nacionalidad":{"Hombres":{"COREANA (REPUBLICA POPULAR)":1,"MEXICANA":154,"SE DESCONOCE":11,"SIN NACIONALIDAD DE REFERENCIA":98},"Indeterminado":{"COREANA (REPUBLICA POPULAR)":0,"MEXICANA":1,"SE DESCONOCE":0,"SIN NACIONALIDAD DE REFERENCIA":0},"Mujeres":{"COREANA (REPUBLICA POPULAR)":0,"MEXICANA":245,"SE DESCONOCE":3,"SIN NACIONALIDAD DE REFERENCIA":159}}}