{"totales":{"PorcentajeDesaparecidos":"32.04","PorcentajeLocalizados":"67.96","PorcentajeLocalizadosCV":"94.29","PorcentajeLocalizadosSV":"5.71","PorcentajeSoloDesaparecidos":"100.00","PorcentajeSoloNoLocalizados":"0.00","TotalDesaparecidos":"66","TotalGlobal":"206","TotalLocalizados":"140","TotalLocalizadosCV":"132","TotalLocalizadosSV":"08","TotalSoloDesaparecidos":"66","TotalSoloNoLocalizados":"00"},"espacial":{"Hombres":{"BATANES":0,"DEPORTIVA":1,"DIVISIÓN DEL NORTE":4,"EL FÉNIX":1,"EL SABINO":1,"GUADALUPE":0,"GUANAJUATO":1,"HUERTA":0,"INFONAVIT":1,"LA ANGOSTURA":0,"LA ESPERANZA":1,"LAS CRUCES":1,"LOMAS VERDES":3,"LÁZARO CÁRDENAS":1,"MARAVATIO DEL ENCINAL":2,"MOLINO DE AVILA":2,"SAN ISIDRO":1,"SAN NICOLÁS DE LOS AGUSTINOS":2,"SAN PEDRO DE LOS NARANJOS":1,"SANTA ANITA":1,"SANTO TOMAS DEL HUATZINDEO":0,"SATÉLITE":0,"SIN COLONIA DE REFERENCIA":95,"URIREO":4,"ÁLVARO OBREGÓN":0},"Indeterminado":{"BATANES":0,"DEPORTIVA":0,"DIVISIÓN DEL NORTE":0,"EL FÉNIX":0,"EL SABINO":0,"GUADALUPE":0,"GUANAJUATO":0,"HUERTA":0,"INFONAVIT":0,"LA ANGOSTURA":0,"LA ESPERANZA":0,"LAS CRUCES":0,"LOMAS VERDES":0,"LÁZARO CÁRDENAS":0,"MARAVATIO DEL ENCINAL":0,"MOLINO DE AVILA":0,"SAN ISIDRO":0,"SAN NICOLÁS DE LOS AGUSTINOS":0,"SAN PEDRO DE LOS NARANJOS":0,"SANTA ANITA":0,"SANTO TOMAS DEL HUATZINDEO":0,"SATÉLITE":0,"SIN COLONIA DE REFERENCIA":5,"URIREO":0,"ÁLVARO OBREGÓN":0},"Mujeres":{"BATANES":1,"DEPORTIVA":0,"DIVISIÓN DEL NORTE":2,"EL FÉNIX":0,"EL SABINO":1,"GUADALUPE":1,"GUANAJUATO":1,"HUERTA":1,"INFONAVIT":0,"LA ANGOSTURA":1,"LA ESPERANZA":1,"LAS CRUCES":0,"LOMAS VERDES":0,"LÁZARO CÁRDENAS":0,"MARAVATIO DEL ENCINAL":2,"MOLINO DE AVILA":2,"SAN ISIDRO":0,"SAN NICOLÁS DE LOS AGUSTINOS":0,"SAN PEDRO DE LOS NARANJOS":3,"SANTA ANITA":0,"SANTO TOMAS DEL HUATZINDEO":2,"SATÉLITE":1,"SIN COLONIA DE REFERENCIA":55,"URIREO":2,"ÁLVARO OBREGÓN":2}},"anual":{"Hombre":{"1.CIFRA SIN  AÑO DE REFERENCIA":1,"2005":1,"2006":3,"2007":3,"2008":10,"2009":7,"2010":5,"2011":6,"2012":5,"2013":8,"2014":12,"2015":18,"2016":7,"2017":1,"2018":8,"2019":9,"2020":19},"Indeterminado":{"1.CIFRA SIN  AÑO DE REFERENCIA":0,"2005":0,"2006":0,"2007":0,"2008":0,"2009":0,"2010":0,"2011":0,"2012":0,"2013":0,"2014":0,"2015":0,"2016":0,"2017":0,"2018":1,"2019":3,"2020":1},"Mujer":{"1.CIFRA SIN  AÑO DE REFERENCIA":1,"2005":0,"2006":2,"2007":10,"2008":10,"2009":3,"2010":1,"2011":4,"2012":6,"2013":3,"2014":8,"2015":14,"2016":3,"2017":3,"2018":4,"2019":1,"2020":5}},"mensual_ultimo_anio":{"Hombre":{"2019-AGOSTO":1,"2019-DICIEMBRE":1,"2019-JUNIO":1,"2019-NOVIEMBRE":1,"2019-OCTUBRE":0,"2019-SEPTIEMBRE":2,"2020-ENERO":3,"2020-FEBRERO":6,"2020-JUNIO":1,"2020-MARZO":4,"2020-MAYO":4,"2020-NOVIEMBRE":1},"Indeterminado":{"2019-AGOSTO":1,"2019-DICIEMBRE":0,"2019-JUNIO":1,"2019-NOVIEMBRE":0,"2019-OCTUBRE":1,"2019-SEPTIEMBRE":0,"2020-ENERO":1,"2020-FEBRERO":0,"2020-JUNIO":0,"2020-MARZO":0,"2020-MAYO":0,"2020-NOVIEMBRE":0},"Mujer":{"2019-AGOSTO":0,"2019-DICIEMBRE":0,"2019-JUNIO":0,"2019-NOVIEMBRE":0,"2019-OCTUBRE":0,"2019-SEPTIEMBRE":1,"2020-ENERO":4,"2020-FEBRERO":0,"2020-JUNIO":0,"2020-MARZO":0,"2020-MAYO":1,"2020-NOVIEMBRE":0}},"por_edad":{"Hombres":{"1":2,"10":1,"11":0,"12":1,"13":1,"14":1,"15":5,"16":2,"17":5,"18":3,"19":1,"2":0,"20":3,"21":3,"22":3,"23":4,"24":4,"25":5,"26":2,"27":6,"28":4,"29":6,"30":5,"31":5,"32":3,"33":7,"34":1,"35":2,"36":2,"37":3,"38":5,"39":3,"41":1,"42":0,"43":1,"44":1,"45":2,"48":2,"49":1,"5":0,"51":1,"52":1,"53":2,"55":0,"57":1,"6":1,"61":1,"62":1,"63":1,"64":1,"67":1,"69":1,"72":1,"75":1,"77":1,"81":1,"84":1,"9":0},"Indeterminado":{"1":0,"10":0,"11":0,"12":0,"13":0,"14":0,"15":0,"16":0,"17":0,"18":0,"19":0,"2":0,"20":0,"21":0,"22":1,"23":1,"24":0,"25":0,"26":1,"27":0,"28":0,"29":0,"30":0,"31":0,"32":0,"33":0,"34":0,"35":0,"36":0,"37":0,"38":1,"39":0,"41":0,"42":0,"43":0,"44":0,"45":0,"48":1,"49":0,"5":0,"51":0,"52":0,"53":0,"55":0,"57":0,"6":0,"61":0,"62":0,"63":0,"64":0,"67":0,"69":0,"72":0,"75":0,"77":0,"81":0,"84":0,"9":0},"Mujeres":{"1":0,"10":1,"11":1,"12":1,"13":7,"14":7,"15":11,"16":8,"17":7,"18":4,"19":5,"2":2,"20":1,"21":0,"22":0,"23":1,"24":2,"25":4,"26":2,"27":0,"28":0,"29":0,"30":1,"31":1,"32":2,"33":0,"34":0,"35":0,"36":0,"37":1,"38":1,"39":1,"41":0,"42":1,"43":1,"44":0,"45":0,"48":0,"49":0,"5":1,"51":0,"52":0,"53":0,"55":1,"57":1,"6":0,"61":1,"62":0,"63":0,"64":0,"67":0,"69":0,"72":0,"75":0,"77":0,"81":0,"84":0,"9":1}},"por_nacionalidad":{"Hombres":{"ESTADOUNIDENSE":0,"MEXICANA":112,"SE DESCONOCE":0,"SIN NACIONALIDAD DE REFERENCIA":11},"Indeterminado":{"ESTADOUNIDENSE":0,"MEXICANA":5,"SE DESCONOCE":0,"SIN NACIONALIDAD DE REFERENCIA":0},"Mujeres":{"ESTADOUNIDENSE":1,"MEXICANA":66,"SE DESCONOCE":2,"SIN NACIONALIDAD DE REFERENCIA":9}}}