{"totales":{"PorcentajeDesaparecidos":"17.57","PorcentajeLocalizados":"82.43","PorcentajeLocalizadosCV":"98.36","PorcentajeLocalizadosSV":"1.64","PorcentajeSoloDesaparecidos":"100.00","PorcentajeSoloNoLocalizados":"0.00","TotalDesaparecidos":"13","TotalGlobal":"74","TotalLocalizados":"61","TotalLocalizadosCV":"60","TotalLocalizadosSV":"01","TotalSoloDesaparecidos":"13","TotalSoloNoLocalizados":"00"},"espacial":{"Hombres":{"CAMPO VERDE":0,"EL ESCOPLO":0,"GAVIA DE RIONDA":1,"JUÁREZ":0,"LOS AMOLES":1,"LOS OCOTES":1,"MEZQUITE GORDO":1,"MONTE DE HOYOS":1,"OJOS DE RANA":1,"ROMA":1,"ROMITA CENTRO":4,"SAN CLEMENTE":1,"SAN FRANCISCO DE GAVIA I":0,"SAN MIGUEL DEL GUARICHO":0,"SAN PEDRITO DE LÓPEZ":1,"SANTA ROSA DE RIVAS":1,"SIN COLONIA DE REFERENCIA":29,"SOLIDARIDAD":0,"TEJAMANIL":0},"Indeterminado":{"CAMPO VERDE":0,"EL ESCOPLO":0,"GAVIA DE RIONDA":0,"JUÁREZ":0,"LOS AMOLES":0,"LOS OCOTES":0,"MEZQUITE GORDO":0,"MONTE DE HOYOS":0,"OJOS DE RANA":0,"ROMA":0,"ROMITA CENTRO":0,"SAN CLEMENTE":0,"SAN FRANCISCO DE GAVIA I":0,"SAN MIGUEL DEL GUARICHO":0,"SAN PEDRITO DE LÓPEZ":0,"SANTA ROSA DE RIVAS":0,"SIN COLONIA DE REFERENCIA":2,"SOLIDARIDAD":0,"TEJAMANIL":0},"Mujeres":{"CAMPO VERDE":1,"EL ESCOPLO":1,"GAVIA DE RIONDA":0,"JUÁREZ":1,"LOS AMOLES":0,"LOS OCOTES":0,"MEZQUITE GORDO":1,"MONTE DE HOYOS":0,"OJOS DE RANA":0,"ROMA":1,"ROMITA CENTRO":2,"SAN CLEMENTE":0,"SAN FRANCISCO DE GAVIA I":1,"SAN MIGUEL DEL GUARICHO":1,"SAN PEDRITO DE LÓPEZ":0,"SANTA ROSA DE RIVAS":0,"SIN COLONIA DE REFERENCIA":18,"SOLIDARIDAD":1,"TEJAMANIL":1}},"anual":{"Hombre":{"2007":3,"2008":1,"2009":2,"2011":0,"2012":2,"2013":6,"2014":10,"2015":8,"2016":4,"2017":0,"2018":1,"2019":4,"2020":2},"Indeterminado":{"2007":0,"2008":0,"2009":0,"2011":0,"2012":0,"2013":0,"2014":0,"2015":0,"2016":0,"2017":0,"2018":1,"2019":1,"2020":0},"Mujer":{"2007":3,"2008":3,"2009":0,"2011":1,"2012":2,"2013":6,"2014":2,"2015":6,"2016":2,"2017":1,"2018":1,"2019":2,"2020":0}},"mensual_ultimo_anio":{"Hombre":{"2017-JULIO":0,"2018-ABRIL":0,"2018-DICIEMBRE":1,"2018-FEBRERO":0,"2019-ENERO":0,"2019-JUNIO":0,"2019-MAYO":2,"2019-NOVIEMBRE":1,"2019-OCTUBRE":1,"2019-SEPTIEMBRE":0,"2020-ABRIL":1,"2020-NOVIEMBRE":1},"Indeterminado":{"2017-JULIO":0,"2018-ABRIL":1,"2018-DICIEMBRE":0,"2018-FEBRERO":0,"2019-ENERO":1,"2019-JUNIO":0,"2019-MAYO":0,"2019-NOVIEMBRE":0,"2019-OCTUBRE":0,"2019-SEPTIEMBRE":0,"2020-ABRIL":0,"2020-NOVIEMBRE":0},"Mujer":{"2017-JULIO":1,"2018-ABRIL":0,"2018-DICIEMBRE":0,"2018-FEBRERO":1,"2019-ENERO":0,"2019-JUNIO":1,"2019-MAYO":0,"2019-NOVIEMBRE":0,"2019-OCTUBRE":0,"2019-SEPTIEMBRE":1,"2020-ABRIL":0,"2020-NOVIEMBRE":0}},"por_edad":{"Hombres":{"0":2,"12":1,"13":0,"14":3,"15":2,"16":1,"17":1,"18":1,"19":0,"20":0,"21":1,"22":1,"23":3,"24":1,"25":2,"26":1,"28":1,"29":2,"3":1,"31":1,"32":3,"33":2,"35":1,"38":1,"39":1,"40":2,"41":1,"44":1,"47":1,"50":1,"52":1,"55":1,"60":1,"65":1},"Indeterminado":{"0":0,"12":0,"13":0,"14":0,"15":0,"16":0,"17":0,"18":0,"19":1,"20":0,"21":0,"22":0,"23":0,"24":0,"25":0,"26":0,"28":0,"29":0,"3":0,"31":0,"32":1,"33":0,"35":0,"38":0,"39":0,"40":0,"41":0,"44":0,"47":0,"50":0,"52":0,"55":0,"60":0,"65":0},"Mujeres":{"0":3,"12":0,"13":2,"14":4,"15":6,"16":1,"17":3,"18":1,"19":1,"20":1,"21":0,"22":0,"23":0,"24":1,"25":2,"26":1,"28":1,"29":1,"3":0,"31":0,"32":0,"33":0,"35":0,"38":0,"39":0,"40":0,"41":0,"44":1,"47":0,"50":0,"52":0,"55":0,"60":0,"65":0}},"por_nacionalidad":{"Hombres":{"ESTADOUNIDENSE":1,"MEXICANA":18,"SE DESCONOCE":0,"SIN NACIONALIDAD DE REFERENCIA":24},"Indeterminado":{"ESTADOUNIDENSE":0,"MEXICANA":1,"SE DESCONOCE":1,"SIN NACIONALIDAD DE REFERENCIA":0},"Mujeres":{"ESTADOUNIDENSE":0,"MEXICANA":10,"SE DESCONOCE":0,"SIN NACIONALIDAD DE REFERENCIA":19}}}