{"totales":{"PorcentajeDesaparecidos":"25.71","PorcentajeLocalizados":"74.29","PorcentajeLocalizadosCV":"94.87","PorcentajeLocalizadosSV":"5.13","PorcentajeSoloDesaparecidos":"100.00","PorcentajeSoloNoLocalizados":"0.00","TotalDesaparecidos":"27","TotalGlobal":"105","TotalLocalizados":"78","TotalLocalizadosCV":"74","TotalLocalizadosSV":"04","TotalSoloDesaparecidos":"27","TotalSoloNoLocalizados":"00"},"espacial":{"Hombres":{"CAÑADA DE NEGROS":1,"EL CARMEN":2,"EL TECOLOTE":3,"FRANCISCO VILLA":4,"GUADALUPE DE JALPA":1,"GUANAJUATITO":2,"JALPA DE CANOVAS":0,"LA PRADERA":1,"LOS MANANTIALES":0,"LOS MIRASOLES":1,"SAN JOSÉ DE LA PRESA":1,"SAN SILVESTRE":0,"SIN COLONIA DE REFERENCIA":53},"Indeterminado":{"CAÑADA DE NEGROS":0,"EL CARMEN":0,"EL TECOLOTE":0,"FRANCISCO VILLA":0,"GUADALUPE DE JALPA":0,"GUANAJUATITO":0,"JALPA DE CANOVAS":0,"LA PRADERA":0,"LOS MANANTIALES":0,"LOS MIRASOLES":0,"SAN JOSÉ DE LA PRESA":0,"SAN SILVESTRE":0,"SIN COLONIA DE REFERENCIA":3},"Mujeres":{"CAÑADA DE NEGROS":0,"EL CARMEN":0,"EL TECOLOTE":0,"FRANCISCO VILLA":5,"GUADALUPE DE JALPA":0,"GUANAJUATITO":0,"JALPA DE CANOVAS":1,"LA PRADERA":0,"LOS MANANTIALES":1,"LOS MIRASOLES":1,"SAN JOSÉ DE LA PRESA":0,"SAN SILVESTRE":1,"SIN COLONIA DE REFERENCIA":24}},"anual":{"Hombre":{"2007":2,"2008":0,"2009":3,"2011":1,"2012":13,"2013":6,"2014":2,"2015":16,"2016":8,"2017":3,"2018":3,"2019":9,"2020":3},"Indeterminado":{"2007":0,"2008":0,"2009":0,"2011":0,"2012":0,"2013":0,"2014":0,"2015":0,"2016":0,"2017":0,"2018":0,"2019":3,"2020":0},"Mujer":{"2007":2,"2008":1,"2009":1,"2011":3,"2012":4,"2013":4,"2014":7,"2015":7,"2016":0,"2017":1,"2018":0,"2019":1,"2020":2}},"mensual_ultimo_anio":{"Hombre":{"2018-FEBRERO":2,"2018-OCTUBRE":1,"2019-ABRIL":2,"2019-AGOSTO":2,"2019-FEBRERO":0,"2019-JUNIO":1,"2019-MARZO":2,"2019-MAYO":2,"2020-ABRIL":0,"2020-JULIO":1,"2020-JUNIO":2,"2020-MAYO":0},"Indeterminado":{"2018-FEBRERO":0,"2018-OCTUBRE":0,"2019-ABRIL":0,"2019-AGOSTO":0,"2019-FEBRERO":1,"2019-JUNIO":1,"2019-MARZO":1,"2019-MAYO":0,"2020-ABRIL":0,"2020-JULIO":0,"2020-JUNIO":0,"2020-MAYO":0},"Mujer":{"2018-FEBRERO":0,"2018-OCTUBRE":0,"2019-ABRIL":0,"2019-AGOSTO":0,"2019-FEBRERO":0,"2019-JUNIO":0,"2019-MARZO":0,"2019-MAYO":1,"2020-ABRIL":1,"2020-JULIO":0,"2020-JUNIO":0,"2020-MAYO":1}},"por_edad":{"Hombres":{"0":8,"10":1,"11":0,"12":0,"13":1,"14":3,"15":2,"16":0,"17":1,"18":3,"19":0,"20":3,"21":1,"22":5,"23":3,"24":1,"25":1,"26":1,"27":1,"28":0,"3":1,"30":4,"31":2,"32":4,"33":2,"35":2,"36":0,"37":1,"38":3,"39":2,"41":2,"44":1,"45":1,"5":2,"52":1,"56":2,"7":0,"8":1,"80":1,"9":2},"Indeterminado":{"0":0,"10":0,"11":0,"12":0,"13":0,"14":0,"15":0,"16":0,"17":0,"18":0,"19":0,"20":0,"21":0,"22":0,"23":0,"24":0,"25":1,"26":0,"27":0,"28":0,"3":0,"30":0,"31":0,"32":1,"33":0,"35":0,"36":1,"37":0,"38":0,"39":0,"41":0,"44":0,"45":0,"5":0,"52":0,"56":0,"7":0,"8":0,"80":0,"9":0},"Mujeres":{"0":3,"10":0,"11":1,"12":2,"13":2,"14":7,"15":4,"16":2,"17":2,"18":1,"19":2,"20":0,"21":0,"22":0,"23":0,"24":3,"25":1,"26":0,"27":0,"28":1,"3":0,"30":0,"31":0,"32":0,"33":0,"35":0,"36":0,"37":1,"38":0,"39":0,"41":0,"44":0,"45":0,"5":0,"52":0,"56":0,"7":1,"8":0,"80":0,"9":0}},"por_nacionalidad":{"Hombres":{"MEXICANA":38,"SE DESCONOCE":4,"SIN NACIONALIDAD DE REFERENCIA":27},"Indeterminado":{"MEXICANA":2,"SE DESCONOCE":1,"SIN NACIONALIDAD DE REFERENCIA":0},"Mujeres":{"MEXICANA":17,"SE DESCONOCE":0,"SIN NACIONALIDAD DE REFERENCIA":16}}}