{"totales":{"PorcentajeDesaparecidos":"36.36","PorcentajeLocalizados":"63.64","PorcentajeLocalizadosCV":"100.00","PorcentajeLocalizadosSV":"0.00","PorcentajeSoloDesaparecidos":"100.00","PorcentajeSoloNoLocalizados":"0.00","TotalDesaparecidos":"16","TotalGlobal":"44","TotalLocalizados":"28","TotalLocalizadosCV":"28","TotalLocalizadosSV":"00","TotalSoloDesaparecidos":"16","TotalSoloNoLocalizados":"00"},"espacial":{"Hombres":{"LA PRESITA":0,"SAN JUAN PAN DE ARRIBA":2,"SIN COLONIA DE REFERENCIA":23},"Indeterminado":{"LA PRESITA":0,"SAN JUAN PAN DE ARRIBA":0,"SIN COLONIA DE REFERENCIA":0},"Mujeres":{"LA PRESITA":1,"SAN JUAN PAN DE ARRIBA":3,"SIN COLONIA DE REFERENCIA":15}},"anual":{"Hombre":{"2006":0,"2008":0,"2010":12,"2012":3,"2013":3,"2014":2,"2015":1,"2016":2,"2017":0,"2018":1,"2019":1},"Indeterminado":{"2006":0,"2008":0,"2010":0,"2012":0,"2013":0,"2014":0,"2015":0,"2016":0,"2017":0,"2018":0,"2019":0},"Mujer":{"2006":1,"2008":1,"2010":3,"2012":4,"2013":1,"2014":4,"2015":3,"2016":0,"2017":2,"2018":0,"2019":0}},"mensual_ultimo_anio":{"Hombre":{"2014-DICIEMBRE":0,"2014-SEPTIEMBRE":0,"2015-JULIO":0,"2015-JUNIO":0,"2015-MAYO":1,"2015-OCTUBRE":0,"2016-JULIO":1,"2016-OCTUBRE":1,"2017-FEBRERO":0,"2017-OCTUBRE":0,"2018-AGOSTO":1,"2019-ENERO":1},"Indeterminado":{"2014-DICIEMBRE":0,"2014-SEPTIEMBRE":0,"2015-JULIO":0,"2015-JUNIO":0,"2015-MAYO":0,"2015-OCTUBRE":0,"2016-JULIO":0,"2016-OCTUBRE":0,"2017-FEBRERO":0,"2017-OCTUBRE":0,"2018-AGOSTO":0,"2019-ENERO":0},"Mujer":{"2014-DICIEMBRE":1,"2014-SEPTIEMBRE":1,"2015-JULIO":1,"2015-JUNIO":1,"2015-MAYO":0,"2015-OCTUBRE":1,"2016-JULIO":0,"2016-OCTUBRE":0,"2017-FEBRERO":1,"2017-OCTUBRE":1,"2018-AGOSTO":0,"2019-ENERO":0}},"por_edad":{"Hombres":{"13":0,"14":1,"15":0,"16":2,"17":1,"19":0,"2":0,"20":1,"22":1,"25":0,"26":2,"28":2,"29":2,"30":2,"33":2,"39":1,"40":1,"42":1,"44":1,"48":1,"53":2,"75":1,"8":1},"Indeterminado":{"13":0,"14":0,"15":0,"16":0,"17":0,"19":0,"2":0,"20":0,"22":0,"25":0,"26":0,"28":0,"29":0,"30":0,"33":0,"39":0,"40":0,"42":0,"44":0,"48":0,"53":0,"75":0,"8":0},"Mujeres":{"13":1,"14":4,"15":2,"16":3,"17":1,"19":2,"2":1,"20":0,"22":0,"25":2,"26":1,"28":0,"29":1,"30":1,"33":0,"39":0,"40":0,"42":0,"44":0,"48":0,"53":0,"75":0,"8":0}},"por_nacionalidad":{"Hombres":{"MEXICANA":17,"SE DESCONOCE":1,"SIN NACIONALIDAD DE REFERENCIA":7},"Indeterminado":{"MEXICANA":0,"SE DESCONOCE":0,"SIN NACIONALIDAD DE REFERENCIA":0},"Mujeres":{"MEXICANA":13,"SE DESCONOCE":0,"SIN NACIONALIDAD DE REFERENCIA":6}}}