{"totales":{"PorcentajeDesaparecidos":"25.00","PorcentajeLocalizados":"75.00","PorcentajeLocalizadosCV":"90.48","PorcentajeLocalizadosSV":"9.52","PorcentajeSoloDesaparecidos":"100.00","PorcentajeSoloNoLocalizados":"0.00","TotalDesaparecidos":"07","TotalGlobal":"28","TotalLocalizados":"21","TotalLocalizadosCV":"19","TotalLocalizadosSV":"02","TotalSoloDesaparecidos":"07","TotalSoloNoLocalizados":"00"},"espacial":{"Hombres":{"PROGRESO DE LA UNIÓN":2,"SIN COLONIA DE REFERENCIA":16,"VILLA DE GUADALUPE":0,"YOSTIRO":1},"Indeterminado":{"PROGRESO DE LA UNIÓN":0,"SIN COLONIA DE REFERENCIA":0,"VILLA DE GUADALUPE":0,"YOSTIRO":0},"Mujeres":{"PROGRESO DE LA UNIÓN":0,"SIN COLONIA DE REFERENCIA":8,"VILLA DE GUADALUPE":1,"YOSTIRO":0}},"anual":{"Hombre":{"2007":0,"2011":4,"2012":1,"2014":3,"2015":5,"2017":1,"2018":1,"2019":4},"Indeterminado":{"2007":0,"2011":0,"2012":0,"2014":0,"2015":0,"2017":0,"2018":0,"2019":0},"Mujer":{"2007":3,"2011":1,"2012":2,"2014":1,"2015":1,"2017":0,"2018":0,"2019":1}},"mensual_ultimo_anio":{"Hombre":{"2014-NOVIEMBRE":1,"2014-OCTUBRE":0,"2015-FEBRERO":1,"2015-MAYO":4,"2015-OCTUBRE":0,"2017-NOVIEMBRE":1,"2018-NOVIEMBRE":1,"2019-AGOSTO":1,"2019-DICIEMBRE":1,"2019-JULIO":1,"2019-JUNIO":0,"2019-OCTUBRE":1},"Indeterminado":{"2014-NOVIEMBRE":0,"2014-OCTUBRE":0,"2015-FEBRERO":0,"2015-MAYO":0,"2015-OCTUBRE":0,"2017-NOVIEMBRE":0,"2018-NOVIEMBRE":0,"2019-AGOSTO":0,"2019-DICIEMBRE":0,"2019-JULIO":0,"2019-JUNIO":0,"2019-OCTUBRE":0},"Mujer":{"2014-NOVIEMBRE":0,"2014-OCTUBRE":1,"2015-FEBRERO":0,"2015-MAYO":0,"2015-OCTUBRE":1,"2017-NOVIEMBRE":0,"2018-NOVIEMBRE":0,"2019-AGOSTO":0,"2019-DICIEMBRE":0,"2019-JULIO":0,"2019-JUNIO":1,"2019-OCTUBRE":0}},"por_edad":{"Hombres":{"0":1,"13":0,"14":1,"15":1,"16":0,"17":1,"19":1,"20":1,"22":1,"23":1,"26":1,"27":1,"28":0,"29":1,"30":0,"32":2,"38":1,"39":0,"41":1,"42":1,"46":1,"57":1,"59":1,"92":0},"Indeterminado":{"0":0,"13":0,"14":0,"15":0,"16":0,"17":0,"19":0,"20":0,"22":0,"23":0,"26":0,"27":0,"28":0,"29":0,"30":0,"32":0,"38":0,"39":0,"41":0,"42":0,"46":0,"57":0,"59":0,"92":0},"Mujeres":{"0":1,"13":1,"14":0,"15":1,"16":1,"17":0,"19":0,"20":0,"22":1,"23":0,"26":0,"27":0,"28":1,"29":0,"30":1,"32":0,"38":0,"39":1,"41":0,"42":0,"46":0,"57":0,"59":0,"92":1}},"por_nacionalidad":{"Hombres":{"MEXICANA":12,"SE DESCONOCE":3,"SIN NACIONALIDAD DE REFERENCIA":4},"Indeterminado":{"MEXICANA":0,"SE DESCONOCE":0,"SIN NACIONALIDAD DE REFERENCIA":0},"Mujeres":{"MEXICANA":5,"SE DESCONOCE":0,"SIN NACIONALIDAD DE REFERENCIA":4}}}