{"totales":{"PorcentajeDesaparecidos":"15.00","PorcentajeLocalizados":"85.00","PorcentajeLocalizadosCV":"94.12","PorcentajeLocalizadosSV":"5.88","PorcentajeSoloDesaparecidos":"100.00","PorcentajeSoloNoLocalizados":"0.00","TotalDesaparecidos":"03","TotalGlobal":"20","TotalLocalizados":"17","TotalLocalizadosCV":"16","TotalLocalizadosSV":"01","TotalSoloDesaparecidos":"03","TotalSoloNoLocalizados":"00"},"espacial":{"Hombres":{"CIUDAD OCAMPO":1,"HACIENDITA":0,"LA TINAJA":1,"SIN COLONIA DE REFERENCIA":4},"Indeterminado":{"CIUDAD OCAMPO":0,"HACIENDITA":0,"LA TINAJA":0,"SIN COLONIA DE REFERENCIA":1},"Mujeres":{"CIUDAD OCAMPO":0,"HACIENDITA":1,"LA TINAJA":0,"SIN COLONIA DE REFERENCIA":12}},"anual":{"Hombre":{"2010":0,"2011":0,"2012":2,"2013":0,"2014":2,"2015":0,"2016":1,"2019":0,"2020":1},"Indeterminado":{"2010":0,"2011":0,"2012":0,"2013":0,"2014":0,"2015":0,"2016":0,"2019":1,"2020":0},"Mujer":{"2010":1,"2011":2,"2012":1,"2013":3,"2014":1,"2015":2,"2016":3,"2019":0,"2020":0}},"mensual_ultimo_anio":{"Hombre":{"2013-ABRIL":0,"2013-FEBRERO":0,"2014-JULIO":1,"2014-MAYO":0,"2014-NOVIEMBRE":1,"2015-JULIO":0,"2015-OCTUBRE":0,"2016-DICIEMBRE":0,"2016-ENERO":0,"2016-MARZO":1,"2019-NOVIEMBRE":0,"2020-MAYO":1},"Indeterminado":{"2013-ABRIL":0,"2013-FEBRERO":0,"2014-JULIO":0,"2014-MAYO":0,"2014-NOVIEMBRE":0,"2015-JULIO":0,"2015-OCTUBRE":0,"2016-DICIEMBRE":0,"2016-ENERO":0,"2016-MARZO":0,"2019-NOVIEMBRE":1,"2020-MAYO":0},"Mujer":{"2013-ABRIL":1,"2013-FEBRERO":1,"2014-JULIO":0,"2014-MAYO":1,"2014-NOVIEMBRE":0,"2015-JULIO":1,"2015-OCTUBRE":1,"2016-DICIEMBRE":1,"2016-ENERO":1,"2016-MARZO":1,"2019-NOVIEMBRE":0,"2020-MAYO":0}},"por_edad":{"Hombres":{"13":0,"14":0,"15":0,"16":0,"17":1,"18":0,"20":1,"22":0,"24":1,"28":1,"43":0,"56":1,"72":1},"Indeterminado":{"13":0,"14":0,"15":0,"16":0,"17":0,"18":0,"20":0,"22":0,"24":0,"28":0,"43":0,"56":1,"72":0},"Mujeres":{"13":1,"14":2,"15":2,"16":4,"17":0,"18":1,"20":0,"22":1,"24":1,"28":0,"43":1,"56":0,"72":0}},"por_nacionalidad":{"Hombres":{"MEXICANA":4,"SE DESCONOCE":0,"SIN NACIONALIDAD DE REFERENCIA":2},"Indeterminado":{"MEXICANA":0,"SE DESCONOCE":1,"SIN NACIONALIDAD DE REFERENCIA":0},"Mujeres":{"MEXICANA":8,"SE DESCONOCE":0,"SIN NACIONALIDAD DE REFERENCIA":5}}}