{"totales":{"PorcentajeDesaparecidos":"40.96","PorcentajeLocalizados":"59.04","PorcentajeLocalizadosCV":"97.11","PorcentajeLocalizadosSV":"2.89","PorcentajeSoloDesaparecidos":"100.00","PorcentajeSoloNoLocalizados":"0.00","TotalDesaparecidos":"120","TotalGlobal":"293","TotalLocalizados":"173","TotalLocalizadosCV":"168","TotalLocalizadosSV":"05","TotalSoloDesaparecidos":"120","TotalSoloNoLocalizados":"00"},"espacial":{"Hombres":{"ANTONIO GÓMEZ RODRIGUEZ":1,"ARATZIPU":1,"BUENAVISTA DE CORTÉS":1,"CERRITOS BLANCOS":1,"CHURIPITZEO":1,"CORRAL DE PIEDRA":2,"CRUZ VERDE":0,"EL MÁRMOL":1,"EL PANDITO":0,"EL ROMERAL":1,"EL TLACUACHE":1,"EL TOLENTO":1,"LA ATARJEA":1,"LA ESTRELLA":1,"LA LOMA":1,"LA MARAÑA":1,"LA RINCONADA":0,"LAGUNA LARGA DE CORTÉS":1,"LOS CONEJITOS":1,"LOS PRESIDENTES":2,"LÁZARO CÁRDENAS":2,"MAGALLANES":0,"PALO BLANCO":1,"PEDREGAL DE ARRIBA":1,"POTREROS":1,"PRESA DEL AGUACATE":1,"PURÍSIMA DE ALTAMIRA":1,"PURÍSIMA DE RAMIREZ":1,"QUESERA DE CORTÉS":0,"RANCHO SECO DE BARAJAS":1,"SAN BERNARDO":1,"SAN GABRIEL":0,"SAN IGNACIO DE ALVAREZ":1,"SAN JOSÉ DE MORAS":1,"SAN MIGUEL":1,"SANTA ANA PACUECO":10,"SIN COLONIA DE REFERENCIA":132,"ZAPOTE DE BARAJAS":0,"ZAPOTE DE CESTAU":2},"Indeterminado":{"ANTONIO GÓMEZ RODRIGUEZ":0,"ARATZIPU":0,"BUENAVISTA DE CORTÉS":0,"CERRITOS BLANCOS":0,"CHURIPITZEO":0,"CORRAL DE PIEDRA":0,"CRUZ VERDE":0,"EL MÁRMOL":0,"EL PANDITO":0,"EL ROMERAL":0,"EL TLACUACHE":0,"EL TOLENTO":0,"LA ATARJEA":0,"LA ESTRELLA":0,"LA LOMA":0,"LA MARAÑA":0,"LA RINCONADA":0,"LAGUNA LARGA DE CORTÉS":0,"LOS CONEJITOS":0,"LOS PRESIDENTES":0,"LÁZARO CÁRDENAS":0,"MAGALLANES":0,"PALO BLANCO":0,"PEDREGAL DE ARRIBA":0,"POTREROS":0,"PRESA DEL AGUACATE":0,"PURÍSIMA DE ALTAMIRA":0,"PURÍSIMA DE RAMIREZ":0,"QUESERA DE CORTÉS":0,"RANCHO SECO DE BARAJAS":0,"SAN BERNARDO":0,"SAN GABRIEL":0,"SAN IGNACIO DE ALVAREZ":0,"SAN JOSÉ DE MORAS":0,"SAN MIGUEL":0,"SANTA ANA PACUECO":0,"SIN COLONIA DE REFERENCIA":7,"ZAPOTE DE BARAJAS":0,"ZAPOTE DE CESTAU":0},"Mujeres":{"ANTONIO GÓMEZ RODRIGUEZ":0,"ARATZIPU":0,"BUENAVISTA DE CORTÉS":0,"CERRITOS BLANCOS":0,"CHURIPITZEO":2,"CORRAL DE PIEDRA":4,"CRUZ VERDE":1,"EL MÁRMOL":0,"EL PANDITO":1,"EL ROMERAL":0,"EL TLACUACHE":1,"EL TOLENTO":2,"LA ATARJEA":1,"LA ESTRELLA":0,"LA LOMA":4,"LA MARAÑA":0,"LA RINCONADA":2,"LAGUNA LARGA DE CORTÉS":0,"LOS CONEJITOS":0,"LOS PRESIDENTES":0,"LÁZARO CÁRDENAS":3,"MAGALLANES":1,"PALO BLANCO":0,"PEDREGAL DE ARRIBA":0,"POTREROS":1,"PRESA DEL AGUACATE":0,"PURÍSIMA DE ALTAMIRA":0,"PURÍSIMA DE RAMIREZ":0,"QUESERA DE CORTÉS":1,"RANCHO SECO DE BARAJAS":1,"SAN BERNARDO":0,"SAN GABRIEL":1,"SAN IGNACIO DE ALVAREZ":1,"SAN JOSÉ DE MORAS":0,"SAN MIGUEL":1,"SANTA ANA PACUECO":6,"SIN COLONIA DE REFERENCIA":74,"ZAPOTE DE BARAJAS":1,"ZAPOTE DE CESTAU":1}},"anual":{"Hombre":{"1.CIFRA SIN  AÑO DE REFERENCIA":0,"2007":6,"2008":5,"2009":7,"2010":1,"2011":4,"2012":5,"2013":11,"2014":23,"2015":24,"2016":25,"2017":13,"2018":20,"2019":18,"2020":14},"Indeterminado":{"1.CIFRA SIN  AÑO DE REFERENCIA":0,"2007":0,"2008":0,"2009":0,"2010":0,"2011":0,"2012":0,"2013":0,"2014":0,"2015":0,"2016":0,"2017":0,"2018":2,"2019":5,"2020":0},"Mujer":{"1.CIFRA SIN  AÑO DE REFERENCIA":1,"2007":3,"2008":8,"2009":11,"2010":3,"2011":7,"2012":5,"2013":11,"2014":18,"2015":21,"2016":5,"2017":5,"2018":4,"2019":4,"2020":4}},"mensual_ultimo_anio":{"Hombre":{"2019-AGOSTO":3,"2019-DICIEMBRE":4,"2019-JULIO":1,"2019-NOVIEMBRE":1,"2020-ABRIL":3,"2020-DICIEMBRE":1,"2020-ENERO":4,"2020-FEBRERO":1,"2020-JULIO":1,"2020-JUNIO":2,"2020-MARZO":2,"2020-OCTUBRE":0},"Indeterminado":{"2019-AGOSTO":0,"2019-DICIEMBRE":0,"2019-JULIO":0,"2019-NOVIEMBRE":0,"2020-ABRIL":0,"2020-DICIEMBRE":0,"2020-ENERO":0,"2020-FEBRERO":0,"2020-JULIO":0,"2020-JUNIO":0,"2020-MARZO":0,"2020-OCTUBRE":0},"Mujer":{"2019-AGOSTO":0,"2019-DICIEMBRE":0,"2019-JULIO":0,"2019-NOVIEMBRE":1,"2020-ABRIL":1,"2020-DICIEMBRE":0,"2020-ENERO":0,"2020-FEBRERO":0,"2020-JULIO":1,"2020-JUNIO":1,"2020-MARZO":0,"2020-OCTUBRE":1}},"por_edad":{"Hombres":{"0":10,"10":0,"12":0,"13":0,"14":0,"15":5,"16":1,"17":2,"18":5,"19":3,"20":6,"21":6,"22":3,"23":5,"24":9,"25":5,"26":7,"27":8,"28":4,"29":6,"3":0,"30":8,"31":5,"32":5,"33":5,"34":7,"35":4,"36":6,"37":5,"38":3,"39":2,"4":0,"40":4,"41":5,"42":4,"43":3,"44":2,"46":2,"47":1,"49":1,"5":0,"50":0,"51":1,"52":1,"53":1,"56":1,"57":2,"6":0,"60":1,"61":1,"63":2,"65":1,"66":1,"67":1,"68":1,"70":1,"77":1,"80":2,"92":1},"Indeterminado":{"0":0,"10":0,"12":0,"13":0,"14":0,"15":0,"16":0,"17":0,"18":0,"19":0,"20":0,"21":0,"22":0,"23":0,"24":1,"25":0,"26":0,"27":0,"28":1,"29":0,"3":0,"30":0,"31":0,"32":1,"33":1,"34":0,"35":0,"36":0,"37":0,"38":0,"39":1,"4":0,"40":0,"41":0,"42":0,"43":1,"44":0,"46":0,"47":1,"49":0,"5":0,"50":0,"51":0,"52":0,"53":0,"56":0,"57":0,"6":0,"60":0,"61":0,"63":0,"65":0,"66":0,"67":0,"68":0,"70":0,"77":0,"80":0,"92":0},"Mujeres":{"0":7,"10":1,"12":1,"13":5,"14":7,"15":10,"16":12,"17":13,"18":4,"19":3,"20":2,"21":4,"22":4,"23":1,"24":0,"25":3,"26":1,"27":2,"28":2,"29":2,"3":1,"30":1,"31":4,"32":3,"33":3,"34":0,"35":2,"36":1,"37":1,"38":0,"39":1,"4":1,"40":0,"41":0,"42":2,"43":0,"44":0,"46":0,"47":0,"49":1,"5":1,"50":2,"51":0,"52":0,"53":0,"56":0,"57":0,"6":1,"60":1,"61":0,"63":0,"65":0,"66":0,"67":0,"68":0,"70":0,"77":0,"80":0,"92":0}},"por_nacionalidad":{"Hombres":{"MEXICANA":119,"SE DESCONOCE":23,"SIN NACIONALIDAD DE REFERENCIA":34},"Indeterminado":{"MEXICANA":6,"SE DESCONOCE":1,"SIN NACIONALIDAD DE REFERENCIA":0},"Mujeres":{"MEXICANA":60,"SE DESCONOCE":4,"SIN NACIONALIDAD DE REFERENCIA":46}}}