{"totales":{"PorcentajeDesaparecidos":"23.74","PorcentajeLocalizados":"76.26","PorcentajeLocalizadosCV":"96.23","PorcentajeLocalizadosSV":"3.77","PorcentajeSoloDesaparecidos":"100.00","PorcentajeSoloNoLocalizados":"0.00","TotalDesaparecidos":"33","TotalGlobal":"139","TotalLocalizados":"106","TotalLocalizadosCV":"102","TotalLocalizadosSV":"04","TotalSoloDesaparecidos":"33","TotalSoloNoLocalizados":"00"},"espacial":{"Hombres":{"AVIACIÓN CIVIL":1,"EL BORDO":1,"EL JARDÍN":1,"EL LLANITO":1,"EL RANCHITO":3,"EL TERRERO":0,"JUANA DE MEDINA":2,"LA BARRANCA":1,"LA ORDEÑA":1,"LOS ÁNGELES":0,"MOROLEÓN 2000":3,"NIÑOS HÉROES":1,"NUEVO MOROLEÓN":1,"PRADOS VERDES":2,"SIN COLONIA DE REFERENCIA":55},"Indeterminado":{"AVIACIÓN CIVIL":0,"EL BORDO":0,"EL JARDÍN":0,"EL LLANITO":0,"EL RANCHITO":0,"EL TERRERO":0,"JUANA DE MEDINA":0,"LA BARRANCA":0,"LA ORDEÑA":0,"LOS ÁNGELES":0,"MOROLEÓN 2000":0,"NIÑOS HÉROES":0,"NUEVO MOROLEÓN":0,"PRADOS VERDES":0,"SIN COLONIA DE REFERENCIA":3},"Mujeres":{"AVIACIÓN CIVIL":0,"EL BORDO":6,"EL JARDÍN":0,"EL LLANITO":1,"EL RANCHITO":3,"EL TERRERO":1,"JUANA DE MEDINA":0,"LA BARRANCA":0,"LA ORDEÑA":0,"LOS ÁNGELES":1,"MOROLEÓN 2000":0,"NIÑOS HÉROES":0,"NUEVO MOROLEÓN":0,"PRADOS VERDES":0,"SIN COLONIA DE REFERENCIA":51}},"anual":{"Hombre":{"2004":1,"2007":9,"2008":4,"2009":7,"2010":0,"2011":6,"2012":5,"2013":7,"2014":4,"2015":7,"2016":4,"2017":6,"2018":2,"2019":2,"2020":9},"Indeterminado":{"2004":0,"2007":0,"2008":0,"2009":0,"2010":0,"2011":0,"2012":0,"2013":0,"2014":0,"2015":0,"2016":0,"2017":1,"2018":2,"2019":0,"2020":0},"Mujer":{"2004":0,"2007":9,"2008":3,"2009":4,"2010":3,"2011":3,"2012":13,"2013":3,"2014":10,"2015":9,"2016":1,"2017":1,"2018":0,"2019":1,"2020":3}},"mensual_ultimo_anio":{"Hombre":{"2018-AGOSTO":1,"2018-FEBRERO":1,"2018-NOVIEMBRE":0,"2018-SEPTIEMBRE":0,"2019-DICIEMBRE":1,"2019-JUNIO":1,"2020-ABRIL":6,"2020-ENERO":1,"2020-FEBRERO":1,"2020-JULIO":0,"2020-JUNIO":0,"2020-MAYO":1},"Indeterminado":{"2018-AGOSTO":0,"2018-FEBRERO":0,"2018-NOVIEMBRE":1,"2018-SEPTIEMBRE":1,"2019-DICIEMBRE":0,"2019-JUNIO":0,"2020-ABRIL":0,"2020-ENERO":0,"2020-FEBRERO":0,"2020-JULIO":0,"2020-JUNIO":0,"2020-MAYO":0},"Mujer":{"2018-AGOSTO":0,"2018-FEBRERO":0,"2018-NOVIEMBRE":0,"2018-SEPTIEMBRE":0,"2019-DICIEMBRE":0,"2019-JUNIO":1,"2020-ABRIL":0,"2020-ENERO":0,"2020-FEBRERO":0,"2020-JULIO":1,"2020-JUNIO":2,"2020-MAYO":0}},"por_edad":{"Hombres":{"0":0,"10":2,"12":2,"13":1,"14":0,"15":1,"16":0,"17":1,"18":2,"19":0,"2":0,"20":1,"21":0,"22":2,"23":1,"24":3,"25":3,"26":0,"27":4,"28":2,"29":2,"30":5,"31":2,"32":1,"33":3,"34":3,"35":2,"36":4,"37":2,"38":2,"39":1,"41":2,"42":3,"44":1,"45":2,"46":0,"48":2,"49":0,"5":1,"50":0,"51":1,"53":0,"54":0,"56":1,"58":1,"59":1,"60":1,"61":1,"62":0,"66":1,"68":1,"7":0,"70":1,"8":0,"84":1,"87":0},"Indeterminado":{"0":0,"10":0,"12":0,"13":0,"14":0,"15":0,"16":0,"17":0,"18":0,"19":0,"2":0,"20":0,"21":0,"22":0,"23":0,"24":0,"25":0,"26":1,"27":0,"28":0,"29":0,"30":0,"31":0,"32":0,"33":0,"34":0,"35":0,"36":0,"37":1,"38":0,"39":0,"41":0,"42":0,"44":0,"45":0,"46":1,"48":0,"49":0,"5":0,"50":0,"51":0,"53":0,"54":0,"56":0,"58":0,"59":0,"60":0,"61":0,"62":0,"66":0,"68":0,"7":0,"70":0,"8":0,"84":0,"87":0},"Mujeres":{"0":1,"10":0,"12":0,"13":5,"14":3,"15":7,"16":4,"17":4,"18":3,"19":2,"2":1,"20":2,"21":2,"22":2,"23":1,"24":0,"25":2,"26":2,"27":2,"28":1,"29":0,"30":3,"31":1,"32":0,"33":0,"34":1,"35":0,"36":1,"37":1,"38":0,"39":0,"41":1,"42":0,"44":0,"45":3,"46":0,"48":0,"49":1,"5":0,"50":1,"51":0,"53":1,"54":1,"56":0,"58":0,"59":0,"60":0,"61":0,"62":1,"66":0,"68":0,"7":1,"70":0,"8":1,"84":0,"87":1}},"por_nacionalidad":{"Hombres":{"MEXICANA":66,"SIN NACIONALIDAD DE REFERENCIA":7},"Indeterminado":{"MEXICANA":3,"SIN NACIONALIDAD DE REFERENCIA":0},"Mujeres":{"MEXICANA":58,"SIN NACIONALIDAD DE REFERENCIA":5}}}