{"totales":{"PorcentajeDesaparecidos":"8.25","PorcentajeLocalizados":"91.75","PorcentajeLocalizadosCV":"98.83","PorcentajeLocalizadosSV":"1.17","PorcentajeSoloDesaparecidos":"97.59","PorcentajeSoloNoLocalizados":"2.41","TotalDesaparecidos":"291","TotalGlobal":"3526","TotalLocalizados":"3235","TotalLocalizadosCV":"3197","TotalLocalizadosSV":"38","TotalSoloDesaparecidos":"284","TotalSoloNoLocalizados":"07"},"espacial":{"Hombres":{"10 DE MAYO":5,"ACRÓPOLIS":0,"ADQUIRIENTES DE IBARRILLA":1,"AGUA AZUL":1,"ALAMEDA DE LA PRESA":0,"ALAMEDA DIAMANTE":0,"ANTENAS DE ARRIBA":0,"ARBIDE":1,"ARBOLEDAS DE LA LUZ":0,"ARBOLEDAS DE SEÑORA":2,"ARBOLEDAS DEL CAMPO":1,"AZTECAS":1,"BALCONES DE LA JOYA":5,"BARRANCA DE VENADEROS":0,"BELLAVISTA":3,"BENITO JUÁREZ":0,"BRISAS DE SAN FRANCISCO":1,"BRISAS DE SAN NICOLÁS":1,"BRISAS DEL CARMEN":0,"BUENAVISTA":0,"BUENOS AIRES":3,"CAMINO A SAN JUAN":1,"CAMPO VERDE":1,"CAÑADA DE ALFARO":0,"CAÑADA DE JEREZ":1,"CAÑÓN DE LA INDIA":3,"CENTRO":8,"CERRITO DE JEREZ":8,"CHAPALITA":7,"CIUDAD AURORA":0,"CIUDAD INDUSTRIAL":2,"CIUDAD SATÉLITE":1,"COECILLO":2,"COLINAS DE SANTA JULIA":1,"CUMBRES DE LA PISCINA":0,"DELTA 2000":1,"DELTA DE JEREZ":0,"DESARROLLO EL POTRERO":2,"DUARTE":1,"EL CARMEN":1,"EL COECILLO":4,"EL CORTIJO":1,"EL DURAZNAL":0,"EL PAISAJE":1,"EL PARAÍSO I":1,"EL PENITENTE":1,"EL REFUGIO":0,"EL RESPLANDOR":0,"EL RETIRO":2,"EL VALLADITO":1,"ERMITA":1,"ESPAÑA":0,"EYUPOL":4,"FUTURAMA MONTERREY":1,"GRANJAS CAMPESTRE":0,"HACIENDA DE LOS NARANJOS":0,"HACIENDA ECHEVESTE":1,"HACIENDAS DE LEÓN":0,"HÉROES DE CHAPULTEPEC":1,"IBARRILLA":0,"INDEPENDENCIA INFONAVIT":0,"INDUSTRIAL":1,"JARDINES DE ECHEVESTE":0,"JARDINES DE JEREZ":0,"JARDINES DE JEREZ II":0,"JARDINES DE MARAVILLAS":1,"JARDINES DE ORIENTE":0,"JARDINES DE SAN PEDRO":1,"JARDINES DE SAN SEBASTIÁN":1,"JARDINES DE SANTA JULIA":2,"JARDINES DEL SOL":1,"JARDÍN DELTA":0,"JESUS MARÍA":0,"JOYAS DE CASTILLA":2,"LA BRISA":2,"LA CARMONA":1,"LA CONDESA":0,"LA ESCONDIDA":2,"LA FLORESTA":1,"LA FLORIDA":0,"LA GLORIA":0,"LA LABORCITA":0,"LA LUZ":1,"LA MARTINICA":1,"LA MOREÑA":0,"LA NORIA":0,"LA PRADERA":0,"LA VENTA":1,"LAS AMÉRICAS":0,"LAS ARBOLEDAS":4,"LAS CAMELINAS":1,"LAS FUENTES":0,"LAS HILAMAS":3,"LAS HUERTAS":1,"LAS MANDARINAS":0,"LAS MARAVILLAS":1,"LAS MARGARITAS SUR":1,"LAS PRESITAS DEL CONSUELO":1,"LAS TROJES":3,"LAS VILLAS":1,"LAS ÁGUILAS":1,"LATINOAMERICANA":3,"LAURELES DE LA SELVA":1,"LEÓN I":5,"LEÓN II":7,"LEÓN MODERNO":2,"LIBERTAD":2,"LINARES":0,"LINDAVISTA":0,"LOMA BONITA":1,"LOMA HERMOSA":0,"LOMAS DE ARBIDE":0,"LOMAS DE ECHEVESTE":3,"LOMAS DE GUADALUPE":3,"LOMAS DE LA PISCINA":3,"LOMAS DE LA PRESA":0,"LOMAS DE LA TRINIDAD":0,"LOMAS DE LOS CASTILLOS":0,"LOMAS DE LOS OLIVOS":0,"LOMAS DE MEDINA":3,"LOMAS DEL EDÉN":0,"LOMAS VISTA HERMOSA SUR":1,"LOS AGUACATES":0,"LOS CASTILLOS":2,"LOS GAVILANES":2,"LOS LAURELES":0,"LOS NARANJOS":0,"LOS OLIVOS":2,"LOS PINOS":1,"LOS RAMIREZ":0,"LOS SAUCES":1,"LOS TEPETATES":0,"LOS ÁNGELES":5,"LOS ÁNGELES II":1,"LOURDES":1,"MARÍA DOLORES":1,"MEDINA":3,"MEZQUITAL 2000":2,"MICHOACÁN":1,"MODERNA":1,"MONTE DE CRISTO":0,"MORELOS":1,"MORELOS (EL GUAJE)":0,"NUEVA CANDELARIA":3,"NUEVO LEÓN":1,"NUEVO VALLE DE MORENO":0,"OBREGÓN":3,"OBRERA":2,"ORIENTAL":0,"PALOMARES":0,"PANORAMA":1,"PARQUE LA NORIA":1,"PARQUE MANZANARES":3,"PARQUES DEL SUR":1,"PASEOS DE LA CIMA":1,"PASEOS DE MIRAVALLE":2,"PASEOS DEL MAUREL":1,"PASEOS DEL MOLINO":1,"PEDREGALES DE ECHEVESTE":0,"PILETAS III":0,"PILETAS IV":1,"PLAN DE AYALA O SANTA ROSA":0,"PLAZA DE TOROS I":3,"POPULAR ANAYA":1,"PORTALES DE SAN SEBASTIÁN":0,"PORTONES DEL CAMPESTRE":0,"PRESIDENTES DE MÉXICO":4,"PUERTA DE SAN GERMÁN":1,"PUNTO VERDE":0,"QUINTA LOS CASTILLOS":0,"RANCHO LA FLORIDA":1,"REAL DE JEREZ":0,"REAL DEL BOSQUE":0,"REAL PROVIDENCIA II":0,"REFUGIO DE SAN JOSÉ":2,"REVOLUCIÓN":0,"RICARDO FLORES MAGÓN":0,"RINCONADA DEL BOSQUE":1,"RINCONADA DEL SUR":1,"RIVERA DE LA PRESA":2,"RIVERA DEL RÍO":1,"RIZOS DEL SAUCILLO I":0,"RUSTICO SAN PEDRO":0,"SAN AGUSTIN":0,"SAN ANTONIO":1,"SAN CRISTÓBAL":2,"SAN FELIPE DE JESUS":9,"SAN FRANCISCO":2,"SAN ISIDRO":1,"SAN ISIDRO DE JEREZ":0,"SAN ISIDRO LABRADOR":1,"SAN JERÓNIMO I":0,"SAN JOSÉ DE CEMENTOS":0,"SAN JOSÉ DEL CLAVEL":0,"SAN JOSÉ DEL CONSUELO":1,"SAN JOSÉ DEL CONSUELO II":1,"SAN JOSÉ DEL POTRERO":1,"SAN JOSÉ EL ALTO":2,"SAN JUAN DE ABAJO":4,"SAN JUAN DE DIOS":2,"SAN MANUEL":2,"SAN MARCOS":2,"SAN MARTÍN DE PORRES":3,"SAN MIGUEL":9,"SAN NICOLÁS":2,"SAN NICOLÁS DE LOS GONZÁLEZ":0,"SAN NICOLÁS DEL PALOTE II":0,"SAN PABLO":1,"SAN PEDRO DE LOS HERNANDEZ":0,"SAN PEDRO PLUS":0,"SAN SEBASTIÁN":1,"SANGRE DE CRISTO":0,"SANTA ANA DEL CONDE":1,"SANTA CLARA":2,"SANTA FE":0,"SANTA MARÍA DE CEMENTOS":4,"SANTA MARÍA DEL GRANJENO":3,"SANTA RITA":0,"SANTA RITA DE LOS NARANJOS":1,"SANTA ROSA DE LIMA":1,"SANTO DOMINGO":1,"SIN COLONIA DE REFERENCIA":1223,"SINARQUISTA":0,"TORRE MOLINOS":0,"UNIDAD DEPORTIVA":1,"UNIDAD DEPORTIVA II":0,"UNIDAD OBRERA INFONAVIT":2,"VALLE DE JEREZ":3,"VALLE DE LA LUZ":0,"VALLE DE LAS HACIENDAS":0,"VALLE DE LAS TORRES":1,"VALLE DE LEÓN":2,"VALLE DE SAN BERNARDO":0,"VALLE DE SAN JOSÉ":4,"VALLE DE SAN PEDRO":1,"VALLE DE SEÑORA":3,"VALLE DEL CAMPESTRE":0,"VALLE DEL CONSUELO":0,"VALLE DEL MAGUEY":0,"VALLE DEL REAL":1,"VALLE DEL SOL":0,"VALLE DORADO":0,"VILLA DE LA ROSA":1,"VILLA DE LAS FLORES":1,"VILLA DE LAS TORRES":2,"VILLA INSURGENTES":3,"VILLAS DE LEÓN":2,"VILLAS DE SAN JUAN":5,"VILLAS DE SAN NICOLÁS":1},"Indeterminado":{"10 DE MAYO":0,"ACRÓPOLIS":0,"ADQUIRIENTES DE IBARRILLA":0,"AGUA AZUL":0,"ALAMEDA DE LA PRESA":0,"ALAMEDA DIAMANTE":0,"ANTENAS DE ARRIBA":0,"ARBIDE":0,"ARBOLEDAS DE LA LUZ":0,"ARBOLEDAS DE SEÑORA":0,"ARBOLEDAS DEL CAMPO":0,"AZTECAS":0,"BALCONES DE LA JOYA":0,"BARRANCA DE VENADEROS":0,"BELLAVISTA":0,"BENITO JUÁREZ":0,"BRISAS DE SAN FRANCISCO":0,"BRISAS DE SAN NICOLÁS":0,"BRISAS DEL CARMEN":0,"BUENAVISTA":0,"BUENOS AIRES":0,"CAMINO A SAN JUAN":0,"CAMPO VERDE":0,"CAÑADA DE ALFARO":0,"CAÑADA DE JEREZ":0,"CAÑÓN DE LA INDIA":0,"CENTRO":0,"CERRITO DE JEREZ":0,"CHAPALITA":0,"CIUDAD AURORA":0,"CIUDAD INDUSTRIAL":0,"CIUDAD SATÉLITE":0,"COECILLO":0,"COLINAS DE SANTA JULIA":0,"CUMBRES DE LA PISCINA":0,"DELTA 2000":0,"DELTA DE JEREZ":0,"DESARROLLO EL POTRERO":0,"DUARTE":0,"EL CARMEN":0,"EL COECILLO":0,"EL CORTIJO":0,"EL DURAZNAL":0,"EL PAISAJE":0,"EL PARAÍSO I":0,"EL PENITENTE":0,"EL REFUGIO":0,"EL RESPLANDOR":0,"EL RETIRO":0,"EL VALLADITO":0,"ERMITA":0,"ESPAÑA":0,"EYUPOL":0,"FUTURAMA MONTERREY":0,"GRANJAS CAMPESTRE":0,"HACIENDA DE LOS NARANJOS":0,"HACIENDA ECHEVESTE":0,"HACIENDAS DE LEÓN":0,"HÉROES DE CHAPULTEPEC":0,"IBARRILLA":0,"INDEPENDENCIA INFONAVIT":0,"INDUSTRIAL":0,"JARDINES DE ECHEVESTE":0,"JARDINES DE JEREZ":0,"JARDINES DE JEREZ II":0,"JARDINES DE MARAVILLAS":0,"JARDINES DE ORIENTE":0,"JARDINES DE SAN PEDRO":0,"JARDINES DE SAN SEBASTIÁN":0,"JARDINES DE SANTA JULIA":0,"JARDINES DEL SOL":0,"JARDÍN DELTA":0,"JESUS MARÍA":0,"JOYAS DE CASTILLA":0,"LA BRISA":0,"LA CARMONA":0,"LA CONDESA":0,"LA ESCONDIDA":0,"LA FLORESTA":0,"LA FLORIDA":0,"LA GLORIA":0,"LA LABORCITA":0,"LA LUZ":0,"LA MARTINICA":0,"LA MOREÑA":0,"LA NORIA":0,"LA PRADERA":0,"LA VENTA":0,"LAS AMÉRICAS":0,"LAS ARBOLEDAS":0,"LAS CAMELINAS":0,"LAS FUENTES":0,"LAS HILAMAS":0,"LAS HUERTAS":0,"LAS MANDARINAS":0,"LAS MARAVILLAS":0,"LAS MARGARITAS SUR":0,"LAS PRESITAS DEL CONSUELO":0,"LAS TROJES":0,"LAS VILLAS":0,"LAS ÁGUILAS":0,"LATINOAMERICANA":0,"LAURELES DE LA SELVA":0,"LEÓN I":0,"LEÓN II":0,"LEÓN MODERNO":0,"LIBERTAD":0,"LINARES":0,"LINDAVISTA":0,"LOMA BONITA":0,"LOMA HERMOSA":0,"LOMAS DE ARBIDE":0,"LOMAS DE ECHEVESTE":0,"LOMAS DE GUADALUPE":0,"LOMAS DE LA PISCINA":0,"LOMAS DE LA PRESA":0,"LOMAS DE LA TRINIDAD":0,"LOMAS DE LOS CASTILLOS":0,"LOMAS DE LOS OLIVOS":0,"LOMAS DE MEDINA":0,"LOMAS DEL EDÉN":0,"LOMAS VISTA HERMOSA SUR":0,"LOS AGUACATES":0,"LOS CASTILLOS":0,"LOS GAVILANES":0,"LOS LAURELES":0,"LOS NARANJOS":0,"LOS OLIVOS":0,"LOS PINOS":0,"LOS RAMIREZ":0,"LOS SAUCES":0,"LOS TEPETATES":0,"LOS ÁNGELES":0,"LOS ÁNGELES II":0,"LOURDES":0,"MARÍA DOLORES":0,"MEDINA":0,"MEZQUITAL 2000":0,"MICHOACÁN":0,"MODERNA":0,"MONTE DE CRISTO":0,"MORELOS":0,"MORELOS (EL GUAJE)":0,"NUEVA CANDELARIA":0,"NUEVO LEÓN":0,"NUEVO VALLE DE MORENO":0,"OBREGÓN":0,"OBRERA":0,"ORIENTAL":0,"PALOMARES":0,"PANORAMA":0,"PARQUE LA NORIA":0,"PARQUE MANZANARES":0,"PARQUES DEL SUR":0,"PASEOS DE LA CIMA":0,"PASEOS DE MIRAVALLE":0,"PASEOS DEL MAUREL":0,"PASEOS DEL MOLINO":0,"PEDREGALES DE ECHEVESTE":0,"PILETAS III":0,"PILETAS IV":0,"PLAN DE AYALA O SANTA ROSA":0,"PLAZA DE TOROS I":0,"POPULAR ANAYA":0,"PORTALES DE SAN SEBASTIÁN":0,"PORTONES DEL CAMPESTRE":0,"PRESIDENTES DE MÉXICO":0,"PUERTA DE SAN GERMÁN":0,"PUNTO VERDE":0,"QUINTA LOS CASTILLOS":0,"RANCHO LA FLORIDA":0,"REAL DE JEREZ":0,"REAL DEL BOSQUE":0,"REAL PROVIDENCIA II":0,"REFUGIO DE SAN JOSÉ":0,"REVOLUCIÓN":0,"RICARDO FLORES MAGÓN":0,"RINCONADA DEL BOSQUE":0,"RINCONADA DEL SUR":0,"RIVERA DE LA PRESA":0,"RIVERA DEL RÍO":0,"RIZOS DEL SAUCILLO I":0,"RUSTICO SAN PEDRO":0,"SAN AGUSTIN":0,"SAN ANTONIO":0,"SAN CRISTÓBAL":0,"SAN FELIPE DE JESUS":0,"SAN FRANCISCO":0,"SAN ISIDRO":0,"SAN ISIDRO DE JEREZ":0,"SAN ISIDRO LABRADOR":0,"SAN JERÓNIMO I":0,"SAN JOSÉ DE CEMENTOS":0,"SAN JOSÉ DEL CLAVEL":0,"SAN JOSÉ DEL CONSUELO":0,"SAN JOSÉ DEL CONSUELO II":0,"SAN JOSÉ DEL POTRERO":0,"SAN JOSÉ EL ALTO":0,"SAN JUAN DE ABAJO":0,"SAN JUAN DE DIOS":0,"SAN MANUEL":0,"SAN MARCOS":0,"SAN MARTÍN DE PORRES":0,"SAN MIGUEL":0,"SAN NICOLÁS":0,"SAN NICOLÁS DE LOS GONZÁLEZ":0,"SAN NICOLÁS DEL PALOTE II":0,"SAN PABLO":0,"SAN PEDRO DE LOS HERNANDEZ":0,"SAN PEDRO PLUS":0,"SAN SEBASTIÁN":0,"SANGRE DE CRISTO":0,"SANTA ANA DEL CONDE":0,"SANTA CLARA":0,"SANTA FE":0,"SANTA MARÍA DE CEMENTOS":0,"SANTA MARÍA DEL GRANJENO":0,"SANTA RITA":0,"SANTA RITA DE LOS NARANJOS":0,"SANTA ROSA DE LIMA":0,"SANTO DOMINGO":0,"SIN COLONIA DE REFERENCIA":17,"SINARQUISTA":0,"TORRE MOLINOS":0,"UNIDAD DEPORTIVA":0,"UNIDAD DEPORTIVA II":0,"UNIDAD OBRERA INFONAVIT":0,"VALLE DE JEREZ":0,"VALLE DE LA LUZ":0,"VALLE DE LAS HACIENDAS":0,"VALLE DE LAS TORRES":0,"VALLE DE LEÓN":0,"VALLE DE SAN BERNARDO":0,"VALLE DE SAN JOSÉ":0,"VALLE DE SAN PEDRO":0,"VALLE DE SEÑORA":0,"VALLE DEL CAMPESTRE":0,"VALLE DEL CONSUELO":0,"VALLE DEL MAGUEY":0,"VALLE DEL REAL":0,"VALLE DEL SOL":0,"VALLE DORADO":0,"VILLA DE LA ROSA":0,"VILLA DE LAS FLORES":0,"VILLA DE LAS TORRES":0,"VILLA INSURGENTES":0,"VILLAS DE LEÓN":0,"VILLAS DE SAN JUAN":0,"VILLAS DE SAN NICOLÁS":0},"Mujeres":{"10 DE MAYO":13,"ACRÓPOLIS":1,"ADQUIRIENTES DE IBARRILLA":0,"AGUA AZUL":5,"ALAMEDA DE LA PRESA":1,"ALAMEDA DIAMANTE":2,"ANTENAS DE ARRIBA":1,"ARBIDE":0,"ARBOLEDAS DE LA LUZ":1,"ARBOLEDAS DE SEÑORA":2,"ARBOLEDAS DEL CAMPO":0,"AZTECAS":0,"BALCONES DE LA JOYA":0,"BARRANCA DE VENADEROS":1,"BELLAVISTA":5,"BENITO JUÁREZ":1,"BRISAS DE SAN FRANCISCO":5,"BRISAS DE SAN NICOLÁS":0,"BRISAS DEL CARMEN":1,"BUENAVISTA":2,"BUENOS AIRES":2,"CAMINO A SAN JUAN":2,"CAMPO VERDE":0,"CAÑADA DE ALFARO":1,"CAÑADA DE JEREZ":1,"CAÑÓN DE LA INDIA":0,"CENTRO":14,"CERRITO DE JEREZ":3,"CHAPALITA":8,"CIUDAD AURORA":1,"CIUDAD INDUSTRIAL":0,"CIUDAD SATÉLITE":0,"COECILLO":3,"COLINAS DE SANTA JULIA":3,"CUMBRES DE LA PISCINA":1,"DELTA 2000":2,"DELTA DE JEREZ":3,"DESARROLLO EL POTRERO":5,"DUARTE":1,"EL CARMEN":0,"EL COECILLO":5,"EL CORTIJO":4,"EL DURAZNAL":1,"EL PAISAJE":0,"EL PARAÍSO I":0,"EL PENITENTE":2,"EL REFUGIO":1,"EL RESPLANDOR":1,"EL RETIRO":1,"EL VALLADITO":0,"ERMITA":1,"ESPAÑA":2,"EYUPOL":0,"FUTURAMA MONTERREY":0,"GRANJAS CAMPESTRE":1,"HACIENDA DE LOS NARANJOS":1,"HACIENDA ECHEVESTE":2,"HACIENDAS DE LEÓN":2,"HÉROES DE CHAPULTEPEC":5,"IBARRILLA":1,"INDEPENDENCIA INFONAVIT":1,"INDUSTRIAL":8,"JARDINES DE ECHEVESTE":2,"JARDINES DE JEREZ":3,"JARDINES DE JEREZ II":1,"JARDINES DE MARAVILLAS":0,"JARDINES DE ORIENTE":1,"JARDINES DE SAN PEDRO":0,"JARDINES DE SAN SEBASTIÁN":2,"JARDINES DE SANTA JULIA":2,"JARDINES DEL SOL":0,"JARDÍN DELTA":1,"JESUS MARÍA":1,"JOYAS DE CASTILLA":2,"LA BRISA":5,"LA CARMONA":3,"LA CONDESA":1,"LA ESCONDIDA":1,"LA FLORESTA":1,"LA FLORIDA":1,"LA GLORIA":1,"LA LABORCITA":1,"LA LUZ":2,"LA MARTINICA":1,"LA MOREÑA":1,"LA NORIA":1,"LA PRADERA":2,"LA VENTA":0,"LAS AMÉRICAS":1,"LAS ARBOLEDAS":2,"LAS CAMELINAS":0,"LAS FUENTES":1,"LAS HILAMAS":5,"LAS HUERTAS":0,"LAS MANDARINAS":1,"LAS MARAVILLAS":1,"LAS MARGARITAS SUR":0,"LAS PRESITAS DEL CONSUELO":0,"LAS TROJES":3,"LAS VILLAS":0,"LAS ÁGUILAS":0,"LATINOAMERICANA":1,"LAURELES DE LA SELVA":0,"LEÓN I":18,"LEÓN II":19,"LEÓN MODERNO":4,"LIBERTAD":2,"LINARES":2,"LINDAVISTA":1,"LOMA BONITA":6,"LOMA HERMOSA":1,"LOMAS DE ARBIDE":1,"LOMAS DE ECHEVESTE":1,"LOMAS DE GUADALUPE":1,"LOMAS DE LA PISCINA":1,"LOMAS DE LA PRESA":1,"LOMAS DE LA TRINIDAD":1,"LOMAS DE LOS CASTILLOS":1,"LOMAS DE LOS OLIVOS":1,"LOMAS DE MEDINA":5,"LOMAS DEL EDÉN":1,"LOMAS VISTA HERMOSA SUR":0,"LOS AGUACATES":1,"LOS CASTILLOS":3,"LOS GAVILANES":1,"LOS LAURELES":3,"LOS NARANJOS":1,"LOS OLIVOS":11,"LOS PINOS":0,"LOS RAMIREZ":2,"LOS SAUCES":2,"LOS TEPETATES":1,"LOS ÁNGELES":2,"LOS ÁNGELES II":1,"LOURDES":1,"MARÍA DOLORES":0,"MEDINA":4,"MEZQUITAL 2000":1,"MICHOACÁN":0,"MODERNA":1,"MONTE DE CRISTO":1,"MORELOS":1,"MORELOS (EL GUAJE)":1,"NUEVA CANDELARIA":1,"NUEVO LEÓN":3,"NUEVO VALLE DE MORENO":1,"OBREGÓN":5,"OBRERA":6,"ORIENTAL":3,"PALOMARES":1,"PANORAMA":0,"PARQUE LA NORIA":4,"PARQUE MANZANARES":4,"PARQUES DEL SUR":0,"PASEOS DE LA CIMA":0,"PASEOS DE MIRAVALLE":0,"PASEOS DEL MAUREL":1,"PASEOS DEL MOLINO":0,"PEDREGALES DE ECHEVESTE":2,"PILETAS III":3,"PILETAS IV":0,"PLAN DE AYALA O SANTA ROSA":1,"PLAZA DE TOROS I":2,"POPULAR ANAYA":3,"PORTALES DE SAN SEBASTIÁN":2,"PORTONES DEL CAMPESTRE":1,"PRESIDENTES DE MÉXICO":1,"PUERTA DE SAN GERMÁN":0,"PUNTO VERDE":2,"QUINTA LOS CASTILLOS":2,"RANCHO LA FLORIDA":0,"REAL DE JEREZ":1,"REAL DEL BOSQUE":1,"REAL PROVIDENCIA II":1,"REFUGIO DE SAN JOSÉ":2,"REVOLUCIÓN":1,"RICARDO FLORES MAGÓN":1,"RINCONADA DEL BOSQUE":0,"RINCONADA DEL SUR":1,"RIVERA DE LA PRESA":4,"RIVERA DEL RÍO":1,"RIZOS DEL SAUCILLO I":3,"RUSTICO SAN PEDRO":1,"SAN AGUSTIN":2,"SAN ANTONIO":3,"SAN CRISTÓBAL":0,"SAN FELIPE DE JESUS":13,"SAN FRANCISCO":3,"SAN ISIDRO":1,"SAN ISIDRO DE JEREZ":1,"SAN ISIDRO LABRADOR":1,"SAN JERÓNIMO I":2,"SAN JOSÉ DE CEMENTOS":1,"SAN JOSÉ DEL CLAVEL":1,"SAN JOSÉ DEL CONSUELO":0,"SAN JOSÉ DEL CONSUELO II":1,"SAN JOSÉ DEL POTRERO":0,"SAN JOSÉ EL ALTO":3,"SAN JUAN DE ABAJO":0,"SAN JUAN DE DIOS":1,"SAN MANUEL":2,"SAN MARCOS":4,"SAN MARTÍN DE PORRES":3,"SAN MIGUEL":16,"SAN NICOLÁS":4,"SAN NICOLÁS DE LOS GONZÁLEZ":2,"SAN NICOLÁS DEL PALOTE II":1,"SAN PABLO":0,"SAN PEDRO DE LOS HERNANDEZ":2,"SAN PEDRO PLUS":1,"SAN SEBASTIÁN":1,"SANGRE DE CRISTO":2,"SANTA ANA DEL CONDE":0,"SANTA CLARA":4,"SANTA FE":1,"SANTA MARÍA DE CEMENTOS":1,"SANTA MARÍA DEL GRANJENO":1,"SANTA RITA":1,"SANTA RITA DE LOS NARANJOS":0,"SANTA ROSA DE LIMA":2,"SANTO DOMINGO":1,"SIN COLONIA DE REFERENCIA":1490,"SINARQUISTA":1,"TORRE MOLINOS":1,"UNIDAD DEPORTIVA":0,"UNIDAD DEPORTIVA II":4,"UNIDAD OBRERA INFONAVIT":0,"VALLE DE JEREZ":3,"VALLE DE LA LUZ":2,"VALLE DE LAS HACIENDAS":1,"VALLE DE LAS TORRES":2,"VALLE DE LEÓN":1,"VALLE DE SAN BERNARDO":1,"VALLE DE SAN JOSÉ":3,"VALLE DE SAN PEDRO":0,"VALLE DE SEÑORA":8,"VALLE DEL CAMPESTRE":1,"VALLE DEL CONSUELO":1,"VALLE DEL MAGUEY":2,"VALLE DEL REAL":4,"VALLE DEL SOL":1,"VALLE DORADO":4,"VILLA DE LA ROSA":0,"VILLA DE LAS FLORES":1,"VILLA DE LAS TORRES":1,"VILLA INSURGENTES":0,"VILLAS DE LEÓN":8,"VILLAS DE SAN JUAN":4,"VILLAS DE SAN NICOLÁS":1}},"anual":{"Hombre":{"1.CIFRA SIN  AÑO DE REFERENCIA":8,"1994":0,"1996":1,"2000":1,"2004":0,"2006":15,"2007":138,"2008":118,"2009":130,"2010":4,"2011":122,"2012":150,"2013":160,"2014":211,"2015":228,"2016":74,"2017":22,"2018":39,"2019":43,"2020":60,"2021":7},"Indeterminado":{"1.CIFRA SIN  AÑO DE REFERENCIA":0,"1994":0,"1996":0,"2000":0,"2004":0,"2006":0,"2007":0,"2008":0,"2009":0,"2010":0,"2011":0,"2012":0,"2013":0,"2014":0,"2015":0,"2016":3,"2017":2,"2018":2,"2019":8,"2020":2,"2021":0},"Mujer":{"1.CIFRA SIN  AÑO DE REFERENCIA":2,"1994":1,"1996":0,"2000":0,"2004":1,"2006":23,"2007":229,"2008":204,"2009":196,"2010":6,"2011":199,"2012":166,"2013":247,"2014":270,"2015":326,"2016":71,"2017":8,"2018":8,"2019":7,"2020":12,"2021":2}},"mensual_ultimo_anio":{"Hombre":{"2020-AGOSTO":1,"2020-DICIEMBRE":1,"2020-JULIO":1,"2020-JUNIO":6,"2020-NOVIEMBRE":3,"2020-OCTUBRE":2,"2020-SEPTIEMBRE":1,"2021-ABRIL":0,"2021-ENERO":2,"2021-JULIO":2,"2021-JUNIO":1,"2021-MARZO":2},"Indeterminado":{"2020-AGOSTO":0,"2020-DICIEMBRE":0,"2020-JULIO":0,"2020-JUNIO":1,"2020-NOVIEMBRE":0,"2020-OCTUBRE":0,"2020-SEPTIEMBRE":0,"2021-ABRIL":0,"2021-ENERO":0,"2021-JULIO":0,"2021-JUNIO":0,"2021-MARZO":0},"Mujer":{"2020-AGOSTO":0,"2020-DICIEMBRE":0,"2020-JULIO":2,"2020-JUNIO":1,"2020-NOVIEMBRE":1,"2020-OCTUBRE":1,"2020-SEPTIEMBRE":0,"2021-ABRIL":1,"2021-ENERO":0,"2021-JULIO":1,"2021-JUNIO":0,"2021-MARZO":0}},"por_edad":{"Hombres":{"0":46,"1":9,"10":16,"11":24,"12":21,"13":44,"14":47,"15":57,"16":52,"17":35,"18":33,"19":43,"2":6,"20":38,"21":32,"22":48,"23":38,"24":41,"25":34,"26":27,"27":27,"28":48,"29":34,"3":7,"30":21,"31":37,"32":32,"33":36,"34":36,"35":22,"36":21,"37":21,"38":26,"39":19,"4":7,"40":23,"41":20,"42":23,"43":22,"44":15,"45":15,"46":5,"47":12,"48":13,"49":15,"5":7,"50":19,"51":14,"52":14,"53":10,"54":10,"55":4,"56":12,"57":4,"58":13,"59":6,"6":9,"60":5,"61":7,"62":5,"63":7,"64":4,"65":5,"66":3,"67":3,"68":5,"69":6,"7":11,"70":2,"71":2,"72":6,"73":4,"74":3,"75":2,"76":7,"77":5,"78":6,"79":4,"8":13,"80":5,"81":3,"82":5,"83":2,"84":2,"85":3,"86":1,"87":3,"88":2,"9":12,"90":2,"91":1,"92":1,"94":2,"98":1,"SIN EDAD DE REFERENCIA":1},"Indeterminado":{"0":0,"1":0,"10":0,"11":0,"12":0,"13":0,"14":0,"15":0,"16":0,"17":1,"18":0,"19":0,"2":0,"20":0,"21":0,"22":1,"23":1,"24":2,"25":0,"26":1,"27":0,"28":1,"29":0,"3":0,"30":1,"31":1,"32":2,"33":0,"34":0,"35":0,"36":1,"37":0,"38":1,"39":1,"4":0,"40":0,"41":0,"42":0,"43":0,"44":0,"45":0,"46":0,"47":0,"48":0,"49":0,"5":0,"50":0,"51":0,"52":2,"53":0,"54":0,"55":0,"56":0,"57":0,"58":0,"59":0,"6":0,"60":0,"61":0,"62":0,"63":0,"64":0,"65":0,"66":0,"67":0,"68":0,"69":0,"7":0,"70":0,"71":0,"72":0,"73":0,"74":0,"75":0,"76":0,"77":0,"78":0,"79":0,"8":0,"80":0,"81":0,"82":0,"83":0,"84":0,"85":0,"86":0,"87":0,"88":0,"9":0,"90":0,"91":0,"92":0,"94":0,"98":0,"SIN EDAD DE REFERENCIA":1},"Mujeres":{"0":31,"1":8,"10":12,"11":25,"12":56,"13":127,"14":246,"15":272,"16":221,"17":169,"18":113,"19":64,"2":12,"20":55,"21":49,"22":34,"23":40,"24":46,"25":30,"26":21,"27":18,"28":13,"29":22,"3":8,"30":19,"31":9,"32":16,"33":13,"34":15,"35":10,"36":13,"37":9,"38":3,"39":7,"4":8,"40":13,"41":5,"42":8,"43":3,"44":8,"45":7,"46":6,"47":6,"48":4,"49":7,"5":8,"50":4,"51":5,"52":3,"53":1,"54":3,"55":0,"56":2,"57":4,"58":1,"59":2,"6":6,"60":1,"61":0,"62":2,"63":1,"64":3,"65":1,"66":5,"67":0,"68":1,"69":1,"7":6,"70":2,"71":3,"72":0,"73":2,"74":2,"75":1,"76":0,"77":0,"78":1,"79":1,"8":8,"80":5,"81":0,"82":1,"83":1,"84":1,"85":0,"86":0,"87":0,"88":0,"9":8,"90":0,"91":0,"92":1,"94":0,"98":0,"SIN EDAD DE REFERENCIA":0}},"por_nacionalidad":{"Hombres":{"BELGA":0,"CANADIENSE":1,"ESTADOUNIDENSE":3,"MEXICANA":652,"NICARAGUENSE":1,"PANAMENA":1,"SE DESCONOCE":58,"SIN NACIONALIDAD DE REFERENCIA":815,"VENEZOLANA":0},"Indeterminado":{"BELGA":0,"CANADIENSE":0,"ESTADOUNIDENSE":0,"MEXICANA":13,"NICARAGUENSE":0,"PANAMENA":0,"SE DESCONOCE":4,"SIN NACIONALIDAD DE REFERENCIA":0,"VENEZOLANA":0},"Mujeres":{"BELGA":1,"CANADIENSE":0,"ESTADOUNIDENSE":2,"MEXICANA":869,"NICARAGUENSE":1,"PANAMENA":0,"SE DESCONOCE":9,"SIN NACIONALIDAD DE REFERENCIA":1095,"VENEZOLANA":1}}}