{"totales":{"PorcentajeDesaparecidos":"18.73","PorcentajeLocalizados":"81.27","PorcentajeLocalizadosCV":"97.87","PorcentajeLocalizadosSV":"2.13","PorcentajeSoloDesaparecidos":"99.38","PorcentajeSoloNoLocalizados":"0.62","TotalDesaparecidos":"162","TotalGlobal":"865","TotalLocalizados":"703","TotalLocalizadosCV":"688","TotalLocalizadosSV":"15","TotalSoloDesaparecidos":"161","TotalSoloNoLocalizados":"01"},"espacial":{"Hombres":{"18 DE MARZO":2,"1910":0,"ALBINO GARCÍA":1,"ALVARADO":1,"AMPLIACIÓN LA LUZ":0,"BELLAVISTA":2,"BENITO JUÁREZ":3,"CERRO GORDO":1,"CONSTELACIÓN":1,"CONSTITUYENTES":2,"CÁRDENAS":1,"DEL PARQUE":0,"DEPORTIVO":1,"EL CARMEN":1,"EL CERRITO":0,"EL DIVISADOR":1,"EL DURAZNO":3,"EL EDÉN":4,"EL MOLINITO":1,"EL PERÚL":1,"EL VERGEL":0,"FELIPE ÁNGELES":2,"FLORESTA":1,"GUADALUPE":3,"GUANAJUATO":10,"INFONAVIT":1,"INFONAVIT 3 EL MONTE":0,"INFONAVIT II":1,"INSURGENTES":0,"JARDINES DE GUANAJUATO":0,"JARDINES DE SAN PEDRO":1,"JARDINES DEL SOL":0,"LA CAPILLA":0,"LA CRUZ":7,"LA GLORIA":0,"LA HERRADURA":0,"LA LUZ":2,"LA TINAJA":0,"LABOR DE VALTIERRA":2,"LAS AMÉRICAS":0,"LAS ARBOLEDAS":0,"LAS ESTANCIAS":0,"LAS FUENTES":3,"LAS GRANJAS":1,"LAS REYNAS":1,"LAS ROSAS":1,"LOMA DE FLORES":0,"LOS PINOS":5,"LOS VIRREYES":1,"LUIS DONALDO COLOSIO":0,"LÁZARO CÁRDENAS":1,"MARÍA GÓMEZ":0,"NATIVITAS":4,"OBRERA":1,"OLIMPO":3,"PEMEX":0,"PRIMAVERA":0,"PUERTO DE VALLE":1,"REFORMA":1,"RENOVACIÓN":1,"RINCONADA DEL PARQUE":0,"RINCONADA SAN JAVIER":1,"SALAMANCA":6,"SALAMANCA CENTRO":2,"SAN FELIPE DE JESUS":1,"SAN FRANCISCO DE ASÍS":1,"SAN GONZALO":1,"SAN ISIDRO":4,"SAN JAVIER":6,"SAN JOSÉ":2,"SAN JOSÉ DE LA MONTAÑA":0,"SAN JOSÉ DE MENDOZA":0,"SAN JUAN":2,"SAN JUAN CHIHUAHUA":1,"SAN JUAN DE RAZOS":1,"SAN PEDRO":3,"SAN ROQUE":2,"SANTA ELENA DE LA CRUZ":0,"SIN COLONIA DE REFERENCIA":299,"TAMAULIPAS":0,"VALTIERRA":1,"VALTIERRILLA":3,"VILLA PETROLERA":2,"VILLA VERDE":1,"VILLAFAÑA":0,"VILLAS DEL VALLE":0,"ZAPOTE DE PALOMAS":1,"ÁLAMOS":0},"Indeterminado":{"18 DE MARZO":0,"1910":0,"ALBINO GARCÍA":0,"ALVARADO":0,"AMPLIACIÓN LA LUZ":0,"BELLAVISTA":0,"BENITO JUÁREZ":0,"CERRO GORDO":0,"CONSTELACIÓN":0,"CONSTITUYENTES":0,"CÁRDENAS":0,"DEL PARQUE":0,"DEPORTIVO":0,"EL CARMEN":0,"EL CERRITO":0,"EL DIVISADOR":0,"EL DURAZNO":0,"EL EDÉN":0,"EL MOLINITO":0,"EL PERÚL":0,"EL VERGEL":0,"FELIPE ÁNGELES":0,"FLORESTA":0,"GUADALUPE":0,"GUANAJUATO":0,"INFONAVIT":0,"INFONAVIT 3 EL MONTE":0,"INFONAVIT II":0,"INSURGENTES":0,"JARDINES DE GUANAJUATO":0,"JARDINES DE SAN PEDRO":0,"JARDINES DEL SOL":0,"LA CAPILLA":0,"LA CRUZ":0,"LA GLORIA":0,"LA HERRADURA":0,"LA LUZ":0,"LA TINAJA":0,"LABOR DE VALTIERRA":0,"LAS AMÉRICAS":0,"LAS ARBOLEDAS":0,"LAS ESTANCIAS":0,"LAS FUENTES":0,"LAS GRANJAS":0,"LAS REYNAS":0,"LAS ROSAS":0,"LOMA DE FLORES":0,"LOS PINOS":0,"LOS VIRREYES":0,"LUIS DONALDO COLOSIO":0,"LÁZARO CÁRDENAS":0,"MARÍA GÓMEZ":0,"NATIVITAS":0,"OBRERA":0,"OLIMPO":0,"PEMEX":0,"PRIMAVERA":0,"PUERTO DE VALLE":0,"REFORMA":0,"RENOVACIÓN":0,"RINCONADA DEL PARQUE":0,"RINCONADA SAN JAVIER":0,"SALAMANCA":0,"SALAMANCA CENTRO":0,"SAN FELIPE DE JESUS":0,"SAN FRANCISCO DE ASÍS":0,"SAN GONZALO":0,"SAN ISIDRO":0,"SAN JAVIER":0,"SAN JOSÉ":0,"SAN JOSÉ DE LA MONTAÑA":0,"SAN JOSÉ DE MENDOZA":0,"SAN JUAN":0,"SAN JUAN CHIHUAHUA":0,"SAN JUAN DE RAZOS":0,"SAN PEDRO":0,"SAN ROQUE":0,"SANTA ELENA DE LA CRUZ":0,"SIN COLONIA DE REFERENCIA":8,"TAMAULIPAS":0,"VALTIERRA":0,"VALTIERRILLA":0,"VILLA PETROLERA":0,"VILLA VERDE":0,"VILLAFAÑA":0,"VILLAS DEL VALLE":0,"ZAPOTE DE PALOMAS":0,"ÁLAMOS":0},"Mujeres":{"18 DE MARZO":0,"1910":2,"ALBINO GARCÍA":2,"ALVARADO":1,"AMPLIACIÓN LA LUZ":1,"BELLAVISTA":2,"BENITO JUÁREZ":4,"CERRO GORDO":3,"CONSTELACIÓN":1,"CONSTITUYENTES":1,"CÁRDENAS":1,"DEL PARQUE":2,"DEPORTIVO":0,"EL CARMEN":0,"EL CERRITO":2,"EL DIVISADOR":1,"EL DURAZNO":2,"EL EDÉN":3,"EL MOLINITO":0,"EL PERÚL":3,"EL VERGEL":1,"FELIPE ÁNGELES":1,"FLORESTA":0,"GUADALUPE":1,"GUANAJUATO":17,"INFONAVIT":3,"INFONAVIT 3 EL MONTE":1,"INFONAVIT II":0,"INSURGENTES":2,"JARDINES DE GUANAJUATO":1,"JARDINES DE SAN PEDRO":0,"JARDINES DEL SOL":2,"LA CAPILLA":1,"LA CRUZ":1,"LA GLORIA":7,"LA HERRADURA":1,"LA LUZ":3,"LA TINAJA":1,"LABOR DE VALTIERRA":1,"LAS AMÉRICAS":3,"LAS ARBOLEDAS":1,"LAS ESTANCIAS":2,"LAS FUENTES":1,"LAS GRANJAS":0,"LAS REYNAS":0,"LAS ROSAS":3,"LOMA DE FLORES":2,"LOS PINOS":2,"LOS VIRREYES":3,"LUIS DONALDO COLOSIO":2,"LÁZARO CÁRDENAS":1,"MARÍA GÓMEZ":1,"NATIVITAS":6,"OBRERA":3,"OLIMPO":3,"PEMEX":1,"PRIMAVERA":1,"PUERTO DE VALLE":0,"REFORMA":1,"RENOVACIÓN":0,"RINCONADA DEL PARQUE":4,"RINCONADA SAN JAVIER":1,"SALAMANCA":9,"SALAMANCA CENTRO":2,"SAN FELIPE DE JESUS":0,"SAN FRANCISCO DE ASÍS":0,"SAN GONZALO":1,"SAN ISIDRO":2,"SAN JAVIER":12,"SAN JOSÉ":1,"SAN JOSÉ DE LA MONTAÑA":1,"SAN JOSÉ DE MENDOZA":2,"SAN JUAN":2,"SAN JUAN CHIHUAHUA":0,"SAN JUAN DE RAZOS":2,"SAN PEDRO":3,"SAN ROQUE":2,"SANTA ELENA DE LA CRUZ":1,"SIN COLONIA DE REFERENCIA":266,"TAMAULIPAS":1,"VALTIERRA":0,"VALTIERRILLA":8,"VILLA PETROLERA":1,"VILLA VERDE":0,"VILLAFAÑA":1,"VILLAS DEL VALLE":1,"ZAPOTE DE PALOMAS":1,"ÁLAMOS":2}},"anual":{"Hombre":{"1.CIFRA SIN  AÑO DE REFERENCIA":1,"1999":2,"2005":1,"2006":4,"2007":22,"2008":29,"2009":17,"2010":1,"2011":24,"2012":15,"2013":37,"2014":58,"2015":61,"2016":23,"2017":22,"2018":42,"2019":38,"2020":23},"Indeterminado":{"1.CIFRA SIN  AÑO DE REFERENCIA":0,"1999":0,"2005":0,"2006":0,"2007":0,"2008":0,"2009":0,"2010":0,"2011":0,"2012":0,"2013":0,"2014":0,"2015":0,"2016":0,"2017":1,"2018":4,"2019":2,"2020":1},"Mujer":{"1.CIFRA SIN  AÑO DE REFERENCIA":0,"1999":0,"2005":0,"2006":1,"2007":53,"2008":44,"2009":24,"2010":1,"2011":24,"2012":24,"2013":57,"2014":75,"2015":71,"2016":29,"2017":16,"2018":7,"2019":1,"2020":10}},"mensual_ultimo_anio":{"Hombre":{"2019-DICIEMBRE":1,"2019-NOVIEMBRE":3,"2019-OCTUBRE":5,"2019-SEPTIEMBRE":5,"2020-ABRIL":3,"2020-AGOSTO":0,"2020-ENERO":7,"2020-FEBRERO":2,"2020-JULIO":3,"2020-JUNIO":1,"2020-MARZO":6,"2020-MAYO":1},"Indeterminado":{"2019-DICIEMBRE":0,"2019-NOVIEMBRE":0,"2019-OCTUBRE":0,"2019-SEPTIEMBRE":0,"2020-ABRIL":0,"2020-AGOSTO":0,"2020-ENERO":0,"2020-FEBRERO":0,"2020-JULIO":1,"2020-JUNIO":0,"2020-MARZO":0,"2020-MAYO":0},"Mujer":{"2019-DICIEMBRE":0,"2019-NOVIEMBRE":0,"2019-OCTUBRE":0,"2019-SEPTIEMBRE":0,"2020-ABRIL":0,"2020-AGOSTO":1,"2020-ENERO":1,"2020-FEBRERO":1,"2020-JULIO":0,"2020-JUNIO":1,"2020-MARZO":5,"2020-MAYO":1}},"por_edad":{"Hombres":{"0":5,"1":0,"10":2,"11":6,"12":4,"13":9,"14":24,"15":18,"16":13,"17":20,"18":8,"19":10,"2":0,"20":14,"21":12,"22":10,"23":14,"24":8,"25":12,"26":9,"27":11,"28":10,"29":13,"3":0,"30":8,"31":9,"32":8,"33":3,"34":11,"35":11,"36":4,"37":9,"38":7,"39":4,"40":3,"41":10,"42":6,"43":3,"44":4,"45":5,"46":6,"47":8,"48":5,"49":4,"5":0,"50":7,"51":6,"52":2,"53":2,"54":4,"55":1,"56":3,"57":2,"59":3,"6":0,"60":2,"61":1,"62":1,"63":1,"64":2,"65":1,"67":1,"68":1,"69":2,"7":3,"70":1,"72":1,"73":2,"74":2,"75":2,"76":0,"77":0,"78":1,"8":1,"84":1,"85":1,"9":1,"SIN EDAD DE REFERENCIA":2},"Indeterminado":{"0":0,"1":0,"10":0,"11":0,"12":0,"13":1,"14":0,"15":1,"16":0,"17":0,"18":0,"19":0,"2":0,"20":0,"21":0,"22":1,"23":0,"24":0,"25":1,"26":1,"27":0,"28":0,"29":0,"3":0,"30":0,"31":0,"32":0,"33":0,"34":0,"35":0,"36":0,"37":0,"38":1,"39":0,"40":0,"41":0,"42":0,"43":0,"44":0,"45":0,"46":0,"47":0,"48":0,"49":0,"5":0,"50":0,"51":0,"52":0,"53":0,"54":0,"55":2,"56":0,"57":0,"59":0,"6":0,"60":0,"61":0,"62":0,"63":0,"64":0,"65":0,"67":0,"68":0,"69":0,"7":0,"70":0,"72":0,"73":0,"74":0,"75":0,"76":0,"77":0,"78":0,"8":0,"84":0,"85":0,"9":0,"SIN EDAD DE REFERENCIA":0},"Mujeres":{"0":1,"1":2,"10":1,"11":4,"12":6,"13":27,"14":56,"15":62,"16":55,"17":35,"18":25,"19":12,"2":2,"20":16,"21":12,"22":11,"23":8,"24":8,"25":6,"26":2,"27":6,"28":3,"29":6,"3":2,"30":5,"31":9,"32":0,"33":1,"34":1,"35":2,"36":3,"37":3,"38":2,"39":2,"40":3,"41":0,"42":3,"43":4,"44":1,"45":2,"46":2,"47":1,"48":2,"49":3,"5":1,"50":2,"51":0,"52":1,"53":1,"54":0,"55":1,"56":1,"57":1,"59":1,"6":1,"60":0,"61":0,"62":0,"63":0,"64":0,"65":1,"67":0,"68":0,"69":0,"7":2,"70":0,"72":0,"73":1,"74":1,"75":0,"76":1,"77":1,"78":0,"8":2,"84":0,"85":0,"9":1,"SIN EDAD DE REFERENCIA":0}},"por_nacionalidad":{"Hombres":{"MEXICANA":198,"SE DESCONOCE":54,"SIN NACIONALIDAD DE REFERENCIA":168},"Indeterminado":{"MEXICANA":3,"SE DESCONOCE":5,"SIN NACIONALIDAD DE REFERENCIA":0},"Mujeres":{"MEXICANA":209,"SE DESCONOCE":13,"SIN NACIONALIDAD DE REFERENCIA":215}}}