{"totales":{"PorcentajeDesaparecidos":"23.79","PorcentajeLocalizados":"76.21","PorcentajeLocalizadosCV":"96.10","PorcentajeLocalizadosSV":"3.90","PorcentajeSoloDesaparecidos":"98.44","PorcentajeSoloNoLocalizados":"1.56","TotalDesaparecidos":"64","TotalGlobal":"269","TotalLocalizados":"205","TotalLocalizadosCV":"197","TotalLocalizadosSV":"08","TotalSoloDesaparecidos":"63","TotalSoloNoLocalizados":"01"},"espacial":{"Hombres":{"22 DE MARZO":1,"ANDOCUTIN":1,"BENJAMÍN MÉNDEZ":0,"CHAMÁCUARO":0,"CHUPICUARO":2,"EL TENORIO":1,"EMILIO CARRANZA":1,"GUADALUPE":0,"IRAMUCO":1,"LA CANTERA":0,"LA GRANJA":0,"LA MERCED":0,"LAS ARBOLEDAS":2,"LAS CRUCES":0,"LAS MALAYAS":2,"LOMA BONITA":1,"LOMAS VERDES":2,"LOS FRESNOS":1,"PARÁCUARO":1,"RANCHO GRANDE":2,"RÍO BLANCO":1,"SAN ISIDRO 2":1,"SANTA CLARA":1,"SIN COLONIA DE REFERENCIA":113,"SOLÍS":1,"VALLE DE ACÁMBARO":2},"Indeterminado":{"22 DE MARZO":0,"ANDOCUTIN":0,"BENJAMÍN MÉNDEZ":0,"CHAMÁCUARO":0,"CHUPICUARO":0,"EL TENORIO":0,"EMILIO CARRANZA":0,"GUADALUPE":0,"IRAMUCO":0,"LA CANTERA":0,"LA GRANJA":0,"LA MERCED":0,"LAS ARBOLEDAS":0,"LAS CRUCES":0,"LAS MALAYAS":0,"LOMA BONITA":0,"LOMAS VERDES":0,"LOS FRESNOS":0,"PARÁCUARO":0,"RANCHO GRANDE":0,"RÍO BLANCO":0,"SAN ISIDRO 2":0,"SANTA CLARA":0,"SIN COLONIA DE REFERENCIA":4,"SOLÍS":0,"VALLE DE ACÁMBARO":0},"Mujeres":{"22 DE MARZO":0,"ANDOCUTIN":1,"BENJAMÍN MÉNDEZ":1,"CHAMÁCUARO":1,"CHUPICUARO":1,"EL TENORIO":0,"EMILIO CARRANZA":3,"GUADALUPE":1,"IRAMUCO":0,"LA CANTERA":1,"LA GRANJA":1,"LA MERCED":1,"LAS ARBOLEDAS":0,"LAS CRUCES":1,"LAS MALAYAS":4,"LOMA BONITA":0,"LOMAS VERDES":1,"LOS FRESNOS":0,"PARÁCUARO":0,"RANCHO GRANDE":3,"RÍO BLANCO":0,"SAN ISIDRO 2":1,"SANTA CLARA":0,"SIN COLONIA DE REFERENCIA":105,"SOLÍS":2,"VALLE DE ACÁMBARO":0}},"anual":{"Hombre":{"2006":0,"2007":8,"2008":8,"2009":4,"2010":0,"2011":10,"2012":15,"2013":9,"2014":14,"2015":17,"2016":7,"2017":10,"2018":2,"2019":2,"2020":31},"Indeterminado":{"2006":0,"2007":0,"2008":0,"2009":0,"2010":0,"2011":0,"2012":0,"2013":0,"2014":0,"2015":0,"2016":0,"2017":0,"2018":4,"2019":0,"2020":0},"Mujer":{"2006":1,"2007":11,"2008":10,"2009":19,"2010":1,"2011":11,"2012":12,"2013":18,"2014":17,"2015":15,"2016":4,"2017":0,"2018":1,"2019":0,"2020":8}},"mensual_ultimo_anio":{"Hombre":{"2018-MARZO":0,"2018-OCTUBRE":0,"2019-NOVIEMBRE":1,"2019-SEPTIEMBRE":1,"2020-ABRIL":7,"2020-AGOSTO":0,"2020-FEBRERO":3,"2020-JULIO":0,"2020-JUNIO":7,"2020-MARZO":8,"2020-MAYO":5,"2020-NOVIEMBRE":1},"Indeterminado":{"2018-MARZO":2,"2018-OCTUBRE":1,"2019-NOVIEMBRE":0,"2019-SEPTIEMBRE":0,"2020-ABRIL":0,"2020-AGOSTO":0,"2020-FEBRERO":0,"2020-JULIO":0,"2020-JUNIO":0,"2020-MARZO":0,"2020-MAYO":0,"2020-NOVIEMBRE":0},"Mujer":{"2018-MARZO":0,"2018-OCTUBRE":0,"2019-NOVIEMBRE":0,"2019-SEPTIEMBRE":0,"2020-ABRIL":1,"2020-AGOSTO":1,"2020-FEBRERO":1,"2020-JULIO":1,"2020-JUNIO":2,"2020-MARZO":1,"2020-MAYO":1,"2020-NOVIEMBRE":0}},"por_edad":{"Hombres":{"0":1,"1":0,"10":0,"11":1,"12":0,"13":2,"14":2,"15":5,"16":6,"17":5,"18":4,"19":1,"20":5,"21":3,"22":6,"23":6,"24":1,"25":0,"26":4,"27":4,"28":2,"29":3,"3":3,"30":4,"31":4,"32":6,"33":4,"34":0,"35":6,"36":3,"37":3,"38":2,"39":1,"4":0,"40":3,"41":1,"42":3,"43":1,"44":2,"45":2,"48":3,"49":1,"5":2,"50":3,"51":1,"54":1,"56":1,"57":1,"58":0,"59":1,"6":0,"61":0,"66":1,"68":2,"7":0,"70":2,"71":1,"73":1,"76":1,"79":2,"8":1,"82":1,"83":1,"9":1},"Indeterminado":{"0":0,"1":0,"10":0,"11":0,"12":0,"13":0,"14":0,"15":0,"16":0,"17":0,"18":0,"19":0,"20":0,"21":0,"22":0,"23":1,"24":0,"25":0,"26":0,"27":0,"28":0,"29":0,"3":0,"30":0,"31":0,"32":0,"33":1,"34":0,"35":0,"36":1,"37":1,"38":0,"39":0,"4":0,"40":0,"41":0,"42":0,"43":0,"44":0,"45":0,"48":0,"49":0,"5":0,"50":0,"51":0,"54":0,"56":0,"57":0,"58":0,"59":0,"6":0,"61":0,"66":0,"68":0,"7":0,"70":0,"71":0,"73":0,"76":0,"79":0,"8":0,"82":0,"83":0,"9":0},"Mujeres":{"0":2,"1":3,"10":1,"11":0,"12":1,"13":5,"14":6,"15":16,"16":9,"17":15,"18":8,"19":4,"20":5,"21":3,"22":6,"23":1,"24":1,"25":2,"26":0,"27":3,"28":6,"29":2,"3":1,"30":2,"31":0,"32":2,"33":0,"34":1,"35":1,"36":0,"37":0,"38":1,"39":2,"4":3,"40":1,"41":1,"42":1,"43":1,"44":1,"45":0,"48":0,"49":0,"5":3,"50":0,"51":0,"54":0,"56":1,"57":1,"58":1,"59":0,"6":2,"61":1,"66":0,"68":0,"7":1,"70":0,"71":0,"73":0,"76":0,"79":0,"8":0,"82":0,"83":0,"9":1}},"por_nacionalidad":{"Hombres":{"HONDUREÑA":0,"MEXICANA":114,"SE DESCONOCE":2,"SIN NACIONALIDAD DE REFERENCIA":21},"Indeterminado":{"HONDUREÑA":0,"MEXICANA":4,"SE DESCONOCE":0,"SIN NACIONALIDAD DE REFERENCIA":0},"Mujeres":{"HONDUREÑA":1,"MEXICANA":107,"SE DESCONOCE":1,"SIN NACIONALIDAD DE REFERENCIA":19}}}