{"totales":{"PorcentajeDesaparecidos":"8.44","PorcentajeLocalizados":"91.56","PorcentajeLocalizadosCV":"96.31","PorcentajeLocalizadosSV":"3.69","PorcentajeSoloDesaparecidos":"95.56","PorcentajeSoloNoLocalizados":"4.44","TotalDesaparecidos":"45","TotalGlobal":"533","TotalLocalizados":"488","TotalLocalizadosCV":"470","TotalLocalizadosSV":"18","TotalSoloDesaparecidos":"43","TotalSoloNoLocalizados":"02"},"espacial":{"Hombres":{"AGUSTIN GONZÁLEZ":0,"ALCOCER":3,"ALLENDE":6,"ARBOLEDAS":1,"ATOTONILCO":2,"AURORA":1,"AZTECA":0,"BANDA":1,"CERRITOS":1,"CIÉNEGA DE JUAN RUIZ":1,"DOÑA JUANA":0,"EL NIGROMANTE":1,"ESTACIÓN DEL FERROCARRIL":1,"FRANCISCO VILLA":1,"GUADALUPE":3,"GUADALUPE TAMBULA":1,"GUADIANA":2,"IGNACIO RAMIREZ":4,"INSURGENTES":3,"JESUS MARÍA":1,"LA ALDEA":1,"LA CAMPANA":1,"LA LEJONA":0,"LA LOMITA":1,"LA LUZ":1,"LAGUNILLA":1,"LAS CAÑAS":1,"LINDAVISTA":1,"LOS RODRIGUEZ 1":0,"MALAQUIN INFONAVIT":0,"MEXIQUITO":0,"OLIMPO":3,"PALMITA DE LANDETA":2,"PALO COLORADO":0,"PROVIDENCIA":1,"PUERTO DE NIETO 1":0,"SAN ANTONIO":8,"SAN ANTONIO DEL VARAL":1,"SAN FELIPE NERI":0,"SAN LUIS REY":2,"SAN MIGUEL EL VIEJO":1,"SAN MIGUELITO 2":1,"SAN RAFAEL INSURGENTES":0,"SANTA JULIA":2,"SIN COLONIA DE REFERENCIA":149},"Indeterminado":{"AGUSTIN GONZÁLEZ":0,"ALCOCER":0,"ALLENDE":0,"ARBOLEDAS":0,"ATOTONILCO":0,"AURORA":0,"AZTECA":0,"BANDA":0,"CERRITOS":0,"CIÉNEGA DE JUAN RUIZ":0,"DOÑA JUANA":0,"EL NIGROMANTE":0,"ESTACIÓN DEL FERROCARRIL":0,"FRANCISCO VILLA":0,"GUADALUPE":0,"GUADALUPE TAMBULA":0,"GUADIANA":0,"IGNACIO RAMIREZ":0,"INSURGENTES":0,"JESUS MARÍA":0,"LA ALDEA":0,"LA CAMPANA":0,"LA LEJONA":0,"LA LOMITA":0,"LA LUZ":0,"LAGUNILLA":0,"LAS CAÑAS":0,"LINDAVISTA":0,"LOS RODRIGUEZ 1":0,"MALAQUIN INFONAVIT":0,"MEXIQUITO":0,"OLIMPO":0,"PALMITA DE LANDETA":0,"PALO COLORADO":0,"PROVIDENCIA":0,"PUERTO DE NIETO 1":0,"SAN ANTONIO":0,"SAN ANTONIO DEL VARAL":0,"SAN FELIPE NERI":0,"SAN LUIS REY":0,"SAN MIGUEL EL VIEJO":0,"SAN MIGUELITO 2":0,"SAN RAFAEL INSURGENTES":0,"SANTA JULIA":0,"SIN COLONIA DE REFERENCIA":2},"Mujeres":{"AGUSTIN GONZÁLEZ":1,"ALCOCER":0,"ALLENDE":10,"ARBOLEDAS":1,"ATOTONILCO":1,"AURORA":0,"AZTECA":1,"BANDA":3,"CERRITOS":1,"CIÉNEGA DE JUAN RUIZ":0,"DOÑA JUANA":1,"EL NIGROMANTE":1,"ESTACIÓN DEL FERROCARRIL":0,"FRANCISCO VILLA":1,"GUADALUPE":2,"GUADALUPE TAMBULA":1,"GUADIANA":1,"IGNACIO RAMIREZ":5,"INSURGENTES":2,"JESUS MARÍA":1,"LA ALDEA":0,"LA CAMPANA":0,"LA LEJONA":1,"LA LOMITA":0,"LA LUZ":2,"LAGUNILLA":0,"LAS CAÑAS":0,"LINDAVISTA":0,"LOS RODRIGUEZ 1":1,"MALAQUIN INFONAVIT":1,"MEXIQUITO":1,"OLIMPO":7,"PALMITA DE LANDETA":7,"PALO COLORADO":1,"PROVIDENCIA":1,"PUERTO DE NIETO 1":1,"SAN ANTONIO":4,"SAN ANTONIO DEL VARAL":0,"SAN FELIPE NERI":1,"SAN LUIS REY":5,"SAN MIGUEL EL VIEJO":0,"SAN MIGUELITO 2":0,"SAN RAFAEL INSURGENTES":1,"SANTA JULIA":2,"SIN COLONIA DE REFERENCIA":252}},"anual":{"Hombre":{"2006":0,"2007":17,"2008":0,"2009":19,"2010":20,"2011":6,"2012":21,"2013":21,"2014":38,"2015":36,"2016":16,"2017":5,"2018":1,"2019":5,"2020":3,"2021":2},"Indeterminado":{"2006":0,"2007":0,"2008":0,"2009":0,"2010":0,"2011":0,"2012":0,"2013":0,"2014":0,"2015":0,"2016":0,"2017":0,"2018":0,"2019":1,"2020":1,"2021":0},"Mujer":{"2006":4,"2007":44,"2008":1,"2009":23,"2010":47,"2011":15,"2012":37,"2013":37,"2014":33,"2015":51,"2016":20,"2017":6,"2018":0,"2019":1,"2020":1,"2021":1}},"mensual_ultimo_anio":{"Hombre":{"2019-JUNIO":1,"2019-NOVIEMBRE":1,"2019-OCTUBRE":2,"2019-SEPTIEMBRE":1,"2020-ABRIL":0,"2020-ENERO":1,"2020-JUNIO":1,"2020-MARZO":0,"2020-OCTUBRE":1,"2021-ABRIL":1,"2021-ENERO":0,"2021-JUNIO":1},"Indeterminado":{"2019-JUNIO":1,"2019-NOVIEMBRE":0,"2019-OCTUBRE":0,"2019-SEPTIEMBRE":0,"2020-ABRIL":1,"2020-ENERO":0,"2020-JUNIO":0,"2020-MARZO":0,"2020-OCTUBRE":0,"2021-ABRIL":0,"2021-ENERO":0,"2021-JUNIO":0},"Mujer":{"2019-JUNIO":0,"2019-NOVIEMBRE":0,"2019-OCTUBRE":0,"2019-SEPTIEMBRE":0,"2020-ABRIL":0,"2020-ENERO":0,"2020-JUNIO":0,"2020-MARZO":1,"2020-OCTUBRE":0,"2021-ABRIL":0,"2021-ENERO":1,"2021-JUNIO":0}},"por_edad":{"Hombres":{"0":7,"1":2,"10":2,"11":2,"12":4,"13":8,"14":2,"15":8,"16":10,"17":4,"18":3,"19":6,"2":2,"20":13,"21":3,"22":8,"23":7,"24":5,"25":5,"26":4,"27":6,"28":6,"29":3,"3":0,"30":3,"31":3,"32":4,"33":6,"34":1,"35":4,"36":3,"37":1,"38":4,"39":2,"40":4,"41":3,"42":5,"43":3,"44":1,"46":3,"47":1,"48":1,"49":4,"50":1,"51":0,"52":2,"53":1,"54":3,"55":0,"57":4,"6":1,"60":1,"62":1,"64":1,"66":1,"68":1,"7":2,"70":0,"71":0,"73":1,"74":1,"75":2,"76":1,"78":2,"79":1,"80":1,"81":0,"82":1,"84":1,"86":2,"9":2},"Indeterminado":{"0":0,"1":0,"10":0,"11":0,"12":0,"13":0,"14":0,"15":0,"16":0,"17":0,"18":0,"19":0,"2":0,"20":0,"21":0,"22":0,"23":0,"24":0,"25":0,"26":0,"27":0,"28":0,"29":0,"3":0,"30":0,"31":0,"32":0,"33":0,"34":0,"35":0,"36":0,"37":0,"38":0,"39":0,"40":0,"41":0,"42":0,"43":0,"44":0,"46":0,"47":0,"48":1,"49":0,"50":0,"51":0,"52":0,"53":0,"54":1,"55":0,"57":0,"6":0,"60":0,"62":0,"64":0,"66":0,"68":0,"7":0,"70":0,"71":0,"73":0,"74":0,"75":0,"76":0,"78":0,"79":0,"80":0,"81":0,"82":0,"84":0,"86":0,"9":0},"Mujeres":{"0":5,"1":1,"10":4,"11":5,"12":9,"13":19,"14":38,"15":52,"16":30,"17":29,"18":23,"19":8,"2":2,"20":11,"21":8,"22":7,"23":4,"24":3,"25":7,"26":4,"27":4,"28":4,"29":0,"3":2,"30":1,"31":4,"32":0,"33":2,"34":5,"35":2,"36":0,"37":2,"38":1,"39":2,"40":1,"41":1,"42":2,"43":0,"44":2,"46":1,"47":0,"48":0,"49":1,"50":0,"51":2,"52":1,"53":1,"54":1,"55":1,"57":0,"6":0,"60":1,"62":0,"64":0,"66":0,"68":0,"7":2,"70":1,"71":1,"73":0,"74":0,"75":0,"76":0,"78":0,"79":0,"80":0,"81":1,"82":1,"84":1,"86":0,"9":1}},"por_nacionalidad":{"Hombres":{"AUSTRALIANA":1,"COLOMBIANA":0,"ESTADOUNIDENSE":3,"HONDUREÑA":0,"JAPONESA":1,"MEXICANA":109,"SE DESCONOCE":9,"SIN NACIONALIDAD DE REFERENCIA":87},"Indeterminado":{"AUSTRALIANA":0,"COLOMBIANA":1,"ESTADOUNIDENSE":0,"HONDUREÑA":0,"JAPONESA":0,"MEXICANA":0,"SE DESCONOCE":1,"SIN NACIONALIDAD DE REFERENCIA":0},"Mujeres":{"AUSTRALIANA":0,"COLOMBIANA":0,"ESTADOUNIDENSE":1,"HONDUREÑA":1,"JAPONESA":0,"MEXICANA":197,"SE DESCONOCE":4,"SIN NACIONALIDAD DE REFERENCIA":118}}}