{"totales":{"PorcentajeDesaparecidos":"24.46","PorcentajeLocalizados":"75.54","PorcentajeLocalizadosCV":"97.12","PorcentajeLocalizadosSV":"2.88","PorcentajeSoloDesaparecidos":"97.78","PorcentajeSoloNoLocalizados":"2.22","TotalDesaparecidos":"45","TotalGlobal":"184","TotalLocalizados":"139","TotalLocalizadosCV":"135","TotalLocalizadosSV":"04","TotalSoloDesaparecidos":"44","TotalSoloNoLocalizados":"01"},"espacial":{"Hombres":{"CUAUHTÉMOC":1,"EL DESAGÜE":1,"EL LLANO":4,"EL MAGUEY":0,"EL PARAÍSO":0,"HIDALGO":1,"INFONAVIT DEL VALLE":1,"JESUS DEL MONTE":1,"LOS ÁNGELES":0,"MEZQUITILLO":1,"MORELOS":0,"NIÑOS HÉROES":1,"PURÍSIMA CONCEPCIÓN":3,"RENOVACIÓN":1,"RESIDENCIAL SANTA FE":1,"SAN ANTONIO":1,"SAN MIGUEL":0,"SAN ROQUE DE MONTES":1,"SAN ROQUE DE TORRES":1,"SANTA RITA":2,"SILVA":1,"SIN COLONIA DE REFERENCIA":77,"VILLAS DE SAN FRANCISCO":1},"Indeterminado":{"CUAUHTÉMOC":0,"EL DESAGÜE":0,"EL LLANO":0,"EL MAGUEY":0,"EL PARAÍSO":0,"HIDALGO":0,"INFONAVIT DEL VALLE":0,"JESUS DEL MONTE":0,"LOS ÁNGELES":0,"MEZQUITILLO":0,"MORELOS":0,"NIÑOS HÉROES":0,"PURÍSIMA CONCEPCIÓN":0,"RENOVACIÓN":0,"RESIDENCIAL SANTA FE":0,"SAN ANTONIO":0,"SAN MIGUEL":0,"SAN ROQUE DE MONTES":0,"SAN ROQUE DE TORRES":0,"SANTA RITA":0,"SILVA":0,"SIN COLONIA DE REFERENCIA":3,"VILLAS DE SAN FRANCISCO":0},"Mujeres":{"CUAUHTÉMOC":0,"EL DESAGÜE":0,"EL LLANO":1,"EL MAGUEY":1,"EL PARAÍSO":1,"HIDALGO":1,"INFONAVIT DEL VALLE":0,"JESUS DEL MONTE":0,"LOS ÁNGELES":1,"MEZQUITILLO":0,"MORELOS":1,"NIÑOS HÉROES":1,"PURÍSIMA CONCEPCIÓN":5,"RENOVACIÓN":3,"RESIDENCIAL SANTA FE":0,"SAN ANTONIO":2,"SAN MIGUEL":1,"SAN ROQUE DE MONTES":0,"SAN ROQUE DE TORRES":0,"SANTA RITA":2,"SILVA":0,"SIN COLONIA DE REFERENCIA":61,"VILLAS DE SAN FRANCISCO":0}},"anual":{"Hombre":{"1994":1,"2006":0,"2007":4,"2008":5,"2009":9,"2010":0,"2011":12,"2012":4,"2013":5,"2014":11,"2015":11,"2016":9,"2017":4,"2018":1,"2019":13,"2020":11},"Indeterminado":{"1994":0,"2006":0,"2007":0,"2008":0,"2009":0,"2010":0,"2011":0,"2012":0,"2013":0,"2014":0,"2015":0,"2016":0,"2017":1,"2018":0,"2019":2,"2020":0},"Mujer":{"1994":0,"2006":1,"2007":4,"2008":7,"2009":12,"2010":1,"2011":14,"2012":7,"2013":10,"2014":2,"2015":12,"2016":4,"2017":2,"2018":0,"2019":2,"2020":3}},"mensual_ultimo_anio":{"Hombre":{"2019-AGOSTO":0,"2019-NOVIEMBRE":1,"2019-OCTUBRE":1,"2019-SEPTIEMBRE":1,"2020-ABRIL":1,"2020-DICIEMBRE":0,"2020-FEBRERO":1,"2020-JULIO":3,"2020-JUNIO":3,"2020-MARZO":1,"2020-MAYO":1,"2020-NOVIEMBRE":1},"Indeterminado":{"2019-AGOSTO":1,"2019-NOVIEMBRE":0,"2019-OCTUBRE":0,"2019-SEPTIEMBRE":0,"2020-ABRIL":0,"2020-DICIEMBRE":0,"2020-FEBRERO":0,"2020-JULIO":0,"2020-JUNIO":0,"2020-MARZO":0,"2020-MAYO":0,"2020-NOVIEMBRE":0},"Mujer":{"2019-AGOSTO":0,"2019-NOVIEMBRE":0,"2019-OCTUBRE":0,"2019-SEPTIEMBRE":0,"2020-ABRIL":0,"2020-DICIEMBRE":1,"2020-FEBRERO":0,"2020-JULIO":2,"2020-JUNIO":0,"2020-MARZO":0,"2020-MAYO":0,"2020-NOVIEMBRE":0}},"por_edad":{"Hombres":{"0":10,"10":0,"11":1,"12":1,"13":1,"14":1,"15":4,"16":5,"17":4,"18":0,"19":2,"20":1,"21":3,"22":0,"23":2,"24":3,"25":0,"26":5,"27":1,"28":3,"29":1,"3":0,"30":2,"31":2,"32":4,"33":1,"34":2,"35":3,"36":2,"37":1,"38":3,"39":3,"40":1,"43":4,"45":2,"48":3,"5":1,"50":1,"52":2,"54":5,"55":0,"56":0,"58":2,"60":1,"62":0,"65":0,"76":1,"77":1,"79":1,"8":1,"80":1,"85":1,"9":1},"Indeterminado":{"0":0,"10":0,"11":0,"12":0,"13":0,"14":0,"15":0,"16":0,"17":0,"18":0,"19":0,"20":1,"21":0,"22":0,"23":0,"24":0,"25":0,"26":0,"27":0,"28":1,"29":0,"3":0,"30":0,"31":0,"32":0,"33":0,"34":0,"35":0,"36":0,"37":0,"38":0,"39":0,"40":0,"43":0,"45":0,"48":0,"5":0,"50":0,"52":0,"54":0,"55":1,"56":0,"58":0,"60":0,"62":0,"65":0,"76":0,"77":0,"79":0,"8":0,"80":0,"85":0,"9":0},"Mujeres":{"0":14,"10":2,"11":0,"12":2,"13":4,"14":10,"15":8,"16":6,"17":4,"18":3,"19":1,"20":3,"21":1,"22":2,"23":2,"24":0,"25":2,"26":0,"27":1,"28":1,"29":0,"3":1,"30":2,"31":1,"32":0,"33":0,"34":1,"35":2,"36":0,"37":0,"38":1,"39":0,"40":1,"43":0,"45":0,"48":0,"5":0,"50":1,"52":0,"54":0,"55":0,"56":1,"58":0,"60":0,"62":1,"65":2,"76":0,"77":0,"79":0,"8":1,"80":0,"85":0,"9":0}},"por_nacionalidad":{"Hombres":{"ESTADOUNIDENSE":0,"MEXICANA":57,"SE DESCONOCE":5,"SIN NACIONALIDAD DE REFERENCIA":38},"Indeterminado":{"ESTADOUNIDENSE":0,"MEXICANA":3,"SE DESCONOCE":0,"SIN NACIONALIDAD DE REFERENCIA":0},"Mujeres":{"ESTADOUNIDENSE":1,"MEXICANA":41,"SE DESCONOCE":1,"SIN NACIONALIDAD DE REFERENCIA":38}}}