{"totales":{"PorcentajeDesaparecidos":"22.22","PorcentajeLocalizados":"77.78","PorcentajeLocalizadosCV":"92.31","PorcentajeLocalizadosSV":"7.69","PorcentajeSoloDesaparecidos":"100.00","PorcentajeSoloNoLocalizados":"0.00","TotalDesaparecidos":"26","TotalGlobal":"117","TotalLocalizados":"91","TotalLocalizadosCV":"84","TotalLocalizadosSV":"07","TotalSoloDesaparecidos":"26","TotalSoloNoLocalizados":"00"},"espacial":{"Hombres":{"12 DE NOVIEMBRE":1,"26 DE ABRIL":2,"GALEANA":2,"LA LUZ":0,"LAS ARBOLEDAS":1,"NUEVA SANTA CRUZ":1,"POPULAR 176":1,"RAYMUNDO FLORES":0,"RINCÓN DE CENTENO":0,"SIN COLONIA DE REFERENCIA":56,"VALLE DORADO":1},"Indeterminado":{"12 DE NOVIEMBRE":0,"26 DE ABRIL":0,"GALEANA":0,"LA LUZ":0,"LAS ARBOLEDAS":0,"NUEVA SANTA CRUZ":0,"POPULAR 176":0,"RAYMUNDO FLORES":0,"RINCÓN DE CENTENO":0,"SIN COLONIA DE REFERENCIA":4,"VALLE DORADO":0},"Mujeres":{"12 DE NOVIEMBRE":0,"26 DE ABRIL":0,"GALEANA":2,"LA LUZ":1,"LAS ARBOLEDAS":2,"NUEVA SANTA CRUZ":1,"POPULAR 176":0,"RAYMUNDO FLORES":1,"RINCÓN DE CENTENO":2,"SIN COLONIA DE REFERENCIA":39,"VALLE DORADO":0}},"anual":{"Hombre":{"2005":1,"2006":1,"2007":2,"2008":5,"2009":1,"2010":0,"2011":3,"2012":5,"2013":8,"2014":7,"2015":12,"2016":2,"2017":8,"2018":4,"2019":1,"2020":5,"2021":0},"Indeterminado":{"2005":0,"2006":0,"2007":0,"2008":0,"2009":0,"2010":0,"2011":0,"2012":0,"2013":0,"2014":0,"2015":0,"2016":0,"2017":1,"2018":1,"2019":2,"2020":0,"2021":0},"Mujer":{"2005":0,"2006":0,"2007":8,"2008":2,"2009":0,"2010":2,"2011":6,"2012":1,"2013":6,"2014":9,"2015":9,"2016":3,"2017":0,"2018":1,"2019":0,"2020":0,"2021":1}},"mensual_ultimo_anio":{"Hombre":{"2017-AGOSTO":2,"2017-MAYO":1,"2017-NOVIEMBRE":1,"2018-DICIEMBRE":0,"2018-ENERO":3,"2018-FEBRERO":1,"2019-DICIEMBRE":1,"2019-NOVIEMBRE":0,"2020-JUNIO":1,"2020-MARZO":3,"2020-MAYO":1,"2021-JUNIO":0},"Indeterminado":{"2017-AGOSTO":0,"2017-MAYO":0,"2017-NOVIEMBRE":1,"2018-DICIEMBRE":1,"2018-ENERO":0,"2018-FEBRERO":0,"2019-DICIEMBRE":1,"2019-NOVIEMBRE":1,"2020-JUNIO":0,"2020-MARZO":0,"2020-MAYO":0,"2021-JUNIO":0},"Mujer":{"2017-AGOSTO":0,"2017-MAYO":0,"2017-NOVIEMBRE":0,"2018-DICIEMBRE":0,"2018-ENERO":1,"2018-FEBRERO":0,"2019-DICIEMBRE":0,"2019-NOVIEMBRE":0,"2020-JUNIO":0,"2020-MARZO":0,"2020-MAYO":0,"2021-JUNIO":1}},"por_edad":{"Hombres":{"10":1,"12":0,"13":3,"14":2,"15":0,"16":2,"17":3,"18":2,"19":1,"2":1,"20":1,"21":1,"22":1,"23":2,"24":1,"25":8,"26":4,"27":0,"28":1,"30":0,"32":3,"33":2,"34":1,"35":1,"36":2,"37":1,"38":1,"39":1,"41":1,"42":1,"43":1,"44":0,"45":1,"47":2,"49":1,"5":1,"50":3,"51":0,"53":2,"54":2,"55":1,"56":1,"57":1,"61":1},"Indeterminado":{"10":0,"12":0,"13":0,"14":0,"15":0,"16":0,"17":0,"18":0,"19":0,"2":0,"20":0,"21":0,"22":0,"23":0,"24":0,"25":0,"26":0,"27":1,"28":0,"30":0,"32":0,"33":0,"34":1,"35":0,"36":0,"37":0,"38":0,"39":0,"41":0,"42":0,"43":0,"44":0,"45":0,"47":0,"49":0,"5":0,"50":0,"51":1,"53":0,"54":0,"55":0,"56":0,"57":1,"61":0},"Mujeres":{"10":0,"12":1,"13":3,"14":0,"15":6,"16":4,"17":5,"18":1,"19":2,"2":0,"20":6,"21":4,"22":1,"23":1,"24":0,"25":0,"26":1,"27":2,"28":1,"30":1,"32":0,"33":1,"34":0,"35":0,"36":0,"37":1,"38":2,"39":1,"41":1,"42":1,"43":0,"44":1,"45":0,"47":0,"49":0,"5":0,"50":0,"51":0,"53":0,"54":0,"55":0,"56":0,"57":1,"61":0}},"por_nacionalidad":{"Hombres":{"ESTADOUNIDENSE":0,"MEXICANA":50,"SE DESCONOCE":2,"SIN NACIONALIDAD DE REFERENCIA":13},"Indeterminado":{"ESTADOUNIDENSE":0,"MEXICANA":4,"SE DESCONOCE":0,"SIN NACIONALIDAD DE REFERENCIA":0},"Mujeres":{"ESTADOUNIDENSE":1,"MEXICANA":38,"SE DESCONOCE":1,"SIN NACIONALIDAD DE REFERENCIA":8}}}