{"totales":{"PorcentajeDesaparecidos":"12.75","PorcentajeLocalizados":"87.25","PorcentajeLocalizadosCV":"97.69","PorcentajeLocalizadosSV":"2.31","PorcentajeSoloDesaparecidos":"100.00","PorcentajeSoloNoLocalizados":"0.00","TotalDesaparecidos":"19","TotalGlobal":"149","TotalLocalizados":"130","TotalLocalizadosCV":"127","TotalLocalizadosSV":"03","TotalSoloDesaparecidos":"19","TotalSoloNoLocalizados":"00"},"espacial":{"Hombres":{"CANTERA SUR":1,"EL SAUCILLO":2,"FABRICA DE MELCHOR":0,"LA HUERTA":1,"LA JOYA":1,"LAGUNA DE GUADALUPE":1,"MOLINO DE SAN JOSÉ":1,"ORIENTAL":2,"REVOLUCIÓN":0,"SAN ANTONIO":1,"SAN ANTONIO DEL MAGUEY":1,"SAN BARTOLO DE BERRIO":0,"SAN FELIPE":1,"SAN JOSÉ DE LOS BARCOS":0,"SAN MIGUEL":3,"SANTA CATARINA":0,"SANTA ROSA":0,"SANTUARIO":0,"SIN COLONIA DE REFERENCIA":54,"TENERÍA":1},"Indeterminado":{"CANTERA SUR":0,"EL SAUCILLO":0,"FABRICA DE MELCHOR":0,"LA HUERTA":0,"LA JOYA":0,"LAGUNA DE GUADALUPE":0,"MOLINO DE SAN JOSÉ":0,"ORIENTAL":0,"REVOLUCIÓN":0,"SAN ANTONIO":0,"SAN ANTONIO DEL MAGUEY":0,"SAN BARTOLO DE BERRIO":0,"SAN FELIPE":0,"SAN JOSÉ DE LOS BARCOS":0,"SAN MIGUEL":0,"SANTA CATARINA":0,"SANTA ROSA":0,"SANTUARIO":0,"SIN COLONIA DE REFERENCIA":2,"TENERÍA":0},"Mujeres":{"CANTERA SUR":0,"EL SAUCILLO":0,"FABRICA DE MELCHOR":1,"LA HUERTA":0,"LA JOYA":1,"LAGUNA DE GUADALUPE":0,"MOLINO DE SAN JOSÉ":0,"ORIENTAL":3,"REVOLUCIÓN":2,"SAN ANTONIO":1,"SAN ANTONIO DEL MAGUEY":0,"SAN BARTOLO DE BERRIO":1,"SAN FELIPE":2,"SAN JOSÉ DE LOS BARCOS":2,"SAN MIGUEL":1,"SANTA CATARINA":3,"SANTA ROSA":1,"SANTUARIO":2,"SIN COLONIA DE REFERENCIA":55,"TENERÍA":2}},"anual":{"Hombre":{"2006":1,"2007":4,"2009":6,"2010":7,"2011":12,"2012":8,"2013":6,"2014":3,"2015":7,"2016":10,"2017":1,"2018":2,"2019":1,"2020":2},"Indeterminado":{"2006":0,"2007":0,"2009":0,"2010":0,"2011":0,"2012":0,"2013":0,"2014":0,"2015":2,"2016":0,"2017":0,"2018":0,"2019":0,"2020":0},"Mujer":{"2006":1,"2007":14,"2009":8,"2010":6,"2011":4,"2012":5,"2013":3,"2014":14,"2015":8,"2016":6,"2017":2,"2018":3,"2019":1,"2020":2}},"mensual_ultimo_anio":{"Hombre":{"2016-DICIEMBRE":1,"2017-JUNIO":0,"2017-MAYO":1,"2018-ENERO":1,"2018-JUNIO":0,"2018-MAYO":1,"2018-SEPTIEMBRE":0,"2019-JUNIO":1,"2019-MAYO":0,"2020-JULIO":0,"2020-JUNIO":1,"2020-MARZO":1},"Indeterminado":{"2016-DICIEMBRE":0,"2017-JUNIO":0,"2017-MAYO":0,"2018-ENERO":0,"2018-JUNIO":0,"2018-MAYO":0,"2018-SEPTIEMBRE":0,"2019-JUNIO":0,"2019-MAYO":0,"2020-JULIO":0,"2020-JUNIO":0,"2020-MARZO":0},"Mujer":{"2016-DICIEMBRE":0,"2017-JUNIO":1,"2017-MAYO":1,"2018-ENERO":0,"2018-JUNIO":1,"2018-MAYO":1,"2018-SEPTIEMBRE":1,"2019-JUNIO":0,"2019-MAYO":1,"2020-JULIO":1,"2020-JUNIO":0,"2020-MARZO":1}},"por_edad":{"Hombres":{"10":0,"11":0,"12":1,"13":4,"14":1,"15":0,"16":1,"17":5,"18":2,"19":1,"20":3,"21":1,"22":1,"23":0,"24":0,"25":4,"26":2,"27":2,"28":0,"29":0,"3":1,"30":2,"31":2,"32":2,"33":0,"34":1,"35":2,"36":2,"37":2,"38":3,"40":2,"41":1,"42":1,"43":2,"44":1,"46":0,"47":0,"48":1,"49":2,"50":2,"51":0,"52":1,"53":1,"56":1,"59":1,"62":1,"63":3,"68":1,"69":1,"7":0,"79":1,"83":1,"9":1,"SIN EDAD DE REFERENCIA":0},"Indeterminado":{"10":0,"11":0,"12":0,"13":0,"14":0,"15":0,"16":0,"17":0,"18":0,"19":0,"20":0,"21":0,"22":0,"23":0,"24":0,"25":0,"26":0,"27":0,"28":0,"29":0,"3":0,"30":0,"31":0,"32":0,"33":0,"34":0,"35":1,"36":0,"37":0,"38":0,"40":0,"41":0,"42":0,"43":0,"44":0,"46":0,"47":0,"48":0,"49":0,"50":0,"51":0,"52":0,"53":0,"56":0,"59":0,"62":0,"63":0,"68":0,"69":0,"7":0,"79":0,"83":0,"9":0,"SIN EDAD DE REFERENCIA":1},"Mujeres":{"10":1,"11":1,"12":1,"13":5,"14":12,"15":13,"16":12,"17":1,"18":3,"19":2,"20":4,"21":2,"22":1,"23":1,"24":3,"25":0,"26":0,"27":0,"28":1,"29":2,"3":1,"30":1,"31":0,"32":0,"33":1,"34":0,"35":1,"36":0,"37":0,"38":0,"40":0,"41":2,"42":0,"43":0,"44":0,"46":1,"47":1,"48":1,"49":0,"50":0,"51":1,"52":0,"53":0,"56":1,"59":0,"62":0,"63":0,"68":0,"69":0,"7":1,"79":0,"83":0,"9":0,"SIN EDAD DE REFERENCIA":0}},"por_nacionalidad":{"Hombres":{"MEXICANA":49,"SE DESCONOCE":2,"SIN NACIONALIDAD DE REFERENCIA":19},"Indeterminado":{"MEXICANA":1,"SE DESCONOCE":1,"SIN NACIONALIDAD DE REFERENCIA":0},"Mujeres":{"MEXICANA":64,"SE DESCONOCE":0,"SIN NACIONALIDAD DE REFERENCIA":13}}}