{"totales":{"PorcentajeDesaparecidos":"44.44","PorcentajeLocalizados":"55.56","PorcentajeLocalizadosCV":"100.00","PorcentajeLocalizadosSV":"0.00","PorcentajeSoloDesaparecidos":"100.00","PorcentajeSoloNoLocalizados":"0.00","TotalDesaparecidos":"04","TotalGlobal":"09","TotalLocalizados":"05","TotalLocalizadosCV":"05","TotalLocalizadosSV":"00","TotalSoloDesaparecidos":"04","TotalSoloNoLocalizados":"00"},"espacial":{"Hombres":{"DE LA CLEMENCIA":0,"OJO DE AGUA DE LA YERBABUENA":0,"SIN COLONIA DE REFERENCIA":4},"Indeterminado":{"DE LA CLEMENCIA":0,"OJO DE AGUA DE LA YERBABUENA":0,"SIN COLONIA DE REFERENCIA":0},"Mujeres":{"DE LA CLEMENCIA":1,"OJO DE AGUA DE LA YERBABUENA":1,"SIN COLONIA DE REFERENCIA":3}},"anual":{"Hombre":{"2003":0,"2010":0,"2012":1,"2015":0,"2017":2,"2020":1},"Indeterminado":{"2003":0,"2010":0,"2012":0,"2015":0,"2017":0,"2020":0},"Mujer":{"2003":1,"2010":1,"2012":2,"2015":1,"2017":0,"2020":0}},"mensual_ultimo_anio":{"Hombre":{"2003-OCTUBRE":0,"2010-NOVIEMBRE":0,"2012-AGOSTO":1,"2012-JULIO":0,"2012-NOVIEMBRE":0,"2015-JUNIO":0,"2017-DICIEMBRE":1,"2017-OCTUBRE":1,"2020-ABRIL":1},"Indeterminado":{"2003-OCTUBRE":0,"2010-NOVIEMBRE":0,"2012-AGOSTO":0,"2012-JULIO":0,"2012-NOVIEMBRE":0,"2015-JUNIO":0,"2017-DICIEMBRE":0,"2017-OCTUBRE":0,"2020-ABRIL":0},"Mujer":{"2003-OCTUBRE":1,"2010-NOVIEMBRE":1,"2012-AGOSTO":0,"2012-JULIO":1,"2012-NOVIEMBRE":1,"2015-JUNIO":1,"2017-DICIEMBRE":0,"2017-OCTUBRE":0,"2020-ABRIL":0}},"por_edad":{"Hombres":{"15":0,"19":0,"21":1,"22":1,"31":1,"34":0,"37":1,"55":0,"58":0},"Indeterminado":{"15":0,"19":0,"21":0,"22":0,"31":0,"34":0,"37":0,"55":0,"58":0},"Mujeres":{"15":1,"19":1,"21":0,"22":0,"31":0,"34":1,"37":0,"55":1,"58":1}},"por_nacionalidad":{"Hombres":{"MEXICANA":4},"Indeterminado":{"MEXICANA":0},"Mujeres":{"MEXICANA":5}}}