{"totales":{"PorcentajeDesaparecidos":"14.84","PorcentajeLocalizados":"85.16","PorcentajeLocalizadosCV":"96.21","PorcentajeLocalizadosSV":"3.79","PorcentajeSoloDesaparecidos":"100.00","PorcentajeSoloNoLocalizados":"0.00","TotalDesaparecidos":"23","TotalGlobal":"155","TotalLocalizados":"132","TotalLocalizadosCV":"127","TotalLocalizadosSV":"05","TotalSoloDesaparecidos":"23","TotalSoloNoLocalizados":"00"},"espacial":{"Hombres":{"GALOMO":1,"LA CANTERA":1,"LAS TUZAS":1,"MEDINA":0,"OJO DE AGUA DEL REFUGIO":1,"SAN JERÓNIMO":1,"SAN JOSÉ ITURBIDE":0,"SANTA ANITA":1,"SIN COLONIA DE REFERENCIA":57,"YERBABUENA":2},"Indeterminado":{"GALOMO":0,"LA CANTERA":0,"LAS TUZAS":0,"MEDINA":0,"OJO DE AGUA DEL REFUGIO":0,"SAN JERÓNIMO":0,"SAN JOSÉ ITURBIDE":0,"SANTA ANITA":0,"SIN COLONIA DE REFERENCIA":1,"YERBABUENA":0},"Mujeres":{"GALOMO":1,"LA CANTERA":0,"LAS TUZAS":0,"MEDINA":1,"OJO DE AGUA DEL REFUGIO":0,"SAN JERÓNIMO":0,"SAN JOSÉ ITURBIDE":1,"SANTA ANITA":0,"SIN COLONIA DE REFERENCIA":84,"YERBABUENA":2}},"anual":{"Hombre":{"1.CIFRA SIN  AÑO DE REFERENCIA":1,"2006":0,"2007":6,"2008":1,"2009":4,"2010":2,"2011":4,"2012":2,"2013":3,"2014":15,"2015":12,"2016":9,"2017":1,"2018":2,"2019":0,"2020":3,"2021":0},"Indeterminado":{"1.CIFRA SIN  AÑO DE REFERENCIA":0,"2006":0,"2007":0,"2008":0,"2009":0,"2010":0,"2011":0,"2012":0,"2013":0,"2014":0,"2015":0,"2016":0,"2017":0,"2018":1,"2019":0,"2020":0,"2021":0},"Mujer":{"1.CIFRA SIN  AÑO DE REFERENCIA":0,"2006":1,"2007":11,"2008":3,"2009":5,"2010":8,"2011":8,"2012":9,"2013":8,"2014":10,"2015":15,"2016":5,"2017":4,"2018":0,"2019":1,"2020":0,"2021":1}},"mensual_ultimo_anio":{"Hombre":{"2017-FEBRERO":0,"2017-JUNIO":0,"2017-MARZO":0,"2017-OCTUBRE":1,"2018-ABRIL":1,"2018-AGOSTO":0,"2018-MARZO":1,"2019-MAYO":0,"2020-JULIO":1,"2020-JUNIO":1,"2020-SEPTIEMBRE":1,"2021-MARZO":0},"Indeterminado":{"2017-FEBRERO":0,"2017-JUNIO":0,"2017-MARZO":0,"2017-OCTUBRE":0,"2018-ABRIL":0,"2018-AGOSTO":1,"2018-MARZO":0,"2019-MAYO":0,"2020-JULIO":0,"2020-JUNIO":0,"2020-SEPTIEMBRE":0,"2021-MARZO":0},"Mujer":{"2017-FEBRERO":1,"2017-JUNIO":1,"2017-MARZO":1,"2017-OCTUBRE":1,"2018-ABRIL":0,"2018-AGOSTO":0,"2018-MARZO":0,"2019-MAYO":1,"2020-JULIO":0,"2020-JUNIO":0,"2020-SEPTIEMBRE":0,"2021-MARZO":1}},"por_edad":{"Hombres":{"11":1,"12":3,"13":2,"14":5,"15":2,"16":3,"17":0,"18":1,"19":5,"20":1,"21":4,"23":0,"24":3,"25":1,"26":2,"27":1,"28":1,"29":2,"31":0,"32":0,"33":1,"34":2,"35":3,"37":3,"38":2,"39":1,"40":2,"41":1,"42":0,"44":0,"45":1,"46":1,"47":1,"48":1,"50":1,"57":1,"59":1,"63":1,"64":1,"66":1,"7":1,"72":1,"82":0,"84":1,"9":0},"Indeterminado":{"11":0,"12":0,"13":0,"14":0,"15":0,"16":0,"17":0,"18":0,"19":0,"20":0,"21":0,"23":0,"24":1,"25":0,"26":0,"27":0,"28":0,"29":0,"31":0,"32":0,"33":0,"34":0,"35":0,"37":0,"38":0,"39":0,"40":0,"41":0,"42":0,"44":0,"45":0,"46":0,"47":0,"48":0,"50":0,"57":0,"59":0,"63":0,"64":0,"66":0,"7":0,"72":0,"82":0,"84":0,"9":0},"Mujeres":{"11":0,"12":1,"13":4,"14":13,"15":24,"16":12,"17":5,"18":5,"19":3,"20":2,"21":1,"23":2,"24":2,"25":1,"26":0,"27":1,"28":3,"29":1,"31":1,"32":1,"33":0,"34":0,"35":1,"37":1,"38":0,"39":0,"40":0,"41":0,"42":1,"44":1,"45":0,"46":0,"47":0,"48":0,"50":0,"57":0,"59":0,"63":0,"64":0,"66":0,"7":0,"72":0,"82":1,"84":1,"9":1}},"por_nacionalidad":{"Hombres":{"MEXICANA":31,"SE DESCONOCE":4,"SIN NACIONALIDAD DE REFERENCIA":30},"Indeterminado":{"MEXICANA":1,"SE DESCONOCE":0,"SIN NACIONALIDAD DE REFERENCIA":0},"Mujeres":{"MEXICANA":45,"SE DESCONOCE":3,"SIN NACIONALIDAD DE REFERENCIA":41}}}