{"totales":{"PorcentajeDesaparecidos":"8.36","PorcentajeLocalizados":"91.64","PorcentajeLocalizadosCV":"96.96","PorcentajeLocalizadosSV":"3.04","PorcentajeSoloDesaparecidos":"100.00","PorcentajeSoloNoLocalizados":"0.00","TotalDesaparecidos":"24","TotalGlobal":"287","TotalLocalizados":"263","TotalLocalizadosCV":"255","TotalLocalizadosSV":"08","TotalSoloDesaparecidos":"24","TotalSoloNoLocalizados":"00"},"espacial":{"Hombres":{"ALAMEDA":1,"BANDA DE ABAJO":3,"BANDA DE ARRIBA":0,"BENITO JUÁREZ":1,"BUENAVISTA":0,"CERRO PRIETO":1,"DEL BOSQUE":1,"DEL SOL":2,"EL CHUPADERO":1,"EL MARAVILLAL":1,"INTERNADO":1,"JOFRE":1,"LA CENTRAL":8,"LA CIÉNEGA":1,"LA ESPERANZA":0,"LA ESPIGA":4,"LA LUZ DE LA ESQUINA":2,"LA MONTAÑITA":3,"LA PURÍSIMA":0,"LA VIRGENCITA":0,"LOMA DE LA PAZ":1,"LORETITO":1,"LOS DOCTORES":0,"LOS PINOS":0,"LOS ÁLAMOS":0,"MESA DE PALOTES":1,"MISIÓN DE CHICHIMECAS":5,"OJO DE AGUA":0,"PLANTA SOLAR":1,"SAN ANTONIO DE LOS MARTÍNEZ":1,"SAN IGNACIO":3,"SAN ISIDRO":1,"SAN NICOLÁS DEL CARMEN":0,"SIN COLONIA DE REFERENCIA":93,"VICENTE GUERRERO":1,"VISTA HERMOSA":3,"Y GRIEGA":1},"Indeterminado":{"ALAMEDA":0,"BANDA DE ABAJO":0,"BANDA DE ARRIBA":0,"BENITO JUÁREZ":0,"BUENAVISTA":0,"CERRO PRIETO":0,"DEL BOSQUE":0,"DEL SOL":0,"EL CHUPADERO":0,"EL MARAVILLAL":0,"INTERNADO":0,"JOFRE":0,"LA CENTRAL":0,"LA CIÉNEGA":0,"LA ESPERANZA":0,"LA ESPIGA":0,"LA LUZ DE LA ESQUINA":0,"LA MONTAÑITA":0,"LA PURÍSIMA":0,"LA VIRGENCITA":0,"LOMA DE LA PAZ":0,"LORETITO":0,"LOS DOCTORES":0,"LOS PINOS":0,"LOS ÁLAMOS":0,"MESA DE PALOTES":0,"MISIÓN DE CHICHIMECAS":0,"OJO DE AGUA":0,"PLANTA SOLAR":0,"SAN ANTONIO DE LOS MARTÍNEZ":0,"SAN IGNACIO":0,"SAN ISIDRO":0,"SAN NICOLÁS DEL CARMEN":0,"SIN COLONIA DE REFERENCIA":0,"VICENTE GUERRERO":0,"VISTA HERMOSA":0,"Y GRIEGA":0},"Mujeres":{"ALAMEDA":1,"BANDA DE ABAJO":4,"BANDA DE ARRIBA":1,"BENITO JUÁREZ":1,"BUENAVISTA":1,"CERRO PRIETO":2,"DEL BOSQUE":4,"DEL SOL":4,"EL CHUPADERO":0,"EL MARAVILLAL":0,"INTERNADO":0,"JOFRE":0,"LA CENTRAL":4,"LA CIÉNEGA":1,"LA ESPERANZA":1,"LA ESPIGA":0,"LA LUZ DE LA ESQUINA":2,"LA MONTAÑITA":8,"LA PURÍSIMA":1,"LA VIRGENCITA":1,"LOMA DE LA PAZ":0,"LORETITO":1,"LOS DOCTORES":1,"LOS PINOS":2,"LOS ÁLAMOS":1,"MESA DE PALOTES":0,"MISIÓN DE CHICHIMECAS":4,"OJO DE AGUA":1,"PLANTA SOLAR":1,"SAN ANTONIO DE LOS MARTÍNEZ":0,"SAN IGNACIO":2,"SAN ISIDRO":1,"SAN NICOLÁS DEL CARMEN":1,"SIN COLONIA DE REFERENCIA":91,"VICENTE GUERRERO":0,"VISTA HERMOSA":2,"Y GRIEGA":0}},"anual":{"Hombre":{"2006":1,"2007":13,"2008":7,"2009":14,"2010":7,"2011":8,"2012":10,"2013":15,"2014":23,"2015":27,"2016":10,"2017":1,"2018":1,"2019":4,"2020":2},"Indeterminado":{"2006":0,"2007":0,"2008":0,"2009":0,"2010":0,"2011":0,"2012":0,"2013":0,"2014":0,"2015":0,"2016":0,"2017":0,"2018":0,"2019":0,"2020":0},"Mujer":{"2006":0,"2007":20,"2008":11,"2009":19,"2010":12,"2011":15,"2012":5,"2013":11,"2014":20,"2015":19,"2016":7,"2017":3,"2018":1,"2019":0,"2020":1}},"mensual_ultimo_anio":{"Hombre":{"2016-OCTUBRE":2,"2017-JUNIO":1,"2017-MAYO":0,"2017-NOVIEMBRE":0,"2018-JULIO":1,"2018-MAYO":0,"2019-AGOSTO":1,"2019-FEBRERO":1,"2019-SEPTIEMBRE":2,"2020-JULIO":1,"2020-JUNIO":0,"2020-MARZO":1},"Indeterminado":{"2016-OCTUBRE":0,"2017-JUNIO":0,"2017-MAYO":0,"2017-NOVIEMBRE":0,"2018-JULIO":0,"2018-MAYO":0,"2019-AGOSTO":0,"2019-FEBRERO":0,"2019-SEPTIEMBRE":0,"2020-JULIO":0,"2020-JUNIO":0,"2020-MARZO":0},"Mujer":{"2016-OCTUBRE":0,"2017-JUNIO":0,"2017-MAYO":2,"2017-NOVIEMBRE":1,"2018-JULIO":0,"2018-MAYO":1,"2019-AGOSTO":0,"2019-FEBRERO":0,"2019-SEPTIEMBRE":0,"2020-JULIO":0,"2020-JUNIO":1,"2020-MARZO":0}},"por_edad":{"Hombres":{"10":5,"11":4,"12":5,"13":5,"14":10,"15":10,"16":10,"17":7,"18":1,"19":4,"2":1,"20":2,"21":2,"22":3,"23":7,"24":4,"25":2,"26":1,"27":2,"28":2,"29":4,"3":2,"30":2,"31":2,"32":2,"34":2,"35":1,"36":3,"37":1,"38":3,"39":2,"4":0,"40":3,"41":0,"42":1,"44":1,"45":3,"46":1,"48":1,"49":2,"5":1,"51":1,"52":1,"53":1,"55":1,"56":2,"59":1,"6":2,"62":1,"63":1,"66":0,"7":0,"77":1,"8":2,"80":1,"83":1,"84":0,"86":1,"89":1,"9":0,"92":1},"Indeterminado":{"10":0,"11":0,"12":0,"13":0,"14":0,"15":0,"16":0,"17":0,"18":0,"19":0,"2":0,"20":0,"21":0,"22":0,"23":0,"24":0,"25":0,"26":0,"27":0,"28":0,"29":0,"3":0,"30":0,"31":0,"32":0,"34":0,"35":0,"36":0,"37":0,"38":0,"39":0,"4":0,"40":0,"41":0,"42":0,"44":0,"45":0,"46":0,"48":0,"49":0,"5":0,"51":0,"52":0,"53":0,"55":0,"56":0,"59":0,"6":0,"62":0,"63":0,"66":0,"7":0,"77":0,"8":0,"80":0,"83":0,"84":0,"86":0,"89":0,"9":0,"92":0},"Mujeres":{"10":1,"11":1,"12":6,"13":10,"14":17,"15":18,"16":21,"17":14,"18":6,"19":5,"2":0,"20":3,"21":2,"22":3,"23":2,"24":6,"25":4,"26":1,"27":0,"28":1,"29":0,"3":0,"30":1,"31":1,"32":2,"34":0,"35":0,"36":3,"37":0,"38":0,"39":0,"4":1,"40":1,"41":1,"42":2,"44":0,"45":1,"46":1,"48":0,"49":0,"5":0,"51":0,"52":1,"53":0,"55":0,"56":0,"59":1,"6":1,"62":0,"63":1,"66":1,"7":1,"77":0,"8":1,"80":0,"83":0,"84":1,"86":0,"89":0,"9":1,"92":0}},"por_nacionalidad":{"Hombres":{"MEXICANA":85,"SE DESCONOCE":6,"SIN NACIONALIDAD DE REFERENCIA":52},"Indeterminado":{"MEXICANA":0,"SE DESCONOCE":0,"SIN NACIONALIDAD DE REFERENCIA":0},"Mujeres":{"MEXICANA":97,"SE DESCONOCE":1,"SIN NACIONALIDAD DE REFERENCIA":46}}}