{"totales":{"PorcentajeDesaparecidos":"12.16","PorcentajeLocalizados":"87.84","PorcentajeLocalizadosCV":"98.68","PorcentajeLocalizadosSV":"1.32","PorcentajeSoloDesaparecidos":"100.00","PorcentajeSoloNoLocalizados":"0.00","TotalDesaparecidos":"63","TotalGlobal":"518","TotalLocalizados":"455","TotalLocalizadosCV":"449","TotalLocalizadosSV":"06","TotalSoloDesaparecidos":"63","TotalSoloNoLocalizados":"00"},"espacial":{"Hombres":{"ADOLFO LÓPEZ MATEOS":0,"BAJÍO DE BONILLAS":3,"BUENAVISTA":2,"CERRITOS":1,"CHICHIMEQUILLAS":3,"COECILLO":1,"COMANJILLA":1,"EL CRUCERO":4,"EL FARO":0,"EL OLIVO":3,"EMILIANO ZAPATA":0,"ESTRELLA":0,"FRANCISCO JAVIER MINA":0,"GUADALUPE":0,"INDEPENDENCIA":3,"JARDINES DE LA VICTORIA":0,"LA ALDEA":0,"LA CALAVERNA":0,"LA ESPERANZA":0,"LA HACIENDA":3,"LA JOYA":0,"LA JOYITA":0,"LA LOMA":0,"LA MONTAÑA":1,"LA PILA":1,"LA VÍA 1":1,"LAS CRUCES":1,"LOS ESPÁRRAGOS":1,"LOS FRESNOS":2,"LOS RODRIGUEZ":1,"LOS ÁNGELES":6,"MEDIO SITIO":0,"MENORES":0,"MEZQUITE DE SOTELO":0,"MONTE DEL COECILLO":1,"NAPOLES":1,"NORIA DE SOPEÑA":1,"NUEVO MÉXICO":1,"PLAYAS DE SOTELO":0,"PROGRESO":6,"PROVIDENCIA DE NAPOLES":0,"REFORMA":1,"REFUGIO DE LOS SAUCES":1,"RINCONADA DE LAS FLORES":1,"SAN ANDRÉS DE LA BARAÑA":1,"SAN FRANCISCO PUERTA GRANDE":1,"SAN JOAQUÍN":0,"SANTA ANITA":0,"SANTIAGO APÓSTOL":2,"SILAO CENTRO":9,"SIN COLONIA DE REFERENCIA":170,"SOPEÑA":5,"TIERRA Y LIBERTAD":0,"TREJO":2,"TUNA MANSA":1,"VALLE DE SAN JOSÉ":2,"VELARDE":0,"VILLAS DE GUADALUPE":1,"YERBABUENA":1},"Indeterminado":{"ADOLFO LÓPEZ MATEOS":0,"BAJÍO DE BONILLAS":0,"BUENAVISTA":0,"CERRITOS":0,"CHICHIMEQUILLAS":0,"COECILLO":0,"COMANJILLA":0,"EL CRUCERO":0,"EL FARO":0,"EL OLIVO":0,"EMILIANO ZAPATA":0,"ESTRELLA":0,"FRANCISCO JAVIER MINA":0,"GUADALUPE":0,"INDEPENDENCIA":0,"JARDINES DE LA VICTORIA":0,"LA ALDEA":0,"LA CALAVERNA":0,"LA ESPERANZA":0,"LA HACIENDA":0,"LA JOYA":0,"LA JOYITA":0,"LA LOMA":0,"LA MONTAÑA":0,"LA PILA":0,"LA VÍA 1":0,"LAS CRUCES":0,"LOS ESPÁRRAGOS":0,"LOS FRESNOS":0,"LOS RODRIGUEZ":0,"LOS ÁNGELES":0,"MEDIO SITIO":0,"MENORES":0,"MEZQUITE DE SOTELO":0,"MONTE DEL COECILLO":0,"NAPOLES":0,"NORIA DE SOPEÑA":0,"NUEVO MÉXICO":0,"PLAYAS DE SOTELO":0,"PROGRESO":0,"PROVIDENCIA DE NAPOLES":0,"REFORMA":0,"REFUGIO DE LOS SAUCES":0,"RINCONADA DE LAS FLORES":0,"SAN ANDRÉS DE LA BARAÑA":0,"SAN FRANCISCO PUERTA GRANDE":0,"SAN JOAQUÍN":0,"SANTA ANITA":0,"SANTIAGO APÓSTOL":0,"SILAO CENTRO":0,"SIN COLONIA DE REFERENCIA":6,"SOPEÑA":0,"TIERRA Y LIBERTAD":0,"TREJO":0,"TUNA MANSA":0,"VALLE DE SAN JOSÉ":0,"VELARDE":0,"VILLAS DE GUADALUPE":0,"YERBABUENA":0},"Mujeres":{"ADOLFO LÓPEZ MATEOS":2,"BAJÍO DE BONILLAS":2,"BUENAVISTA":0,"CERRITOS":1,"CHICHIMEQUILLAS":1,"COECILLO":4,"COMANJILLA":0,"EL CRUCERO":0,"EL FARO":1,"EL OLIVO":2,"EMILIANO ZAPATA":1,"ESTRELLA":1,"FRANCISCO JAVIER MINA":1,"GUADALUPE":2,"INDEPENDENCIA":4,"JARDINES DE LA VICTORIA":1,"LA ALDEA":2,"LA CALAVERNA":1,"LA ESPERANZA":1,"LA HACIENDA":0,"LA JOYA":1,"LA JOYITA":1,"LA LOMA":1,"LA MONTAÑA":0,"LA PILA":0,"LA VÍA 1":0,"LAS CRUCES":2,"LOS ESPÁRRAGOS":2,"LOS FRESNOS":5,"LOS RODRIGUEZ":1,"LOS ÁNGELES":4,"MEDIO SITIO":1,"MENORES":2,"MEZQUITE DE SOTELO":2,"MONTE DEL COECILLO":0,"NAPOLES":0,"NORIA DE SOPEÑA":1,"NUEVO MÉXICO":5,"PLAYAS DE SOTELO":1,"PROGRESO":3,"PROVIDENCIA DE NAPOLES":1,"REFORMA":3,"REFUGIO DE LOS SAUCES":1,"RINCONADA DE LAS FLORES":0,"SAN ANDRÉS DE LA BARAÑA":0,"SAN FRANCISCO PUERTA GRANDE":0,"SAN JOAQUÍN":1,"SANTA ANITA":1,"SANTIAGO APÓSTOL":1,"SILAO CENTRO":4,"SIN COLONIA DE REFERENCIA":172,"SOPEÑA":13,"TIERRA Y LIBERTAD":2,"TREJO":0,"TUNA MANSA":0,"VALLE DE SAN JOSÉ":7,"VELARDE":1,"VILLAS DE GUADALUPE":0,"YERBABUENA":0}},"anual":{"Hombre":{"1.CIFRA SIN  AÑO DE REFERENCIA":1,"2004":1,"2006":1,"2007":16,"2008":13,"2009":24,"2011":11,"2012":13,"2013":18,"2014":43,"2015":39,"2016":14,"2017":6,"2018":8,"2019":16,"2020":22},"Indeterminado":{"1.CIFRA SIN  AÑO DE REFERENCIA":0,"2004":0,"2006":0,"2007":0,"2008":0,"2009":0,"2011":0,"2012":0,"2013":0,"2014":0,"2015":0,"2016":1,"2017":0,"2018":0,"2019":4,"2020":1},"Mujer":{"1.CIFRA SIN  AÑO DE REFERENCIA":0,"2004":0,"2006":1,"2007":22,"2008":12,"2009":22,"2011":19,"2012":20,"2013":38,"2014":39,"2015":59,"2016":15,"2017":7,"2018":3,"2019":6,"2020":3}},"mensual_ultimo_anio":{"Hombre":{"2019-DICIEMBRE":1,"2019-NOVIEMBRE":3,"2020-AGOSTO":1,"2020-DICIEMBRE":1,"2020-ENERO":5,"2020-FEBRERO":2,"2020-JULIO":1,"2020-JUNIO":0,"2020-MARZO":6,"2020-MAYO":4,"2020-OCTUBRE":1,"2020-SEPTIEMBRE":1},"Indeterminado":{"2019-DICIEMBRE":0,"2019-NOVIEMBRE":1,"2020-AGOSTO":0,"2020-DICIEMBRE":0,"2020-ENERO":0,"2020-FEBRERO":0,"2020-JULIO":0,"2020-JUNIO":1,"2020-MARZO":0,"2020-MAYO":0,"2020-OCTUBRE":0,"2020-SEPTIEMBRE":0},"Mujer":{"2019-DICIEMBRE":2,"2019-NOVIEMBRE":1,"2020-AGOSTO":0,"2020-DICIEMBRE":0,"2020-ENERO":0,"2020-FEBRERO":0,"2020-JULIO":1,"2020-JUNIO":2,"2020-MARZO":0,"2020-MAYO":0,"2020-OCTUBRE":0,"2020-SEPTIEMBRE":0}},"por_edad":{"Hombres":{"0":13,"10":4,"11":1,"12":4,"13":3,"14":4,"15":7,"16":6,"17":5,"18":3,"19":10,"2":0,"20":6,"21":8,"22":6,"23":4,"24":6,"25":4,"26":7,"27":8,"28":5,"29":7,"3":2,"30":6,"31":5,"32":4,"33":7,"34":6,"35":5,"36":9,"37":5,"38":8,"39":4,"4":2,"40":1,"41":1,"42":3,"43":3,"44":3,"45":3,"46":3,"47":4,"48":3,"49":2,"5":1,"50":0,"51":3,"52":1,"54":2,"55":0,"56":2,"57":4,"58":1,"59":2,"6":1,"60":2,"63":2,"64":1,"65":0,"7":1,"72":1,"73":1,"75":0,"79":0,"8":3,"81":0,"82":2,"85":1,"86":1,"87":1,"9":2,"91":1,"92":0},"Indeterminado":{"0":0,"10":0,"11":0,"12":0,"13":0,"14":0,"15":0,"16":0,"17":0,"18":0,"19":1,"2":1,"20":0,"21":1,"22":0,"23":0,"24":0,"25":1,"26":0,"27":0,"28":0,"29":0,"3":0,"30":0,"31":0,"32":1,"33":0,"34":0,"35":0,"36":0,"37":0,"38":0,"39":0,"4":0,"40":1,"41":0,"42":0,"43":0,"44":0,"45":0,"46":0,"47":0,"48":0,"49":0,"5":0,"50":0,"51":0,"52":0,"54":0,"55":0,"56":0,"57":0,"58":0,"59":0,"6":0,"60":0,"63":0,"64":0,"65":0,"7":0,"72":0,"73":0,"75":0,"79":0,"8":0,"81":0,"82":0,"85":0,"86":0,"87":0,"9":0,"91":0,"92":0},"Mujeres":{"0":6,"10":1,"11":3,"12":7,"13":18,"14":32,"15":43,"16":35,"17":21,"18":11,"19":7,"2":1,"20":9,"21":5,"22":3,"23":3,"24":6,"25":8,"26":4,"27":5,"28":1,"29":3,"3":1,"30":2,"31":2,"32":0,"33":1,"34":2,"35":1,"36":0,"37":1,"38":2,"39":2,"4":0,"40":1,"41":1,"42":1,"43":0,"44":1,"45":0,"46":0,"47":2,"48":0,"49":0,"5":0,"50":1,"51":0,"52":0,"54":1,"55":1,"56":1,"57":0,"58":1,"59":0,"6":0,"60":0,"63":0,"64":0,"65":1,"7":0,"72":0,"73":0,"75":1,"79":1,"8":2,"81":1,"82":0,"85":0,"86":0,"87":0,"9":2,"91":0,"92":1}},"por_nacionalidad":{"Hombres":{"ESTADOUNIDENSE":1,"MEXICANA":145,"SE DESCONOCE":5,"SIN NACIONALIDAD DE REFERENCIA":95},"Indeterminado":{"ESTADOUNIDENSE":0,"MEXICANA":5,"SE DESCONOCE":1,"SIN NACIONALIDAD DE REFERENCIA":0},"Mujeres":{"ESTADOUNIDENSE":3,"MEXICANA":170,"SE DESCONOCE":1,"SIN NACIONALIDAD DE REFERENCIA":92}}}