{"totales":{"PorcentajeDesaparecidos":"25.58","PorcentajeLocalizados":"74.42","PorcentajeLocalizadosCV":"96.88","PorcentajeLocalizadosSV":"3.13","PorcentajeSoloDesaparecidos":"100.00","PorcentajeSoloNoLocalizados":"0.00","TotalDesaparecidos":"11","TotalGlobal":"43","TotalLocalizados":"32","TotalLocalizadosCV":"31","TotalLocalizadosSV":"01","TotalSoloDesaparecidos":"11","TotalSoloNoLocalizados":"00"},"espacial":{"Hombres":{"CHARCO LARGO":1,"EMILIANO ZAPATA":0,"FRANCISCO VILLA":0,"LA MONCADA":0,"SAN NICOLÁS DE LA CONDESA":1,"SIN COLONIA DE REFERENCIA":22},"Indeterminado":{"CHARCO LARGO":0,"EMILIANO ZAPATA":0,"FRANCISCO VILLA":0,"LA MONCADA":0,"SAN NICOLÁS DE LA CONDESA":0,"SIN COLONIA DE REFERENCIA":1},"Mujeres":{"CHARCO LARGO":0,"EMILIANO ZAPATA":1,"FRANCISCO VILLA":1,"LA MONCADA":1,"SAN NICOLÁS DE LA CONDESA":0,"SIN COLONIA DE REFERENCIA":15}},"anual":{"Hombre":{"2007":0,"2008":1,"2009":1,"2011":2,"2012":0,"2013":5,"2014":4,"2015":0,"2016":3,"2017":2,"2018":3,"2019":0,"2020":3},"Indeterminado":{"2007":0,"2008":0,"2009":0,"2011":0,"2012":0,"2013":0,"2014":0,"2015":0,"2016":0,"2017":0,"2018":0,"2019":1,"2020":0},"Mujer":{"2007":2,"2008":1,"2009":1,"2011":0,"2012":5,"2013":4,"2014":4,"2015":1,"2016":0,"2017":0,"2018":0,"2019":0,"2020":0}},"mensual_ultimo_anio":{"Hombre":{"2014-DICIEMBRE":1,"2015-JUNIO":0,"2016-ENERO":1,"2016-FEBRERO":1,"2016-JUNIO":1,"2017-JUNIO":1,"2017-MAYO":1,"2018-DICIEMBRE":1,"2018-MAYO":2,"2019-JULIO":0,"2020-FEBRERO":1,"2020-MARZO":2},"Indeterminado":{"2014-DICIEMBRE":0,"2015-JUNIO":0,"2016-ENERO":0,"2016-FEBRERO":0,"2016-JUNIO":0,"2017-JUNIO":0,"2017-MAYO":0,"2018-DICIEMBRE":0,"2018-MAYO":0,"2019-JULIO":1,"2020-FEBRERO":0,"2020-MARZO":0},"Mujer":{"2014-DICIEMBRE":0,"2015-JUNIO":1,"2016-ENERO":0,"2016-FEBRERO":0,"2016-JUNIO":0,"2017-JUNIO":0,"2017-MAYO":0,"2018-DICIEMBRE":0,"2018-MAYO":0,"2019-JULIO":0,"2020-FEBRERO":0,"2020-MARZO":0}},"por_edad":{"Hombres":{"0":1,"12":0,"13":0,"14":0,"15":0,"16":1,"17":0,"18":0,"19":0,"20":1,"21":1,"22":1,"23":3,"28":1,"30":0,"31":1,"33":2,"35":1,"36":1,"37":1,"39":0,"40":1,"41":2,"42":0,"43":2,"47":1,"48":0,"53":0,"6":1,"7":1,"77":1},"Indeterminado":{"0":0,"12":0,"13":0,"14":0,"15":0,"16":0,"17":0,"18":0,"19":0,"20":0,"21":0,"22":0,"23":0,"28":0,"30":0,"31":0,"33":0,"35":0,"36":0,"37":0,"39":0,"40":0,"41":0,"42":0,"43":0,"47":0,"48":0,"53":1,"6":0,"7":0,"77":0},"Mujeres":{"0":0,"12":1,"13":1,"14":2,"15":2,"16":1,"17":1,"18":2,"19":2,"20":1,"21":0,"22":0,"23":0,"28":0,"30":2,"31":0,"33":0,"35":0,"36":0,"37":0,"39":1,"40":0,"41":0,"42":1,"43":0,"47":0,"48":1,"53":0,"6":0,"7":0,"77":0}},"por_nacionalidad":{"Hombres":{"MEXICANA":15,"SE DESCONOCE":2,"SIN NACIONALIDAD DE REFERENCIA":7},"Indeterminado":{"MEXICANA":1,"SE DESCONOCE":0,"SIN NACIONALIDAD DE REFERENCIA":0},"Mujeres":{"MEXICANA":11,"SE DESCONOCE":0,"SIN NACIONALIDAD DE REFERENCIA":7}}}