{"totales":{"PorcentajeDesaparecidos":"0.00","PorcentajeLocalizados":"100.00","PorcentajeLocalizadosCV":"93.33","PorcentajeLocalizadosSV":"6.67","PorcentajeSoloDesaparecidos":"0.00","PorcentajeSoloNoLocalizados":"0.00","TotalDesaparecidos":"00","TotalGlobal":"15","TotalLocalizados":"15","TotalLocalizadosCV":"14","TotalLocalizadosSV":"01","TotalSoloDesaparecidos":"00","TotalSoloNoLocalizados":"00"},"espacial":{"Hombres":{"EL CHAPÍN":0,"SANTA CATARINA":0,"SIN COLONIA DE REFERENCIA":8},"Indeterminado":{"EL CHAPÍN":0,"SANTA CATARINA":0,"SIN COLONIA DE REFERENCIA":0},"Mujeres":{"EL CHAPÍN":1,"SANTA CATARINA":1,"SIN COLONIA DE REFERENCIA":5}},"anual":{"Hombre":{"2006":0,"2007":1,"2009":2,"2013":2,"2014":1,"2015":2},"Indeterminado":{"2006":0,"2007":0,"2009":0,"2013":0,"2014":0,"2015":0},"Mujer":{"2006":1,"2007":1,"2009":1,"2013":0,"2014":2,"2015":2}},"mensual_ultimo_anio":{"Hombre":{"2007-SEPTIEMBRE":1,"2009-ENERO":2,"2009-FEBRERO":0,"2013-JULIO":1,"2013-NOVIEMBRE":1,"2014-AGOSTO":0,"2014-JULIO":0,"2014-MARZO":1,"2015-ABRIL":0,"2015-JUNIO":1,"2015-MARZO":1,"2015-MAYO":0},"Indeterminado":{"2007-SEPTIEMBRE":0,"2009-ENERO":0,"2009-FEBRERO":0,"2013-JULIO":0,"2013-NOVIEMBRE":0,"2014-AGOSTO":0,"2014-JULIO":0,"2014-MARZO":0,"2015-ABRIL":0,"2015-JUNIO":0,"2015-MARZO":0,"2015-MAYO":0},"Mujer":{"2007-SEPTIEMBRE":0,"2009-ENERO":0,"2009-FEBRERO":1,"2013-JULIO":0,"2013-NOVIEMBRE":0,"2014-AGOSTO":1,"2014-JULIO":1,"2014-MARZO":0,"2015-ABRIL":1,"2015-JUNIO":0,"2015-MARZO":0,"2015-MAYO":1}},"por_edad":{"Hombres":{"14":0,"17":0,"21":1,"24":1,"25":0,"27":0,"3":1,"4":1,"40":1,"53":1,"58":0,"70":1,"88":1,"9":0},"Indeterminado":{"14":0,"17":0,"21":0,"24":0,"25":0,"27":0,"3":0,"4":0,"40":0,"53":0,"58":0,"70":0,"88":0,"9":0},"Mujeres":{"14":1,"17":1,"21":0,"24":1,"25":1,"27":1,"3":0,"4":0,"40":0,"53":0,"58":1,"70":0,"88":0,"9":1}},"por_nacionalidad":{"Hombres":{"MEXICANA":7,"SIN NACIONALIDAD DE REFERENCIA":1},"Indeterminado":{"MEXICANA":0,"SIN NACIONALIDAD DE REFERENCIA":0},"Mujeres":{"MEXICANA":6,"SIN NACIONALIDAD DE REFERENCIA":1}}}