{"totales":{"PorcentajeDesaparecidos":"45.45","PorcentajeLocalizados":"54.55","PorcentajeLocalizadosCV":"83.33","PorcentajeLocalizadosSV":"16.67","PorcentajeSoloDesaparecidos":"100.00","PorcentajeSoloNoLocalizados":"0.00","TotalDesaparecidos":"05","TotalGlobal":"11","TotalLocalizados":"06","TotalLocalizadosCV":"05","TotalLocalizadosSV":"01","TotalSoloDesaparecidos":"05","TotalSoloNoLocalizados":"00"},"espacial":{"Hombres":{"GUANAJUATITO":1,"SIN COLONIA DE REFERENCIA":6},"Indeterminado":{"GUANAJUATITO":0,"SIN COLONIA DE REFERENCIA":0},"Mujeres":{"GUANAJUATITO":0,"SIN COLONIA DE REFERENCIA":4}},"anual":{"Hombre":{"2008":1,"2009":1,"2011":0,"2014":1,"2019":2,"2020":2},"Indeterminado":{"2008":0,"2009":0,"2011":0,"2014":0,"2019":0,"2020":0},"Mujer":{"2008":1,"2009":0,"2011":2,"2014":0,"2019":0,"2020":1}},"mensual_ultimo_anio":{"Hombre":{"2008-AGOSTO":0,"2008-MAYO":1,"2009-SEPTIEMBRE":1,"2011-AGOSTO":0,"2011-OCTUBRE":0,"2014-ABRIL":1,"2019-JULIO":2,"2020-JUNIO":1,"2020-MAYO":1},"Indeterminado":{"2008-AGOSTO":0,"2008-MAYO":0,"2009-SEPTIEMBRE":0,"2011-AGOSTO":0,"2011-OCTUBRE":0,"2014-ABRIL":0,"2019-JULIO":0,"2020-JUNIO":0,"2020-MAYO":0},"Mujer":{"2008-AGOSTO":1,"2008-MAYO":0,"2009-SEPTIEMBRE":0,"2011-AGOSTO":1,"2011-OCTUBRE":1,"2014-ABRIL":0,"2019-JULIO":0,"2020-JUNIO":0,"2020-MAYO":1}},"por_edad":{"Hombres":{"13":0,"17":0,"24":1,"27":1,"28":2,"30":0,"31":1,"44":1,"47":0,"63":1},"Indeterminado":{"13":0,"17":0,"24":0,"27":0,"28":0,"30":0,"31":0,"44":0,"47":0,"63":0},"Mujeres":{"13":1,"17":1,"24":0,"27":0,"28":0,"30":1,"31":0,"44":0,"47":1,"63":0}},"por_nacionalidad":{"Hombres":{"ESTADOUNIDENSE":0,"MEXICANA":7,"SIN NACIONALIDAD DE REFERENCIA":0},"Indeterminado":{"ESTADOUNIDENSE":0,"MEXICANA":0,"SIN NACIONALIDAD DE REFERENCIA":0},"Mujeres":{"ESTADOUNIDENSE":1,"MEXICANA":2,"SIN NACIONALIDAD DE REFERENCIA":1}}}