{"totales":{"PorcentajeDesaparecidos":"36.21","PorcentajeLocalizados":"63.79","PorcentajeLocalizadosCV":"94.59","PorcentajeLocalizadosSV":"5.41","PorcentajeSoloDesaparecidos":"98.41","PorcentajeSoloNoLocalizados":"1.59","TotalDesaparecidos":"63","TotalGlobal":"174","TotalLocalizados":"111","TotalLocalizadosCV":"105","TotalLocalizadosSV":"06","TotalSoloDesaparecidos":"62","TotalSoloNoLocalizados":"01"},"espacial":{"Hombres":{"BENITO JUÁREZ":0,"EL POCITO":1,"EL REJALGAR":1,"EL TALAYOTE":1,"EMILIANO ZAPATA":4,"JIMENEZ":1,"LA CUEVITA":1,"LA MESITA":2,"MANUEL AVILA CAMACHO":5,"REFUGIO DE GAMBOA":0,"SAN ANTONIO CALICHAL":2,"SAN BARTOLO AGUA CALIENTE":1,"SAN ISIDRO DE GAMBOA":1,"SAN JUAN DEL LLANITO":3,"SANTA CRUZ DE GAMBOA":1,"SANTA ELENA NORTE":3,"SANTA ELENA SUR":0,"SIN COLONIA DE REFERENCIA":73},"Indeterminado":{"BENITO JUÁREZ":0,"EL POCITO":0,"EL REJALGAR":0,"EL TALAYOTE":0,"EMILIANO ZAPATA":0,"JIMENEZ":0,"LA CUEVITA":0,"LA MESITA":0,"MANUEL AVILA CAMACHO":0,"REFUGIO DE GAMBOA":0,"SAN ANTONIO CALICHAL":0,"SAN BARTOLO AGUA CALIENTE":0,"SAN ISIDRO DE GAMBOA":0,"SAN JUAN DEL LLANITO":0,"SANTA CRUZ DE GAMBOA":0,"SANTA ELENA NORTE":0,"SANTA ELENA SUR":0,"SIN COLONIA DE REFERENCIA":15},"Mujeres":{"BENITO JUÁREZ":1,"EL POCITO":1,"EL REJALGAR":5,"EL TALAYOTE":0,"EMILIANO ZAPATA":4,"JIMENEZ":0,"LA CUEVITA":1,"LA MESITA":1,"MANUEL AVILA CAMACHO":2,"REFUGIO DE GAMBOA":1,"SAN ANTONIO CALICHAL":1,"SAN BARTOLO AGUA CALIENTE":0,"SAN ISIDRO DE GAMBOA":0,"SAN JUAN DEL LLANITO":2,"SANTA CRUZ DE GAMBOA":0,"SANTA ELENA NORTE":7,"SANTA ELENA SUR":2,"SIN COLONIA DE REFERENCIA":31}},"anual":{"Hombre":{"1.CIFRA SIN  AÑO DE REFERENCIA":1,"2007":1,"2008":3,"2009":2,"2010":1,"2011":5,"2012":9,"2013":13,"2014":10,"2015":14,"2016":14,"2017":14,"2018":2,"2019":0,"2020":9,"2021":2},"Indeterminado":{"1.CIFRA SIN  AÑO DE REFERENCIA":0,"2007":0,"2008":0,"2009":0,"2010":0,"2011":0,"2012":0,"2013":1,"2014":0,"2015":0,"2016":1,"2017":5,"2018":5,"2019":2,"2020":1,"2021":0},"Mujer":{"1.CIFRA SIN  AÑO DE REFERENCIA":1,"2007":0,"2008":3,"2009":3,"2010":2,"2011":7,"2012":7,"2013":8,"2014":14,"2015":8,"2016":2,"2017":1,"2018":1,"2019":0,"2020":2,"2021":0}},"mensual_ultimo_anio":{"Hombre":{"2018-ABRIL":1,"2018-AGOSTO":0,"2018-MAYO":0,"2019-OCTUBRE":0,"2019-SEPTIEMBRE":0,"2020-ABRIL":0,"2020-JULIO":0,"2020-JUNIO":5,"2020-MARZO":1,"2020-MAYO":3,"2021-ENERO":1,"2021-JULIO":1},"Indeterminado":{"2018-ABRIL":2,"2018-AGOSTO":2,"2018-MAYO":1,"2019-OCTUBRE":1,"2019-SEPTIEMBRE":1,"2020-ABRIL":0,"2020-JULIO":1,"2020-JUNIO":0,"2020-MARZO":0,"2020-MAYO":0,"2021-ENERO":0,"2021-JULIO":0},"Mujer":{"2018-ABRIL":0,"2018-AGOSTO":0,"2018-MAYO":0,"2019-OCTUBRE":0,"2019-SEPTIEMBRE":0,"2020-ABRIL":1,"2020-JULIO":0,"2020-JUNIO":1,"2020-MARZO":0,"2020-MAYO":0,"2021-ENERO":0,"2021-JULIO":0}},"por_edad":{"Hombres":{"0":1,"1":1,"10":0,"13":1,"14":1,"15":1,"16":2,"17":3,"18":3,"19":3,"2":0,"20":3,"21":2,"22":0,"23":2,"24":4,"25":2,"26":5,"27":4,"28":4,"29":1,"3":0,"30":2,"31":2,"32":7,"33":3,"34":4,"35":2,"36":2,"37":1,"38":2,"39":1,"40":1,"41":0,"42":3,"44":1,"45":1,"46":2,"48":1,"49":1,"50":0,"51":1,"53":1,"54":1,"55":2,"56":1,"58":1,"6":2,"61":0,"62":1,"63":1,"64":1,"66":1,"67":1,"72":1,"76":1,"8":3,"82":1,"SIN EDAD DE REFERENCIA":1},"Indeterminado":{"0":0,"1":0,"10":0,"13":0,"14":1,"15":0,"16":0,"17":0,"18":0,"19":1,"2":0,"20":0,"21":0,"22":0,"23":1,"24":0,"25":0,"26":0,"27":1,"28":4,"29":0,"3":0,"30":1,"31":1,"32":1,"33":1,"34":0,"35":0,"36":0,"37":0,"38":0,"39":0,"40":0,"41":1,"42":0,"44":0,"45":0,"46":0,"48":0,"49":0,"50":0,"51":0,"53":0,"54":0,"55":0,"56":0,"58":0,"6":0,"61":1,"62":0,"63":0,"64":0,"66":0,"67":0,"72":0,"76":0,"8":0,"82":0,"SIN EDAD DE REFERENCIA":1},"Mujeres":{"0":2,"1":0,"10":2,"13":2,"14":7,"15":8,"16":3,"17":6,"18":5,"19":2,"2":1,"20":0,"21":1,"22":1,"23":1,"24":2,"25":2,"26":5,"27":1,"28":0,"29":1,"3":1,"30":0,"31":0,"32":0,"33":0,"34":0,"35":0,"36":0,"37":0,"38":1,"39":1,"40":0,"41":0,"42":1,"44":0,"45":0,"46":1,"48":0,"49":0,"50":1,"51":0,"53":0,"54":0,"55":0,"56":0,"58":0,"6":0,"61":0,"62":0,"63":1,"64":0,"66":0,"67":0,"72":0,"76":0,"8":0,"82":0,"SIN EDAD DE REFERENCIA":0}},"por_nacionalidad":{"Hombres":{"ESTADOUNIDENSE":0,"MEXICANA":77,"SE DESCONOCE":5,"SIN NACIONALIDAD DE REFERENCIA":18},"Indeterminado":{"ESTADOUNIDENSE":0,"MEXICANA":13,"SE DESCONOCE":2,"SIN NACIONALIDAD DE REFERENCIA":0},"Mujeres":{"ESTADOUNIDENSE":1,"MEXICANA":38,"SE DESCONOCE":1,"SIN NACIONALIDAD DE REFERENCIA":19}}}