{"totales":{"PorcentajeDesaparecidos":"21.55","PorcentajeLocalizados":"78.45","PorcentajeLocalizadosCV":"95.60","PorcentajeLocalizadosSV":"4.40","PorcentajeSoloDesaparecidos":"100.00","PorcentajeSoloNoLocalizados":"0.00","TotalDesaparecidos":"25","TotalGlobal":"116","TotalLocalizados":"91","TotalLocalizadosCV":"87","TotalLocalizadosSV":"04","TotalSoloDesaparecidos":"25","TotalSoloNoLocalizados":"00"},"espacial":{"Hombres":{"CUITZILLO":1,"DEPORTIVA":2,"EL CUITZILLO":0,"EMILIANO ZAPATA":1,"JUÁREZ":2,"LOS PINOS":1,"LÁZARO CÁRDENAS":0,"PLAN DE AYALA":5,"SAN MIGUEL":1,"SIN COLONIA DE REFERENCIA":53},"Indeterminado":{"CUITZILLO":0,"DEPORTIVA":0,"EL CUITZILLO":0,"EMILIANO ZAPATA":0,"JUÁREZ":0,"LOS PINOS":0,"LÁZARO CÁRDENAS":0,"PLAN DE AYALA":0,"SAN MIGUEL":0,"SIN COLONIA DE REFERENCIA":0},"Mujeres":{"CUITZILLO":0,"DEPORTIVA":1,"EL CUITZILLO":2,"EMILIANO ZAPATA":0,"JUÁREZ":0,"LOS PINOS":0,"LÁZARO CÁRDENAS":1,"PLAN DE AYALA":4,"SAN MIGUEL":0,"SIN COLONIA DE REFERENCIA":42}},"anual":{"Hombre":{"2007":2,"2008":1,"2009":5,"2011":6,"2012":8,"2013":7,"2014":8,"2015":9,"2016":3,"2017":1,"2018":1,"2020":15},"Indeterminado":{"2007":0,"2008":0,"2009":0,"2011":0,"2012":0,"2013":0,"2014":0,"2015":0,"2016":0,"2017":0,"2018":0,"2020":0},"Mujer":{"2007":8,"2008":5,"2009":4,"2011":8,"2012":7,"2013":1,"2014":6,"2015":6,"2016":2,"2017":1,"2018":0,"2020":2}},"mensual_ultimo_anio":{"Hombre":{"2016-ENERO":1,"2016-FEBRERO":0,"2016-JUNIO":1,"2016-MAYO":1,"2017-AGOSTO":1,"2018-JUNIO":1,"2020-ABRIL":3,"2020-JULIO":1,"2020-JUNIO":5,"2020-MAYO":4,"2020-NOVIEMBRE":1,"2020-SEPTIEMBRE":1},"Indeterminado":{"2016-ENERO":0,"2016-FEBRERO":0,"2016-JUNIO":0,"2016-MAYO":0,"2017-AGOSTO":0,"2018-JUNIO":0,"2020-ABRIL":0,"2020-JULIO":0,"2020-JUNIO":0,"2020-MAYO":0,"2020-NOVIEMBRE":0,"2020-SEPTIEMBRE":0},"Mujer":{"2016-ENERO":0,"2016-FEBRERO":2,"2016-JUNIO":0,"2016-MAYO":0,"2017-AGOSTO":1,"2018-JUNIO":0,"2020-ABRIL":0,"2020-JULIO":0,"2020-JUNIO":2,"2020-MAYO":0,"2020-NOVIEMBRE":0,"2020-SEPTIEMBRE":0}},"por_edad":{"Hombres":{"11":1,"12":1,"13":2,"14":1,"15":1,"16":2,"17":2,"18":3,"19":6,"20":1,"21":4,"22":2,"23":2,"24":1,"25":0,"26":1,"27":0,"28":2,"29":3,"30":2,"31":2,"32":1,"33":0,"34":1,"35":1,"36":2,"37":1,"38":1,"39":3,"40":2,"42":1,"43":1,"45":0,"48":1,"51":1,"53":1,"57":0,"62":1,"65":1,"7":1,"70":1,"73":1,"79":2,"88":1,"9":1,"93":1},"Indeterminado":{"11":0,"12":0,"13":0,"14":0,"15":0,"16":0,"17":0,"18":0,"19":0,"20":0,"21":0,"22":0,"23":0,"24":0,"25":0,"26":0,"27":0,"28":0,"29":0,"30":0,"31":0,"32":0,"33":0,"34":0,"35":0,"36":0,"37":0,"38":0,"39":0,"40":0,"42":0,"43":0,"45":0,"48":0,"51":0,"53":0,"57":0,"62":0,"65":0,"7":0,"70":0,"73":0,"79":0,"88":0,"9":0,"93":0},"Mujeres":{"11":0,"12":1,"13":12,"14":2,"15":3,"16":5,"17":4,"18":2,"19":3,"20":3,"21":3,"22":0,"23":1,"24":1,"25":2,"26":1,"27":1,"28":0,"29":1,"30":0,"31":0,"32":0,"33":1,"34":0,"35":0,"36":1,"37":0,"38":0,"39":0,"40":0,"42":0,"43":0,"45":1,"48":0,"51":0,"53":1,"57":1,"62":0,"65":0,"7":0,"70":0,"73":0,"79":0,"88":0,"9":0,"93":0}},"por_nacionalidad":{"Hombres":{"MEXICANA":53,"SIN NACIONALIDAD DE REFERENCIA":13},"Indeterminado":{"MEXICANA":0,"SIN NACIONALIDAD DE REFERENCIA":0},"Mujeres":{"MEXICANA":41,"SIN NACIONALIDAD DE REFERENCIA":9}}}