{"totales":{"PorcentajeDesaparecidos":"0.00","PorcentajeLocalizados":"100.00","PorcentajeLocalizadosCV":"100.00","PorcentajeLocalizadosSV":"0.00","PorcentajeSoloDesaparecidos":"0.00","PorcentajeSoloNoLocalizados":"0.00","TotalDesaparecidos":"00","TotalGlobal":"15","TotalLocalizados":"15","TotalLocalizadosCV":"15","TotalLocalizadosSV":"00","TotalSoloDesaparecidos":"00","TotalSoloNoLocalizados":"00"},"espacial":{"Hombres":{"CIENEGUILLA":1,"LOS REMEDIOS":1,"SIN COLONIA DE REFERENCIA":4},"Indeterminado":{"CIENEGUILLA":0,"LOS REMEDIOS":0,"SIN COLONIA DE REFERENCIA":0},"Mujeres":{"CIENEGUILLA":1,"LOS REMEDIOS":2,"SIN COLONIA DE REFERENCIA":6}},"anual":{"Hombre":{"2008":2,"2010":1,"2011":1,"2013":0,"2014":1,"2015":1,"2016":0},"Indeterminado":{"2008":0,"2010":0,"2011":0,"2013":0,"2014":0,"2015":0,"2016":0},"Mujer":{"2008":2,"2010":0,"2011":2,"2013":1,"2014":3,"2015":0,"2016":1}},"mensual_ultimo_anio":{"Hombre":{"2008-JULIO":2,"2010-OCTUBRE":1,"2011-ABRIL":0,"2011-FEBRERO":1,"2011-MARZO":0,"2013-DICIEMBRE":0,"2014-JUNIO":0,"2014-MAYO":1,"2014-NOVIEMBRE":0,"2014-SEPTIEMBRE":0,"2015-JULIO":1,"2016-NOVIEMBRE":0},"Indeterminado":{"2008-JULIO":0,"2010-OCTUBRE":0,"2011-ABRIL":0,"2011-FEBRERO":0,"2011-MARZO":0,"2013-DICIEMBRE":0,"2014-JUNIO":0,"2014-MAYO":0,"2014-NOVIEMBRE":0,"2014-SEPTIEMBRE":0,"2015-JULIO":0,"2016-NOVIEMBRE":0},"Mujer":{"2008-JULIO":1,"2010-OCTUBRE":0,"2011-ABRIL":1,"2011-FEBRERO":0,"2011-MARZO":1,"2013-DICIEMBRE":1,"2014-JUNIO":1,"2014-MAYO":0,"2014-NOVIEMBRE":1,"2014-SEPTIEMBRE":1,"2015-JULIO":0,"2016-NOVIEMBRE":1}},"por_edad":{"Hombres":{"10":1,"12":0,"13":0,"14":0,"15":0,"16":0,"17":0,"22":1,"25":1,"36":1,"38":1,"80":1},"Indeterminado":{"10":0,"12":0,"13":0,"14":0,"15":0,"16":0,"17":0,"22":0,"25":0,"36":0,"38":0,"80":0},"Mujeres":{"10":0,"12":1,"13":1,"14":2,"15":2,"16":2,"17":1,"22":0,"25":0,"36":0,"38":0,"80":0}},"por_nacionalidad":{"Hombres":{"MEXICANA":6,"SIN NACIONALIDAD DE REFERENCIA":0},"Indeterminado":{"MEXICANA":0,"SIN NACIONALIDAD DE REFERENCIA":0},"Mujeres":{"MEXICANA":7,"SIN NACIONALIDAD DE REFERENCIA":2}}}