{"totales":{"PorcentajeDesaparecidos":"20.31","PorcentajeLocalizados":"79.69","PorcentajeLocalizadosCV":"96.08","PorcentajeLocalizadosSV":"3.92","PorcentajeSoloDesaparecidos":"100.00","PorcentajeSoloNoLocalizados":"0.00","TotalDesaparecidos":"52","TotalGlobal":"256","TotalLocalizados":"204","TotalLocalizadosCV":"196","TotalLocalizadosSV":"08","TotalSoloDesaparecidos":"52","TotalSoloNoLocalizados":"00"},"espacial":{"Hombres":{"20 DE NOVIEMBRE":6,"CERRO PRIETO DEL CARMEN":2,"DURANES DE ABAJO":1,"DURANES DE ARRIBA":0,"GERVASIO MENDOZA":0,"HOYA DE CINTORA":2,"JARRÓN AZUL":1,"LA COMPAÑÍA":0,"LA LOMA":10,"LABRADORES":0,"LAS CAÑAS":1,"LAS JÍCAMAS":1,"LINDAVISTA":4,"MAGISTERIAL":1,"MALPAIS":2,"MIRAVALLE":7,"MORELOS":1,"NORIA DE MOSQUEDA":0,"PRESA DE SAN ANDRÉS":1,"RANCHO SECO DE GUANTES":0,"RANCHOS UNIDOS":1,"RINCÓN DE PARANGUEO":1,"SAN JERÓNIMO ARACEO":1,"SAN VICENTE":1,"SANABRIA":0,"SIN COLONIA DE REFERENCIA":99,"ZAPOTILLO DE MOGOTES":1},"Indeterminado":{"20 DE NOVIEMBRE":0,"CERRO PRIETO DEL CARMEN":0,"DURANES DE ABAJO":0,"DURANES DE ARRIBA":0,"GERVASIO MENDOZA":0,"HOYA DE CINTORA":0,"JARRÓN AZUL":0,"LA COMPAÑÍA":0,"LA LOMA":0,"LABRADORES":0,"LAS CAÑAS":0,"LAS JÍCAMAS":0,"LINDAVISTA":0,"MAGISTERIAL":0,"MALPAIS":0,"MIRAVALLE":0,"MORELOS":0,"NORIA DE MOSQUEDA":0,"PRESA DE SAN ANDRÉS":0,"RANCHO SECO DE GUANTES":0,"RANCHOS UNIDOS":0,"RINCÓN DE PARANGUEO":0,"SAN JERÓNIMO ARACEO":0,"SAN VICENTE":0,"SANABRIA":0,"SIN COLONIA DE REFERENCIA":3,"ZAPOTILLO DE MOGOTES":0},"Mujeres":{"20 DE NOVIEMBRE":0,"CERRO PRIETO DEL CARMEN":0,"DURANES DE ABAJO":0,"DURANES DE ARRIBA":1,"GERVASIO MENDOZA":1,"HOYA DE CINTORA":0,"JARRÓN AZUL":0,"LA COMPAÑÍA":2,"LA LOMA":12,"LABRADORES":1,"LAS CAÑAS":1,"LAS JÍCAMAS":0,"LINDAVISTA":1,"MAGISTERIAL":0,"MALPAIS":1,"MIRAVALLE":8,"MORELOS":0,"NORIA DE MOSQUEDA":1,"PRESA DE SAN ANDRÉS":1,"RANCHO SECO DE GUANTES":2,"RANCHOS UNIDOS":3,"RINCÓN DE PARANGUEO":0,"SAN JERÓNIMO ARACEO":0,"SAN VICENTE":0,"SANABRIA":1,"SIN COLONIA DE REFERENCIA":72,"ZAPOTILLO DE MOGOTES":1}},"anual":{"Hombre":{"1.CIFRA SIN  AÑO DE REFERENCIA":0,"1999":2,"2004":1,"2006":2,"2007":4,"2008":13,"2009":10,"2011":12,"2012":6,"2013":14,"2014":21,"2015":15,"2016":11,"2017":7,"2018":6,"2019":12,"2020":8},"Indeterminado":{"1.CIFRA SIN  AÑO DE REFERENCIA":0,"1999":0,"2004":0,"2006":0,"2007":0,"2008":0,"2009":0,"2011":0,"2012":0,"2013":0,"2014":0,"2015":0,"2016":0,"2017":0,"2018":0,"2019":2,"2020":1},"Mujer":{"1.CIFRA SIN  AÑO DE REFERENCIA":1,"1999":0,"2004":0,"2006":0,"2007":15,"2008":14,"2009":8,"2011":7,"2012":6,"2013":16,"2014":16,"2015":13,"2016":6,"2017":0,"2018":0,"2019":5,"2020":2}},"mensual_ultimo_anio":{"Hombre":{"2019-ABRIL":2,"2019-FEBRERO":4,"2019-JUNIO":2,"2019-MAYO":0,"2019-NOVIEMBRE":1,"2019-OCTUBRE":3,"2020-ABRIL":2,"2020-AGOSTO":1,"2020-ENERO":0,"2020-JUNIO":1,"2020-MARZO":3,"2020-SEPTIEMBRE":1},"Indeterminado":{"2019-ABRIL":1,"2019-FEBRERO":0,"2019-JUNIO":0,"2019-MAYO":0,"2019-NOVIEMBRE":0,"2019-OCTUBRE":1,"2020-ABRIL":1,"2020-AGOSTO":0,"2020-ENERO":0,"2020-JUNIO":0,"2020-MARZO":0,"2020-SEPTIEMBRE":0},"Mujer":{"2019-ABRIL":1,"2019-FEBRERO":0,"2019-JUNIO":0,"2019-MAYO":1,"2019-NOVIEMBRE":2,"2019-OCTUBRE":0,"2020-ABRIL":0,"2020-AGOSTO":0,"2020-ENERO":1,"2020-JUNIO":0,"2020-MARZO":1,"2020-SEPTIEMBRE":0}},"por_edad":{"Hombres":{"0":1,"1":1,"10":0,"11":1,"12":1,"13":1,"14":3,"15":5,"16":1,"17":1,"18":6,"19":3,"20":5,"21":5,"22":5,"23":2,"24":3,"25":3,"26":4,"27":3,"28":3,"29":2,"3":0,"30":6,"31":3,"32":3,"33":1,"34":3,"35":3,"36":3,"37":5,"38":3,"39":3,"40":4,"41":1,"42":4,"44":2,"45":2,"46":4,"47":2,"48":2,"49":2,"50":3,"51":3,"52":1,"54":0,"55":2,"56":1,"58":1,"61":1,"64":1,"65":1,"66":1,"69":1,"7":1,"72":1,"73":1,"74":1,"75":0,"77":1,"8":0,"81":2,"82":1,"84":1,"86":1,"88":1,"9":0,"92":1,"SIN EDAD DE REFERENCIA":1},"Indeterminado":{"0":0,"1":0,"10":0,"11":0,"12":0,"13":0,"14":0,"15":0,"16":0,"17":0,"18":0,"19":1,"20":0,"21":1,"22":0,"23":0,"24":0,"25":0,"26":0,"27":0,"28":0,"29":0,"3":0,"30":0,"31":0,"32":0,"33":0,"34":0,"35":0,"36":0,"37":0,"38":0,"39":0,"40":0,"41":0,"42":0,"44":0,"45":0,"46":0,"47":0,"48":0,"49":0,"50":0,"51":0,"52":0,"54":0,"55":0,"56":0,"58":0,"61":0,"64":0,"65":0,"66":0,"69":0,"7":0,"72":0,"73":0,"74":0,"75":0,"77":0,"8":0,"81":0,"82":0,"84":0,"86":0,"88":0,"9":0,"92":0,"SIN EDAD DE REFERENCIA":1},"Mujeres":{"0":1,"1":1,"10":1,"11":1,"12":3,"13":8,"14":5,"15":8,"16":14,"17":6,"18":11,"19":3,"20":7,"21":5,"22":5,"23":1,"24":0,"25":4,"26":1,"27":3,"28":0,"29":0,"3":1,"30":3,"31":2,"32":1,"33":1,"34":0,"35":1,"36":0,"37":0,"38":2,"39":1,"40":0,"41":3,"42":1,"44":0,"45":1,"46":0,"47":0,"48":0,"49":0,"50":0,"51":0,"52":0,"54":1,"55":0,"56":0,"58":0,"61":0,"64":0,"65":0,"66":0,"69":0,"7":0,"72":0,"73":0,"74":0,"75":1,"77":0,"8":1,"81":0,"82":0,"84":0,"86":0,"88":0,"9":1,"92":0,"SIN EDAD DE REFERENCIA":0}},"por_nacionalidad":{"Hombres":{"MEXICANA":62,"SE DESCONOCE":20,"SIN NACIONALIDAD DE REFERENCIA":62},"Indeterminado":{"MEXICANA":0,"SE DESCONOCE":3,"SIN NACIONALIDAD DE REFERENCIA":0},"Mujeres":{"MEXICANA":39,"SE DESCONOCE":4,"SIN NACIONALIDAD DE REFERENCIA":66}}}