{"totales":{"PorcentajeDesaparecidos":"75.00","PorcentajeLocalizados":"25.00","PorcentajeLocalizadosCV":"88.89","PorcentajeLocalizadosSV":"11.11","PorcentajeSoloDesaparecidos":"96.30","PorcentajeSoloNoLocalizados":"3.70","TotalDesaparecidos":"27","TotalGlobal":"36","TotalLocalizados":"09","TotalLocalizadosCV":"08","TotalLocalizadosSV":"01","TotalSoloDesaparecidos":"26","TotalSoloNoLocalizados":"01"},"espacial":{"Hombres":{"SIN COLONIA DE REFERENCIA":20},"Indeterminado":{"SIN COLONIA DE REFERENCIA":2},"Mujeres":{"SIN COLONIA DE REFERENCIA":14}},"anual":{"Hombre":{"1.CIFRA SIN  AÑO DE REFERENCIA":0,"2007":2,"2008":0,"2009":0,"2011":2,"2012":2,"2014":1,"2015":3,"2016":4,"2018":2,"2019":2,"2020":0,"2021":2},"Indeterminado":{"1.CIFRA SIN  AÑO DE REFERENCIA":1,"2007":0,"2008":0,"2009":1,"2011":0,"2012":0,"2014":0,"2015":0,"2016":0,"2018":0,"2019":0,"2020":0,"2021":0},"Mujer":{"1.CIFRA SIN  AÑO DE REFERENCIA":2,"2007":1,"2008":1,"2009":0,"2011":2,"2012":1,"2014":0,"2015":2,"2016":0,"2018":1,"2019":2,"2020":1,"2021":1}},"mensual_ultimo_anio":{"Hombre":{"2016-JUNIO":1,"2016-MAYO":1,"2018-ABRIL":1,"2018-JULIO":1,"2018-MAYO":0,"2019-ENERO":1,"2019-MARZO":1,"2019-SEPTIEMBRE":0,"2020-FEBRERO":0,"2021-ENERO":0,"2021-MARZO":1,"2021-MAYO":1},"Indeterminado":{"2016-JUNIO":0,"2016-MAYO":0,"2018-ABRIL":0,"2018-JULIO":0,"2018-MAYO":0,"2019-ENERO":0,"2019-MARZO":0,"2019-SEPTIEMBRE":0,"2020-FEBRERO":0,"2021-ENERO":0,"2021-MARZO":0,"2021-MAYO":0},"Mujer":{"2016-JUNIO":0,"2016-MAYO":0,"2018-ABRIL":0,"2018-JULIO":0,"2018-MAYO":1,"2019-ENERO":0,"2019-MARZO":0,"2019-SEPTIEMBRE":2,"2020-FEBRERO":1,"2021-ENERO":1,"2021-MARZO":0,"2021-MAYO":0}},"por_edad":{"Hombres":{"0":0,"12":0,"13":2,"14":0,"18":0,"20":0,"21":1,"22":1,"23":0,"24":1,"26":0,"28":1,"30":1,"31":1,"33":2,"34":0,"36":1,"42":1,"46":0,"49":0,"52":1,"65":1,"66":1,"69":1,"75":1,"SIN EDAD DE REFERENCIA":3},"Indeterminado":{"0":0,"12":0,"13":0,"14":0,"18":0,"20":0,"21":0,"22":0,"23":0,"24":0,"26":0,"28":0,"30":0,"31":0,"33":0,"34":0,"36":0,"42":0,"46":0,"49":0,"52":0,"65":0,"66":0,"69":0,"75":0,"SIN EDAD DE REFERENCIA":2},"Mujeres":{"0":1,"12":1,"13":0,"14":1,"18":1,"20":1,"21":0,"22":0,"23":1,"24":0,"26":1,"28":3,"30":0,"31":0,"33":0,"34":1,"36":0,"42":0,"46":1,"49":1,"52":0,"65":0,"66":0,"69":0,"75":0,"SIN EDAD DE REFERENCIA":1}},"por_nacionalidad":{"Hombres":{"MEXICANA":11,"SE DESCONOCE":8,"SIN NACIONALIDAD DE REFERENCIA":1},"Indeterminado":{"MEXICANA":1,"SE DESCONOCE":1,"SIN NACIONALIDAD DE REFERENCIA":0},"Mujeres":{"MEXICANA":9,"SE DESCONOCE":5,"SIN NACIONALIDAD DE REFERENCIA":0}}}