{"totales":{"PorcentajeDesaparecidos":"16.22","PorcentajeLocalizados":"83.78","PorcentajeLocalizadosCV":"96.77","PorcentajeLocalizadosSV":"3.23","PorcentajeSoloDesaparecidos":"100.00","PorcentajeSoloNoLocalizados":"0.00","TotalDesaparecidos":"06","TotalGlobal":"37","TotalLocalizados":"31","TotalLocalizadosCV":"30","TotalLocalizadosSV":"01","TotalSoloDesaparecidos":"06","TotalSoloNoLocalizados":"00"},"espacial":{"Hombres":{"ADJUNTAS":0,"ARROYO SECO":1,"CERRO COLORADO":0,"CIENEGUILLA":1,"FRACCIÓN DE GUADALUPE":1,"GUADALUPE":0,"LA CUESTA DE PIÑONES":1,"RINCÓN DEL CANO":0,"SIN COLONIA DE REFERENCIA":19},"Indeterminado":{"ADJUNTAS":0,"ARROYO SECO":0,"CERRO COLORADO":0,"CIENEGUILLA":0,"FRACCIÓN DE GUADALUPE":0,"GUADALUPE":0,"LA CUESTA DE PIÑONES":0,"RINCÓN DEL CANO":0,"SIN COLONIA DE REFERENCIA":0},"Mujeres":{"ADJUNTAS":1,"ARROYO SECO":0,"CERRO COLORADO":1,"CIENEGUILLA":0,"FRACCIÓN DE GUADALUPE":0,"GUADALUPE":1,"LA CUESTA DE PIÑONES":0,"RINCÓN DEL CANO":1,"SIN COLONIA DE REFERENCIA":10}},"anual":{"Hombre":{"1998":1,"2007":2,"2008":1,"2009":4,"2010":1,"2011":3,"2013":1,"2014":4,"2015":3,"2016":1,"2017":2},"Indeterminado":{"1998":0,"2007":0,"2008":0,"2009":0,"2010":0,"2011":0,"2013":0,"2014":0,"2015":0,"2016":0,"2017":0},"Mujer":{"1998":0,"2007":0,"2008":2,"2009":3,"2010":1,"2011":0,"2013":1,"2014":2,"2015":4,"2016":1,"2017":0}},"mensual_ultimo_anio":{"Hombre":{"2014-AGOSTO":1,"2014-JULIO":1,"2014-JUNIO":1,"2015-ABRIL":0,"2015-AGOSTO":1,"2015-ENERO":0,"2015-FEBRERO":2,"2015-JUNIO":0,"2015-MAYO":0,"2016-ENERO":1,"2016-JUNIO":0,"2017-AGOSTO":2},"Indeterminado":{"2014-AGOSTO":0,"2014-JULIO":0,"2014-JUNIO":0,"2015-ABRIL":0,"2015-AGOSTO":0,"2015-ENERO":0,"2015-FEBRERO":0,"2015-JUNIO":0,"2015-MAYO":0,"2016-ENERO":0,"2016-JUNIO":0,"2017-AGOSTO":0},"Mujer":{"2014-AGOSTO":0,"2014-JULIO":0,"2014-JUNIO":1,"2015-ABRIL":1,"2015-AGOSTO":0,"2015-ENERO":1,"2015-FEBRERO":0,"2015-JUNIO":1,"2015-MAYO":1,"2016-ENERO":0,"2016-JUNIO":1,"2017-AGOSTO":0}},"por_edad":{"Hombres":{"10":0,"12":1,"13":2,"14":0,"15":1,"16":2,"2":1,"20":2,"21":1,"25":1,"26":1,"30":0,"36":1,"39":1,"40":1,"41":1,"44":0,"47":1,"5":2,"51":1,"59":1,"60":1,"62":1,"66":0,"81":0},"Indeterminado":{"10":0,"12":0,"13":0,"14":0,"15":0,"16":0,"2":0,"20":0,"21":0,"25":0,"26":0,"30":0,"36":0,"39":0,"40":0,"41":0,"44":0,"47":0,"5":0,"51":0,"59":0,"60":0,"62":0,"66":0,"81":0},"Mujeres":{"10":1,"12":2,"13":1,"14":4,"15":0,"16":0,"2":0,"20":0,"21":2,"25":0,"26":0,"30":1,"36":0,"39":0,"40":0,"41":0,"44":1,"47":0,"5":0,"51":0,"59":0,"60":0,"62":0,"66":1,"81":1}},"por_nacionalidad":{"Hombres":{"ISRAELI":1,"MEXICANA":15,"SE DESCONOCE":2,"SIN NACIONALIDAD DE REFERENCIA":5},"Indeterminado":{"ISRAELI":0,"MEXICANA":0,"SE DESCONOCE":0,"SIN NACIONALIDAD DE REFERENCIA":0},"Mujeres":{"ISRAELI":0,"MEXICANA":8,"SE DESCONOCE":0,"SIN NACIONALIDAD DE REFERENCIA":6}}}