{"totales":{"PorcentajeDesaparecidos":"16.67","PorcentajeLocalizados":"83.33","PorcentajeLocalizadosCV":"100.00","PorcentajeLocalizadosSV":"0.00","PorcentajeSoloDesaparecidos":"100.00","PorcentajeSoloNoLocalizados":"0.00","TotalDesaparecidos":"02","TotalGlobal":"12","TotalLocalizados":"10","TotalLocalizadosCV":"10","TotalLocalizadosSV":"00","TotalSoloDesaparecidos":"02","TotalSoloNoLocalizados":"00"},"espacial":{"Hombres":{"CASITAS":1,"ROSA DE CASTILLA":0,"SIN COLONIA DE REFERENCIA":2},"Indeterminado":{"CASITAS":0,"ROSA DE CASTILLA":0,"SIN COLONIA DE REFERENCIA":0},"Mujeres":{"CASITAS":1,"ROSA DE CASTILLA":1,"SIN COLONIA DE REFERENCIA":7}},"anual":{"Hombre":{"2007":1,"2010":0,"2011":2,"2014":0,"2015":0},"Indeterminado":{"2007":0,"2010":0,"2011":0,"2014":0,"2015":0},"Mujer":{"2007":1,"2010":1,"2011":2,"2014":2,"2015":3}},"mensual_ultimo_anio":{"Hombre":{"2007-DICIEMBRE":0,"2007-NOVIEMBRE":1,"2010-ABRIL":0,"2011-ABRIL":1,"2011-FEBRERO":0,"2011-MAYO":1,"2014-JULIO":0,"2014-JUNIO":0,"2015-ENERO":0,"2015-SEPTIEMBRE":0},"Indeterminado":{"2007-DICIEMBRE":0,"2007-NOVIEMBRE":0,"2010-ABRIL":0,"2011-ABRIL":0,"2011-FEBRERO":0,"2011-MAYO":0,"2014-JULIO":0,"2014-JUNIO":0,"2015-ENERO":0,"2015-SEPTIEMBRE":0},"Mujer":{"2007-DICIEMBRE":1,"2007-NOVIEMBRE":0,"2010-ABRIL":1,"2011-ABRIL":1,"2011-FEBRERO":1,"2011-MAYO":0,"2014-JULIO":1,"2014-JUNIO":1,"2015-ENERO":2,"2015-SEPTIEMBRE":1}},"por_edad":{"Hombres":{"1":0,"12":1,"14":0,"15":0,"16":0,"17":0,"19":1,"48":1},"Indeterminado":{"1":0,"12":0,"14":0,"15":0,"16":0,"17":0,"19":0,"48":0},"Mujeres":{"1":1,"12":0,"14":3,"15":1,"16":2,"17":2,"19":0,"48":0}},"por_nacionalidad":{"Hombres":{"MEXICANA":1,"SIN NACIONALIDAD DE REFERENCIA":2},"Indeterminado":{"MEXICANA":0,"SIN NACIONALIDAD DE REFERENCIA":0},"Mujeres":{"MEXICANA":6,"SIN NACIONALIDAD DE REFERENCIA":3}}}