{"totales":{"PorcentajeDesaparecidos":"35.64","PorcentajeLocalizados":"64.36","PorcentajeLocalizadosCV":"96.69","PorcentajeLocalizadosSV":"3.31","PorcentajeSoloDesaparecidos":"100.00","PorcentajeSoloNoLocalizados":"0.00","TotalDesaparecidos":"67","TotalGlobal":"188","TotalLocalizados":"121","TotalLocalizadosCV":"117","TotalLocalizadosSV":"04","TotalSoloDesaparecidos":"67","TotalSoloNoLocalizados":"00"},"espacial":{"Hombres":{"18 DE MARZO":1,"CERRITO DE LAS YERBAS":1,"DEPORTIVA":3,"EMILIANO ZAPATA":1,"INDEPENDENCIA":0,"INSURGENTES":2,"LA VENTA":0,"LAS FLORES":0,"MEXICANOS":1,"PLANETARIA":1,"RENACIMIENTO":0,"REVOLUCIÓN":2,"SARABIA":0,"SIN COLONIA DE REFERENCIA":75,"VILLAGRAN CENTRO":0},"Indeterminado":{"18 DE MARZO":0,"CERRITO DE LAS YERBAS":0,"DEPORTIVA":0,"EMILIANO ZAPATA":0,"INDEPENDENCIA":0,"INSURGENTES":0,"LA VENTA":0,"LAS FLORES":0,"MEXICANOS":0,"PLANETARIA":0,"RENACIMIENTO":0,"REVOLUCIÓN":0,"SARABIA":0,"SIN COLONIA DE REFERENCIA":20,"VILLAGRAN CENTRO":0},"Mujeres":{"18 DE MARZO":1,"CERRITO DE LAS YERBAS":0,"DEPORTIVA":3,"EMILIANO ZAPATA":0,"INDEPENDENCIA":1,"INSURGENTES":0,"LA VENTA":1,"LAS FLORES":4,"MEXICANOS":2,"PLANETARIA":2,"RENACIMIENTO":1,"REVOLUCIÓN":3,"SARABIA":1,"SIN COLONIA DE REFERENCIA":60,"VILLAGRAN CENTRO":1}},"anual":{"Hombre":{"1.CIFRA SIN  AÑO DE REFERENCIA":0,"2004":1,"2007":1,"2008":0,"2009":0,"2011":5,"2012":7,"2013":12,"2014":11,"2015":11,"2016":4,"2017":9,"2018":3,"2019":2,"2020":17,"2021":4},"Indeterminado":{"1.CIFRA SIN  AÑO DE REFERENCIA":0,"2004":0,"2007":0,"2008":0,"2009":0,"2011":0,"2012":0,"2013":0,"2014":0,"2015":1,"2016":0,"2017":8,"2018":6,"2019":5,"2020":0,"2021":0},"Mujer":{"1.CIFRA SIN  AÑO DE REFERENCIA":1,"2004":0,"2007":2,"2008":4,"2009":2,"2011":19,"2012":6,"2013":10,"2014":12,"2015":17,"2016":1,"2017":1,"2018":1,"2019":0,"2020":4,"2021":1}},"mensual_ultimo_anio":{"Hombre":{"2019-ABRIL":0,"2019-AGOSTO":1,"2019-MARZO":1,"2019-SEPTIEMBRE":0,"2020-ABRIL":7,"2020-FEBRERO":4,"2020-JULIO":0,"2020-MARZO":5,"2020-MAYO":1,"2021-FEBRERO":1,"2021-JUNIO":2,"2021-MARZO":1},"Indeterminado":{"2019-ABRIL":2,"2019-AGOSTO":0,"2019-MARZO":1,"2019-SEPTIEMBRE":2,"2020-ABRIL":0,"2020-FEBRERO":0,"2020-JULIO":0,"2020-MARZO":0,"2020-MAYO":0,"2021-FEBRERO":0,"2021-JUNIO":0,"2021-MARZO":0},"Mujer":{"2019-ABRIL":0,"2019-AGOSTO":0,"2019-MARZO":0,"2019-SEPTIEMBRE":0,"2020-ABRIL":0,"2020-FEBRERO":2,"2020-JULIO":1,"2020-MARZO":1,"2020-MAYO":0,"2021-FEBRERO":0,"2021-JUNIO":0,"2021-MARZO":1}},"por_edad":{"Hombres":{"11":2,"12":2,"13":0,"14":3,"15":1,"16":1,"17":2,"18":2,"19":1,"20":5,"21":3,"22":5,"23":3,"24":3,"25":4,"26":2,"27":2,"28":3,"29":2,"3":1,"30":3,"31":0,"32":5,"33":1,"34":3,"35":3,"36":1,"37":2,"38":1,"39":2,"40":1,"41":2,"42":1,"43":2,"44":1,"45":0,"46":0,"47":1,"48":0,"49":1,"5":0,"52":0,"53":0,"54":2,"57":2,"59":0,"65":0,"7":1,"72":2,"79":1,"85":1,"87":1,"9":0},"Indeterminado":{"11":0,"12":0,"13":0,"14":0,"15":0,"16":0,"17":0,"18":0,"19":1,"20":0,"21":0,"22":1,"23":3,"24":0,"25":0,"26":1,"27":0,"28":0,"29":0,"3":0,"30":1,"31":0,"32":4,"33":0,"34":1,"35":0,"36":0,"37":2,"38":0,"39":0,"40":0,"41":0,"42":0,"43":0,"44":0,"45":0,"46":0,"47":0,"48":0,"49":0,"5":0,"52":1,"53":2,"54":1,"57":0,"59":1,"65":1,"7":0,"72":0,"79":0,"85":0,"87":0,"9":0},"Mujeres":{"11":1,"12":1,"13":4,"14":4,"15":16,"16":17,"17":10,"18":1,"19":2,"20":2,"21":1,"22":0,"23":0,"24":0,"25":2,"26":2,"27":0,"28":0,"29":1,"3":0,"30":1,"31":1,"32":0,"33":1,"34":0,"35":2,"36":0,"37":1,"38":1,"39":0,"40":1,"41":0,"42":0,"43":0,"44":0,"45":2,"46":1,"47":2,"48":1,"49":0,"5":1,"52":0,"53":0,"54":0,"57":0,"59":1,"65":0,"7":0,"72":0,"79":0,"85":0,"87":0,"9":1}},"por_nacionalidad":{"Hombres":{"ESTADOUNIDENSE":1,"MEXICANA":60,"SE DESCONOCE":2,"SIN NACIONALIDAD DE REFERENCIA":24},"Indeterminado":{"ESTADOUNIDENSE":0,"MEXICANA":19,"SE DESCONOCE":1,"SIN NACIONALIDAD DE REFERENCIA":0},"Mujeres":{"ESTADOUNIDENSE":1,"MEXICANA":53,"SE DESCONOCE":0,"SIN NACIONALIDAD DE REFERENCIA":27}}}