{"totales":{"PorcentajeDesaparecidos":"26.67","PorcentajeLocalizados":"73.33","PorcentajeLocalizadosCV":"92.21","PorcentajeLocalizadosSV":"7.79","PorcentajeSoloDesaparecidos":"96.43","PorcentajeSoloNoLocalizados":"3.57","TotalDesaparecidos":"28","TotalGlobal":"105","TotalLocalizados":"77","TotalLocalizadosCV":"71","TotalLocalizadosSV":"06","TotalSoloDesaparecidos":"27","TotalSoloNoLocalizados":"01"},"espacial":{"Hombres":{"CALERA":0,"CAMPESTRE DEL RÍO":0,"CANARIO":1,"CERANO":1,"EL MORAL":1,"GUADALUPANA":1,"LA ALDEA":0,"LA ANGOSTURA":1,"LA JOYA":0,"LA TINAJA DE PASTORES":1,"LOMA DE ZEMPOALA":1,"PALO ALTO":1,"PARANGARICO":0,"SAN ANDRÉS ENGUARO":1,"SAN FRANCISCO DE LA CRUZ":0,"SAN JUAN":1,"SAN JUAN I":0,"SAN JUAN II":0,"SAN VICENTE ZAPOTE":1,"SANTA MÓNICA OZUMBILLA":1,"SIN COLONIA DE REFERENCIA":44,"TEPETATES":1,"UNIDAD DEPORTIVA":1,"XOCONOXTLE":1,"YACATITAS":2},"Indeterminado":{"CALERA":0,"CAMPESTRE DEL RÍO":0,"CANARIO":0,"CERANO":0,"EL MORAL":0,"GUADALUPANA":0,"LA ALDEA":0,"LA ANGOSTURA":0,"LA JOYA":0,"LA TINAJA DE PASTORES":0,"LOMA DE ZEMPOALA":0,"PALO ALTO":0,"PARANGARICO":0,"SAN ANDRÉS ENGUARO":0,"SAN FRANCISCO DE LA CRUZ":0,"SAN JUAN":0,"SAN JUAN I":0,"SAN JUAN II":0,"SAN VICENTE ZAPOTE":0,"SANTA MÓNICA OZUMBILLA":0,"SIN COLONIA DE REFERENCIA":6,"TEPETATES":0,"UNIDAD DEPORTIVA":0,"XOCONOXTLE":0,"YACATITAS":0},"Mujeres":{"CALERA":1,"CAMPESTRE DEL RÍO":1,"CANARIO":0,"CERANO":2,"EL MORAL":1,"GUADALUPANA":2,"LA ALDEA":1,"LA ANGOSTURA":1,"LA JOYA":2,"LA TINAJA DE PASTORES":0,"LOMA DE ZEMPOALA":0,"PALO ALTO":0,"PARANGARICO":1,"SAN ANDRÉS ENGUARO":0,"SAN FRANCISCO DE LA CRUZ":1,"SAN JUAN":2,"SAN JUAN I":2,"SAN JUAN II":1,"SAN VICENTE ZAPOTE":0,"SANTA MÓNICA OZUMBILLA":0,"SIN COLONIA DE REFERENCIA":18,"TEPETATES":2,"UNIDAD DEPORTIVA":0,"XOCONOXTLE":0,"YACATITAS":0}},"anual":{"Hombre":{"2007":3,"2008":3,"2009":7,"2011":5,"2012":3,"2013":7,"2014":9,"2015":4,"2016":2,"2017":9,"2018":2,"2019":0,"2020":5,"2021":2},"Indeterminado":{"2007":0,"2008":0,"2009":0,"2011":0,"2012":0,"2013":0,"2014":0,"2015":0,"2016":0,"2017":3,"2018":2,"2019":1,"2020":0,"2021":0},"Mujer":{"2007":2,"2008":3,"2009":4,"2011":1,"2012":4,"2013":1,"2014":7,"2015":11,"2016":2,"2017":1,"2018":0,"2019":1,"2020":1,"2021":0}},"mensual_ultimo_anio":{"Hombre":{"2017-AGOSTO":1,"2017-SEPTIEMBRE":1,"2018-DICIEMBRE":1,"2018-MAYO":1,"2019-JULIO":0,"2019-OCTUBRE":0,"2020-ABRIL":1,"2020-AGOSTO":0,"2020-ENERO":1,"2020-MARZO":1,"2020-MAYO":2,"2021-MARZO":2},"Indeterminado":{"2017-AGOSTO":1,"2017-SEPTIEMBRE":1,"2018-DICIEMBRE":2,"2018-MAYO":0,"2019-JULIO":1,"2019-OCTUBRE":0,"2020-ABRIL":0,"2020-AGOSTO":0,"2020-ENERO":0,"2020-MARZO":0,"2020-MAYO":0,"2021-MARZO":0},"Mujer":{"2017-AGOSTO":0,"2017-SEPTIEMBRE":0,"2018-DICIEMBRE":0,"2018-MAYO":0,"2019-JULIO":0,"2019-OCTUBRE":1,"2020-ABRIL":0,"2020-AGOSTO":1,"2020-ENERO":0,"2020-MARZO":0,"2020-MAYO":0,"2021-MARZO":0}},"por_edad":{"Hombres":{"11":2,"13":0,"14":0,"15":0,"16":1,"17":2,"18":4,"19":0,"21":1,"22":4,"23":0,"24":2,"25":3,"27":3,"28":1,"29":4,"30":1,"31":1,"32":1,"33":1,"34":1,"35":1,"36":0,"38":2,"39":2,"40":1,"41":3,"43":2,"44":0,"45":3,"46":1,"47":1,"48":0,"52":0,"53":1,"54":1,"55":2,"59":1,"61":2,"64":1,"74":1,"75":1,"76":1,"82":1,"88":1},"Indeterminado":{"11":0,"13":0,"14":0,"15":0,"16":0,"17":1,"18":0,"19":0,"21":0,"22":0,"23":0,"24":0,"25":0,"27":0,"28":0,"29":0,"30":0,"31":0,"32":1,"33":0,"34":0,"35":0,"36":2,"38":1,"39":0,"40":0,"41":0,"43":0,"44":0,"45":0,"46":0,"47":0,"48":0,"52":1,"53":0,"54":0,"55":0,"59":0,"61":0,"64":0,"74":0,"75":0,"76":0,"82":0,"88":0},"Mujeres":{"11":1,"13":3,"14":8,"15":2,"16":12,"17":0,"18":1,"19":1,"21":0,"22":1,"23":1,"24":1,"25":0,"27":0,"28":1,"29":0,"30":0,"31":0,"32":0,"33":0,"34":1,"35":0,"36":1,"38":0,"39":0,"40":0,"41":0,"43":0,"44":1,"45":0,"46":1,"47":0,"48":1,"52":0,"53":0,"54":0,"55":1,"59":0,"61":0,"64":0,"74":0,"75":0,"76":0,"82":0,"88":0}},"por_nacionalidad":{"Hombres":{"MEXICANA":48,"SE DESCONOCE":4,"SIN NACIONALIDAD DE REFERENCIA":9},"Indeterminado":{"MEXICANA":6,"SE DESCONOCE":0,"SIN NACIONALIDAD DE REFERENCIA":0},"Mujeres":{"MEXICANA":34,"SE DESCONOCE":0,"SIN NACIONALIDAD DE REFERENCIA":4}}}