{"totales":{"PorcentajeDesaparecidos":"33.92","PorcentajeLocalizados":"66.08","PorcentajeLocalizadosCV":"97.35","PorcentajeLocalizadosSV":"2.65","PorcentajeSoloDesaparecidos":"100.00","PorcentajeSoloNoLocalizados":"0.00","TotalDesaparecidos":"58","TotalGlobal":"171","TotalLocalizados":"113","TotalLocalizadosCV":"110","TotalLocalizadosSV":"03","TotalSoloDesaparecidos":"58","TotalSoloNoLocalizados":"00"},"espacial":{"Hombres":{"APASEO EL GRANDE CENTRO":2,"CALERAS DE AMECHE":1,"CASTILLO":2,"EL CERRITO":1,"EL GUADALUPANO":0,"EL PEDREGAL":0,"EL TUNAL":1,"ESTANCIA DEL LLANO":1,"FUNDACIÓN":1,"JOCOQUE":0,"LA CALZADA":1,"LA NORITA":1,"LA PALMA":2,"LA PASTORCITA":1,"LA VILLITA":2,"LOMA BONITA":2,"OBRERA":1,"OJO ZARCO":0,"RANCHO NUEVO":1,"SAN JOSÉ AGUA AZUL":4,"SAN PEDRO TENANGO":2,"SAN RAMÓN":1,"SIN COLONIA DE REFERENCIA":46,"TENANGO EL NUEVO":1,"VENUSTIANO CARRANZA":1,"VILLAS DEL SUR":3},"Indeterminado":{"APASEO EL GRANDE CENTRO":0,"CALERAS DE AMECHE":0,"CASTILLO":0,"EL CERRITO":0,"EL GUADALUPANO":0,"EL PEDREGAL":0,"EL TUNAL":0,"ESTANCIA DEL LLANO":0,"FUNDACIÓN":0,"JOCOQUE":0,"LA CALZADA":0,"LA NORITA":0,"LA PALMA":0,"LA PASTORCITA":0,"LA VILLITA":0,"LOMA BONITA":0,"OBRERA":0,"OJO ZARCO":0,"RANCHO NUEVO":0,"SAN JOSÉ AGUA AZUL":0,"SAN PEDRO TENANGO":0,"SAN RAMÓN":0,"SIN COLONIA DE REFERENCIA":13,"TENANGO EL NUEVO":0,"VENUSTIANO CARRANZA":0,"VILLAS DEL SUR":0},"Mujeres":{"APASEO EL GRANDE CENTRO":2,"CALERAS DE AMECHE":0,"CASTILLO":0,"EL CERRITO":1,"EL GUADALUPANO":2,"EL PEDREGAL":1,"EL TUNAL":1,"ESTANCIA DEL LLANO":1,"FUNDACIÓN":0,"JOCOQUE":1,"LA CALZADA":1,"LA NORITA":1,"LA PALMA":0,"LA PASTORCITA":0,"LA VILLITA":2,"LOMA BONITA":2,"OBRERA":0,"OJO ZARCO":1,"RANCHO NUEVO":0,"SAN JOSÉ AGUA AZUL":3,"SAN PEDRO TENANGO":1,"SAN RAMÓN":0,"SIN COLONIA DE REFERENCIA":58,"TENANGO EL NUEVO":1,"VENUSTIANO CARRANZA":0,"VILLAS DEL SUR":1}},"anual":{"Hombre":{"1995":1,"2001":1,"2006":1,"2007":1,"2008":3,"2009":1,"2010":1,"2011":7,"2012":6,"2013":5,"2014":13,"2015":10,"2016":3,"2017":9,"2018":3,"2019":4,"2020":9},"Indeterminado":{"1995":0,"2001":0,"2006":0,"2007":0,"2008":0,"2009":0,"2010":0,"2011":0,"2012":0,"2013":0,"2014":0,"2015":0,"2016":0,"2017":4,"2018":5,"2019":4,"2020":0},"Mujer":{"1995":0,"2001":0,"2006":0,"2007":4,"2008":1,"2009":1,"2010":5,"2011":8,"2012":10,"2013":11,"2014":10,"2015":17,"2016":2,"2017":1,"2018":0,"2019":1,"2020":9}},"mensual_ultimo_anio":{"Hombre":{"2019-DICIEMBRE":0,"2019-NOVIEMBRE":0,"2019-OCTUBRE":1,"2020-ABRIL":1,"2020-AGOSTO":1,"2020-ENERO":3,"2020-FEBRERO":1,"2020-JULIO":0,"2020-JUNIO":1,"2020-MARZO":1,"2020-NOVIEMBRE":1,"2020-SEPTIEMBRE":0},"Indeterminado":{"2019-DICIEMBRE":1,"2019-NOVIEMBRE":1,"2019-OCTUBRE":0,"2020-ABRIL":0,"2020-AGOSTO":0,"2020-ENERO":0,"2020-FEBRERO":0,"2020-JULIO":0,"2020-JUNIO":0,"2020-MARZO":0,"2020-NOVIEMBRE":0,"2020-SEPTIEMBRE":0},"Mujer":{"2019-DICIEMBRE":0,"2019-NOVIEMBRE":0,"2019-OCTUBRE":0,"2020-ABRIL":2,"2020-AGOSTO":0,"2020-ENERO":0,"2020-FEBRERO":0,"2020-JULIO":1,"2020-JUNIO":3,"2020-MARZO":0,"2020-NOVIEMBRE":2,"2020-SEPTIEMBRE":1}},"por_edad":{"Hombres":{"1":1,"10":0,"11":1,"12":1,"13":2,"14":0,"15":2,"16":0,"17":1,"18":4,"19":0,"2":2,"20":1,"21":2,"22":3,"23":4,"24":4,"25":1,"26":2,"27":4,"28":2,"29":4,"3":1,"30":3,"31":1,"32":2,"33":4,"34":0,"35":1,"36":1,"38":1,"39":1,"4":2,"40":2,"42":0,"43":2,"44":1,"45":1,"46":1,"47":1,"48":2,"49":1,"5":1,"52":1,"54":1,"55":0,"6":1,"64":0,"65":0,"7":0,"70":0,"72":1,"73":0,"76":1,"78":1,"8":0,"85":2,"9":0},"Indeterminado":{"1":0,"10":0,"11":0,"12":0,"13":0,"14":0,"15":1,"16":0,"17":0,"18":0,"19":0,"2":0,"20":1,"21":0,"22":0,"23":0,"24":0,"25":1,"26":0,"27":0,"28":1,"29":0,"3":0,"30":0,"31":1,"32":0,"33":1,"34":3,"35":0,"36":0,"38":0,"39":0,"4":0,"40":0,"42":1,"43":0,"44":0,"45":0,"46":0,"47":0,"48":0,"49":0,"5":0,"52":1,"54":0,"55":0,"6":0,"64":1,"65":1,"7":0,"70":0,"72":0,"73":0,"76":0,"78":0,"8":0,"85":0,"9":0},"Mujeres":{"1":1,"10":1,"11":1,"12":0,"13":4,"14":11,"15":7,"16":8,"17":3,"18":3,"19":4,"2":2,"20":6,"21":0,"22":2,"23":4,"24":2,"25":1,"26":0,"27":1,"28":1,"29":0,"3":0,"30":1,"31":2,"32":0,"33":2,"34":0,"35":0,"36":1,"38":2,"39":0,"4":0,"40":0,"42":0,"43":0,"44":0,"45":0,"46":0,"47":0,"48":0,"49":0,"5":2,"52":0,"54":0,"55":1,"6":0,"64":0,"65":0,"7":2,"70":1,"72":1,"73":1,"76":0,"78":0,"8":1,"85":0,"9":1}},"por_nacionalidad":{"Hombres":{"ESTADOUNIDENSE":1,"MEXICANA":52,"SE DESCONOCE":4,"SIN NACIONALIDAD DE REFERENCIA":21},"Indeterminado":{"ESTADOUNIDENSE":0,"MEXICANA":13,"SE DESCONOCE":0,"SIN NACIONALIDAD DE REFERENCIA":0},"Mujeres":{"ESTADOUNIDENSE":0,"MEXICANA":42,"SE DESCONOCE":0,"SIN NACIONALIDAD DE REFERENCIA":38}}}