{"totales":{"PorcentajeDesaparecidos":"17.64","PorcentajeLocalizados":"82.36","PorcentajeLocalizadosCV":"98.74","PorcentajeLocalizadosSV":"1.26","PorcentajeSoloDesaparecidos":"98.66","PorcentajeSoloNoLocalizados":"1.34","TotalDesaparecidos":"373","TotalGlobal":"2114","TotalLocalizados":"1741","TotalLocalizadosCV":"1719","TotalLocalizadosSV":"22","TotalSoloDesaparecidos":"368","TotalSoloNoLocalizados":"05"},"espacial":{"Hombres":{"ALAMEDA":5,"ALFREDO VÁZQUEZ BONFIL":0,"AMÉRICAS DEL BAJÍO":2,"ARBOLEDAS DEL PEDREGAL":2,"BENITO JUÁREZ":3,"BOSQUES DE LA ALAMEDA":1,"BOSQUES DEL SOL":0,"CAMARGO":1,"CANAL DE LABRADORES":0,"CAPITALES DE EUROPA":1,"CELAYA CENTRO":1,"CIUDAD INDUSTRIAL":1,"CIUDADELA":2,"CUAUHTÉMOC":1,"DEL BOSQUE":15,"DEL BOSQUE 2A SECC":1,"DEL BOSQUE 3A SECC":1,"DON GU":1,"EJIDAL":7,"EL BECERRO":0,"EL CAMPANARIO":2,"EL CAMPESTRE":0,"EL CANTAR":1,"EL PUENTE":2,"EL PUESTO":0,"EL SÁUZ":0,"EL VERGEL":3,"EL ZAPOTE":1,"EMETERIA VALENCIA":1,"EMILIANO ZAPATA":6,"EMILIANO ZAPATA SUR":0,"ESMERALDA":0,"ESTRADA":0,"EXCELARIS":0,"FELIPE ÁNGELES":0,"FOVISSSTE":2,"GOBERNADORES":1,"GUADALUPE":1,"GUANAJUATO":0,"IMPERIAL":0,"INDEPENDENCIA":1,"INDUSTRIALES":3,"JACARANDAS":7,"JARDINES DE CELAYA 2A SECC":1,"JARDINES DE CELAYA 3A SECC":0,"JARDINES DEL CENTRO":1,"JARDINES DEL SUR":1,"LA AURORA":0,"LA CAPILLA":0,"LA FAVORITA":0,"LA HERRADURA":0,"LA LUZ":1,"LA MISIÓN":2,"LA TRINIDAD":0,"LAS AMÉRICAS":2,"LAS DELICIAS":2,"LAS FLORES":5,"LAS FUENTES":2,"LAS INSURGENTES":5,"LATINO":2,"LINDAVISTA":2,"LOS LAURELES 1A SECC":0,"LOS NARANJOS":4,"LOS PINOS":2,"LOS SANTOS":1,"LOS SAUCES":1,"LOS ÁLAMOS":0,"LOS ÁNGELES":0,"LÁZARO CÁRDENAS":3,"MISIÓN DE LA ESPERANZA":4,"MISIÓN DE LOS ÁLAMOS":0,"MISIÓN SANTA FE":0,"MONTE BLANCO":8,"MÉXICO":2,"NUEVO TECNOLÓGICO":0,"PASEO DE LOS ÁLAMOS":1,"PASEOS DEL CAMPESTRE":0,"PLANCARTE":1,"PRADERAS DEL BOSQUE":0,"PRESA BLANCA":2,"PROGRESO SOLIDARIDAD":4,"RANCHO SECO":4,"REAL DE ARBOLEDAS":0,"REAL DE CELAYA":0,"REFORMA":2,"RESIDENCIAL TECNOLÓGICO":4,"RESURRECCIÓN":1,"REVOLUCIÓN":1,"RINCÓN DE TAMAYO CENTRO":1,"RIVERAS DEL CAMPESTRE":0,"ROQUE":3,"SAN ANTONIO":3,"SAN ELÍAS":2,"SAN FRANCISCO":3,"SAN JOSÉ DE GUANAJUATO":3,"SAN JOSÉ EL NUEVO":0,"SAN JUAN":0,"SAN JUAN DE LA VEGA":7,"SAN JUANICO":8,"SAN JUANICO 2A SECC":0,"SAN LORENZO":1,"SAN LUIS REY":1,"SAN MARTÍN DE CAMARGO":5,"SAN MIGUEL":0,"SAN MIGUEL OCTOPAN":5,"SAN RAFAEL":5,"SANTA ANITA":0,"SANTA ISABEL":1,"SANTA LUCIA":0,"SANTA MARÍA":8,"SANTA MARÍA DEL REFUGIO":3,"SANTA RITA":6,"SANTA TERESA":1,"SEGUNDA FRACCIÓN DE CRESPO":0,"SIN COLONIA DE REFERENCIA":735,"SUIZA":0,"TAHI":0,"TENERÍA DEL SANTUARIO":2,"TIERRA Y LIBERTAD":2,"VALLE DEL REAL":0,"VALLE HERMOSO":1,"VALLE NARANJOS":0,"VILLA DE LOS REYES":1,"VILLAS DE LA HACIENDA":0,"VILLAS DEL ROMERAL":3,"VIÑAS DE LA HERRADURA":0,"YUSTIS":0},"Indeterminado":{"ALAMEDA":0,"ALFREDO VÁZQUEZ BONFIL":0,"AMÉRICAS DEL BAJÍO":0,"ARBOLEDAS DEL PEDREGAL":0,"BENITO JUÁREZ":0,"BOSQUES DE LA ALAMEDA":0,"BOSQUES DEL SOL":0,"CAMARGO":0,"CANAL DE LABRADORES":0,"CAPITALES DE EUROPA":0,"CELAYA CENTRO":0,"CIUDAD INDUSTRIAL":0,"CIUDADELA":0,"CUAUHTÉMOC":0,"DEL BOSQUE":0,"DEL BOSQUE 2A SECC":0,"DEL BOSQUE 3A SECC":0,"DON GU":0,"EJIDAL":0,"EL BECERRO":0,"EL CAMPANARIO":0,"EL CAMPESTRE":0,"EL CANTAR":0,"EL PUENTE":0,"EL PUESTO":0,"EL SÁUZ":0,"EL VERGEL":0,"EL ZAPOTE":0,"EMETERIA VALENCIA":0,"EMILIANO ZAPATA":0,"EMILIANO ZAPATA SUR":0,"ESMERALDA":0,"ESTRADA":0,"EXCELARIS":0,"FELIPE ÁNGELES":0,"FOVISSSTE":0,"GOBERNADORES":0,"GUADALUPE":0,"GUANAJUATO":0,"IMPERIAL":0,"INDEPENDENCIA":0,"INDUSTRIALES":0,"JACARANDAS":0,"JARDINES DE CELAYA 2A SECC":0,"JARDINES DE CELAYA 3A SECC":0,"JARDINES DEL CENTRO":0,"JARDINES DEL SUR":0,"LA AURORA":0,"LA CAPILLA":0,"LA FAVORITA":0,"LA HERRADURA":0,"LA LUZ":0,"LA MISIÓN":0,"LA TRINIDAD":0,"LAS AMÉRICAS":0,"LAS DELICIAS":0,"LAS FLORES":0,"LAS FUENTES":0,"LAS INSURGENTES":0,"LATINO":0,"LINDAVISTA":0,"LOS LAURELES 1A SECC":0,"LOS NARANJOS":0,"LOS PINOS":0,"LOS SANTOS":0,"LOS SAUCES":0,"LOS ÁLAMOS":0,"LOS ÁNGELES":0,"LÁZARO CÁRDENAS":0,"MISIÓN DE LA ESPERANZA":0,"MISIÓN DE LOS ÁLAMOS":0,"MISIÓN SANTA FE":0,"MONTE BLANCO":0,"MÉXICO":0,"NUEVO TECNOLÓGICO":0,"PASEO DE LOS ÁLAMOS":0,"PASEOS DEL CAMPESTRE":0,"PLANCARTE":0,"PRADERAS DEL BOSQUE":0,"PRESA BLANCA":0,"PROGRESO SOLIDARIDAD":0,"RANCHO SECO":0,"REAL DE ARBOLEDAS":0,"REAL DE CELAYA":0,"REFORMA":0,"RESIDENCIAL TECNOLÓGICO":0,"RESURRECCIÓN":0,"REVOLUCIÓN":0,"RINCÓN DE TAMAYO CENTRO":0,"RIVERAS DEL CAMPESTRE":0,"ROQUE":0,"SAN ANTONIO":0,"SAN ELÍAS":0,"SAN FRANCISCO":0,"SAN JOSÉ DE GUANAJUATO":0,"SAN JOSÉ EL NUEVO":0,"SAN JUAN":0,"SAN JUAN DE LA VEGA":0,"SAN JUANICO":0,"SAN JUANICO 2A SECC":0,"SAN LORENZO":0,"SAN LUIS REY":0,"SAN MARTÍN DE CAMARGO":0,"SAN MIGUEL":0,"SAN MIGUEL OCTOPAN":0,"SAN RAFAEL":0,"SANTA ANITA":0,"SANTA ISABEL":0,"SANTA LUCIA":0,"SANTA MARÍA":0,"SANTA MARÍA DEL REFUGIO":0,"SANTA RITA":0,"SANTA TERESA":0,"SEGUNDA FRACCIÓN DE CRESPO":0,"SIN COLONIA DE REFERENCIA":47,"SUIZA":0,"TAHI":0,"TENERÍA DEL SANTUARIO":0,"TIERRA Y LIBERTAD":0,"VALLE DEL REAL":0,"VALLE HERMOSO":0,"VALLE NARANJOS":0,"VILLA DE LOS REYES":0,"VILLAS DE LA HACIENDA":0,"VILLAS DEL ROMERAL":0,"VIÑAS DE LA HERRADURA":0,"YUSTIS":0},"Mujeres":{"ALAMEDA":1,"ALFREDO VÁZQUEZ BONFIL":1,"AMÉRICAS DEL BAJÍO":0,"ARBOLEDAS DEL PEDREGAL":0,"BENITO JUÁREZ":0,"BOSQUES DE LA ALAMEDA":2,"BOSQUES DEL SOL":1,"CAMARGO":2,"CANAL DE LABRADORES":1,"CAPITALES DE EUROPA":0,"CELAYA CENTRO":0,"CIUDAD INDUSTRIAL":0,"CIUDADELA":3,"CUAUHTÉMOC":1,"DEL BOSQUE":17,"DEL BOSQUE 2A SECC":1,"DEL BOSQUE 3A SECC":0,"DON GU":1,"EJIDAL":18,"EL BECERRO":2,"EL CAMPANARIO":4,"EL CAMPESTRE":1,"EL CANTAR":1,"EL PUENTE":2,"EL PUESTO":1,"EL SÁUZ":1,"EL VERGEL":3,"EL ZAPOTE":1,"EMETERIA VALENCIA":0,"EMILIANO ZAPATA":25,"EMILIANO ZAPATA SUR":3,"ESMERALDA":2,"ESTRADA":1,"EXCELARIS":1,"FELIPE ÁNGELES":1,"FOVISSSTE":3,"GOBERNADORES":1,"GUADALUPE":0,"GUANAJUATO":2,"IMPERIAL":1,"INDEPENDENCIA":3,"INDUSTRIALES":0,"JACARANDAS":8,"JARDINES DE CELAYA 2A SECC":0,"JARDINES DE CELAYA 3A SECC":1,"JARDINES DEL CENTRO":0,"JARDINES DEL SUR":0,"LA AURORA":2,"LA CAPILLA":2,"LA FAVORITA":1,"LA HERRADURA":2,"LA LUZ":0,"LA MISIÓN":1,"LA TRINIDAD":1,"LAS AMÉRICAS":2,"LAS DELICIAS":3,"LAS FLORES":11,"LAS FUENTES":1,"LAS INSURGENTES":9,"LATINO":4,"LINDAVISTA":7,"LOS LAURELES 1A SECC":1,"LOS NARANJOS":7,"LOS PINOS":4,"LOS SANTOS":3,"LOS SAUCES":0,"LOS ÁLAMOS":1,"LOS ÁNGELES":2,"LÁZARO CÁRDENAS":10,"MISIÓN DE LA ESPERANZA":6,"MISIÓN DE LOS ÁLAMOS":1,"MISIÓN SANTA FE":3,"MONTE BLANCO":7,"MÉXICO":3,"NUEVO TECNOLÓGICO":4,"PASEO DE LOS ÁLAMOS":1,"PASEOS DEL CAMPESTRE":3,"PLANCARTE":0,"PRADERAS DEL BOSQUE":1,"PRESA BLANCA":1,"PROGRESO SOLIDARIDAD":1,"RANCHO SECO":3,"REAL DE ARBOLEDAS":1,"REAL DE CELAYA":1,"REFORMA":1,"RESIDENCIAL TECNOLÓGICO":9,"RESURRECCIÓN":1,"REVOLUCIÓN":1,"RINCÓN DE TAMAYO CENTRO":0,"RIVERAS DEL CAMPESTRE":1,"ROQUE":7,"SAN ANTONIO":7,"SAN ELÍAS":1,"SAN FRANCISCO":6,"SAN JOSÉ DE GUANAJUATO":0,"SAN JOSÉ EL NUEVO":2,"SAN JUAN":1,"SAN JUAN DE LA VEGA":7,"SAN JUANICO":9,"SAN JUANICO 2A SECC":1,"SAN LORENZO":1,"SAN LUIS REY":2,"SAN MARTÍN DE CAMARGO":1,"SAN MIGUEL":1,"SAN MIGUEL OCTOPAN":13,"SAN RAFAEL":3,"SANTA ANITA":1,"SANTA ISABEL":3,"SANTA LUCIA":1,"SANTA MARÍA":2,"SANTA MARÍA DEL REFUGIO":5,"SANTA RITA":15,"SANTA TERESA":0,"SEGUNDA FRACCIÓN DE CRESPO":3,"SIN COLONIA DE REFERENCIA":746,"SUIZA":1,"TAHI":1,"TENERÍA DEL SANTUARIO":2,"TIERRA Y LIBERTAD":2,"VALLE DEL REAL":4,"VALLE HERMOSO":5,"VALLE NARANJOS":1,"VILLA DE LOS REYES":1,"VILLAS DE LA HACIENDA":2,"VILLAS DEL ROMERAL":10,"VIÑAS DE LA HERRADURA":1,"YUSTIS":2}},"anual":{"Hombre":{"1.CIFRA SIN  AÑO DE REFERENCIA":4,"1999":1,"2003":0,"2005":1,"2006":13,"2007":62,"2008":81,"2009":54,"2010":6,"2011":99,"2012":83,"2013":86,"2014":98,"2015":101,"2016":38,"2017":58,"2018":51,"2019":50,"2020":67,"2021":4},"Indeterminado":{"1.CIFRA SIN  AÑO DE REFERENCIA":0,"1999":0,"2003":0,"2005":0,"2006":0,"2007":0,"2008":0,"2009":0,"2010":0,"2011":0,"2012":0,"2013":0,"2014":0,"2015":0,"2016":0,"2017":2,"2018":14,"2019":23,"2020":8,"2021":0},"Mujer":{"1.CIFRA SIN  AÑO DE REFERENCIA":4,"1999":0,"2003":1,"2005":0,"2006":15,"2007":117,"2008":105,"2009":71,"2010":8,"2011":113,"2012":116,"2013":153,"2014":130,"2015":162,"2016":48,"2017":18,"2018":15,"2019":6,"2020":27,"2021":1}},"mensual_ultimo_anio":{"Hombre":{"2020-ABRIL":8,"2020-AGOSTO":2,"2020-JULIO":5,"2020-JUNIO":11,"2020-MAYO":13,"2020-NOVIEMBRE":2,"2020-OCTUBRE":1,"2020-SEPTIEMBRE":4,"2021-ABRIL":1,"2021-FEBRERO":1,"2021-JUNIO":0,"2021-MARZO":2},"Indeterminado":{"2020-ABRIL":0,"2020-AGOSTO":0,"2020-JULIO":3,"2020-JUNIO":3,"2020-MAYO":2,"2020-NOVIEMBRE":0,"2020-OCTUBRE":0,"2020-SEPTIEMBRE":0,"2021-ABRIL":0,"2021-FEBRERO":0,"2021-JUNIO":0,"2021-MARZO":0},"Mujer":{"2020-ABRIL":6,"2020-AGOSTO":0,"2020-JULIO":4,"2020-JUNIO":3,"2020-MAYO":4,"2020-NOVIEMBRE":1,"2020-OCTUBRE":1,"2020-SEPTIEMBRE":0,"2021-ABRIL":0,"2021-FEBRERO":0,"2021-JUNIO":1,"2021-MARZO":0}},"por_edad":{"Hombres":{"0":3,"1":1,"10":12,"11":9,"12":16,"13":26,"14":29,"15":30,"16":29,"17":37,"18":18,"19":22,"2":7,"20":31,"21":17,"22":24,"23":17,"24":28,"25":30,"26":31,"27":21,"28":21,"29":16,"3":4,"30":26,"31":26,"32":24,"33":27,"34":21,"35":20,"36":14,"37":17,"38":17,"39":15,"4":2,"40":11,"41":8,"42":16,"43":15,"44":13,"45":12,"46":10,"47":11,"48":8,"49":9,"5":0,"50":9,"51":5,"52":3,"53":7,"54":3,"55":7,"56":6,"57":1,"58":7,"59":2,"6":6,"60":4,"61":2,"62":3,"63":2,"64":2,"65":3,"66":3,"67":4,"68":2,"69":1,"7":5,"70":5,"71":1,"72":1,"73":1,"74":4,"75":3,"76":1,"77":4,"78":0,"79":2,"8":7,"80":3,"81":1,"83":1,"84":3,"85":5,"87":1,"88":0,"9":9,"90":1,"97":1,"98":1,"SIN EDAD DE REFERENCIA":14},"Indeterminado":{"0":0,"1":0,"10":0,"11":0,"12":0,"13":0,"14":0,"15":1,"16":1,"17":1,"18":0,"19":1,"2":0,"20":2,"21":2,"22":2,"23":1,"24":1,"25":1,"26":1,"27":1,"28":2,"29":0,"3":0,"30":0,"31":3,"32":1,"33":1,"34":1,"35":4,"36":0,"37":1,"38":1,"39":1,"4":0,"40":1,"41":1,"42":0,"43":0,"44":1,"45":2,"46":0,"47":2,"48":0,"49":2,"5":0,"50":0,"51":0,"52":0,"53":0,"54":0,"55":0,"56":0,"57":0,"58":0,"59":0,"6":0,"60":0,"61":0,"62":0,"63":0,"64":0,"65":0,"66":0,"67":0,"68":0,"69":0,"7":0,"70":0,"71":0,"72":0,"73":0,"74":0,"75":0,"76":0,"77":0,"78":0,"79":0,"8":0,"80":0,"81":0,"83":0,"84":0,"85":0,"87":0,"88":0,"9":0,"90":0,"97":0,"98":0,"SIN EDAD DE REFERENCIA":8},"Mujeres":{"0":3,"1":5,"10":12,"11":11,"12":28,"13":83,"14":115,"15":138,"16":131,"17":100,"18":55,"19":49,"2":2,"20":38,"21":19,"22":21,"23":17,"24":14,"25":15,"26":17,"27":14,"28":15,"29":11,"3":5,"30":12,"31":4,"32":7,"33":11,"34":14,"35":12,"36":6,"37":8,"38":12,"39":4,"4":2,"40":4,"41":6,"42":3,"43":3,"44":3,"45":3,"46":1,"47":1,"48":1,"49":2,"5":2,"50":3,"51":1,"52":1,"53":1,"54":3,"55":1,"56":1,"57":0,"58":1,"59":3,"6":7,"60":3,"61":2,"62":0,"63":0,"64":0,"65":2,"66":0,"67":0,"68":4,"69":0,"7":5,"70":1,"71":1,"72":0,"73":1,"74":0,"75":0,"76":0,"77":0,"78":2,"79":1,"8":7,"80":0,"81":1,"83":2,"84":1,"85":1,"87":1,"88":1,"9":10,"90":0,"97":0,"98":0,"SIN EDAD DE REFERENCIA":3}},"por_nacionalidad":{"Hombres":{"COLOMBIANA":0,"ESTADOUNIDENSE":0,"HONDUREÑA":3,"MEXICANA":530,"SALVADORENA":1,"SE DESCONOCE":42,"SIN NACIONALIDAD DE REFERENCIA":381},"Indeterminado":{"COLOMBIANA":0,"ESTADOUNIDENSE":0,"HONDUREÑA":0,"MEXICANA":39,"SALVADORENA":0,"SE DESCONOCE":8,"SIN NACIONALIDAD DE REFERENCIA":0},"Mujeres":{"COLOMBIANA":2,"ESTADOUNIDENSE":2,"HONDUREÑA":0,"MEXICANA":548,"SALVADORENA":0,"SE DESCONOCE":9,"SIN NACIONALIDAD DE REFERENCIA":549}}}