{"totales":{"PorcentajeDesaparecidos":"53.06","PorcentajeLocalizados":"46.94","PorcentajeLocalizadosCV":"95.65","PorcentajeLocalizadosSV":"4.35","PorcentajeSoloDesaparecidos":"100.00","PorcentajeSoloNoLocalizados":"0.00","TotalDesaparecidos":"26","TotalGlobal":"49","TotalLocalizados":"23","TotalLocalizadosCV":"22","TotalLocalizadosSV":"01","TotalSoloDesaparecidos":"26","TotalSoloNoLocalizados":"00"},"espacial":{"Hombres":{"HIDALGO":2,"LA SABINA":1,"PIEDRA PARADA":1,"SIN COLONIA DE REFERENCIA":34},"Indeterminado":{"HIDALGO":0,"LA SABINA":0,"PIEDRA PARADA":0,"SIN COLONIA DE REFERENCIA":3},"Mujeres":{"HIDALGO":0,"LA SABINA":0,"PIEDRA PARADA":0,"SIN COLONIA DE REFERENCIA":8}},"anual":{"Hombre":{"2007":1,"2008":3,"2009":1,"2011":3,"2012":2,"2013":1,"2014":2,"2015":3,"2016":2,"2017":5,"2018":8,"2019":4,"2020":2,"2021":1},"Indeterminado":{"2007":0,"2008":0,"2009":0,"2011":0,"2012":0,"2013":0,"2014":0,"2015":0,"2016":0,"2017":2,"2018":0,"2019":1,"2020":0,"2021":0},"Mujer":{"2007":0,"2008":0,"2009":1,"2011":1,"2012":2,"2013":1,"2014":0,"2015":3,"2016":0,"2017":0,"2018":0,"2019":0,"2020":0,"2021":0}},"mensual_ultimo_anio":{"Hombre":{"2018-ABRIL":1,"2018-DICIEMBRE":2,"2018-JULIO":2,"2018-OCTUBRE":1,"2018-SEPTIEMBRE":2,"2019-FEBRERO":1,"2019-JULIO":1,"2019-MARZO":2,"2019-MAYO":0,"2020-ABRIL":1,"2020-FEBRERO":1,"2021-JUNIO":1},"Indeterminado":{"2018-ABRIL":0,"2018-DICIEMBRE":0,"2018-JULIO":0,"2018-OCTUBRE":0,"2018-SEPTIEMBRE":0,"2019-FEBRERO":0,"2019-JULIO":0,"2019-MARZO":0,"2019-MAYO":1,"2020-ABRIL":0,"2020-FEBRERO":0,"2021-JUNIO":0},"Mujer":{"2018-ABRIL":0,"2018-DICIEMBRE":0,"2018-JULIO":0,"2018-OCTUBRE":0,"2018-SEPTIEMBRE":0,"2019-FEBRERO":0,"2019-JULIO":0,"2019-MARZO":0,"2019-MAYO":0,"2020-ABRIL":0,"2020-FEBRERO":0,"2021-JUNIO":0}},"por_edad":{"Hombres":{"0":4,"12":1,"14":0,"16":1,"17":1,"18":1,"19":0,"21":1,"22":1,"27":1,"28":1,"29":1,"30":2,"31":1,"32":1,"34":1,"35":1,"36":1,"37":0,"40":1,"42":2,"43":1,"45":1,"46":1,"47":1,"48":2,"50":2,"52":1,"53":1,"54":1,"56":1,"57":0,"93":1,"SIN EDAD DE REFERENCIA":2},"Indeterminado":{"0":0,"12":0,"14":0,"16":0,"17":0,"18":0,"19":0,"21":0,"22":1,"27":0,"28":0,"29":0,"30":0,"31":0,"32":0,"34":0,"35":1,"36":0,"37":0,"40":0,"42":0,"43":0,"45":0,"46":0,"47":0,"48":0,"50":0,"52":0,"53":0,"54":0,"56":0,"57":1,"93":0,"SIN EDAD DE REFERENCIA":0},"Mujeres":{"0":1,"12":0,"14":2,"16":1,"17":0,"18":0,"19":1,"21":0,"22":0,"27":0,"28":0,"29":0,"30":0,"31":0,"32":0,"34":0,"35":0,"36":1,"37":1,"40":0,"42":0,"43":0,"45":0,"46":0,"47":0,"48":0,"50":0,"52":0,"53":0,"54":1,"56":0,"57":0,"93":0,"SIN EDAD DE REFERENCIA":0}},"por_nacionalidad":{"Hombres":{"MEXICANA":22,"SE DESCONOCE":5,"SIN NACIONALIDAD DE REFERENCIA":11},"Indeterminado":{"MEXICANA":2,"SE DESCONOCE":1,"SIN NACIONALIDAD DE REFERENCIA":0},"Mujeres":{"MEXICANA":2,"SE DESCONOCE":0,"SIN NACIONALIDAD DE REFERENCIA":6}}}