{"totales":{"PorcentajeDesaparecidos":"16.67","PorcentajeLocalizados":"83.33","PorcentajeLocalizadosCV":"95.00","PorcentajeLocalizadosSV":"5.00","PorcentajeSoloDesaparecidos":"100.00","PorcentajeSoloNoLocalizados":"0.00","TotalDesaparecidos":"28","TotalGlobal":"168","TotalLocalizados":"140","TotalLocalizadosCV":"133","TotalLocalizadosSV":"07","TotalSoloDesaparecidos":"28","TotalSoloNoLocalizados":"00"},"espacial":{"Hombres":{"CAMACHO":5,"COMONFORT CENTRO":2,"CUAUHTÉMOC":1,"DELGADO DE ARRIBA":1,"EMPALME ESCOBEDO CENTRO":5,"HÉROES DE NACOZARI":0,"JALPILLA":2,"LA PALMA":0,"LAS HACIENDAS":1,"LOMA COLORADA":1,"LOS REMEDIOS":0,"NEUTLA":2,"OJO DE AGUA DEL POTRERO":1,"PALMILLAS DE SAN JUAN":0,"RÍO LAJA":0,"SAN JERÓNIMO":0,"SAN PABLO":1,"SIN COLONIA DE REFERENCIA":62,"SORIA":2,"ÁLVARO OBREGÓN":2},"Indeterminado":{"CAMACHO":0,"COMONFORT CENTRO":0,"CUAUHTÉMOC":0,"DELGADO DE ARRIBA":0,"EMPALME ESCOBEDO CENTRO":0,"HÉROES DE NACOZARI":0,"JALPILLA":0,"LA PALMA":0,"LAS HACIENDAS":0,"LOMA COLORADA":0,"LOS REMEDIOS":0,"NEUTLA":0,"OJO DE AGUA DEL POTRERO":0,"PALMILLAS DE SAN JUAN":0,"RÍO LAJA":0,"SAN JERÓNIMO":0,"SAN PABLO":0,"SIN COLONIA DE REFERENCIA":0,"SORIA":0,"ÁLVARO OBREGÓN":0},"Mujeres":{"CAMACHO":4,"COMONFORT CENTRO":2,"CUAUHTÉMOC":0,"DELGADO DE ARRIBA":1,"EMPALME ESCOBEDO CENTRO":11,"HÉROES DE NACOZARI":2,"JALPILLA":1,"LA PALMA":1,"LAS HACIENDAS":0,"LOMA COLORADA":0,"LOS REMEDIOS":2,"NEUTLA":3,"OJO DE AGUA DEL POTRERO":0,"PALMILLAS DE SAN JUAN":1,"RÍO LAJA":1,"SAN JERÓNIMO":1,"SAN PABLO":1,"SIN COLONIA DE REFERENCIA":49,"SORIA":0,"ÁLVARO OBREGÓN":0}},"anual":{"Hombre":{"2007":2,"2008":1,"2009":1,"2010":5,"2011":11,"2012":11,"2013":5,"2014":12,"2015":13,"2016":6,"2017":5,"2018":8,"2019":3,"2020":5},"Indeterminado":{"2007":0,"2008":0,"2009":0,"2010":0,"2011":0,"2012":0,"2013":0,"2014":0,"2015":0,"2016":0,"2017":0,"2018":0,"2019":0,"2020":0},"Mujer":{"2007":4,"2008":3,"2009":0,"2010":9,"2011":3,"2012":4,"2013":9,"2014":23,"2015":9,"2016":11,"2017":3,"2018":0,"2019":1,"2020":1}},"mensual_ultimo_anio":{"Hombre":{"2017-JUNIO":1,"2017-MAYO":1,"2017-SEPTIEMBRE":1,"2018-AGOSTO":6,"2018-MARZO":1,"2018-OCTUBRE":1,"2019-AGOSTO":1,"2019-FEBRERO":2,"2019-SEPTIEMBRE":0,"2020-ABRIL":2,"2020-AGOSTO":1,"2020-JULIO":2},"Indeterminado":{"2017-JUNIO":0,"2017-MAYO":0,"2017-SEPTIEMBRE":0,"2018-AGOSTO":0,"2018-MARZO":0,"2018-OCTUBRE":0,"2019-AGOSTO":0,"2019-FEBRERO":0,"2019-SEPTIEMBRE":0,"2020-ABRIL":0,"2020-AGOSTO":0,"2020-JULIO":0},"Mujer":{"2017-JUNIO":2,"2017-MAYO":0,"2017-SEPTIEMBRE":0,"2018-AGOSTO":0,"2018-MARZO":0,"2018-OCTUBRE":0,"2019-AGOSTO":0,"2019-FEBRERO":0,"2019-SEPTIEMBRE":1,"2020-ABRIL":0,"2020-AGOSTO":0,"2020-JULIO":1}},"por_edad":{"Hombres":{"0":2,"1":1,"12":1,"13":2,"14":2,"15":2,"16":3,"17":3,"18":4,"19":2,"2":1,"20":3,"21":2,"22":1,"23":1,"24":1,"25":1,"26":6,"27":4,"28":1,"29":2,"30":3,"31":0,"32":1,"33":0,"34":1,"35":2,"36":7,"39":3,"41":3,"42":0,"43":2,"44":2,"45":1,"46":2,"47":1,"48":1,"49":1,"5":0,"50":1,"51":1,"53":2,"55":1,"57":0,"58":0,"59":1,"63":0,"66":1,"67":2,"69":1,"74":2,"77":0,"81":0,"9":1},"Indeterminado":{"0":0,"1":0,"12":0,"13":0,"14":0,"15":0,"16":0,"17":0,"18":0,"19":0,"2":0,"20":0,"21":0,"22":0,"23":0,"24":0,"25":0,"26":0,"27":0,"28":0,"29":0,"30":0,"31":0,"32":0,"33":0,"34":0,"35":0,"36":0,"39":0,"41":0,"42":0,"43":0,"44":0,"45":0,"46":0,"47":0,"48":0,"49":0,"5":0,"50":0,"51":0,"53":0,"55":0,"57":0,"58":0,"59":0,"63":0,"66":0,"67":0,"69":0,"74":0,"77":0,"81":0,"9":0},"Mujeres":{"0":4,"1":0,"12":0,"13":2,"14":12,"15":11,"16":9,"17":9,"18":3,"19":1,"2":0,"20":4,"21":1,"22":2,"23":1,"24":1,"25":1,"26":1,"27":1,"28":0,"29":1,"30":3,"31":1,"32":0,"33":1,"34":0,"35":1,"36":1,"39":0,"41":1,"42":1,"43":0,"44":0,"45":0,"46":0,"47":0,"48":0,"49":0,"5":1,"50":0,"51":1,"53":0,"55":0,"57":1,"58":1,"59":0,"63":1,"66":0,"67":0,"69":0,"74":0,"77":1,"81":1,"9":0}},"por_nacionalidad":{"Hombres":{"MEXICANA":66,"SALVADORENA":1,"SE DESCONOCE":2,"SIN NACIONALIDAD DE REFERENCIA":19},"Indeterminado":{"MEXICANA":0,"SALVADORENA":0,"SE DESCONOCE":0,"SIN NACIONALIDAD DE REFERENCIA":0},"Mujeres":{"MEXICANA":67,"SALVADORENA":0,"SE DESCONOCE":1,"SIN NACIONALIDAD DE REFERENCIA":12}}}