{"totales":{"PorcentajeDesaparecidos":"99.10","PorcentajeLocalizados":"0.90","PorcentajeLocalizadosCV":"100.00","PorcentajeLocalizadosSV":"0.00","PorcentajeSoloDesaparecidos":"100.00","PorcentajeSoloNoLocalizados":"0.00","TotalDesaparecidos":"219","TotalGlobal":"221","TotalLocalizados":"02","TotalLocalizadosCV":"02","TotalLocalizadosSV":"00","TotalSoloDesaparecidos":"219","TotalSoloNoLocalizados":"00"},"espacial":{"Hombres":{"18 DE MAYO":0,"ATOYAC DE ALVAREZ CENTRO":1,"EL CAMARÓN":1,"EL PORVENIR":1,"EL QUEMADO":1,"EL SALTO CHIQUITO":3,"EL TICUI":3,"LAS PAROTAS":1,"RÍO CHIQUITO":2,"SAN FRANCISCO DEL TIBOR":2,"SAN MARTÍN DE LAS FLORES":1,"SIN COLONIA DE REFERENCIA":189,"VICENTE GUERRERO":0},"Indeterminado":{"18 DE MAYO":0,"ATOYAC DE ALVAREZ CENTRO":0,"EL CAMARÓN":0,"EL PORVENIR":0,"EL QUEMADO":0,"EL SALTO CHIQUITO":0,"EL TICUI":0,"LAS PAROTAS":0,"RÍO CHIQUITO":0,"SAN FRANCISCO DEL TIBOR":0,"SAN MARTÍN DE LAS FLORES":0,"SIN COLONIA DE REFERENCIA":3,"VICENTE GUERRERO":0},"Mujeres":{"18 DE MAYO":1,"ATOYAC DE ALVAREZ CENTRO":1,"EL CAMARÓN":0,"EL PORVENIR":0,"EL QUEMADO":0,"EL SALTO CHIQUITO":0,"EL TICUI":0,"LAS PAROTAS":0,"RÍO CHIQUITO":0,"SAN FRANCISCO DEL TIBOR":1,"SAN MARTÍN DE LAS FLORES":0,"SIN COLONIA DE REFERENCIA":9,"VICENTE GUERRERO":1}},"anual":{"Hombre":{"1.CIFRA SIN  AÑO DE REFERENCIA":6,"1967":1,"1971":8,"1972":10,"1973":4,"1974":138,"1975":4,"1976":1,"1977":13,"1978":5,"2007":2,"2008":6,"2013":1,"2014":2,"2015":1,"2017":2,"2021":1},"Indeterminado":{"1.CIFRA SIN  AÑO DE REFERENCIA":0,"1967":0,"1971":0,"1972":0,"1973":0,"1974":2,"1975":0,"1976":0,"1977":0,"1978":1,"2007":0,"2008":0,"2013":0,"2014":0,"2015":0,"2017":0,"2021":0},"Mujer":{"1.CIFRA SIN  AÑO DE REFERENCIA":2,"1967":0,"1971":0,"1972":2,"1973":0,"1974":4,"1975":0,"1976":0,"1977":1,"1978":0,"2007":0,"2008":0,"2013":1,"2014":0,"2015":0,"2017":0,"2021":3}},"mensual_ultimo_anio":{"Hombre":{"2008-AGOSTO":6,"2013-FEBRERO":1,"2013-OCTUBRE":0,"2014-ENERO":1,"2014-MARZO":1,"2015-OCTUBRE":1,"2017-AGOSTO":1,"2017-JUNIO":1,"2021-ENERO":0,"2021-FEBRERO":0,"2021-JUNIO":0,"2021-MARZO":1},"Indeterminado":{"2008-AGOSTO":0,"2013-FEBRERO":0,"2013-OCTUBRE":0,"2014-ENERO":0,"2014-MARZO":0,"2015-OCTUBRE":0,"2017-AGOSTO":0,"2017-JUNIO":0,"2021-ENERO":0,"2021-FEBRERO":0,"2021-JUNIO":0,"2021-MARZO":0},"Mujer":{"2008-AGOSTO":0,"2013-FEBRERO":0,"2013-OCTUBRE":1,"2014-ENERO":0,"2014-MARZO":0,"2015-OCTUBRE":0,"2017-AGOSTO":0,"2017-JUNIO":0,"2021-ENERO":1,"2021-FEBRERO":1,"2021-JUNIO":1,"2021-MARZO":0}},"por_edad":{"Hombres":{"14":1,"15":2,"16":3,"17":1,"18":2,"19":1,"20":1,"21":3,"22":2,"23":4,"27":1,"28":1,"29":1,"30":4,"31":1,"33":1,"34":1,"36":4,"37":2,"38":1,"39":4,"40":2,"42":1,"43":1,"44":5,"50":4,"52":1,"53":1,"55":4,"60":1,"73":1,"91":1,"99":0,"SIN EDAD DE REFERENCIA":142},"Indeterminado":{"14":0,"15":0,"16":0,"17":0,"18":0,"19":0,"20":0,"21":0,"22":0,"23":0,"27":1,"28":0,"29":0,"30":0,"31":0,"33":0,"34":0,"36":0,"37":0,"38":0,"39":0,"40":0,"42":0,"43":0,"44":0,"50":0,"52":0,"53":0,"55":0,"60":0,"73":0,"91":0,"99":0,"SIN EDAD DE REFERENCIA":2},"Mujeres":{"14":2,"15":1,"16":0,"17":1,"18":0,"19":0,"20":0,"21":0,"22":1,"23":0,"27":0,"28":0,"29":0,"30":1,"31":0,"33":0,"34":0,"36":0,"37":0,"38":0,"39":0,"40":0,"42":0,"43":0,"44":0,"50":0,"52":0,"53":0,"55":0,"60":0,"73":0,"91":0,"99":1,"SIN EDAD DE REFERENCIA":6}},"por_nacionalidad":{"Hombres":{"MEXICANA":41,"SE DESCONOCE":164},"Indeterminado":{"MEXICANA":0,"SE DESCONOCE":3},"Mujeres":{"MEXICANA":6,"SE DESCONOCE":7}}}