{"totales":{"PorcentajeDesaparecidos":"71.43","PorcentajeLocalizados":"28.57","PorcentajeLocalizadosCV":"50.00","PorcentajeLocalizadosSV":"50.00","PorcentajeSoloDesaparecidos":"100.00","PorcentajeSoloNoLocalizados":"0.00","TotalDesaparecidos":"05","TotalGlobal":"07","TotalLocalizados":"02","TotalLocalizadosCV":"01","TotalLocalizadosSV":"01","TotalSoloDesaparecidos":"05","TotalSoloNoLocalizados":"00"},"espacial":{"Hombres":{"SIN COLONIA DE REFERENCIA":5},"Indeterminado":{"SIN COLONIA DE REFERENCIA":0},"Mujeres":{"SIN COLONIA DE REFERENCIA":2}},"anual":{"Hombre":{"2015":0,"2016":0,"2017":1,"2018":4},"Indeterminado":{"2015":0,"2016":0,"2017":0,"2018":0},"Mujer":{"2015":1,"2016":1,"2017":0,"2018":0}},"mensual_ultimo_anio":{"Hombre":{"2015-MAYO":0,"2016-JULIO":0,"2017-JULIO":1,"2018-ABRIL":1,"2018-JULIO":1,"2018-NOVIEMBRE":1,"2018-SEPTIEMBRE":1},"Indeterminado":{"2015-MAYO":0,"2016-JULIO":0,"2017-JULIO":0,"2018-ABRIL":0,"2018-JULIO":0,"2018-NOVIEMBRE":0,"2018-SEPTIEMBRE":0},"Mujer":{"2015-MAYO":1,"2016-JULIO":1,"2017-JULIO":0,"2018-ABRIL":0,"2018-JULIO":0,"2018-NOVIEMBRE":0,"2018-SEPTIEMBRE":0}},"por_edad":{"Hombres":{"13":1,"16":0,"28":2,"41":1,"43":1},"Indeterminado":{"13":0,"16":0,"28":0,"41":0,"43":0},"Mujeres":{"13":0,"16":2,"28":0,"41":0,"43":0}},"por_nacionalidad":{"Hombres":{"MEXICANA":5},"Indeterminado":{"MEXICANA":0},"Mujeres":{"MEXICANA":2}}}