{"totales":{"PorcentajeDesaparecidos":"83.33","PorcentajeLocalizados":"16.67","PorcentajeLocalizadosCV":"0.00","PorcentajeLocalizadosSV":"100.00","PorcentajeSoloDesaparecidos":"100.00","PorcentajeSoloNoLocalizados":"0.00","TotalDesaparecidos":"05","TotalGlobal":"06","TotalLocalizados":"01","TotalLocalizadosCV":"00","TotalLocalizadosSV":"01","TotalSoloDesaparecidos":"05","TotalSoloNoLocalizados":"00"},"espacial":{"Hombres":{"BARRIO NUEVO":1,"SIN COLONIA DE REFERENCIA":4},"Indeterminado":{"BARRIO NUEVO":0,"SIN COLONIA DE REFERENCIA":0},"Mujeres":{"BARRIO NUEVO":0,"SIN COLONIA DE REFERENCIA":1}},"anual":{"Hombre":{"2014":1,"2016":1,"2018":1,"2019":2},"Indeterminado":{"2014":0,"2016":0,"2018":0,"2019":0},"Mujer":{"2014":1,"2016":0,"2018":0,"2019":0}},"mensual_ultimo_anio":{"Hombre":{"2014-AGOSTO":1,"2016-ENERO":1,"2018-MARZO":1,"2019-ABRIL":1,"2019-AGOSTO":1},"Indeterminado":{"2014-AGOSTO":0,"2016-ENERO":0,"2018-MARZO":0,"2019-ABRIL":0,"2019-AGOSTO":0},"Mujer":{"2014-AGOSTO":1,"2016-ENERO":0,"2018-MARZO":0,"2019-ABRIL":0,"2019-AGOSTO":0}},"por_edad":{"Hombres":{"30":1,"39":1,"46":1,"50":1,"6":0,"8":1},"Indeterminado":{"30":0,"39":0,"46":0,"50":0,"6":0,"8":0},"Mujeres":{"30":0,"39":0,"46":0,"50":0,"6":1,"8":0}},"por_nacionalidad":{"Hombres":{"MEXICANA":5},"Indeterminado":{"MEXICANA":0},"Mujeres":{"MEXICANA":1}}}