{"totales":{"PorcentajeDesaparecidos":"100.00","PorcentajeLocalizados":"0.00","PorcentajeLocalizadosCV":"0.00","PorcentajeLocalizadosSV":"0.00","PorcentajeSoloDesaparecidos":"100.00","PorcentajeSoloNoLocalizados":"0.00","TotalDesaparecidos":"01","TotalGlobal":"01","TotalLocalizados":"00","TotalLocalizadosCV":"00","TotalLocalizadosSV":"00","TotalSoloDesaparecidos":"01","TotalSoloNoLocalizados":"00"},"espacial":{"Hombres":{"SIN COLONIA DE REFERENCIA":1},"Indeterminado":{"SIN COLONIA DE REFERENCIA":0},"Mujeres":{"SIN COLONIA DE REFERENCIA":0}},"anual":{"Hombre":{"2014":1},"Indeterminado":{"2014":0},"Mujer":{"2014":0}},"mensual_ultimo_anio":{"Hombre":{"2014-NOVIEMBRE":1},"Indeterminado":{"2014-NOVIEMBRE":0},"Mujer":{"2014-NOVIEMBRE":0}},"por_edad":{"Hombres":{"74":1},"Indeterminado":{"74":0},"Mujeres":{"74":0}},"por_nacionalidad":{"Hombres":{"MEXICANA":1},"Indeterminado":{"MEXICANA":0},"Mujeres":{"MEXICANA":0}}}