{"totales":{"PorcentajeDesaparecidos":"97.83","PorcentajeLocalizados":"2.17","PorcentajeLocalizadosCV":"100.00","PorcentajeLocalizadosSV":"0.00","PorcentajeSoloDesaparecidos":"100.00","PorcentajeSoloNoLocalizados":"0.00","TotalDesaparecidos":"45","TotalGlobal":"46","TotalLocalizados":"01","TotalLocalizadosCV":"01","TotalLocalizadosSV":"00","TotalSoloDesaparecidos":"45","TotalSoloNoLocalizados":"00"},"espacial":{"Hombres":{"ATZCALA":1,"SAN BARTOLO EL ALTO":1,"SIN COLONIA DE REFERENCIA":36},"Indeterminado":{"ATZCALA":0,"SAN BARTOLO EL ALTO":0,"SIN COLONIA DE REFERENCIA":0},"Mujeres":{"ATZCALA":0,"SAN BARTOLO EL ALTO":0,"SIN COLONIA DE REFERENCIA":8}},"anual":{"Hombre":{"2000":1,"2008":2,"2012":6,"2013":17,"2014":2,"2015":3,"2017":3,"2018":1,"2019":0,"2021":3},"Indeterminado":{"2000":0,"2008":0,"2012":0,"2013":0,"2014":0,"2015":0,"2017":0,"2018":0,"2019":0,"2021":0},"Mujer":{"2000":0,"2008":0,"2012":2,"2013":1,"2014":1,"2015":0,"2017":1,"2018":1,"2019":1,"2021":1}},"mensual_ultimo_anio":{"Hombre":{"2014-JULIO":0,"2015-FEBRERO":1,"2015-OCTUBRE":2,"2017-AGOSTO":0,"2017-DICIEMBRE":1,"2017-JULIO":1,"2017-MAYO":1,"2018-JUNIO":1,"2019-ENERO":0,"2021-ABRIL":2,"2021-JUNIO":1,"2021-MAYO":0},"Indeterminado":{"2014-JULIO":0,"2015-FEBRERO":0,"2015-OCTUBRE":0,"2017-AGOSTO":0,"2017-DICIEMBRE":0,"2017-JULIO":0,"2017-MAYO":0,"2018-JUNIO":0,"2019-ENERO":0,"2021-ABRIL":0,"2021-JUNIO":0,"2021-MAYO":0},"Mujer":{"2014-JULIO":1,"2015-FEBRERO":0,"2015-OCTUBRE":0,"2017-AGOSTO":1,"2017-DICIEMBRE":0,"2017-JULIO":0,"2017-MAYO":0,"2018-JUNIO":1,"2019-ENERO":1,"2021-ABRIL":0,"2021-JUNIO":0,"2021-MAYO":1}},"por_edad":{"Hombres":{"13":0,"15":2,"16":0,"18":0,"19":4,"2":1,"20":1,"22":2,"23":6,"24":1,"26":2,"27":2,"28":2,"29":2,"31":2,"32":1,"33":1,"34":1,"37":1,"40":1,"41":3,"43":1,"45":1,"51":1},"Indeterminado":{"13":0,"15":0,"16":0,"18":0,"19":0,"2":0,"20":0,"22":0,"23":0,"24":0,"26":0,"27":0,"28":0,"29":0,"31":0,"32":0,"33":0,"34":0,"37":0,"40":0,"41":0,"43":0,"45":0,"51":0},"Mujeres":{"13":1,"15":0,"16":1,"18":1,"19":2,"2":0,"20":1,"22":0,"23":0,"24":0,"26":0,"27":0,"28":1,"29":0,"31":0,"32":1,"33":0,"34":0,"37":0,"40":0,"41":0,"43":0,"45":0,"51":0}},"por_nacionalidad":{"Hombres":{"MEXICANA":38},"Indeterminado":{"MEXICANA":0},"Mujeres":{"MEXICANA":8}}}