{"totales":{"PorcentajeDesaparecidos":"68.75","PorcentajeLocalizados":"31.25","PorcentajeLocalizadosCV":"60.00","PorcentajeLocalizadosSV":"40.00","PorcentajeSoloDesaparecidos":"100.00","PorcentajeSoloNoLocalizados":"0.00","TotalDesaparecidos":"11","TotalGlobal":"16","TotalLocalizados":"05","TotalLocalizadosCV":"03","TotalLocalizadosSV":"02","TotalSoloDesaparecidos":"11","TotalSoloNoLocalizados":"00"},"espacial":{"Hombres":{"LA PIEDRA DEL ZOPILOTE":0,"SAN FELIPE":0,"SIN COLONIA DE REFERENCIA":10},"Indeterminado":{"LA PIEDRA DEL ZOPILOTE":0,"SAN FELIPE":0,"SIN COLONIA DE REFERENCIA":0},"Mujeres":{"LA PIEDRA DEL ZOPILOTE":1,"SAN FELIPE":1,"SIN COLONIA DE REFERENCIA":4}},"anual":{"Hombre":{"2009":1,"2012":3,"2013":1,"2015":0,"2016":2,"2017":1,"2019":2,"2021":0},"Indeterminado":{"2009":0,"2012":0,"2013":0,"2015":0,"2016":0,"2017":0,"2019":0,"2021":0},"Mujer":{"2009":0,"2012":2,"2013":0,"2015":1,"2016":0,"2017":0,"2019":2,"2021":1}},"mensual_ultimo_anio":{"Hombre":{"2012-AGOSTO":1,"2012-JULIO":1,"2012-OCTUBRE":1,"2013-JULIO":1,"2015-OCTUBRE":0,"2016-DICIEMBRE":1,"2016-NOVIEMBRE":1,"2017-JUNIO":1,"2019-FEBRERO":1,"2019-JUNIO":1,"2019-SEPTIEMBRE":0,"2021-ABRIL":0},"Indeterminado":{"2012-AGOSTO":0,"2012-JULIO":0,"2012-OCTUBRE":0,"2013-JULIO":0,"2015-OCTUBRE":0,"2016-DICIEMBRE":0,"2016-NOVIEMBRE":0,"2017-JUNIO":0,"2019-FEBRERO":0,"2019-JUNIO":0,"2019-SEPTIEMBRE":0,"2021-ABRIL":0},"Mujer":{"2012-AGOSTO":2,"2012-JULIO":0,"2012-OCTUBRE":0,"2013-JULIO":0,"2015-OCTUBRE":1,"2016-DICIEMBRE":0,"2016-NOVIEMBRE":0,"2017-JUNIO":0,"2019-FEBRERO":1,"2019-JUNIO":0,"2019-SEPTIEMBRE":1,"2021-ABRIL":1}},"por_edad":{"Hombres":{"10":0,"15":1,"16":0,"18":0,"19":1,"23":1,"27":1,"39":1,"42":0,"44":1,"45":3,"52":1},"Indeterminado":{"10":0,"15":0,"16":0,"18":0,"19":0,"23":0,"27":0,"39":0,"42":0,"44":0,"45":0,"52":0},"Mujeres":{"10":1,"15":1,"16":1,"18":1,"19":0,"23":0,"27":1,"39":0,"42":1,"44":0,"45":0,"52":0}},"por_nacionalidad":{"Hombres":{"MEXICANA":10},"Indeterminado":{"MEXICANA":0},"Mujeres":{"MEXICANA":6}}}