{"totales":{"PorcentajeDesaparecidos":"68.67","PorcentajeLocalizados":"31.33","PorcentajeLocalizadosCV":"79.86","PorcentajeLocalizadosSV":"20.14","PorcentajeSoloDesaparecidos":"99.04","PorcentajeSoloNoLocalizados":"0.96","TotalDesaparecidos":"936","TotalGlobal":"1363","TotalLocalizados":"427","TotalLocalizadosCV":"341","TotalLocalizadosSV":"86","TotalSoloDesaparecidos":"927","TotalSoloNoLocalizados":"09"},"espacial":{"Hombres":{"19 DE NOVIEMBRE":1,"2 DE FEBRERO":0,"20 DE NOVIEMBRE":1,"5 DE MAYO":0,"6 DE ENERO":0,"ACAPULCO DE JUÁREZ CENTRO":9,"ALBORADA CARDENISTA":0,"ALFREDO V BONFIL":2,"ALIANZA POPULAR":1,"ALTA CUAUHTÉMOC":1,"ALTA PROGRESO":2,"AMADEO VIDALES":0,"APOLONIO CASTILLO":1,"ARBOLEDAS":0,"ARROYO SECO":1,"BALCONES DE COSTA AZUL":1,"BELLAVISTA":1,"CARABALÍ":0,"CENTRO DE CONVENCIONES":1,"CERESO I":0,"CLUB DEPORTIVO":2,"CONDESA":1,"CORAL":1,"COSTA AZUL":2,"CUAUHTÉMOC":0,"CUMBRES DE FIGUEROA":0,"CUMBRES LLANO LARGO":1,"DEL PRI":1,"DEL RASTRO":1,"EL ARENAL":1,"EL COLOSO INFONAVIT":3,"EL PALMAR":1,"EL QUEMADO":1,"EL ROBLE":1,"EL SALTO":0,"EMILIANO ZAPATA":0,"EMPERADOR MOCTEZUMA":0,"EXCAMPO DE TIRO":1,"FIDEL VELÁZQUEZ SANCHEZ":1,"FRANCISCO VILLA":1,"GARITA DE JUÁREZ":1,"GRACIANO SANCHEZ":1,"GRANJAS DEL MARQUÉS":1,"GUERRERO ES PRIMERO":1,"HERMENEGILDO GALEANA":1,"HOGAR MODERNO":0,"HORNOS":0,"HÉROES DE GUERRERO":1,"ICACOS":1,"INDEPENDENCIA":1,"INDUSTRIAL":0,"INFONAVIT CENTRO ACAPULCO":1,"JARDÍN AZTECA":3,"JARDÍN MANGOS":2,"JARDÍN PALMAS":1,"JOSÉ LÓPEZ PORTILLO":2,"JOSÉ MARÍA IZAZAGA":2,"JUAN R ESCUDERO":2,"KILÓMETRO 22":1,"KILÓMETRO 30":1,"LA ADOBERÍA":1,"LA FABRICA":1,"LA FRONTERA":2,"LA GARITA":1,"LA LAJA":1,"LA LIBERTAD":1,"LA MAQUINA":0,"LA MICA":1,"LA MIRA":3,"LA SABANA":1,"LA VENTA":2,"LAS CRUCES":1,"LAS PAROTAS":1,"LAS PLAYAS":11,"LIBERTADORES":3,"LLANO LARGO":2,"LOMA BONITA":1,"LOMAS DE CHAPULTEPEC":1,"LOMAS VERDES":0,"LOS LIRIOS":1,"LOS MANANTIALES":1,"LOS NARANJITOS":1,"LUIS DONALDO COLOSIO":3,"LÁZARO CÁRDENAS":1,"MAGALLANES":4,"MARÍA DE LA O":0,"MELCHOR OCAMPO":1,"MIGUEL ALEMÁN":1,"MIRAMAR":2,"MORELOS":1,"MOZIMBA":0,"MUNICIPAL":0,"NARCISO MENDOZA":1,"NAVIDAD DE LLANO LARGO":0,"NICOLÁS BRAVO":2,"NIÑOS HÉROES":0,"NUEVO CAYACO":1,"NUEVO PUERTO MARQUÉS":1,"PALMA SOLA":1,"PARAÍSO":0,"PARQUE ECOLÓGICO DE VIVERISTAS":1,"PEDREGOSO":1,"PERIODISTAS":1,"PIE DE LA CUESTA":3,"PIEDRA ROJA":1,"PLAN DE LOS AMATES":1,"POSTAL":2,"POTRERO DE LA MORA":1,"PRADERAS DE COSTA AZUL":1,"PRINCESS DEL MARQUÉS II":1,"PROGRESO":14,"QUEBRADORA":1,"RADIO KOBO":2,"RENACIMIENTO":6,"REVOLUCIÓN DE OCTUBRE":1,"RUBÉN FIGUEROA":1,"SAN AGUSTIN":3,"SAN ANDRÉS PLAYA ENCANTADA":0,"SAN PEDRO DE LAS PLAYAS":1,"SANTA CRUZ":0,"SILVESTRE CASTRO":1,"SIMÓN BOLÍVAR":7,"SIN COLONIA DE REFERENCIA":757,"SINAI":1,"TIERRA Y LIBERTAD":1,"UNIDOS POR GUERRERO":0,"VACACIONAL":2,"VENUSTIANO CARRANZA":0,"VICENTE GUERRERO":1,"VICENTE GUERRERO FOVISSSTE":0,"VILLA GUERRERO":1,"VILLA LOS MANGOS":1,"VILLA MADERO":1,"VILLA SOL":0,"VISTA ALEGRE":1,"VISTA HERMOSA":1,"XALTIANGUIS":3},"Indeterminado":{"19 DE NOVIEMBRE":0,"2 DE FEBRERO":0,"20 DE NOVIEMBRE":0,"5 DE MAYO":0,"6 DE ENERO":0,"ACAPULCO DE JUÁREZ CENTRO":0,"ALBORADA CARDENISTA":0,"ALFREDO V BONFIL":0,"ALIANZA POPULAR":0,"ALTA CUAUHTÉMOC":0,"ALTA PROGRESO":0,"AMADEO VIDALES":0,"APOLONIO CASTILLO":0,"ARBOLEDAS":0,"ARROYO SECO":0,"BALCONES DE COSTA AZUL":0,"BELLAVISTA":0,"CARABALÍ":0,"CENTRO DE CONVENCIONES":0,"CERESO I":0,"CLUB DEPORTIVO":0,"CONDESA":0,"CORAL":0,"COSTA AZUL":0,"CUAUHTÉMOC":0,"CUMBRES DE FIGUEROA":0,"CUMBRES LLANO LARGO":0,"DEL PRI":0,"DEL RASTRO":0,"EL ARENAL":0,"EL COLOSO INFONAVIT":0,"EL PALMAR":0,"EL QUEMADO":0,"EL ROBLE":0,"EL SALTO":0,"EMILIANO ZAPATA":0,"EMPERADOR MOCTEZUMA":0,"EXCAMPO DE TIRO":0,"FIDEL VELÁZQUEZ SANCHEZ":0,"FRANCISCO VILLA":0,"GARITA DE JUÁREZ":0,"GRACIANO SANCHEZ":0,"GRANJAS DEL MARQUÉS":0,"GUERRERO ES PRIMERO":0,"HERMENEGILDO GALEANA":0,"HOGAR MODERNO":0,"HORNOS":0,"HÉROES DE GUERRERO":0,"ICACOS":0,"INDEPENDENCIA":0,"INDUSTRIAL":0,"INFONAVIT CENTRO ACAPULCO":0,"JARDÍN AZTECA":0,"JARDÍN MANGOS":0,"JARDÍN PALMAS":0,"JOSÉ LÓPEZ PORTILLO":0,"JOSÉ MARÍA IZAZAGA":0,"JUAN R ESCUDERO":0,"KILÓMETRO 22":0,"KILÓMETRO 30":0,"LA ADOBERÍA":0,"LA FABRICA":0,"LA FRONTERA":0,"LA GARITA":0,"LA LAJA":0,"LA LIBERTAD":0,"LA MAQUINA":0,"LA MICA":0,"LA MIRA":0,"LA SABANA":0,"LA VENTA":0,"LAS CRUCES":0,"LAS PAROTAS":0,"LAS PLAYAS":0,"LIBERTADORES":0,"LLANO LARGO":0,"LOMA BONITA":0,"LOMAS DE CHAPULTEPEC":0,"LOMAS VERDES":0,"LOS LIRIOS":0,"LOS MANANTIALES":0,"LOS NARANJITOS":0,"LUIS DONALDO COLOSIO":0,"LÁZARO CÁRDENAS":0,"MAGALLANES":0,"MARÍA DE LA O":0,"MELCHOR OCAMPO":0,"MIGUEL ALEMÁN":0,"MIRAMAR":0,"MORELOS":0,"MOZIMBA":0,"MUNICIPAL":0,"NARCISO MENDOZA":0,"NAVIDAD DE LLANO LARGO":0,"NICOLÁS BRAVO":0,"NIÑOS HÉROES":0,"NUEVO CAYACO":0,"NUEVO PUERTO MARQUÉS":0,"PALMA SOLA":0,"PARAÍSO":0,"PARQUE ECOLÓGICO DE VIVERISTAS":0,"PEDREGOSO":0,"PERIODISTAS":0,"PIE DE LA CUESTA":0,"PIEDRA ROJA":0,"PLAN DE LOS AMATES":0,"POSTAL":0,"POTRERO DE LA MORA":0,"PRADERAS DE COSTA AZUL":0,"PRINCESS DEL MARQUÉS II":0,"PROGRESO":0,"QUEBRADORA":0,"RADIO KOBO":0,"RENACIMIENTO":0,"REVOLUCIÓN DE OCTUBRE":0,"RUBÉN FIGUEROA":0,"SAN AGUSTIN":0,"SAN ANDRÉS PLAYA ENCANTADA":0,"SAN PEDRO DE LAS PLAYAS":0,"SANTA CRUZ":0,"SILVESTRE CASTRO":0,"SIMÓN BOLÍVAR":0,"SIN COLONIA DE REFERENCIA":2,"SINAI":0,"TIERRA Y LIBERTAD":0,"UNIDOS POR GUERRERO":0,"VACACIONAL":0,"VENUSTIANO CARRANZA":0,"VICENTE GUERRERO":0,"VICENTE GUERRERO FOVISSSTE":0,"VILLA GUERRERO":0,"VILLA LOS MANGOS":0,"VILLA MADERO":0,"VILLA SOL":0,"VISTA ALEGRE":0,"VISTA HERMOSA":0,"XALTIANGUIS":0},"Mujeres":{"19 DE NOVIEMBRE":0,"2 DE FEBRERO":1,"20 DE NOVIEMBRE":4,"5 DE MAYO":1,"6 DE ENERO":1,"ACAPULCO DE JUÁREZ CENTRO":4,"ALBORADA CARDENISTA":1,"ALFREDO V BONFIL":0,"ALIANZA POPULAR":1,"ALTA CUAUHTÉMOC":1,"ALTA PROGRESO":2,"AMADEO VIDALES":1,"APOLONIO CASTILLO":0,"ARBOLEDAS":1,"ARROYO SECO":0,"BALCONES DE COSTA AZUL":0,"BELLAVISTA":1,"CARABALÍ":1,"CENTRO DE CONVENCIONES":0,"CERESO I":1,"CLUB DEPORTIVO":0,"CONDESA":0,"CORAL":1,"COSTA AZUL":1,"CUAUHTÉMOC":3,"CUMBRES DE FIGUEROA":1,"CUMBRES LLANO LARGO":0,"DEL PRI":0,"DEL RASTRO":0,"EL ARENAL":0,"EL COLOSO INFONAVIT":3,"EL PALMAR":1,"EL QUEMADO":1,"EL ROBLE":0,"EL SALTO":1,"EMILIANO ZAPATA":6,"EMPERADOR MOCTEZUMA":3,"EXCAMPO DE TIRO":0,"FIDEL VELÁZQUEZ SANCHEZ":1,"FRANCISCO VILLA":0,"GARITA DE JUÁREZ":0,"GRACIANO SANCHEZ":1,"GRANJAS DEL MARQUÉS":0,"GUERRERO ES PRIMERO":0,"HERMENEGILDO GALEANA":0,"HOGAR MODERNO":1,"HORNOS":1,"HÉROES DE GUERRERO":0,"ICACOS":2,"INDEPENDENCIA":0,"INDUSTRIAL":1,"INFONAVIT CENTRO ACAPULCO":1,"JARDÍN AZTECA":1,"JARDÍN MANGOS":1,"JARDÍN PALMAS":0,"JOSÉ LÓPEZ PORTILLO":0,"JOSÉ MARÍA IZAZAGA":0,"JUAN R ESCUDERO":1,"KILÓMETRO 22":0,"KILÓMETRO 30":0,"LA ADOBERÍA":0,"LA FABRICA":0,"LA FRONTERA":2,"LA GARITA":1,"LA LAJA":0,"LA LIBERTAD":1,"LA MAQUINA":2,"LA MICA":0,"LA MIRA":2,"LA SABANA":0,"LA VENTA":0,"LAS CRUCES":1,"LAS PAROTAS":0,"LAS PLAYAS":2,"LIBERTADORES":1,"LLANO LARGO":1,"LOMA BONITA":2,"LOMAS DE CHAPULTEPEC":1,"LOMAS VERDES":1,"LOS LIRIOS":0,"LOS MANANTIALES":2,"LOS NARANJITOS":0,"LUIS DONALDO COLOSIO":2,"LÁZARO CÁRDENAS":1,"MAGALLANES":0,"MARÍA DE LA O":1,"MELCHOR OCAMPO":0,"MIGUEL ALEMÁN":0,"MIRAMAR":0,"MORELOS":2,"MOZIMBA":1,"MUNICIPAL":1,"NARCISO MENDOZA":0,"NAVIDAD DE LLANO LARGO":1,"NICOLÁS BRAVO":0,"NIÑOS HÉROES":1,"NUEVO CAYACO":0,"NUEVO PUERTO MARQUÉS":1,"PALMA SOLA":0,"PARAÍSO":1,"PARQUE ECOLÓGICO DE VIVERISTAS":0,"PEDREGOSO":0,"PERIODISTAS":0,"PIE DE LA CUESTA":1,"PIEDRA ROJA":0,"PLAN DE LOS AMATES":0,"POSTAL":4,"POTRERO DE LA MORA":1,"PRADERAS DE COSTA AZUL":1,"PRINCESS DEL MARQUÉS II":0,"PROGRESO":5,"QUEBRADORA":0,"RADIO KOBO":0,"RENACIMIENTO":9,"REVOLUCIÓN DE OCTUBRE":0,"RUBÉN FIGUEROA":0,"SAN AGUSTIN":2,"SAN ANDRÉS PLAYA ENCANTADA":1,"SAN PEDRO DE LAS PLAYAS":0,"SANTA CRUZ":1,"SILVESTRE CASTRO":1,"SIMÓN BOLÍVAR":2,"SIN COLONIA DE REFERENCIA":273,"SINAI":0,"TIERRA Y LIBERTAD":0,"UNIDOS POR GUERRERO":2,"VACACIONAL":0,"VENUSTIANO CARRANZA":1,"VICENTE GUERRERO":1,"VICENTE GUERRERO FOVISSSTE":1,"VILLA GUERRERO":0,"VILLA LOS MANGOS":0,"VILLA MADERO":0,"VILLA SOL":1,"VISTA ALEGRE":1,"VISTA HERMOSA":1,"XALTIANGUIS":1}},"anual":{"Hombre":{"1.CIFRA SIN  AÑO DE REFERENCIA":6,"1972":4,"1973":4,"1974":14,"1975":21,"1976":16,"1977":19,"1978":10,"1979":4,"2000":1,"2004":1,"2006":2,"2007":16,"2008":9,"2009":7,"2010":16,"2011":33,"2012":13,"2013":48,"2014":109,"2015":64,"2016":99,"2017":117,"2018":88,"2019":109,"2020":79,"2021":50},"Indeterminado":{"1.CIFRA SIN  AÑO DE REFERENCIA":0,"1972":0,"1973":0,"1974":0,"1975":1,"1976":0,"1977":1,"1978":0,"1979":0,"2000":0,"2004":0,"2006":0,"2007":0,"2008":0,"2009":0,"2010":0,"2011":0,"2012":0,"2013":0,"2014":0,"2015":0,"2016":0,"2017":0,"2018":0,"2019":0,"2020":0,"2021":0},"Mujer":{"1.CIFRA SIN  AÑO DE REFERENCIA":4,"1972":4,"1973":0,"1974":0,"1975":1,"1976":2,"1977":4,"1978":2,"1979":0,"2000":0,"2004":0,"2006":1,"2007":4,"2008":4,"2009":3,"2010":5,"2011":22,"2012":12,"2013":11,"2014":38,"2015":49,"2016":35,"2017":48,"2018":56,"2019":46,"2020":35,"2021":16}},"mensual_ultimo_anio":{"Hombre":{"2020-AGOSTO":3,"2020-DICIEMBRE":9,"2020-NOVIEMBRE":6,"2020-OCTUBRE":6,"2020-SEPTIEMBRE":8,"2021-ABRIL":7,"2021-ENERO":4,"2021-FEBRERO":6,"2021-JULIO":12,"2021-JUNIO":8,"2021-MARZO":6,"2021-MAYO":7},"Indeterminado":{"2020-AGOSTO":0,"2020-DICIEMBRE":0,"2020-NOVIEMBRE":0,"2020-OCTUBRE":0,"2020-SEPTIEMBRE":0,"2021-ABRIL":0,"2021-ENERO":0,"2021-FEBRERO":0,"2021-JULIO":0,"2021-JUNIO":0,"2021-MARZO":0,"2021-MAYO":0},"Mujer":{"2020-AGOSTO":5,"2020-DICIEMBRE":5,"2020-NOVIEMBRE":4,"2020-OCTUBRE":1,"2020-SEPTIEMBRE":4,"2021-ABRIL":2,"2021-ENERO":4,"2021-FEBRERO":2,"2021-JULIO":0,"2021-JUNIO":0,"2021-MARZO":3,"2021-MAYO":5}},"por_edad":{"Hombres":{"0":4,"1":4,"10":3,"11":4,"12":9,"13":7,"14":6,"15":17,"16":22,"17":24,"18":28,"19":31,"2":5,"20":30,"21":33,"22":39,"23":30,"24":21,"25":29,"26":32,"27":26,"28":21,"29":17,"3":3,"30":24,"31":24,"32":21,"33":23,"34":18,"35":13,"36":23,"37":30,"38":12,"39":11,"4":4,"40":17,"41":17,"42":16,"43":14,"44":10,"45":10,"46":14,"47":9,"48":9,"49":11,"5":1,"50":10,"51":5,"52":7,"53":4,"54":4,"55":7,"56":7,"57":2,"58":4,"59":2,"6":2,"60":3,"61":3,"62":2,"63":3,"64":5,"65":1,"66":2,"67":4,"69":1,"7":3,"70":5,"71":1,"73":1,"74":2,"75":0,"76":1,"78":1,"8":0,"80":1,"82":2,"83":1,"84":1,"85":3,"89":1,"9":1,"SIN EDAD DE REFERENCIA":81},"Indeterminado":{"0":0,"1":0,"10":0,"11":0,"12":0,"13":0,"14":0,"15":0,"16":0,"17":0,"18":0,"19":0,"2":0,"20":0,"21":0,"22":0,"23":0,"24":0,"25":0,"26":0,"27":0,"28":0,"29":0,"3":0,"30":0,"31":0,"32":0,"33":0,"34":0,"35":0,"36":0,"37":0,"38":0,"39":0,"4":0,"40":0,"41":0,"42":0,"43":0,"44":0,"45":0,"46":0,"47":0,"48":0,"49":0,"5":0,"50":0,"51":0,"52":0,"53":0,"54":0,"55":0,"56":0,"57":0,"58":0,"59":0,"6":0,"60":0,"61":0,"62":0,"63":0,"64":0,"65":0,"66":0,"67":0,"69":0,"7":0,"70":0,"71":0,"73":0,"74":0,"75":0,"76":0,"78":0,"8":0,"80":0,"82":0,"83":0,"84":0,"85":0,"89":0,"9":0,"SIN EDAD DE REFERENCIA":2},"Mujeres":{"0":4,"1":2,"10":3,"11":2,"12":10,"13":18,"14":29,"15":26,"16":33,"17":17,"18":22,"19":17,"2":6,"20":16,"21":14,"22":11,"23":11,"24":10,"25":6,"26":7,"27":8,"28":5,"29":4,"3":1,"30":6,"31":6,"32":4,"33":4,"34":5,"35":1,"36":4,"37":6,"38":3,"39":2,"4":3,"40":3,"41":6,"42":3,"43":3,"44":4,"45":3,"46":4,"47":0,"48":2,"49":1,"5":6,"50":4,"51":2,"52":0,"53":0,"54":2,"55":0,"56":0,"57":0,"58":2,"59":0,"6":2,"60":1,"61":1,"62":0,"63":0,"64":0,"65":0,"66":0,"67":1,"69":0,"7":6,"70":2,"71":0,"73":0,"74":0,"75":1,"76":0,"78":0,"8":2,"80":0,"82":0,"83":1,"84":0,"85":0,"89":0,"9":1,"SIN EDAD DE REFERENCIA":13}},"por_nacionalidad":{"Hombres":{"COLOMBIANA":1,"ESTADOUNIDENSE":2,"MEXICANA":868,"NICARAGUENSE":1,"SALVADORENA":1,"SE DESCONOCE":86},"Indeterminado":{"COLOMBIANA":0,"ESTADOUNIDENSE":0,"MEXICANA":0,"NICARAGUENSE":0,"SALVADORENA":0,"SE DESCONOCE":2},"Mujeres":{"COLOMBIANA":0,"ESTADOUNIDENSE":2,"MEXICANA":387,"NICARAGUENSE":0,"SALVADORENA":0,"SE DESCONOCE":13}}}