{"totales":{"PorcentajeDesaparecidos":"50.00","PorcentajeLocalizados":"50.00","PorcentajeLocalizadosCV":"100.00","PorcentajeLocalizadosSV":"0.00","PorcentajeSoloDesaparecidos":"100.00","PorcentajeSoloNoLocalizados":"0.00","TotalDesaparecidos":"01","TotalGlobal":"02","TotalLocalizados":"01","TotalLocalizadosCV":"01","TotalLocalizadosSV":"00","TotalSoloDesaparecidos":"01","TotalSoloNoLocalizados":"00"},"espacial":{"Hombres":{"SIN COLONIA DE REFERENCIA":1},"Indeterminado":{"SIN COLONIA DE REFERENCIA":0},"Mujeres":{"SIN COLONIA DE REFERENCIA":1}},"anual":{"Hombre":{"2012":1,"2016":0},"Indeterminado":{"2012":0,"2016":0},"Mujer":{"2012":0,"2016":1}},"mensual_ultimo_anio":{"Hombre":{"2012-JULIO":1,"2016-ENERO":0},"Indeterminado":{"2012-JULIO":0,"2016-ENERO":0},"Mujer":{"2012-JULIO":0,"2016-ENERO":1}},"por_edad":{"Hombres":{"15":0,"50":1},"Indeterminado":{"15":0,"50":0},"Mujeres":{"15":1,"50":0}},"por_nacionalidad":{"Hombres":{"MEXICANA":1},"Indeterminado":{"MEXICANA":0},"Mujeres":{"MEXICANA":1}}}