{"totales":{"PorcentajeDesaparecidos":"66.67","PorcentajeLocalizados":"33.33","PorcentajeLocalizadosCV":"83.33","PorcentajeLocalizadosSV":"16.67","PorcentajeSoloDesaparecidos":"100.00","PorcentajeSoloNoLocalizados":"0.00","TotalDesaparecidos":"12","TotalGlobal":"18","TotalLocalizados":"06","TotalLocalizadosCV":"05","TotalLocalizadosSV":"01","TotalSoloDesaparecidos":"12","TotalSoloNoLocalizados":"00"},"espacial":{"Hombres":{"BUENAVISTA DE CUELLAR CENTRO":0,"GUADALUPE":1,"LAS PALMAS":2,"SIN COLONIA DE REFERENCIA":7,"TLACHICHILPA":0},"Indeterminado":{"BUENAVISTA DE CUELLAR CENTRO":0,"GUADALUPE":0,"LAS PALMAS":0,"SIN COLONIA DE REFERENCIA":0,"TLACHICHILPA":0},"Mujeres":{"BUENAVISTA DE CUELLAR CENTRO":3,"GUADALUPE":0,"LAS PALMAS":1,"SIN COLONIA DE REFERENCIA":3,"TLACHICHILPA":1}},"anual":{"Hombre":{"1.CIFRA SIN  AÑO DE REFERENCIA":1,"2014":1,"2015":2,"2018":3,"2019":2,"2020":0,"2021":1},"Indeterminado":{"1.CIFRA SIN  AÑO DE REFERENCIA":0,"2014":0,"2015":0,"2018":0,"2019":0,"2020":0,"2021":0},"Mujer":{"1.CIFRA SIN  AÑO DE REFERENCIA":0,"2014":1,"2015":1,"2018":1,"2019":1,"2020":4,"2021":0}},"mensual_ultimo_anio":{"Hombre":{"0-CIFRA SIN AÑO NI MES DE REFERENCIA":1,"2014-JUNIO":1,"2014-OCTUBRE":0,"2015-ENERO":2,"2018-ABRIL":0,"2018-JUNIO":3,"2019-AGOSTO":1,"2019-JUNIO":1,"2020-AGOSTO":0,"2020-FEBRERO":0,"2021-JUNIO":1},"Indeterminado":{"0-CIFRA SIN AÑO NI MES DE REFERENCIA":0,"2014-JUNIO":0,"2014-OCTUBRE":0,"2015-ENERO":0,"2018-ABRIL":0,"2018-JUNIO":0,"2019-AGOSTO":0,"2019-JUNIO":0,"2020-AGOSTO":0,"2020-FEBRERO":0,"2021-JUNIO":0},"Mujer":{"0-CIFRA SIN AÑO NI MES DE REFERENCIA":0,"2014-JUNIO":0,"2014-OCTUBRE":1,"2015-ENERO":1,"2018-ABRIL":1,"2018-JUNIO":0,"2019-AGOSTO":0,"2019-JUNIO":1,"2020-AGOSTO":1,"2020-FEBRERO":3,"2021-JUNIO":0}},"por_edad":{"Hombres":{"12":1,"13":0,"21":1,"22":0,"25":1,"29":1,"30":2,"31":1,"32":1,"36":1,"39":0,"4":0,"45":0,"5":0,"7":1},"Indeterminado":{"12":0,"13":0,"21":0,"22":0,"25":0,"29":0,"30":0,"31":0,"32":0,"36":0,"39":0,"4":0,"45":0,"5":0,"7":0},"Mujeres":{"12":0,"13":1,"21":0,"22":1,"25":0,"29":1,"30":0,"31":0,"32":0,"36":0,"39":1,"4":1,"45":1,"5":1,"7":1}},"por_nacionalidad":{"Hombres":{"MEXICANA":10},"Indeterminado":{"MEXICANA":0},"Mujeres":{"MEXICANA":8}}}