{"totales":{"PorcentajeDesaparecidos":"54.55","PorcentajeLocalizados":"45.45","PorcentajeLocalizadosCV":"80.00","PorcentajeLocalizadosSV":"20.00","PorcentajeSoloDesaparecidos":"83.33","PorcentajeSoloNoLocalizados":"16.67","TotalDesaparecidos":"06","TotalGlobal":"11","TotalLocalizados":"05","TotalLocalizadosCV":"04","TotalLocalizadosSV":"01","TotalSoloDesaparecidos":"05","TotalSoloNoLocalizados":"01"},"espacial":{"Hombres":{"LAS TUNAS":1,"SAN JERÓNIMO DE JUÁREZ CENTRO":0,"SIN COLONIA DE REFERENCIA":4},"Indeterminado":{"LAS TUNAS":0,"SAN JERÓNIMO DE JUÁREZ CENTRO":0,"SIN COLONIA DE REFERENCIA":0},"Mujeres":{"LAS TUNAS":0,"SAN JERÓNIMO DE JUÁREZ CENTRO":1,"SIN COLONIA DE REFERENCIA":5}},"anual":{"Hombre":{"1974":2,"2013":1,"2014":1,"2015":0,"2016":1,"2017":0,"2020":0},"Indeterminado":{"1974":0,"2013":0,"2014":0,"2015":0,"2016":0,"2017":0,"2020":0},"Mujer":{"1974":0,"2013":0,"2014":0,"2015":4,"2016":0,"2017":1,"2020":1}},"mensual_ultimo_anio":{"Hombre":{"1974-SEPTIEMBRE":2,"2013-OCTUBRE":1,"2014-JULIO":1,"2015-FEBRERO":0,"2016-AGOSTO":1,"2017-MAYO":0,"2020-JULIO":0},"Indeterminado":{"1974-SEPTIEMBRE":0,"2013-OCTUBRE":0,"2014-JULIO":0,"2015-FEBRERO":0,"2016-AGOSTO":0,"2017-MAYO":0,"2020-JULIO":0},"Mujer":{"1974-SEPTIEMBRE":0,"2013-OCTUBRE":0,"2014-JULIO":0,"2015-FEBRERO":4,"2016-AGOSTO":0,"2017-MAYO":1,"2020-JULIO":1}},"por_edad":{"Hombres":{"12":0,"14":0,"15":0,"29":1,"45":1,"84":1,"SIN EDAD DE REFERENCIA":2},"Indeterminado":{"12":0,"14":0,"15":0,"29":0,"45":0,"84":0,"SIN EDAD DE REFERENCIA":0},"Mujeres":{"12":1,"14":2,"15":3,"29":0,"45":0,"84":0,"SIN EDAD DE REFERENCIA":0}},"por_nacionalidad":{"Hombres":{"MEXICANA":5},"Indeterminado":{"MEXICANA":0},"Mujeres":{"MEXICANA":6}}}