{"totales":{"PorcentajeDesaparecidos":"42.86","PorcentajeLocalizados":"57.14","PorcentajeLocalizadosCV":"50.00","PorcentajeLocalizadosSV":"50.00","PorcentajeSoloDesaparecidos":"100.00","PorcentajeSoloNoLocalizados":"0.00","TotalDesaparecidos":"03","TotalGlobal":"07","TotalLocalizados":"04","TotalLocalizadosCV":"02","TotalLocalizadosSV":"02","TotalSoloDesaparecidos":"03","TotalSoloNoLocalizados":"00"},"espacial":{"Hombres":{"DOCTORES":0,"EL CUIJE":1,"SIN COLONIA DE REFERENCIA":3,"VICENTE GUERRERO":1},"Indeterminado":{"DOCTORES":0,"EL CUIJE":0,"SIN COLONIA DE REFERENCIA":0,"VICENTE GUERRERO":0},"Mujeres":{"DOCTORES":1,"EL CUIJE":0,"SIN COLONIA DE REFERENCIA":1,"VICENTE GUERRERO":0}},"anual":{"Hombre":{"2009":0,"2011":1,"2015":1,"2016":1,"2017":1,"2018":1},"Indeterminado":{"2009":0,"2011":0,"2015":0,"2016":0,"2017":0,"2018":0},"Mujer":{"2009":1,"2011":0,"2015":0,"2016":1,"2017":0,"2018":0}},"mensual_ultimo_anio":{"Hombre":{"2009-NOVIEMBRE":0,"2011-JULIO":1,"2015-AGOSTO":1,"2016-JULIO":1,"2016-NOVIEMBRE":0,"2017-OCTUBRE":1,"2018-JULIO":1},"Indeterminado":{"2009-NOVIEMBRE":0,"2011-JULIO":0,"2015-AGOSTO":0,"2016-JULIO":0,"2016-NOVIEMBRE":0,"2017-OCTUBRE":0,"2018-JULIO":0},"Mujer":{"2009-NOVIEMBRE":1,"2011-JULIO":0,"2015-AGOSTO":0,"2016-JULIO":0,"2016-NOVIEMBRE":1,"2017-OCTUBRE":0,"2018-JULIO":0}},"por_edad":{"Hombres":{"17":1,"19":0,"23":1,"24":1,"54":1,"75":1},"Indeterminado":{"17":0,"19":0,"23":0,"24":0,"54":0,"75":0},"Mujeres":{"17":1,"19":1,"23":0,"24":0,"54":0,"75":0}},"por_nacionalidad":{"Hombres":{"MEXICANA":5},"Indeterminado":{"MEXICANA":0},"Mujeres":{"MEXICANA":2}}}