{"totales":{"PorcentajeDesaparecidos":"100.00","PorcentajeLocalizados":"0.00","PorcentajeLocalizadosCV":"0.00","PorcentajeLocalizadosSV":"0.00","PorcentajeSoloDesaparecidos":"100.00","PorcentajeSoloNoLocalizados":"0.00","TotalDesaparecidos":"05","TotalGlobal":"05","TotalLocalizados":"00","TotalLocalizadosCV":"00","TotalLocalizadosSV":"00","TotalSoloDesaparecidos":"05","TotalSoloNoLocalizados":"00"},"espacial":{"Hombres":{"SIN COLONIA DE REFERENCIA":5},"Indeterminado":{"SIN COLONIA DE REFERENCIA":0},"Mujeres":{"SIN COLONIA DE REFERENCIA":0}},"anual":{"Hombre":{"2010":1,"2011":1,"2017":3},"Indeterminado":{"2010":0,"2011":0,"2017":0},"Mujer":{"2010":0,"2011":0,"2017":0}},"mensual_ultimo_anio":{"Hombre":{"2010-SEPTIEMBRE":1,"2011-NOVIEMBRE":1,"2017-FEBRERO":1,"2017-MAYO":2},"Indeterminado":{"2010-SEPTIEMBRE":0,"2011-NOVIEMBRE":0,"2017-FEBRERO":0,"2017-MAYO":0},"Mujer":{"2010-SEPTIEMBRE":0,"2011-NOVIEMBRE":0,"2017-FEBRERO":0,"2017-MAYO":0}},"por_edad":{"Hombres":{"21":1,"25":2,"36":1,"38":1},"Indeterminado":{"21":0,"25":0,"36":0,"38":0},"Mujeres":{"21":0,"25":0,"36":0,"38":0}},"por_nacionalidad":{"Hombres":{"MEXICANA":5},"Indeterminado":{"MEXICANA":0},"Mujeres":{"MEXICANA":0}}}