{"totales":{"PorcentajeDesaparecidos":"81.82","PorcentajeLocalizados":"18.18","PorcentajeLocalizadosCV":"100.00","PorcentajeLocalizadosSV":"0.00","PorcentajeSoloDesaparecidos":"100.00","PorcentajeSoloNoLocalizados":"0.00","TotalDesaparecidos":"09","TotalGlobal":"11","TotalLocalizados":"02","TotalLocalizadosCV":"02","TotalLocalizadosSV":"00","TotalSoloDesaparecidos":"09","TotalSoloNoLocalizados":"00"},"espacial":{"Hombres":{"SIN COLONIA DE REFERENCIA":7},"Indeterminado":{"SIN COLONIA DE REFERENCIA":0},"Mujeres":{"SIN COLONIA DE REFERENCIA":4}},"anual":{"Hombre":{"2013":0,"2014":2,"2015":3,"2017":1,"2020":1},"Indeterminado":{"2013":0,"2014":0,"2015":0,"2017":0,"2020":0},"Mujer":{"2013":2,"2014":0,"2015":2,"2017":0,"2020":0}},"mensual_ultimo_anio":{"Hombre":{"2013-DICIEMBRE":0,"2013-NOVIEMBRE":0,"2014-FEBRERO":2,"2015-ABRIL":3,"2017-MARZO":1,"2020-AGOSTO":1},"Indeterminado":{"2013-DICIEMBRE":0,"2013-NOVIEMBRE":0,"2014-FEBRERO":0,"2015-ABRIL":0,"2017-MARZO":0,"2020-AGOSTO":0},"Mujer":{"2013-DICIEMBRE":1,"2013-NOVIEMBRE":1,"2014-FEBRERO":0,"2015-ABRIL":2,"2017-MARZO":0,"2020-AGOSTO":0}},"por_edad":{"Hombres":{"17":1,"19":1,"20":1,"21":1,"25":1,"26":1,"42":0,"45":1,"48":0,"57":0},"Indeterminado":{"17":0,"19":0,"20":0,"21":0,"25":0,"26":0,"42":0,"45":0,"48":0,"57":0},"Mujeres":{"17":1,"19":0,"20":0,"21":0,"25":0,"26":0,"42":1,"45":0,"48":1,"57":1}},"por_nacionalidad":{"Hombres":{"MEXICANA":7},"Indeterminado":{"MEXICANA":0},"Mujeres":{"MEXICANA":4}}}