{"totales":{"PorcentajeDesaparecidos":"100.00","PorcentajeLocalizados":"0.00","PorcentajeLocalizadosCV":"0.00","PorcentajeLocalizadosSV":"0.00","PorcentajeSoloDesaparecidos":"100.00","PorcentajeSoloNoLocalizados":"0.00","TotalDesaparecidos":"08","TotalGlobal":"08","TotalLocalizados":"00","TotalLocalizadosCV":"00","TotalLocalizadosSV":"00","TotalSoloDesaparecidos":"08","TotalSoloNoLocalizados":"00"},"espacial":{"Hombres":{"OSTOTITLÁN":2,"SIN COLONIA DE REFERENCIA":5},"Indeterminado":{"OSTOTITLÁN":0,"SIN COLONIA DE REFERENCIA":0},"Mujeres":{"OSTOTITLÁN":0,"SIN COLONIA DE REFERENCIA":1}},"anual":{"Hombre":{"2016":1,"2018":2,"2020":1,"2021":3},"Indeterminado":{"2016":0,"2018":0,"2020":0,"2021":0},"Mujer":{"2016":1,"2018":0,"2020":0,"2021":0}},"mensual_ultimo_anio":{"Hombre":{"2016-JULIO":0,"2016-JUNIO":1,"2018-FEBRERO":2,"2020-ENERO":1,"2021-JULIO":1,"2021-JUNIO":2},"Indeterminado":{"2016-JULIO":0,"2016-JUNIO":0,"2018-FEBRERO":0,"2020-ENERO":0,"2021-JULIO":0,"2021-JUNIO":0},"Mujer":{"2016-JULIO":1,"2016-JUNIO":0,"2018-FEBRERO":0,"2020-ENERO":0,"2021-JULIO":0,"2021-JUNIO":0}},"por_edad":{"Hombres":{"14":0,"17":1,"18":1,"22":1,"28":1,"44":1,"49":2},"Indeterminado":{"14":0,"17":0,"18":0,"22":0,"28":0,"44":0,"49":0},"Mujeres":{"14":1,"17":0,"18":0,"22":0,"28":0,"44":0,"49":0}},"por_nacionalidad":{"Hombres":{"MEXICANA":7},"Indeterminado":{"MEXICANA":0},"Mujeres":{"MEXICANA":1}}}