{"totales":{"PorcentajeDesaparecidos":"75.86","PorcentajeLocalizados":"24.14","PorcentajeLocalizadosCV":"78.57","PorcentajeLocalizadosSV":"21.43","PorcentajeSoloDesaparecidos":"100.00","PorcentajeSoloNoLocalizados":"0.00","TotalDesaparecidos":"44","TotalGlobal":"58","TotalLocalizados":"14","TotalLocalizadosCV":"11","TotalLocalizadosSV":"03","TotalSoloDesaparecidos":"44","TotalSoloNoLocalizados":"00"},"espacial":{"Hombres":{"ASTUDILLO":1,"BAJOS DEL EJIDO":1,"COYUCA DE BENÍTEZ CENTRO":2,"ETTI":0,"SIN COLONIA DE REFERENCIA":31},"Indeterminado":{"ASTUDILLO":0,"BAJOS DEL EJIDO":0,"COYUCA DE BENÍTEZ CENTRO":0,"ETTI":0,"SIN COLONIA DE REFERENCIA":1},"Mujeres":{"ASTUDILLO":0,"BAJOS DEL EJIDO":0,"COYUCA DE BENÍTEZ CENTRO":0,"ETTI":1,"SIN COLONIA DE REFERENCIA":21}},"anual":{"Hombre":{"1973":5,"1974":6,"1976":1,"2013":0,"2014":3,"2015":2,"2016":5,"2017":1,"2018":2,"2019":4,"2020":4,"2021":2},"Indeterminado":{"1973":0,"1974":1,"1976":0,"2013":0,"2014":0,"2015":0,"2016":0,"2017":0,"2018":0,"2019":0,"2020":0,"2021":0},"Mujer":{"1973":1,"1974":0,"1976":0,"2013":1,"2014":1,"2015":1,"2016":4,"2017":7,"2018":2,"2019":4,"2020":0,"2021":1}},"mensual_ultimo_anio":{"Hombre":{"2018-DICIEMBRE":1,"2018-MAYO":0,"2018-OCTUBRE":1,"2018-SEPTIEMBRE":0,"2019-ABRIL":0,"2019-AGOSTO":2,"2019-ENERO":0,"2019-JULIO":1,"2019-MAYO":1,"2020-MAYO":4,"2021-MARZO":1,"2021-MAYO":1},"Indeterminado":{"2018-DICIEMBRE":0,"2018-MAYO":0,"2018-OCTUBRE":0,"2018-SEPTIEMBRE":0,"2019-ABRIL":0,"2019-AGOSTO":0,"2019-ENERO":0,"2019-JULIO":0,"2019-MAYO":0,"2020-MAYO":0,"2021-MARZO":0,"2021-MAYO":0},"Mujer":{"2018-DICIEMBRE":0,"2018-MAYO":1,"2018-OCTUBRE":0,"2018-SEPTIEMBRE":1,"2019-ABRIL":1,"2019-AGOSTO":1,"2019-ENERO":1,"2019-JULIO":0,"2019-MAYO":1,"2020-MAYO":0,"2021-MARZO":1,"2021-MAYO":0}},"por_edad":{"Hombres":{"1":0,"11":0,"12":0,"13":0,"14":0,"16":0,"17":1,"18":0,"19":2,"21":1,"22":3,"23":1,"25":1,"26":1,"27":1,"28":1,"29":1,"30":2,"31":1,"33":1,"34":2,"37":2,"4":0,"42":1,"43":1,"46":1,"48":2,"63":0,"7":1,"8":1,"9":1,"SIN EDAD DE REFERENCIA":6},"Indeterminado":{"1":0,"11":0,"12":0,"13":0,"14":0,"16":0,"17":0,"18":0,"19":0,"21":0,"22":0,"23":0,"25":0,"26":0,"27":0,"28":0,"29":0,"30":0,"31":0,"33":0,"34":0,"37":0,"4":0,"42":0,"43":0,"46":0,"48":0,"63":0,"7":0,"8":0,"9":0,"SIN EDAD DE REFERENCIA":1},"Mujeres":{"1":1,"11":1,"12":1,"13":3,"14":2,"16":3,"17":1,"18":2,"19":2,"21":1,"22":0,"23":0,"25":0,"26":0,"27":0,"28":0,"29":0,"30":0,"31":0,"33":0,"34":0,"37":0,"4":2,"42":0,"43":0,"46":0,"48":0,"63":1,"7":0,"8":0,"9":1,"SIN EDAD DE REFERENCIA":1}},"por_nacionalidad":{"Hombres":{"AUSTRALIANA":1,"MEXICANA":25,"SE DESCONOCE":9},"Indeterminado":{"AUSTRALIANA":0,"MEXICANA":0,"SE DESCONOCE":1},"Mujeres":{"AUSTRALIANA":0,"MEXICANA":21,"SE DESCONOCE":1}}}