{"totales":{"PorcentajeDesaparecidos":"71.39","PorcentajeLocalizados":"28.61","PorcentajeLocalizadosCV":"42.11","PorcentajeLocalizadosSV":"57.89","PorcentajeSoloDesaparecidos":"100.00","PorcentajeSoloNoLocalizados":"0.00","TotalDesaparecidos":"237","TotalGlobal":"332","TotalLocalizados":"95","TotalLocalizadosCV":"40","TotalLocalizadosSV":"55","TotalSoloDesaparecidos":"237","TotalSoloNoLocalizados":"00"},"espacial":{"Hombres":{"ACATLÁN":1,"AJACAYAN":1,"ATZACOALOYA":0,"CHILAPA DE ALVAREZ CENTRO":3,"CONALEP":2,"EL CALVARIO":2,"EL TECOLOTE":0,"EMILIANO ZAPATA":3,"EUCARIA APREZA":1,"JARDINES":4,"LA JOYA":2,"LA QUINTA":1,"LA VILLA":1,"LOS PINOS":1,"LOS ÁNGELES":1,"LÁZARO CÁRDENAS":1,"NUEVO AMANECER":1,"POPULAR":1,"SAN RAFAEL":2,"SIN COLONIA DE REFERENCIA":260,"VALLE DORADO":2,"VISTA HERMOSA":1,"municipio LIBRE":2},"Indeterminado":{"ACATLÁN":0,"AJACAYAN":0,"ATZACOALOYA":0,"CHILAPA DE ALVAREZ CENTRO":0,"CONALEP":0,"EL CALVARIO":0,"EL TECOLOTE":0,"EMILIANO ZAPATA":0,"EUCARIA APREZA":0,"JARDINES":0,"LA JOYA":0,"LA QUINTA":0,"LA VILLA":0,"LOS PINOS":0,"LOS ÁNGELES":0,"LÁZARO CÁRDENAS":0,"NUEVO AMANECER":0,"POPULAR":0,"SAN RAFAEL":0,"SIN COLONIA DE REFERENCIA":0,"VALLE DORADO":0,"VISTA HERMOSA":0,"municipio LIBRE":0},"Mujeres":{"ACATLÁN":0,"AJACAYAN":0,"ATZACOALOYA":1,"CHILAPA DE ALVAREZ CENTRO":0,"CONALEP":0,"EL CALVARIO":0,"EL TECOLOTE":1,"EMILIANO ZAPATA":0,"EUCARIA APREZA":0,"JARDINES":0,"LA JOYA":0,"LA QUINTA":0,"LA VILLA":0,"LOS PINOS":0,"LOS ÁNGELES":0,"LÁZARO CÁRDENAS":0,"NUEVO AMANECER":0,"POPULAR":0,"SAN RAFAEL":1,"SIN COLONIA DE REFERENCIA":35,"VALLE DORADO":0,"VISTA HERMOSA":0,"municipio LIBRE":1}},"anual":{"Hombre":{"1.CIFRA SIN  AÑO DE REFERENCIA":1,"2010":4,"2011":3,"2012":1,"2013":5,"2014":41,"2015":63,"2016":46,"2017":60,"2018":26,"2019":18,"2020":12,"2021":13},"Indeterminado":{"1.CIFRA SIN  AÑO DE REFERENCIA":0,"2010":0,"2011":0,"2012":0,"2013":0,"2014":0,"2015":0,"2016":0,"2017":0,"2018":0,"2019":0,"2020":0,"2021":0},"Mujer":{"1.CIFRA SIN  AÑO DE REFERENCIA":0,"2010":0,"2011":0,"2012":1,"2013":1,"2014":4,"2015":4,"2016":3,"2017":13,"2018":3,"2019":5,"2020":4,"2021":1}},"mensual_ultimo_anio":{"Hombre":{"2020-ABRIL":2,"2020-DICIEMBRE":1,"2020-JUNIO":1,"2020-MAYO":1,"2020-NOVIEMBRE":1,"2020-OCTUBRE":1,"2020-SEPTIEMBRE":2,"2021-ABRIL":1,"2021-ENERO":1,"2021-FEBRERO":5,"2021-JUNIO":5,"2021-MARZO":1},"Indeterminado":{"2020-ABRIL":0,"2020-DICIEMBRE":0,"2020-JUNIO":0,"2020-MAYO":0,"2020-NOVIEMBRE":0,"2020-OCTUBRE":0,"2020-SEPTIEMBRE":0,"2021-ABRIL":0,"2021-ENERO":0,"2021-FEBRERO":0,"2021-JUNIO":0,"2021-MARZO":0},"Mujer":{"2020-ABRIL":0,"2020-DICIEMBRE":1,"2020-JUNIO":1,"2020-MAYO":0,"2020-NOVIEMBRE":0,"2020-OCTUBRE":2,"2020-SEPTIEMBRE":0,"2021-ABRIL":0,"2021-ENERO":0,"2021-FEBRERO":0,"2021-JUNIO":1,"2021-MARZO":0}},"por_edad":{"Hombres":{"12":1,"13":4,"14":4,"15":5,"16":5,"17":10,"18":8,"19":12,"20":15,"21":10,"22":8,"23":19,"24":11,"25":6,"26":13,"27":10,"28":9,"29":5,"3":1,"30":12,"31":5,"32":5,"33":10,"34":11,"35":8,"36":5,"37":6,"38":5,"39":5,"4":0,"40":6,"41":1,"42":6,"43":7,"44":3,"45":7,"46":1,"47":1,"48":2,"49":3,"5":0,"50":2,"51":4,"52":5,"53":2,"54":4,"55":2,"56":2,"57":0,"58":1,"59":1,"6":0,"62":0,"65":1,"68":1,"7":1,"71":1,"SIN EDAD DE REFERENCIA":1},"Indeterminado":{"12":0,"13":0,"14":0,"15":0,"16":0,"17":0,"18":0,"19":0,"20":0,"21":0,"22":0,"23":0,"24":0,"25":0,"26":0,"27":0,"28":0,"29":0,"3":0,"30":0,"31":0,"32":0,"33":0,"34":0,"35":0,"36":0,"37":0,"38":0,"39":0,"4":0,"40":0,"41":0,"42":0,"43":0,"44":0,"45":0,"46":0,"47":0,"48":0,"49":0,"5":0,"50":0,"51":0,"52":0,"53":0,"54":0,"55":0,"56":0,"57":0,"58":0,"59":0,"6":0,"62":0,"65":0,"68":0,"7":0,"71":0,"SIN EDAD DE REFERENCIA":0},"Mujeres":{"12":1,"13":1,"14":3,"15":5,"16":2,"17":0,"18":2,"19":2,"20":0,"21":1,"22":4,"23":1,"24":1,"25":2,"26":1,"27":1,"28":1,"29":0,"3":0,"30":0,"31":1,"32":0,"33":0,"34":1,"35":1,"36":0,"37":0,"38":0,"39":0,"4":1,"40":0,"41":0,"42":0,"43":0,"44":0,"45":0,"46":0,"47":2,"48":0,"49":0,"5":1,"50":0,"51":1,"52":0,"53":0,"54":0,"55":0,"56":0,"57":1,"58":0,"59":0,"6":1,"62":1,"65":0,"68":0,"7":0,"71":0,"SIN EDAD DE REFERENCIA":0}},"por_nacionalidad":{"Hombres":{"MEXICANA":292,"SE DESCONOCE":1},"Indeterminado":{"MEXICANA":0,"SE DESCONOCE":0},"Mujeres":{"MEXICANA":39,"SE DESCONOCE":0}}}