{"totales":{"PorcentajeDesaparecidos":"70.37","PorcentajeLocalizados":"29.63","PorcentajeLocalizadosCV":"75.00","PorcentajeLocalizadosSV":"25.00","PorcentajeSoloDesaparecidos":"84.21","PorcentajeSoloNoLocalizados":"15.79","TotalDesaparecidos":"19","TotalGlobal":"27","TotalLocalizados":"08","TotalLocalizadosCV":"06","TotalLocalizadosSV":"02","TotalSoloDesaparecidos":"16","TotalSoloNoLocalizados":"03"},"espacial":{"Hombres":{"LA ALAMEDA":0,"SANTO DOMINGO":1,"SIN COLONIA DE REFERENCIA":20},"Indeterminado":{"LA ALAMEDA":0,"SANTO DOMINGO":0,"SIN COLONIA DE REFERENCIA":0},"Mujeres":{"LA ALAMEDA":1,"SANTO DOMINGO":0,"SIN COLONIA DE REFERENCIA":5}},"anual":{"Hombre":{"1.CIFRA SIN  AÑO DE REFERENCIA":2,"1969":1,"1971":1,"1978":1,"2007":1,"2012":0,"2013":8,"2014":0,"2015":2,"2017":0,"2018":3,"2020":2},"Indeterminado":{"1.CIFRA SIN  AÑO DE REFERENCIA":0,"1969":0,"1971":0,"1978":0,"2007":0,"2012":0,"2013":0,"2014":0,"2015":0,"2017":0,"2018":0,"2020":0},"Mujer":{"1.CIFRA SIN  AÑO DE REFERENCIA":0,"1969":0,"1971":0,"1978":0,"2007":0,"2012":1,"2013":1,"2014":2,"2015":0,"2017":1,"2018":1,"2020":0}},"mensual_ultimo_anio":{"Hombre":{"2013-AGOSTO":4,"2013-JULIO":2,"2013-OCTUBRE":1,"2014-SEPTIEMBRE":0,"2015-OCTUBRE":1,"2015-SEPTIEMBRE":1,"2017-OCTUBRE":0,"2018-AGOSTO":1,"2018-JUNIO":1,"2018-MARZO":0,"2018-SEPTIEMBRE":1,"2020-OCTUBRE":2},"Indeterminado":{"2013-AGOSTO":0,"2013-JULIO":0,"2013-OCTUBRE":0,"2014-SEPTIEMBRE":0,"2015-OCTUBRE":0,"2015-SEPTIEMBRE":0,"2017-OCTUBRE":0,"2018-AGOSTO":0,"2018-JUNIO":0,"2018-MARZO":0,"2018-SEPTIEMBRE":0,"2020-OCTUBRE":0},"Mujer":{"2013-AGOSTO":0,"2013-JULIO":0,"2013-OCTUBRE":0,"2014-SEPTIEMBRE":2,"2015-OCTUBRE":0,"2015-SEPTIEMBRE":0,"2017-OCTUBRE":1,"2018-AGOSTO":0,"2018-JUNIO":0,"2018-MARZO":1,"2018-SEPTIEMBRE":0,"2020-OCTUBRE":0}},"por_edad":{"Hombres":{"10":1,"13":1,"14":0,"15":0,"18":0,"19":2,"2":0,"22":2,"24":2,"26":1,"27":1,"35":1,"38":2,"39":1,"42":1,"47":1,"62":1,"63":1,"SIN EDAD DE REFERENCIA":3},"Indeterminado":{"10":0,"13":0,"14":0,"15":0,"18":0,"19":0,"2":0,"22":0,"24":0,"26":0,"27":0,"35":0,"38":0,"39":0,"42":0,"47":0,"62":0,"63":0,"SIN EDAD DE REFERENCIA":0},"Mujeres":{"10":0,"13":0,"14":1,"15":1,"18":1,"19":1,"2":1,"22":0,"24":0,"26":1,"27":0,"35":0,"38":0,"39":0,"42":0,"47":0,"62":0,"63":0,"SIN EDAD DE REFERENCIA":0}},"por_nacionalidad":{"Hombres":{"MEXICANA":18,"SE DESCONOCE":3},"Indeterminado":{"MEXICANA":0,"SE DESCONOCE":0},"Mujeres":{"MEXICANA":6,"SE DESCONOCE":0}}}