{"totales":{"PorcentajeDesaparecidos":"47.41","PorcentajeLocalizados":"52.59","PorcentajeLocalizadosCV":"88.87","PorcentajeLocalizadosSV":"11.13","PorcentajeSoloDesaparecidos":"97.94","PorcentajeSoloNoLocalizados":"2.06","TotalDesaparecidos":"486","TotalGlobal":"1025","TotalLocalizados":"539","TotalLocalizadosCV":"479","TotalLocalizadosSV":"60","TotalSoloDesaparecidos":"476","TotalSoloNoLocalizados":"10"},"espacial":{"Hombres":{"10 DE ABRIL":0,"20 DE NOVIEMBRE":1,"24 DE FEBRERO":1,"ACAHUIZOTLA":0,"ALIANZA POPULAR":0,"ANÁHUAC":1,"APANTZINGO":0,"ATLITENCO DE ALTAMIRA":2,"AZTECA":0,"BELLA VISTA":0,"BENITO JUÁREZ":2,"BUENAVISTA DE LA SALUD":2,"BUGAMBILIAS":1,"BURÓCRATA":1,"CAMINOS":1,"CENTRO SCT GUERRERO":1,"CHILPANCINGO DE LOS BRAVOS CENTRO":3,"CIPATLI":0,"CNOP SECC A":2,"CNOP SECC B":1,"CORREGIDORA":0,"CUAUHTÉMOC NORTE":1,"DR. CATALÁN":1,"EDUARDO NERI":0,"EL AMATE":0,"EL CALVARIO":0,"EL ENCANTO":1,"EL HUAJAL":1,"EL MIRADOR NORTE":1,"EL POLVORÍN":5,"EL TOMATAL":0,"ELECTRICISTA":2,"FRANCISCO FIGUEROA MATA":1,"GUADALUPE":1,"GUERRERO":1,"GUERRERO 200":0,"HUACAPITA":1,"IGNACIO MANUEL ALTAMIRANO":4,"INDECO":2,"INDEPENDENCIA":0,"INDIA BONITA":1,"INFONAVIT":0,"JACARANDAS":0,"JARDINES DEL SUR":4,"JUAN N ALVAREZ":0,"LA CIÉNEGA":1,"LA HACIENDITA":1,"LA LADERA":0,"LA TRINCHERA":2,"LAS PALMAS":0,"LAS PETAQUILLAS":3,"LINDAVISTA":0,"LOMA BONITA":1,"LOMAS DE OCOTEPEC":0,"LOMAS DE SAN ANTONIO":0,"LOMAS DE SAN MATEO":1,"LOMAS DE XOCONULCO":1,"LOMAS DEL PONIENTE":1,"LOMAS VERDES":1,"LOS PUENTES":1,"LOS SAUCES":0,"LOS ÁNGELES":6,"MAGISTERIAL":1,"MARGARITA VIGURI":0,"MOCTEZUMA":0,"MOHONERAS":1,"MORELOS":1,"NICOLÁS BRAVO":1,"NUEVO HORIZONTE":1,"OBRERA":2,"OCOZUAPA":1,"OMBU":1,"OMILTEMI":1,"PALUDISMO":0,"PINO SUÁREZ":1,"PPS":0,"PRD":9,"PRI":1,"PRIMER CONGRESO DE ANÁHUAC":0,"PRIMERO DE MAYO SOLIDARIDAD":0,"PROGRESO":2,"PRT":1,"REFORMA":2,"RENACIMIENTO":3,"RICARDO FLORES MAGÓN":2,"ROSARIO IBARRA":0,"RUBÉN MORA":0,"RUFFO FIGUEROA":0,"SAN FRANCISCO":1,"SAN ISIDRO":1,"SAN JOSÉ":0,"SAN JUAN":1,"SAN MATEO":3,"SAN MIGUELITO":2,"SAN PEDRO":1,"SAN RAFAEL":1,"SAN RAFAEL NORTE":2,"SAN RAFAEL ORIENTE":1,"SATÉLITE":1,"SIN COLONIA DE REFERENCIA":469,"SUSPEG SECC VII":0,"TEPOLSINGO":0,"TEQUICORRAL":1,"TIERRAS PRIETAS":0,"TIMOTLÁN":0,"TLAHUIZAPA":1,"UNIVERSAL":2,"UNIVERSIDAD":0,"VALLE VERDE":0,"VICENTE GUERRERO":0,"VISTA ALEGRE":1,"VISTA HERMOSA":2,"ÁNGEL AGUIRRE RIVERO":0},"Indeterminado":{"10 DE ABRIL":0,"20 DE NOVIEMBRE":0,"24 DE FEBRERO":0,"ACAHUIZOTLA":0,"ALIANZA POPULAR":0,"ANÁHUAC":0,"APANTZINGO":0,"ATLITENCO DE ALTAMIRA":0,"AZTECA":0,"BELLA VISTA":0,"BENITO JUÁREZ":0,"BUENAVISTA DE LA SALUD":0,"BUGAMBILIAS":0,"BURÓCRATA":0,"CAMINOS":0,"CENTRO SCT GUERRERO":0,"CHILPANCINGO DE LOS BRAVOS CENTRO":0,"CIPATLI":0,"CNOP SECC A":0,"CNOP SECC B":0,"CORREGIDORA":0,"CUAUHTÉMOC NORTE":0,"DR. CATALÁN":0,"EDUARDO NERI":0,"EL AMATE":0,"EL CALVARIO":0,"EL ENCANTO":0,"EL HUAJAL":0,"EL MIRADOR NORTE":0,"EL POLVORÍN":0,"EL TOMATAL":0,"ELECTRICISTA":0,"FRANCISCO FIGUEROA MATA":0,"GUADALUPE":0,"GUERRERO":0,"GUERRERO 200":0,"HUACAPITA":0,"IGNACIO MANUEL ALTAMIRANO":0,"INDECO":0,"INDEPENDENCIA":0,"INDIA BONITA":0,"INFONAVIT":0,"JACARANDAS":0,"JARDINES DEL SUR":0,"JUAN N ALVAREZ":0,"LA CIÉNEGA":0,"LA HACIENDITA":0,"LA LADERA":0,"LA TRINCHERA":0,"LAS PALMAS":0,"LAS PETAQUILLAS":0,"LINDAVISTA":0,"LOMA BONITA":0,"LOMAS DE OCOTEPEC":0,"LOMAS DE SAN ANTONIO":0,"LOMAS DE SAN MATEO":0,"LOMAS DE XOCONULCO":0,"LOMAS DEL PONIENTE":0,"LOMAS VERDES":0,"LOS PUENTES":0,"LOS SAUCES":0,"LOS ÁNGELES":0,"MAGISTERIAL":0,"MARGARITA VIGURI":0,"MOCTEZUMA":0,"MOHONERAS":0,"MORELOS":0,"NICOLÁS BRAVO":0,"NUEVO HORIZONTE":0,"OBRERA":0,"OCOZUAPA":0,"OMBU":0,"OMILTEMI":0,"PALUDISMO":0,"PINO SUÁREZ":0,"PPS":0,"PRD":0,"PRI":0,"PRIMER CONGRESO DE ANÁHUAC":0,"PRIMERO DE MAYO SOLIDARIDAD":0,"PROGRESO":0,"PRT":0,"REFORMA":0,"RENACIMIENTO":0,"RICARDO FLORES MAGÓN":0,"ROSARIO IBARRA":0,"RUBÉN MORA":0,"RUFFO FIGUEROA":0,"SAN FRANCISCO":0,"SAN ISIDRO":0,"SAN JOSÉ":0,"SAN JUAN":0,"SAN MATEO":0,"SAN MIGUELITO":0,"SAN PEDRO":0,"SAN RAFAEL":0,"SAN RAFAEL NORTE":0,"SAN RAFAEL ORIENTE":0,"SATÉLITE":0,"SIN COLONIA DE REFERENCIA":0,"SUSPEG SECC VII":0,"TEPOLSINGO":0,"TEQUICORRAL":0,"TIERRAS PRIETAS":0,"TIMOTLÁN":0,"TLAHUIZAPA":0,"UNIVERSAL":0,"UNIVERSIDAD":0,"VALLE VERDE":0,"VICENTE GUERRERO":0,"VISTA ALEGRE":0,"VISTA HERMOSA":0,"ÁNGEL AGUIRRE RIVERO":0},"Mujeres":{"10 DE ABRIL":1,"20 DE NOVIEMBRE":1,"24 DE FEBRERO":2,"ACAHUIZOTLA":1,"ALIANZA POPULAR":1,"ANÁHUAC":0,"APANTZINGO":1,"ATLITENCO DE ALTAMIRA":1,"AZTECA":1,"BELLA VISTA":1,"BENITO JUÁREZ":3,"BUENAVISTA DE LA SALUD":0,"BUGAMBILIAS":0,"BURÓCRATA":0,"CAMINOS":5,"CENTRO SCT GUERRERO":0,"CHILPANCINGO DE LOS BRAVOS CENTRO":3,"CIPATLI":1,"CNOP SECC A":0,"CNOP SECC B":0,"CORREGIDORA":1,"CUAUHTÉMOC NORTE":1,"DR. CATALÁN":0,"EDUARDO NERI":1,"EL AMATE":2,"EL CALVARIO":3,"EL ENCANTO":1,"EL HUAJAL":0,"EL MIRADOR NORTE":1,"EL POLVORÍN":0,"EL TOMATAL":1,"ELECTRICISTA":0,"FRANCISCO FIGUEROA MATA":0,"GUADALUPE":0,"GUERRERO":0,"GUERRERO 200":1,"HUACAPITA":0,"IGNACIO MANUEL ALTAMIRANO":3,"INDECO":1,"INDEPENDENCIA":1,"INDIA BONITA":0,"INFONAVIT":1,"JACARANDAS":1,"JARDINES DEL SUR":3,"JUAN N ALVAREZ":1,"LA CIÉNEGA":0,"LA HACIENDITA":0,"LA LADERA":2,"LA TRINCHERA":0,"LAS PALMAS":1,"LAS PETAQUILLAS":2,"LINDAVISTA":1,"LOMA BONITA":0,"LOMAS DE OCOTEPEC":1,"LOMAS DE SAN ANTONIO":1,"LOMAS DE SAN MATEO":0,"LOMAS DE XOCONULCO":0,"LOMAS DEL PONIENTE":0,"LOMAS VERDES":0,"LOS PUENTES":1,"LOS SAUCES":2,"LOS ÁNGELES":1,"MAGISTERIAL":0,"MARGARITA VIGURI":1,"MOCTEZUMA":2,"MOHONERAS":2,"MORELOS":0,"NICOLÁS BRAVO":2,"NUEVO HORIZONTE":0,"OBRERA":1,"OCOZUAPA":0,"OMBU":0,"OMILTEMI":0,"PALUDISMO":2,"PINO SUÁREZ":0,"PPS":2,"PRD":2,"PRI":1,"PRIMER CONGRESO DE ANÁHUAC":1,"PRIMERO DE MAYO SOLIDARIDAD":1,"PROGRESO":1,"PRT":0,"REFORMA":0,"RENACIMIENTO":1,"RICARDO FLORES MAGÓN":0,"ROSARIO IBARRA":1,"RUBÉN MORA":2,"RUFFO FIGUEROA":1,"SAN FRANCISCO":0,"SAN ISIDRO":0,"SAN JOSÉ":2,"SAN JUAN":0,"SAN MATEO":2,"SAN MIGUELITO":0,"SAN PEDRO":0,"SAN RAFAEL":0,"SAN RAFAEL NORTE":1,"SAN RAFAEL ORIENTE":4,"SATÉLITE":0,"SIN COLONIA DE REFERENCIA":327,"SUSPEG SECC VII":1,"TEPOLSINGO":1,"TEQUICORRAL":2,"TIERRAS PRIETAS":1,"TIMOTLÁN":1,"TLAHUIZAPA":0,"UNIVERSAL":0,"UNIVERSIDAD":1,"VALLE VERDE":1,"VICENTE GUERRERO":1,"VISTA ALEGRE":0,"VISTA HERMOSA":2,"ÁNGEL AGUIRRE RIVERO":1}},"anual":{"Hombre":{"1.CIFRA SIN  AÑO DE REFERENCIA":6,"1973":3,"1976":0,"1977":2,"1978":2,"1999":1,"2007":3,"2008":3,"2009":2,"2010":7,"2011":17,"2012":43,"2013":75,"2014":27,"2015":31,"2016":70,"2017":97,"2018":74,"2019":67,"2020":40,"2021":21},"Indeterminado":{"1.CIFRA SIN  AÑO DE REFERENCIA":0,"1973":0,"1976":0,"1977":0,"1978":0,"1999":0,"2007":0,"2008":0,"2009":0,"2010":0,"2011":0,"2012":0,"2013":0,"2014":0,"2015":0,"2016":0,"2017":0,"2018":0,"2019":0,"2020":0,"2021":0},"Mujer":{"1.CIFRA SIN  AÑO DE REFERENCIA":1,"1973":0,"1976":1,"1977":0,"1978":0,"1999":0,"2007":2,"2008":0,"2009":0,"2010":1,"2011":9,"2012":28,"2013":48,"2014":16,"2015":32,"2016":46,"2017":79,"2018":80,"2019":44,"2020":27,"2021":20}},"mensual_ultimo_anio":{"Hombre":{"2020-AGOSTO":5,"2020-DICIEMBRE":3,"2020-NOVIEMBRE":3,"2020-OCTUBRE":1,"2020-SEPTIEMBRE":5,"2021-ABRIL":1,"2021-ENERO":7,"2021-FEBRERO":3,"2021-JULIO":1,"2021-JUNIO":3,"2021-MARZO":1,"2021-MAYO":5},"Indeterminado":{"2020-AGOSTO":0,"2020-DICIEMBRE":0,"2020-NOVIEMBRE":0,"2020-OCTUBRE":0,"2020-SEPTIEMBRE":0,"2021-ABRIL":0,"2021-ENERO":0,"2021-FEBRERO":0,"2021-JULIO":0,"2021-JUNIO":0,"2021-MARZO":0,"2021-MAYO":0},"Mujer":{"2020-AGOSTO":5,"2020-DICIEMBRE":3,"2020-NOVIEMBRE":3,"2020-OCTUBRE":1,"2020-SEPTIEMBRE":1,"2021-ABRIL":3,"2021-ENERO":2,"2021-FEBRERO":4,"2021-JULIO":0,"2021-JUNIO":2,"2021-MARZO":9,"2021-MAYO":0}},"por_edad":{"Hombres":{"0":5,"1":6,"10":3,"11":5,"12":4,"13":11,"14":6,"15":8,"16":19,"17":18,"18":14,"19":20,"2":1,"20":18,"21":23,"22":13,"23":15,"24":26,"25":13,"26":14,"27":21,"28":18,"29":14,"3":5,"30":14,"31":10,"32":14,"33":15,"34":9,"35":6,"36":16,"37":11,"38":11,"39":6,"4":5,"40":11,"41":11,"42":18,"43":6,"44":4,"45":8,"46":6,"47":13,"48":8,"49":4,"5":3,"50":8,"51":5,"52":6,"53":4,"54":2,"55":5,"56":3,"57":4,"58":1,"59":3,"6":2,"60":1,"61":1,"63":2,"65":1,"69":2,"7":3,"72":2,"76":1,"78":2,"79":1,"8":2,"80":1,"81":1,"82":0,"84":1,"85":0,"9":4,"95":1,"SIN EDAD DE REFERENCIA":13},"Indeterminado":{"0":0,"1":0,"10":0,"11":0,"12":0,"13":0,"14":0,"15":0,"16":0,"17":0,"18":0,"19":0,"2":0,"20":0,"21":0,"22":0,"23":0,"24":0,"25":0,"26":0,"27":0,"28":0,"29":0,"3":0,"30":0,"31":0,"32":0,"33":0,"34":0,"35":0,"36":0,"37":0,"38":0,"39":0,"4":0,"40":0,"41":0,"42":0,"43":0,"44":0,"45":0,"46":0,"47":0,"48":0,"49":0,"5":0,"50":0,"51":0,"52":0,"53":0,"54":0,"55":0,"56":0,"57":0,"58":0,"59":0,"6":0,"60":0,"61":0,"63":0,"65":0,"69":0,"7":0,"72":0,"76":0,"78":0,"79":0,"8":0,"80":0,"81":0,"82":0,"84":0,"85":0,"9":0,"95":0,"SIN EDAD DE REFERENCIA":0},"Mujeres":{"0":1,"1":7,"10":2,"11":7,"12":11,"13":25,"14":51,"15":43,"16":43,"17":38,"18":16,"19":19,"2":5,"20":16,"21":14,"22":9,"23":9,"24":8,"25":8,"26":1,"27":7,"28":7,"29":2,"3":3,"30":5,"31":4,"32":2,"33":2,"34":0,"35":1,"36":3,"37":5,"38":5,"39":5,"4":3,"40":2,"41":2,"42":3,"43":2,"44":1,"45":1,"46":1,"47":3,"48":0,"49":1,"5":2,"50":3,"51":2,"52":0,"53":0,"54":1,"55":1,"56":0,"57":0,"58":1,"59":1,"6":4,"60":2,"61":1,"63":0,"65":0,"69":0,"7":4,"72":0,"76":0,"78":0,"79":0,"8":0,"80":0,"81":0,"82":1,"84":0,"85":1,"9":4,"95":0,"SIN EDAD DE REFERENCIA":3}},"por_nacionalidad":{"Hombres":{"ESTADOUNIDENSE":0,"GUATEMALTECA":1,"MEXICANA":581,"SE DESCONOCE":8,"SIN NACIONALIDAD DE REFERENCIA":0,"VENEZOLANA":1},"Indeterminado":{"ESTADOUNIDENSE":0,"GUATEMALTECA":0,"MEXICANA":0,"SE DESCONOCE":0,"SIN NACIONALIDAD DE REFERENCIA":0,"VENEZOLANA":0},"Mujeres":{"ESTADOUNIDENSE":1,"GUATEMALTECA":0,"MEXICANA":430,"SE DESCONOCE":2,"SIN NACIONALIDAD DE REFERENCIA":1,"VENEZOLANA":0}}}