{"totales":{"PorcentajeDesaparecidos":"65.38","PorcentajeLocalizados":"34.62","PorcentajeLocalizadosCV":"88.89","PorcentajeLocalizadosSV":"11.11","PorcentajeSoloDesaparecidos":"100.00","PorcentajeSoloNoLocalizados":"0.00","TotalDesaparecidos":"17","TotalGlobal":"26","TotalLocalizados":"09","TotalLocalizadosCV":"08","TotalLocalizadosSV":"01","TotalSoloDesaparecidos":"17","TotalSoloNoLocalizados":"00"},"espacial":{"Hombres":{"BENITO JUÁREZ":1,"HUITZUCO CENTRO":1,"LA LAMA":1,"SIN COLONIA DE REFERENCIA":15},"Indeterminado":{"BENITO JUÁREZ":0,"HUITZUCO CENTRO":0,"LA LAMA":0,"SIN COLONIA DE REFERENCIA":0},"Mujeres":{"BENITO JUÁREZ":0,"HUITZUCO CENTRO":1,"LA LAMA":0,"SIN COLONIA DE REFERENCIA":7}},"anual":{"Hombre":{"2010":1,"2012":2,"2013":1,"2014":1,"2015":0,"2016":1,"2017":5,"2018":3,"2019":2,"2021":2},"Indeterminado":{"2010":0,"2012":0,"2013":0,"2014":0,"2015":0,"2016":0,"2017":0,"2018":0,"2019":0,"2021":0},"Mujer":{"2010":0,"2012":1,"2013":0,"2014":0,"2015":1,"2016":1,"2017":0,"2018":2,"2019":3,"2021":0}},"mensual_ultimo_anio":{"Hombre":{"2017-ABRIL":1,"2017-AGOSTO":1,"2017-OCTUBRE":1,"2017-SEPTIEMBRE":1,"2018-DICIEMBRE":1,"2018-MAYO":1,"2018-SEPTIEMBRE":1,"2019-AGOSTO":1,"2019-JUNIO":1,"2019-MARZO":0,"2021-JULIO":1,"2021-JUNIO":1},"Indeterminado":{"2017-ABRIL":0,"2017-AGOSTO":0,"2017-OCTUBRE":0,"2017-SEPTIEMBRE":0,"2018-DICIEMBRE":0,"2018-MAYO":0,"2018-SEPTIEMBRE":0,"2019-AGOSTO":0,"2019-JUNIO":0,"2019-MARZO":0,"2021-JULIO":0,"2021-JUNIO":0},"Mujer":{"2017-ABRIL":0,"2017-AGOSTO":0,"2017-OCTUBRE":0,"2017-SEPTIEMBRE":0,"2018-DICIEMBRE":1,"2018-MAYO":1,"2018-SEPTIEMBRE":0,"2019-AGOSTO":0,"2019-JUNIO":2,"2019-MARZO":1,"2021-JULIO":0,"2021-JUNIO":0}},"por_edad":{"Hombres":{"12":0,"14":0,"15":1,"16":0,"18":0,"20":0,"21":2,"23":1,"27":1,"28":2,"30":1,"35":0,"38":1,"40":1,"42":1,"47":1,"48":1,"49":1,"50":1,"53":1,"63":1,"SIN EDAD DE REFERENCIA":1},"Indeterminado":{"12":0,"14":0,"15":0,"16":0,"18":0,"20":0,"21":0,"23":0,"27":0,"28":0,"30":0,"35":0,"38":0,"40":0,"42":0,"47":0,"48":0,"49":0,"50":0,"53":0,"63":0,"SIN EDAD DE REFERENCIA":0},"Mujeres":{"12":1,"14":2,"15":0,"16":2,"18":1,"20":1,"21":0,"23":0,"27":0,"28":0,"30":0,"35":1,"38":0,"40":0,"42":0,"47":0,"48":0,"49":0,"50":0,"53":0,"63":0,"SIN EDAD DE REFERENCIA":0}},"por_nacionalidad":{"Hombres":{"MEXICANA":18},"Indeterminado":{"MEXICANA":0},"Mujeres":{"MEXICANA":8}}}