{"totales":{"PorcentajeDesaparecidos":"66.67","PorcentajeLocalizados":"33.33","PorcentajeLocalizadosCV":"100.00","PorcentajeLocalizadosSV":"0.00","PorcentajeSoloDesaparecidos":"92.86","PorcentajeSoloNoLocalizados":"7.14","TotalDesaparecidos":"14","TotalGlobal":"21","TotalLocalizados":"07","TotalLocalizadosCV":"07","TotalLocalizadosSV":"00","TotalSoloDesaparecidos":"13","TotalSoloNoLocalizados":"01"},"espacial":{"Hombres":{"BARRIO NUEVO":0,"BARRIO VIEJO":0,"CONVERGENCIA":1,"DARÍO GALEANA":2,"LA PAROTA":1,"LA PUERTA":1,"LOS ACHOTES":0,"MORELOS":2,"PRIMER PASO CARDENISTA":1,"SIN COLONIA DE REFERENCIA":5,"ZIHUATANEJO CENTRO":1},"Indeterminado":{"BARRIO NUEVO":0,"BARRIO VIEJO":0,"CONVERGENCIA":0,"DARÍO GALEANA":0,"LA PAROTA":0,"LA PUERTA":0,"LOS ACHOTES":0,"MORELOS":0,"PRIMER PASO CARDENISTA":0,"SIN COLONIA DE REFERENCIA":0,"ZIHUATANEJO CENTRO":0},"Mujeres":{"BARRIO NUEVO":1,"BARRIO VIEJO":1,"CONVERGENCIA":0,"DARÍO GALEANA":0,"LA PAROTA":0,"LA PUERTA":0,"LOS ACHOTES":1,"MORELOS":0,"PRIMER PASO CARDENISTA":0,"SIN COLONIA DE REFERENCIA":4,"ZIHUATANEJO CENTRO":0}},"anual":{"Hombre":{"2010":1,"2011":1,"2013":1,"2015":2,"2016":1,"2017":1,"2019":0,"2020":7},"Indeterminado":{"2010":0,"2011":0,"2013":0,"2015":0,"2016":0,"2017":0,"2019":0,"2020":0},"Mujer":{"2010":0,"2011":0,"2013":0,"2015":3,"2016":2,"2017":0,"2019":1,"2020":1}},"mensual_ultimo_anio":{"Hombre":{"2015-MAYO":1,"2015-SEPTIEMBRE":1,"2016-AGOSTO":0,"2016-SEPTIEMBRE":1,"2017-NOVIEMBRE":1,"2019-DICIEMBRE":0,"2020-AGOSTO":1,"2020-DICIEMBRE":1,"2020-JUNIO":2,"2020-MARZO":1,"2020-MAYO":1,"2020-OCTUBRE":1},"Indeterminado":{"2015-MAYO":0,"2015-SEPTIEMBRE":0,"2016-AGOSTO":0,"2016-SEPTIEMBRE":0,"2017-NOVIEMBRE":0,"2019-DICIEMBRE":0,"2020-AGOSTO":0,"2020-DICIEMBRE":0,"2020-JUNIO":0,"2020-MARZO":0,"2020-MAYO":0,"2020-OCTUBRE":0},"Mujer":{"2015-MAYO":0,"2015-SEPTIEMBRE":0,"2016-AGOSTO":2,"2016-SEPTIEMBRE":0,"2017-NOVIEMBRE":0,"2019-DICIEMBRE":1,"2020-AGOSTO":0,"2020-DICIEMBRE":1,"2020-JUNIO":0,"2020-MARZO":0,"2020-MAYO":0,"2020-OCTUBRE":0}},"por_edad":{"Hombres":{"1":0,"13":0,"14":0,"16":0,"17":1,"21":1,"25":1,"30":1,"34":1,"36":1,"37":1,"39":1,"43":0,"44":2,"48":1,"58":1,"62":1,"63":1},"Indeterminado":{"1":0,"13":0,"14":0,"16":0,"17":0,"21":0,"25":0,"30":0,"34":0,"36":0,"37":0,"39":0,"43":0,"44":0,"48":0,"58":0,"62":0,"63":0},"Mujeres":{"1":1,"13":1,"14":1,"16":2,"17":1,"21":0,"25":0,"30":0,"34":0,"36":0,"37":0,"39":0,"43":1,"44":0,"48":0,"58":0,"62":0,"63":0}},"por_nacionalidad":{"Hombres":{"MEXICANA":14},"Indeterminado":{"MEXICANA":0},"Mujeres":{"MEXICANA":7}}}