{"totales":{"PorcentajeDesaparecidos":"87.50","PorcentajeLocalizados":"12.50","PorcentajeLocalizadosCV":"100.00","PorcentajeLocalizadosSV":"0.00","PorcentajeSoloDesaparecidos":"100.00","PorcentajeSoloNoLocalizados":"0.00","TotalDesaparecidos":"07","TotalGlobal":"08","TotalLocalizados":"01","TotalLocalizadosCV":"01","TotalLocalizadosSV":"00","TotalSoloDesaparecidos":"07","TotalSoloNoLocalizados":"00"},"espacial":{"Hombres":{"SIN COLONIA DE REFERENCIA":7},"Indeterminado":{"SIN COLONIA DE REFERENCIA":0},"Mujeres":{"SIN COLONIA DE REFERENCIA":1}},"anual":{"Hombre":{"2011":0,"2015":2,"2017":1,"2018":1,"2019":3},"Indeterminado":{"2011":0,"2015":0,"2017":0,"2018":0,"2019":0},"Mujer":{"2011":1,"2015":0,"2017":0,"2018":0,"2019":0}},"mensual_ultimo_anio":{"Hombre":{"2011-AGOSTO":0,"2015-DICIEMBRE":1,"2015-MARZO":1,"2017-NOVIEMBRE":1,"2018-JUNIO":1,"2019-DICIEMBRE":1,"2019-ENERO":1,"2019-JUNIO":1},"Indeterminado":{"2011-AGOSTO":0,"2015-DICIEMBRE":0,"2015-MARZO":0,"2017-NOVIEMBRE":0,"2018-JUNIO":0,"2019-DICIEMBRE":0,"2019-ENERO":0,"2019-JUNIO":0},"Mujer":{"2011-AGOSTO":1,"2015-DICIEMBRE":0,"2015-MARZO":0,"2017-NOVIEMBRE":0,"2018-JUNIO":0,"2019-DICIEMBRE":0,"2019-ENERO":0,"2019-JUNIO":0}},"por_edad":{"Hombres":{"0":0,"22":1,"26":1,"33":1,"39":1,"41":1,"44":1,"52":1},"Indeterminado":{"0":0,"22":0,"26":0,"33":0,"39":0,"41":0,"44":0,"52":0},"Mujeres":{"0":1,"22":0,"26":0,"33":0,"39":0,"41":0,"44":0,"52":0}},"por_nacionalidad":{"Hombres":{"MEXICANA":7},"Indeterminado":{"MEXICANA":0},"Mujeres":{"MEXICANA":1}}}