{"totales":{"PorcentajeDesaparecidos":"84.21","PorcentajeLocalizados":"15.79","PorcentajeLocalizadosCV":"66.67","PorcentajeLocalizadosSV":"33.33","PorcentajeSoloDesaparecidos":"100.00","PorcentajeSoloNoLocalizados":"0.00","TotalDesaparecidos":"16","TotalGlobal":"19","TotalLocalizados":"03","TotalLocalizadosCV":"02","TotalLocalizadosSV":"01","TotalSoloDesaparecidos":"16","TotalSoloNoLocalizados":"00"},"espacial":{"Hombres":{"NOPALAR":1,"SIN COLONIA DE REFERENCIA":15},"Indeterminado":{"NOPALAR":0,"SIN COLONIA DE REFERENCIA":0},"Mujeres":{"NOPALAR":0,"SIN COLONIA DE REFERENCIA":3}},"anual":{"Hombre":{"2009":0,"2010":1,"2011":3,"2013":1,"2014":2,"2015":3,"2017":4,"2018":1,"2021":1},"Indeterminado":{"2009":0,"2010":0,"2011":0,"2013":0,"2014":0,"2015":0,"2017":0,"2018":0,"2021":0},"Mujer":{"2009":1,"2010":0,"2011":0,"2013":0,"2014":1,"2015":1,"2017":0,"2018":0,"2021":0}},"mensual_ultimo_anio":{"Hombre":{"2011-DICIEMBRE":1,"2013-NOVIEMBRE":1,"2014-ABRIL":0,"2014-JUNIO":1,"2014-MAYO":1,"2015-JULIO":2,"2015-MAYO":0,"2015-OCTUBRE":1,"2017-FEBRERO":1,"2017-MARZO":3,"2018-MARZO":1,"2021-ENERO":1},"Indeterminado":{"2011-DICIEMBRE":0,"2013-NOVIEMBRE":0,"2014-ABRIL":0,"2014-JUNIO":0,"2014-MAYO":0,"2015-JULIO":0,"2015-MAYO":0,"2015-OCTUBRE":0,"2017-FEBRERO":0,"2017-MARZO":0,"2018-MARZO":0,"2021-ENERO":0},"Mujer":{"2011-DICIEMBRE":0,"2013-NOVIEMBRE":0,"2014-ABRIL":1,"2014-JUNIO":0,"2014-MAYO":0,"2015-JULIO":0,"2015-MAYO":1,"2015-OCTUBRE":0,"2017-FEBRERO":0,"2017-MARZO":0,"2018-MARZO":0,"2021-ENERO":0}},"por_edad":{"Hombres":{"16":1,"18":0,"26":1,"32":1,"34":2,"38":1,"39":3,"44":1,"46":1,"47":0,"51":1,"55":1,"57":1,"61":1,"62":1},"Indeterminado":{"16":0,"18":0,"26":0,"32":0,"34":0,"38":0,"39":0,"44":0,"46":0,"47":0,"51":0,"55":0,"57":0,"61":0,"62":0},"Mujeres":{"16":0,"18":1,"26":0,"32":0,"34":0,"38":0,"39":0,"44":0,"46":1,"47":1,"51":0,"55":0,"57":0,"61":0,"62":0}},"por_nacionalidad":{"Hombres":{"MEXICANA":16},"Indeterminado":{"MEXICANA":0},"Mujeres":{"MEXICANA":3}}}