{"totales":{"PorcentajeDesaparecidos":"87.50","PorcentajeLocalizados":"12.50","PorcentajeLocalizadosCV":"100.00","PorcentajeLocalizadosSV":"0.00","PorcentajeSoloDesaparecidos":"100.00","PorcentajeSoloNoLocalizados":"0.00","TotalDesaparecidos":"07","TotalGlobal":"08","TotalLocalizados":"01","TotalLocalizadosCV":"01","TotalLocalizadosSV":"00","TotalSoloDesaparecidos":"07","TotalSoloNoLocalizados":"00"},"espacial":{"Hombres":{"IXCATEOPAN DE CUAUHTÉMOC":0,"SIN COLONIA DE REFERENCIA":5},"Indeterminado":{"IXCATEOPAN DE CUAUHTÉMOC":0,"SIN COLONIA DE REFERENCIA":0},"Mujeres":{"IXCATEOPAN DE CUAUHTÉMOC":1,"SIN COLONIA DE REFERENCIA":2}},"anual":{"Hombre":{"2007":1,"2013":2,"2014":1,"2018":1,"2020":0},"Indeterminado":{"2007":0,"2013":0,"2014":0,"2018":0,"2020":0},"Mujer":{"2007":0,"2013":2,"2014":0,"2018":0,"2020":1}},"mensual_ultimo_anio":{"Hombre":{"2007-FEBRERO":1,"2013-ENERO":0,"2013-JUNIO":2,"2014-SEPTIEMBRE":1,"2018-JULIO":1,"2020-JUNIO":0},"Indeterminado":{"2007-FEBRERO":0,"2013-ENERO":0,"2013-JUNIO":0,"2014-SEPTIEMBRE":0,"2018-JULIO":0,"2020-JUNIO":0},"Mujer":{"2007-FEBRERO":0,"2013-ENERO":1,"2013-JUNIO":1,"2014-SEPTIEMBRE":0,"2018-JULIO":0,"2020-JUNIO":1}},"por_edad":{"Hombres":{"16":0,"18":1,"20":1,"27":0,"32":0,"39":1,"63":1,"72":1},"Indeterminado":{"16":0,"18":0,"20":0,"27":0,"32":0,"39":0,"63":0,"72":0},"Mujeres":{"16":1,"18":0,"20":0,"27":1,"32":1,"39":0,"63":0,"72":0}},"por_nacionalidad":{"Hombres":{"MEXICANA":5},"Indeterminado":{"MEXICANA":0},"Mujeres":{"MEXICANA":3}}}