{"totales":{"PorcentajeDesaparecidos":"80.00","PorcentajeLocalizados":"20.00","PorcentajeLocalizadosCV":"100.00","PorcentajeLocalizadosSV":"0.00","PorcentajeSoloDesaparecidos":"100.00","PorcentajeSoloNoLocalizados":"0.00","TotalDesaparecidos":"04","TotalGlobal":"05","TotalLocalizados":"01","TotalLocalizadosCV":"01","TotalLocalizadosSV":"00","TotalSoloDesaparecidos":"04","TotalSoloNoLocalizados":"00"},"espacial":{"Hombres":{"ACAPETLAHUAYA":0,"SIN COLONIA DE REFERENCIA":4},"Indeterminado":{"ACAPETLAHUAYA":0,"SIN COLONIA DE REFERENCIA":0},"Mujeres":{"ACAPETLAHUAYA":1,"SIN COLONIA DE REFERENCIA":0}},"anual":{"Hombre":{"2015":1,"2016":3,"2019":0},"Indeterminado":{"2015":0,"2016":0,"2019":0},"Mujer":{"2015":0,"2016":0,"2019":1}},"mensual_ultimo_anio":{"Hombre":{"2015-NOVIEMBRE":1,"2016-MAYO":3,"2019-MAYO":0},"Indeterminado":{"2015-NOVIEMBRE":0,"2016-MAYO":0,"2019-MAYO":0},"Mujer":{"2015-NOVIEMBRE":0,"2016-MAYO":0,"2019-MAYO":1}},"por_edad":{"Hombres":{"18":0,"19":1,"20":1,"39":2},"Indeterminado":{"18":0,"19":0,"20":0,"39":0},"Mujeres":{"18":1,"19":0,"20":0,"39":0}},"por_nacionalidad":{"Hombres":{"MEXICANA":4},"Indeterminado":{"MEXICANA":0},"Mujeres":{"MEXICANA":1}}}