{"totales":{"PorcentajeDesaparecidos":"52.78","PorcentajeLocalizados":"47.22","PorcentajeLocalizadosCV":"76.47","PorcentajeLocalizadosSV":"23.53","PorcentajeSoloDesaparecidos":"100.00","PorcentajeSoloNoLocalizados":"0.00","TotalDesaparecidos":"19","TotalGlobal":"36","TotalLocalizados":"17","TotalLocalizadosCV":"13","TotalLocalizadosSV":"04","TotalSoloDesaparecidos":"19","TotalSoloNoLocalizados":"00"},"espacial":{"Hombres":{"PALO GORDO":1,"RUFO FIGUEROA":1,"SAN ISIDRO":0,"SAN JOSÉ":0,"SIN COLONIA DE REFERENCIA":25,"TIERRA COLORADA CENTRO":1},"Indeterminado":{"PALO GORDO":0,"RUFO FIGUEROA":0,"SAN ISIDRO":0,"SAN JOSÉ":0,"SIN COLONIA DE REFERENCIA":0,"TIERRA COLORADA CENTRO":0},"Mujeres":{"PALO GORDO":0,"RUFO FIGUEROA":0,"SAN ISIDRO":1,"SAN JOSÉ":1,"SIN COLONIA DE REFERENCIA":4,"TIERRA COLORADA CENTRO":2}},"anual":{"Hombre":{"1.CIFRA SIN  AÑO DE REFERENCIA":1,"1974":2,"2008":1,"2013":2,"2014":2,"2015":5,"2016":6,"2017":4,"2018":1,"2019":1,"2020":3,"2021":0},"Indeterminado":{"1.CIFRA SIN  AÑO DE REFERENCIA":0,"1974":0,"2008":0,"2013":0,"2014":0,"2015":0,"2016":0,"2017":0,"2018":0,"2019":0,"2020":0,"2021":0},"Mujer":{"1.CIFRA SIN  AÑO DE REFERENCIA":0,"1974":0,"2008":0,"2013":1,"2014":0,"2015":3,"2016":0,"2017":0,"2018":1,"2019":0,"2020":2,"2021":1}},"mensual_ultimo_anio":{"Hombre":{"2016-NOVIEMBRE":1,"2017-AGOSTO":1,"2017-ENERO":1,"2017-JULIO":1,"2017-MAYO":1,"2018-JUNIO":0,"2018-SEPTIEMBRE":1,"2019-ENERO":1,"2020-ABRIL":1,"2020-JULIO":1,"2020-MARZO":1,"2021-MARZO":0},"Indeterminado":{"2016-NOVIEMBRE":0,"2017-AGOSTO":0,"2017-ENERO":0,"2017-JULIO":0,"2017-MAYO":0,"2018-JUNIO":0,"2018-SEPTIEMBRE":0,"2019-ENERO":0,"2020-ABRIL":0,"2020-JULIO":0,"2020-MARZO":0,"2021-MARZO":0},"Mujer":{"2016-NOVIEMBRE":0,"2017-AGOSTO":0,"2017-ENERO":0,"2017-JULIO":0,"2017-MAYO":0,"2018-JUNIO":1,"2018-SEPTIEMBRE":0,"2019-ENERO":0,"2020-ABRIL":0,"2020-JULIO":2,"2020-MARZO":0,"2021-MARZO":1}},"por_edad":{"Hombres":{"0":0,"16":0,"17":1,"18":0,"21":2,"22":1,"23":4,"26":3,"28":1,"29":1,"3":1,"31":2,"34":1,"35":1,"36":3,"38":1,"39":1,"46":1,"47":1,"52":1,"67":1,"8":0,"SIN EDAD DE REFERENCIA":1},"Indeterminado":{"0":0,"16":0,"17":0,"18":0,"21":0,"22":0,"23":0,"26":0,"28":0,"29":0,"3":0,"31":0,"34":0,"35":0,"36":0,"38":0,"39":0,"46":0,"47":0,"52":0,"67":0,"8":0,"SIN EDAD DE REFERENCIA":0},"Mujeres":{"0":1,"16":1,"17":1,"18":1,"21":1,"22":0,"23":1,"26":0,"28":0,"29":0,"3":1,"31":0,"34":0,"35":0,"36":0,"38":0,"39":0,"46":0,"47":0,"52":0,"67":0,"8":1,"SIN EDAD DE REFERENCIA":0}},"por_nacionalidad":{"Hombres":{"MEXICANA":28},"Indeterminado":{"MEXICANA":0},"Mujeres":{"MEXICANA":8}}}