{"totales":{"PorcentajeDesaparecidos":"100.00","PorcentajeLocalizados":"0.00","PorcentajeLocalizadosCV":"0.00","PorcentajeLocalizadosSV":"0.00","PorcentajeSoloDesaparecidos":"100.00","PorcentajeSoloNoLocalizados":"0.00","TotalDesaparecidos":"01","TotalGlobal":"01","TotalLocalizados":"00","TotalLocalizadosCV":"00","TotalLocalizadosSV":"00","TotalSoloDesaparecidos":"01","TotalSoloNoLocalizados":"00"},"espacial":{"Hombres":{"SULTANA DEL SUR":1},"Indeterminado":{"SULTANA DEL SUR":0},"Mujeres":{"SULTANA DEL SUR":0}},"anual":{"Hombre":{"2021":1},"Indeterminado":{"2021":0},"Mujer":{"2021":0}},"mensual_ultimo_anio":{"Hombre":{"2021-FEBRERO":1},"Indeterminado":{"2021-FEBRERO":0},"Mujer":{"2021-FEBRERO":0}},"por_edad":{"Hombres":{"37":1},"Indeterminado":{"37":0},"Mujeres":{"37":0}},"por_nacionalidad":{"Hombres":{"MEXICANA":1},"Indeterminado":{"MEXICANA":0},"Mujeres":{"MEXICANA":0}}}