{"totales":{"PorcentajeDesaparecidos":"66.67","PorcentajeLocalizados":"33.33","PorcentajeLocalizadosCV":"50.00","PorcentajeLocalizadosSV":"50.00","PorcentajeSoloDesaparecidos":"100.00","PorcentajeSoloNoLocalizados":"0.00","TotalDesaparecidos":"04","TotalGlobal":"06","TotalLocalizados":"02","TotalLocalizadosCV":"01","TotalLocalizadosSV":"01","TotalSoloDesaparecidos":"04","TotalSoloNoLocalizados":"00"},"espacial":{"Hombres":{"SIN COLONIA DE REFERENCIA":5},"Indeterminado":{"SIN COLONIA DE REFERENCIA":0},"Mujeres":{"SIN COLONIA DE REFERENCIA":1}},"anual":{"Hombre":{"1978":1,"2008":1,"2014":2,"2017":1,"2020":0},"Indeterminado":{"1978":0,"2008":0,"2014":0,"2017":0,"2020":0},"Mujer":{"1978":0,"2008":0,"2014":0,"2017":0,"2020":1}},"mensual_ultimo_anio":{"Hombre":{"1978-JUNIO":1,"2008-AGOSTO":1,"2014-SEPTIEMBRE":2,"2017-AGOSTO":1,"2020-OCTUBRE":0},"Indeterminado":{"1978-JUNIO":0,"2008-AGOSTO":0,"2014-SEPTIEMBRE":0,"2017-AGOSTO":0,"2020-OCTUBRE":0},"Mujer":{"1978-JUNIO":0,"2008-AGOSTO":0,"2014-SEPTIEMBRE":0,"2017-AGOSTO":0,"2020-OCTUBRE":1}},"por_edad":{"Hombres":{"16":0,"18":1,"28":1,"35":1,"65":1,"SIN EDAD DE REFERENCIA":1},"Indeterminado":{"16":0,"18":0,"28":0,"35":0,"65":0,"SIN EDAD DE REFERENCIA":0},"Mujeres":{"16":1,"18":0,"28":0,"35":0,"65":0,"SIN EDAD DE REFERENCIA":0}},"por_nacionalidad":{"Hombres":{"MEXICANA":4,"SE DESCONOCE":1},"Indeterminado":{"MEXICANA":0,"SE DESCONOCE":0},"Mujeres":{"MEXICANA":1,"SE DESCONOCE":0}}}