{"totales":{"PorcentajeDesaparecidos":"82.52","PorcentajeLocalizados":"17.48","PorcentajeLocalizadosCV":"86.02","PorcentajeLocalizadosSV":"13.98","PorcentajeSoloDesaparecidos":"99.77","PorcentajeSoloNoLocalizados":"0.23","TotalDesaparecidos":"439","TotalGlobal":"532","TotalLocalizados":"93","TotalLocalizadosCV":"80","TotalLocalizadosSV":"13","TotalSoloDesaparecidos":"438","TotalSoloNoLocalizados":"01"},"espacial":{"Hombres":{"20 DE NOVIEMBRE":4,"24 DE FEBRERO":2,"28 DE ABRIL":0,"ABRAZO DE ACATEMPAN":1,"ADOLFO LÓPEZ MATEOS":2,"AGUA ZARCA":1,"ARBOLEDAS":1,"CAMPESTRE ALTAMIRA":1,"CIRIANES":0,"DEL VALLE":0,"EJIDAL":0,"FAMILIAR":1,"GRAL. ADRIÁN CASTREJÓN":1,"GUADALUPE":1,"IGUALA DE LA INDEPENDENCIA CENTRO":6,"INSURGENTES":1,"JOYAS DEL MAR":0,"JUAN N ALVAREZ":1,"LIBERTADORES":1,"LUIS DONALDO COLOSIO":0,"LUIS QUINTERO":0,"MARTÍN ACEVES GONZALEZ":0,"PLATANILLO":1,"PPG":1,"RUBÉN FIGUEROA":1,"RUFFO FIGUEROA":2,"SAN ANDRÉS":1,"SAN JOSÉ":1,"SIN COLONIA DE REFERENCIA":358,"TUXPAN":1,"UNIDOS POR GUERRERO":0,"VICENTE GUERRERO":2,"ZACACOYUCA":1},"Indeterminado":{"20 DE NOVIEMBRE":0,"24 DE FEBRERO":0,"28 DE ABRIL":0,"ABRAZO DE ACATEMPAN":0,"ADOLFO LÓPEZ MATEOS":0,"AGUA ZARCA":0,"ARBOLEDAS":0,"CAMPESTRE ALTAMIRA":0,"CIRIANES":0,"DEL VALLE":0,"EJIDAL":0,"FAMILIAR":0,"GRAL. ADRIÁN CASTREJÓN":0,"GUADALUPE":0,"IGUALA DE LA INDEPENDENCIA CENTRO":0,"INSURGENTES":0,"JOYAS DEL MAR":0,"JUAN N ALVAREZ":0,"LIBERTADORES":0,"LUIS DONALDO COLOSIO":0,"LUIS QUINTERO":0,"MARTÍN ACEVES GONZALEZ":0,"PLATANILLO":0,"PPG":0,"RUBÉN FIGUEROA":0,"RUFFO FIGUEROA":0,"SAN ANDRÉS":0,"SAN JOSÉ":0,"SIN COLONIA DE REFERENCIA":0,"TUXPAN":0,"UNIDOS POR GUERRERO":0,"VICENTE GUERRERO":0,"ZACACOYUCA":0},"Mujeres":{"20 DE NOVIEMBRE":3,"24 DE FEBRERO":4,"28 DE ABRIL":1,"ABRAZO DE ACATEMPAN":0,"ADOLFO LÓPEZ MATEOS":1,"AGUA ZARCA":0,"ARBOLEDAS":0,"CAMPESTRE ALTAMIRA":0,"CIRIANES":1,"DEL VALLE":1,"EJIDAL":1,"FAMILIAR":0,"GRAL. ADRIÁN CASTREJÓN":1,"GUADALUPE":0,"IGUALA DE LA INDEPENDENCIA CENTRO":4,"INSURGENTES":2,"JOYAS DEL MAR":1,"JUAN N ALVAREZ":0,"LIBERTADORES":0,"LUIS DONALDO COLOSIO":1,"LUIS QUINTERO":1,"MARTÍN ACEVES GONZALEZ":2,"PLATANILLO":0,"PPG":0,"RUBÉN FIGUEROA":0,"RUFFO FIGUEROA":0,"SAN ANDRÉS":0,"SAN JOSÉ":0,"SIN COLONIA DE REFERENCIA":112,"TUXPAN":0,"UNIDOS POR GUERRERO":2,"VICENTE GUERRERO":1,"ZACACOYUCA":0}},"anual":{"Hombre":{"1.CIFRA SIN  AÑO DE REFERENCIA":3,"1989":1,"1995":1,"2000":6,"2002":1,"2003":0,"2004":1,"2005":2,"2007":8,"2008":8,"2009":10,"2010":24,"2011":9,"2012":23,"2013":74,"2014":111,"2015":14,"2016":16,"2017":25,"2018":18,"2019":12,"2020":17,"2021":9},"Indeterminado":{"1.CIFRA SIN  AÑO DE REFERENCIA":0,"1989":0,"1995":0,"2000":0,"2002":0,"2003":0,"2004":0,"2005":0,"2007":0,"2008":0,"2009":0,"2010":0,"2011":0,"2012":0,"2013":0,"2014":0,"2015":0,"2016":0,"2017":0,"2018":0,"2019":0,"2020":0,"2021":0},"Mujer":{"1.CIFRA SIN  AÑO DE REFERENCIA":0,"1989":0,"1995":0,"2000":0,"2002":0,"2003":1,"2004":0,"2005":0,"2007":1,"2008":4,"2009":2,"2010":2,"2011":1,"2012":13,"2013":6,"2014":17,"2015":8,"2016":18,"2017":14,"2018":19,"2019":16,"2020":9,"2021":8}},"mensual_ultimo_anio":{"Hombre":{"2020-ABRIL":1,"2020-AGOSTO":4,"2020-JULIO":0,"2020-MAYO":0,"2020-NOVIEMBRE":1,"2020-OCTUBRE":2,"2020-SEPTIEMBRE":1,"2021-ENERO":0,"2021-FEBRERO":3,"2021-JULIO":2,"2021-JUNIO":3,"2021-MARZO":1},"Indeterminado":{"2020-ABRIL":0,"2020-AGOSTO":0,"2020-JULIO":0,"2020-MAYO":0,"2020-NOVIEMBRE":0,"2020-OCTUBRE":0,"2020-SEPTIEMBRE":0,"2021-ENERO":0,"2021-FEBRERO":0,"2021-JULIO":0,"2021-JUNIO":0,"2021-MARZO":0},"Mujer":{"2020-ABRIL":1,"2020-AGOSTO":2,"2020-JULIO":1,"2020-MAYO":1,"2020-NOVIEMBRE":1,"2020-OCTUBRE":2,"2020-SEPTIEMBRE":0,"2021-ENERO":1,"2021-FEBRERO":1,"2021-JULIO":2,"2021-JUNIO":1,"2021-MARZO":3}},"por_edad":{"Hombres":{"0":3,"1":1,"10":5,"12":0,"13":2,"14":9,"15":6,"16":2,"17":11,"18":14,"19":18,"2":5,"20":23,"21":21,"22":9,"23":8,"24":9,"25":14,"26":12,"27":9,"28":9,"29":9,"3":2,"30":11,"31":5,"32":13,"33":10,"34":9,"35":18,"36":6,"37":9,"38":8,"39":7,"4":1,"40":5,"41":10,"42":3,"43":3,"44":4,"45":1,"46":5,"47":4,"48":2,"49":6,"5":3,"50":4,"51":1,"52":3,"53":2,"54":2,"55":1,"56":4,"57":2,"58":2,"59":2,"6":1,"61":0,"63":1,"64":1,"65":2,"66":2,"69":2,"70":1,"71":1,"72":2,"73":2,"8":2,"84":1,"85":1,"9":2,"91":1,"SIN EDAD DE REFERENCIA":4},"Indeterminado":{"0":0,"1":0,"10":0,"12":0,"13":0,"14":0,"15":0,"16":0,"17":0,"18":0,"19":0,"2":0,"20":0,"21":0,"22":0,"23":0,"24":0,"25":0,"26":0,"27":0,"28":0,"29":0,"3":0,"30":0,"31":0,"32":0,"33":0,"34":0,"35":0,"36":0,"37":0,"38":0,"39":0,"4":0,"40":0,"41":0,"42":0,"43":0,"44":0,"45":0,"46":0,"47":0,"48":0,"49":0,"5":0,"50":0,"51":0,"52":0,"53":0,"54":0,"55":0,"56":0,"57":0,"58":0,"59":0,"6":0,"61":0,"63":0,"64":0,"65":0,"66":0,"69":0,"70":0,"71":0,"72":0,"73":0,"8":0,"84":0,"85":0,"9":0,"91":0,"SIN EDAD DE REFERENCIA":0},"Mujeres":{"0":1,"1":2,"10":0,"12":3,"13":9,"14":10,"15":7,"16":10,"17":7,"18":3,"19":3,"2":2,"20":4,"21":1,"22":3,"23":1,"24":5,"25":3,"26":2,"27":4,"28":3,"29":4,"3":4,"30":5,"31":3,"32":4,"33":3,"34":1,"35":2,"36":3,"37":3,"38":1,"39":1,"4":0,"40":0,"41":1,"42":2,"43":0,"44":1,"45":1,"46":0,"47":2,"48":1,"49":1,"5":0,"50":3,"51":0,"52":1,"53":0,"54":0,"55":0,"56":0,"57":0,"58":0,"59":1,"6":1,"61":1,"63":0,"64":0,"65":0,"66":0,"69":0,"70":0,"71":0,"72":0,"73":0,"8":2,"84":0,"85":0,"9":1,"91":0,"SIN EDAD DE REFERENCIA":3}},"por_nacionalidad":{"Hombres":{"MEXICANA":393,"SE DESCONOCE":0},"Indeterminado":{"MEXICANA":0,"SE DESCONOCE":0},"Mujeres":{"MEXICANA":138,"SE DESCONOCE":1}}}