{"totales":{"PorcentajeDesaparecidos":"73.91","PorcentajeLocalizados":"26.09","PorcentajeLocalizadosCV":"100.00","PorcentajeLocalizadosSV":"0.00","PorcentajeSoloDesaparecidos":"100.00","PorcentajeSoloNoLocalizados":"0.00","TotalDesaparecidos":"17","TotalGlobal":"23","TotalLocalizados":"06","TotalLocalizadosCV":"06","TotalLocalizadosSV":"00","TotalSoloDesaparecidos":"17","TotalSoloNoLocalizados":"00"},"espacial":{"Hombres":{"EL NARANJO":1,"SIN COLONIA DE REFERENCIA":19},"Indeterminado":{"EL NARANJO":0,"SIN COLONIA DE REFERENCIA":0},"Mujeres":{"EL NARANJO":0,"SIN COLONIA DE REFERENCIA":3}},"anual":{"Hombre":{"2011":2,"2014":0,"2016":2,"2017":1,"2018":2,"2019":9,"2020":3,"2021":1},"Indeterminado":{"2011":0,"2014":0,"2016":0,"2017":0,"2018":0,"2019":0,"2020":0,"2021":0},"Mujer":{"2011":1,"2014":1,"2016":0,"2017":1,"2018":0,"2019":0,"2020":0,"2021":0}},"mensual_ultimo_anio":{"Hombre":{"2017-OCTUBRE":1,"2018-AGOSTO":1,"2018-MAYO":1,"2019-ABRIL":1,"2019-DICIEMBRE":1,"2019-JUNIO":2,"2019-MARZO":1,"2019-NOVIEMBRE":1,"2019-SEPTIEMBRE":3,"2020-MARZO":1,"2020-MAYO":2,"2021-JULIO":1},"Indeterminado":{"2017-OCTUBRE":0,"2018-AGOSTO":0,"2018-MAYO":0,"2019-ABRIL":0,"2019-DICIEMBRE":0,"2019-JUNIO":0,"2019-MARZO":0,"2019-NOVIEMBRE":0,"2019-SEPTIEMBRE":0,"2020-MARZO":0,"2020-MAYO":0,"2021-JULIO":0},"Mujer":{"2017-OCTUBRE":0,"2018-AGOSTO":0,"2018-MAYO":0,"2019-ABRIL":0,"2019-DICIEMBRE":0,"2019-JUNIO":0,"2019-MARZO":0,"2019-NOVIEMBRE":0,"2019-SEPTIEMBRE":0,"2020-MARZO":0,"2020-MAYO":0,"2021-JULIO":0}},"por_edad":{"Hombres":{"14":0,"15":0,"16":1,"17":1,"22":2,"23":1,"24":2,"26":1,"27":2,"29":1,"31":1,"33":1,"36":1,"37":1,"46":1,"47":1,"49":1,"60":1,"63":1},"Indeterminado":{"14":0,"15":0,"16":0,"17":0,"22":0,"23":0,"24":0,"26":0,"27":0,"29":0,"31":0,"33":0,"36":0,"37":0,"46":0,"47":0,"49":0,"60":0,"63":0},"Mujeres":{"14":1,"15":1,"16":0,"17":0,"22":1,"23":0,"24":0,"26":0,"27":0,"29":0,"31":0,"33":0,"36":0,"37":0,"46":0,"47":0,"49":0,"60":0,"63":0}},"por_nacionalidad":{"Hombres":{"MEXICANA":20},"Indeterminado":{"MEXICANA":0},"Mujeres":{"MEXICANA":3}}}