{"totales":{"PorcentajeDesaparecidos":"63.33","PorcentajeLocalizados":"36.67","PorcentajeLocalizadosCV":"100.00","PorcentajeLocalizadosSV":"0.00","PorcentajeSoloDesaparecidos":"100.00","PorcentajeSoloNoLocalizados":"0.00","TotalDesaparecidos":"19","TotalGlobal":"30","TotalLocalizados":"11","TotalLocalizadosCV":"11","TotalLocalizadosSV":"00","TotalSoloDesaparecidos":"19","TotalSoloNoLocalizados":"00"},"espacial":{"Hombres":{"CRUZ DE CORAZÓN":1,"FOVISSSTE":1,"LA ERMITA":0,"LÁZARO CÁRDENAS":1,"RUPERTO HERNANDEZ":0,"SIN COLONIA DE REFERENCIA":12},"Indeterminado":{"CRUZ DE CORAZÓN":0,"FOVISSSTE":0,"LA ERMITA":0,"LÁZARO CÁRDENAS":0,"RUPERTO HERNANDEZ":0,"SIN COLONIA DE REFERENCIA":0},"Mujeres":{"CRUZ DE CORAZÓN":0,"FOVISSSTE":0,"LA ERMITA":1,"LÁZARO CÁRDENAS":0,"RUPERTO HERNANDEZ":1,"SIN COLONIA DE REFERENCIA":13}},"anual":{"Hombre":{"1976":1,"1978":1,"2009":1,"2011":0,"2013":0,"2014":1,"2015":0,"2016":2,"2017":3,"2018":1,"2019":1,"2020":3,"2021":1},"Indeterminado":{"1976":0,"1978":0,"2009":0,"2011":0,"2013":0,"2014":0,"2015":0,"2016":0,"2017":0,"2018":0,"2019":0,"2020":0,"2021":0},"Mujer":{"1976":0,"1978":0,"2009":1,"2011":1,"2013":4,"2014":2,"2015":1,"2016":2,"2017":1,"2018":1,"2019":1,"2020":0,"2021":1}},"mensual_ultimo_anio":{"Hombre":{"2017-ABRIL":1,"2017-JUNIO":1,"2017-NOVIEMBRE":0,"2017-OCTUBRE":1,"2018-MARZO":1,"2018-SEPTIEMBRE":0,"2019-ABRIL":1,"2020-DICIEMBRE":1,"2020-ENERO":1,"2020-SEPTIEMBRE":1,"2021-ENERO":0,"2021-JULIO":1},"Indeterminado":{"2017-ABRIL":0,"2017-JUNIO":0,"2017-NOVIEMBRE":0,"2017-OCTUBRE":0,"2018-MARZO":0,"2018-SEPTIEMBRE":0,"2019-ABRIL":0,"2020-DICIEMBRE":0,"2020-ENERO":0,"2020-SEPTIEMBRE":0,"2021-ENERO":0,"2021-JULIO":0},"Mujer":{"2017-ABRIL":0,"2017-JUNIO":0,"2017-NOVIEMBRE":1,"2017-OCTUBRE":0,"2018-MARZO":0,"2018-SEPTIEMBRE":1,"2019-ABRIL":1,"2020-DICIEMBRE":0,"2020-ENERO":0,"2020-SEPTIEMBRE":0,"2021-ENERO":1,"2021-JULIO":0}},"por_edad":{"Hombres":{"0":1,"11":0,"14":1,"15":0,"16":0,"17":0,"19":0,"22":1,"23":0,"24":0,"25":1,"27":2,"28":0,"29":1,"32":1,"36":1,"37":2,"40":0,"47":0,"5":0,"54":1,"55":0,"58":1,"SIN EDAD DE REFERENCIA":2},"Indeterminado":{"0":0,"11":0,"14":0,"15":0,"16":0,"17":0,"19":0,"22":0,"23":0,"24":0,"25":0,"27":0,"28":0,"29":0,"32":0,"36":0,"37":0,"40":0,"47":0,"5":0,"54":0,"55":0,"58":0,"SIN EDAD DE REFERENCIA":0},"Mujeres":{"0":0,"11":1,"14":1,"15":1,"16":1,"17":1,"19":1,"22":2,"23":1,"24":1,"25":0,"27":0,"28":1,"29":0,"32":0,"36":0,"37":0,"40":1,"47":1,"5":1,"54":0,"55":1,"58":0,"SIN EDAD DE REFERENCIA":0}},"por_nacionalidad":{"Hombres":{"MEXICANA":13,"SE DESCONOCE":2},"Indeterminado":{"MEXICANA":0,"SE DESCONOCE":0},"Mujeres":{"MEXICANA":15,"SE DESCONOCE":0}}}