{"totales":{"PorcentajeDesaparecidos":"57.14","PorcentajeLocalizados":"42.86","PorcentajeLocalizadosCV":"100.00","PorcentajeLocalizadosSV":"0.00","PorcentajeSoloDesaparecidos":"100.00","PorcentajeSoloNoLocalizados":"0.00","TotalDesaparecidos":"04","TotalGlobal":"07","TotalLocalizados":"03","TotalLocalizadosCV":"03","TotalLocalizadosSV":"00","TotalSoloDesaparecidos":"04","TotalSoloNoLocalizados":"00"},"espacial":{"Hombres":{"SIN COLONIA DE REFERENCIA":4,"ZINTLANAPA":1},"Indeterminado":{"SIN COLONIA DE REFERENCIA":0,"ZINTLANAPA":0},"Mujeres":{"SIN COLONIA DE REFERENCIA":2,"ZINTLANAPA":0}},"anual":{"Hombre":{"2010":1,"2011":1,"2016":1,"2018":0,"2019":0,"2020":1,"2021":1},"Indeterminado":{"2010":0,"2011":0,"2016":0,"2018":0,"2019":0,"2020":0,"2021":0},"Mujer":{"2010":0,"2011":0,"2016":0,"2018":1,"2019":1,"2020":0,"2021":0}},"mensual_ultimo_anio":{"Hombre":{"2010-SEPTIEMBRE":1,"2011-JUNIO":1,"2016-AGOSTO":1,"2018-JUNIO":0,"2019-SEPTIEMBRE":0,"2020-SEPTIEMBRE":1,"2021-MAYO":1},"Indeterminado":{"2010-SEPTIEMBRE":0,"2011-JUNIO":0,"2016-AGOSTO":0,"2018-JUNIO":0,"2019-SEPTIEMBRE":0,"2020-SEPTIEMBRE":0,"2021-MAYO":0},"Mujer":{"2010-SEPTIEMBRE":0,"2011-JUNIO":0,"2016-AGOSTO":0,"2018-JUNIO":1,"2019-SEPTIEMBRE":1,"2020-SEPTIEMBRE":0,"2021-MAYO":0}},"por_edad":{"Hombres":{"16":0,"17":0,"33":2,"38":1,"39":1,"49":1},"Indeterminado":{"16":0,"17":0,"33":0,"38":0,"39":0,"49":0},"Mujeres":{"16":1,"17":1,"33":0,"38":0,"39":0,"49":0}},"por_nacionalidad":{"Hombres":{"MEXICANA":5},"Indeterminado":{"MEXICANA":0},"Mujeres":{"MEXICANA":2}}}