{"totales":{"PorcentajeDesaparecidos":"64.29","PorcentajeLocalizados":"35.71","PorcentajeLocalizadosCV":"40.00","PorcentajeLocalizadosSV":"60.00","PorcentajeSoloDesaparecidos":"100.00","PorcentajeSoloNoLocalizados":"0.00","TotalDesaparecidos":"09","TotalGlobal":"14","TotalLocalizados":"05","TotalLocalizadosCV":"02","TotalLocalizadosSV":"03","TotalSoloDesaparecidos":"09","TotalSoloNoLocalizados":"00"},"espacial":{"Hombres":{"SIN COLONIA DE REFERENCIA":11,"ZOTOLTITLÁN":1},"Indeterminado":{"SIN COLONIA DE REFERENCIA":0,"ZOTOLTITLÁN":0},"Mujeres":{"SIN COLONIA DE REFERENCIA":2,"ZOTOLTITLÁN":0}},"anual":{"Hombre":{"2010":1,"2016":4,"2017":3,"2018":1,"2019":2,"2020":1},"Indeterminado":{"2010":0,"2016":0,"2017":0,"2018":0,"2019":0,"2020":0},"Mujer":{"2010":0,"2016":0,"2017":1,"2018":1,"2019":0,"2020":0}},"mensual_ultimo_anio":{"Hombre":{"2010-FEBRERO":1,"2016-ENERO":1,"2016-SEPTIEMBRE":3,"2017-ABRIL":2,"2017-MAYO":1,"2018-FEBRERO":1,"2018-SEPTIEMBRE":0,"2019-MARZO":1,"2019-NOVIEMBRE":1,"2020-JUNIO":1},"Indeterminado":{"2010-FEBRERO":0,"2016-ENERO":0,"2016-SEPTIEMBRE":0,"2017-ABRIL":0,"2017-MAYO":0,"2018-FEBRERO":0,"2018-SEPTIEMBRE":0,"2019-MARZO":0,"2019-NOVIEMBRE":0,"2020-JUNIO":0},"Mujer":{"2010-FEBRERO":0,"2016-ENERO":0,"2016-SEPTIEMBRE":0,"2017-ABRIL":1,"2017-MAYO":0,"2018-FEBRERO":0,"2018-SEPTIEMBRE":1,"2019-MARZO":0,"2019-NOVIEMBRE":0,"2020-JUNIO":0}},"por_edad":{"Hombres":{"16":1,"20":1,"26":1,"28":1,"29":1,"33":1,"41":1,"42":1,"52":1,"56":1,"7":1,"73":1},"Indeterminado":{"16":0,"20":0,"26":0,"28":0,"29":0,"33":0,"41":0,"42":0,"52":0,"56":0,"7":0,"73":0},"Mujeres":{"16":0,"20":0,"26":0,"28":0,"29":1,"33":0,"41":0,"42":0,"52":1,"56":0,"7":0,"73":0}},"por_nacionalidad":{"Hombres":{"MEXICANA":12},"Indeterminado":{"MEXICANA":0},"Mujeres":{"MEXICANA":2}}}