{"totales":{"PorcentajeDesaparecidos":"90.00","PorcentajeLocalizados":"10.00","PorcentajeLocalizadosCV":"0.00","PorcentajeLocalizadosSV":"100.00","PorcentajeSoloDesaparecidos":"100.00","PorcentajeSoloNoLocalizados":"0.00","TotalDesaparecidos":"09","TotalGlobal":"10","TotalLocalizados":"01","TotalLocalizadosCV":"00","TotalLocalizadosSV":"01","TotalSoloDesaparecidos":"09","TotalSoloNoLocalizados":"00"},"espacial":{"Hombres":{"CACAHUAMILPA":1,"SIN COLONIA DE REFERENCIA":6},"Indeterminado":{"CACAHUAMILPA":0,"SIN COLONIA DE REFERENCIA":0},"Mujeres":{"CACAHUAMILPA":0,"SIN COLONIA DE REFERENCIA":3}},"anual":{"Hombre":{"2011":0,"2012":1,"2015":1,"2017":1,"2018":1,"2019":2,"2020":1},"Indeterminado":{"2011":0,"2012":0,"2015":0,"2017":0,"2018":0,"2019":0,"2020":0},"Mujer":{"2011":2,"2012":0,"2015":1,"2017":0,"2018":0,"2019":0,"2020":0}},"mensual_ultimo_anio":{"Hombre":{"2011-MARZO":0,"2012-JULIO":1,"2015-JULIO":0,"2015-MAYO":1,"2017-ENERO":1,"2018-DICIEMBRE":1,"2019-JUNIO":1,"2019-MARZO":1,"2020-FEBRERO":1},"Indeterminado":{"2011-MARZO":0,"2012-JULIO":0,"2015-JULIO":0,"2015-MAYO":0,"2017-ENERO":0,"2018-DICIEMBRE":0,"2019-JUNIO":0,"2019-MARZO":0,"2020-FEBRERO":0},"Mujer":{"2011-MARZO":2,"2012-JULIO":0,"2015-JULIO":1,"2015-MAYO":0,"2017-ENERO":0,"2018-DICIEMBRE":0,"2019-JUNIO":0,"2019-MARZO":0,"2020-FEBRERO":0}},"por_edad":{"Hombres":{"20":1,"23":0,"29":1,"41":1,"42":1,"46":1,"59":1,"76":1},"Indeterminado":{"20":0,"23":0,"29":0,"41":0,"42":0,"46":0,"59":0,"76":0},"Mujeres":{"20":1,"23":2,"29":0,"41":0,"42":0,"46":0,"59":0,"76":0}},"por_nacionalidad":{"Hombres":{"MEXICANA":7,"SE DESCONOCE":0},"Indeterminado":{"MEXICANA":0,"SE DESCONOCE":0},"Mujeres":{"MEXICANA":2,"SE DESCONOCE":1}}}