{"totales":{"PorcentajeDesaparecidos":"93.94","PorcentajeLocalizados":"6.06","PorcentajeLocalizadosCV":"100.00","PorcentajeLocalizadosSV":"0.00","PorcentajeSoloDesaparecidos":"100.00","PorcentajeSoloNoLocalizados":"0.00","TotalDesaparecidos":"31","TotalGlobal":"33","TotalLocalizados":"02","TotalLocalizadosCV":"02","TotalLocalizadosSV":"00","TotalSoloDesaparecidos":"31","TotalSoloNoLocalizados":"00"},"espacial":{"Hombres":{"EL CAYUCO":0,"PETATLAN CENTRO":1,"SIN COLONIA DE REFERENCIA":23,"VICENTE GUERRERO":1},"Indeterminado":{"EL CAYUCO":0,"PETATLAN CENTRO":0,"SIN COLONIA DE REFERENCIA":0,"VICENTE GUERRERO":0},"Mujeres":{"EL CAYUCO":1,"PETATLAN CENTRO":0,"SIN COLONIA DE REFERENCIA":7,"VICENTE GUERRERO":0}},"anual":{"Hombre":{"1.CIFRA SIN  AÑO DE REFERENCIA":3,"1975":1,"2007":0,"2011":4,"2013":0,"2016":3,"2017":3,"2018":1,"2019":7,"2020":3},"Indeterminado":{"1.CIFRA SIN  AÑO DE REFERENCIA":0,"1975":0,"2007":0,"2011":0,"2013":0,"2016":0,"2017":0,"2018":0,"2019":0,"2020":0},"Mujer":{"1.CIFRA SIN  AÑO DE REFERENCIA":0,"1975":0,"2007":1,"2011":1,"2013":2,"2016":3,"2017":0,"2018":0,"2019":0,"2020":1}},"mensual_ultimo_anio":{"Hombre":{"2016-OCTUBRE":0,"2017-ENERO":1,"2017-JULIO":1,"2017-JUNIO":1,"2018-SEPTIEMBRE":1,"2019-ABRIL":2,"2019-AGOSTO":1,"2019-JUNIO":3,"2019-MAYO":1,"2020-ENERO":1,"2020-NOVIEMBRE":0,"2020-OCTUBRE":2},"Indeterminado":{"2016-OCTUBRE":0,"2017-ENERO":0,"2017-JULIO":0,"2017-JUNIO":0,"2018-SEPTIEMBRE":0,"2019-ABRIL":0,"2019-AGOSTO":0,"2019-JUNIO":0,"2019-MAYO":0,"2020-ENERO":0,"2020-NOVIEMBRE":0,"2020-OCTUBRE":0},"Mujer":{"2016-OCTUBRE":1,"2017-ENERO":0,"2017-JULIO":0,"2017-JUNIO":0,"2018-SEPTIEMBRE":0,"2019-ABRIL":0,"2019-AGOSTO":0,"2019-JUNIO":0,"2019-MAYO":0,"2020-ENERO":0,"2020-NOVIEMBRE":1,"2020-OCTUBRE":0}},"por_edad":{"Hombres":{"14":0,"15":1,"17":0,"2":1,"21":1,"23":1,"24":0,"25":1,"28":0,"3":0,"32":2,"35":1,"36":1,"38":1,"4":1,"41":2,"45":3,"48":1,"49":1,"62":1,"7":1,"79":1,"8":1,"SIN EDAD DE REFERENCIA":3},"Indeterminado":{"14":0,"15":0,"17":0,"2":0,"21":0,"23":0,"24":0,"25":0,"28":0,"3":0,"32":0,"35":0,"36":0,"38":0,"4":0,"41":0,"45":0,"48":0,"49":0,"62":0,"7":0,"79":0,"8":0,"SIN EDAD DE REFERENCIA":0},"Mujeres":{"14":1,"15":1,"17":1,"2":0,"21":0,"23":0,"24":1,"25":0,"28":1,"3":1,"32":0,"35":2,"36":0,"38":0,"4":0,"41":0,"45":0,"48":0,"49":0,"62":0,"7":0,"79":0,"8":0,"SIN EDAD DE REFERENCIA":0}},"por_nacionalidad":{"Hombres":{"MEXICANA":25},"Indeterminado":{"MEXICANA":0},"Mujeres":{"MEXICANA":8}}}