{"totales":{"PorcentajeDesaparecidos":"55.56","PorcentajeLocalizados":"44.44","PorcentajeLocalizadosCV":"25.00","PorcentajeLocalizadosSV":"75.00","PorcentajeSoloDesaparecidos":"100.00","PorcentajeSoloNoLocalizados":"0.00","TotalDesaparecidos":"05","TotalGlobal":"09","TotalLocalizados":"04","TotalLocalizadosCV":"01","TotalLocalizadosSV":"03","TotalSoloDesaparecidos":"05","TotalSoloNoLocalizados":"00"},"espacial":{"Hombres":{"SIN COLONIA DE REFERENCIA":6},"Indeterminado":{"SIN COLONIA DE REFERENCIA":0},"Mujeres":{"SIN COLONIA DE REFERENCIA":3}},"anual":{"Hombre":{"2016":1,"2017":3,"2018":2},"Indeterminado":{"2016":0,"2017":0,"2018":0},"Mujer":{"2016":0,"2017":1,"2018":2}},"mensual_ultimo_anio":{"Hombre":{"2016-FEBRERO":1,"2017-ABRIL":1,"2017-AGOSTO":0,"2017-DICIEMBRE":2,"2018-AGOSTO":1,"2018-DICIEMBRE":1},"Indeterminado":{"2016-FEBRERO":0,"2017-ABRIL":0,"2017-AGOSTO":0,"2017-DICIEMBRE":0,"2018-AGOSTO":0,"2018-DICIEMBRE":0},"Mujer":{"2016-FEBRERO":0,"2017-ABRIL":0,"2017-AGOSTO":1,"2017-DICIEMBRE":0,"2018-AGOSTO":2,"2018-DICIEMBRE":0}},"por_edad":{"Hombres":{"11":1,"13":0,"15":1,"16":1,"22":1,"29":0,"37":1,"55":1,"9":0},"Indeterminado":{"11":0,"13":0,"15":0,"16":0,"22":0,"29":0,"37":0,"55":0,"9":0},"Mujeres":{"11":0,"13":1,"15":0,"16":0,"22":0,"29":1,"37":0,"55":0,"9":1}},"por_nacionalidad":{"Hombres":{"MEXICANA":6},"Indeterminado":{"MEXICANA":0},"Mujeres":{"MEXICANA":3}}}