{"totales":{"PorcentajeDesaparecidos":"25.00","PorcentajeLocalizados":"75.00","PorcentajeLocalizadosCV":"66.67","PorcentajeLocalizadosSV":"33.33","PorcentajeSoloDesaparecidos":"100.00","PorcentajeSoloNoLocalizados":"0.00","TotalDesaparecidos":"01","TotalGlobal":"04","TotalLocalizados":"03","TotalLocalizadosCV":"02","TotalLocalizadosSV":"01","TotalSoloDesaparecidos":"01","TotalSoloNoLocalizados":"00"},"espacial":{"Hombres":{"SIN COLONIA DE REFERENCIA":2},"Indeterminado":{"SIN COLONIA DE REFERENCIA":0},"Mujeres":{"SIN COLONIA DE REFERENCIA":2}},"anual":{"Hombre":{"2012":1,"2016":0,"2017":1},"Indeterminado":{"2012":0,"2016":0,"2017":0},"Mujer":{"2012":0,"2016":1,"2017":1}},"mensual_ultimo_anio":{"Hombre":{"2012-OCTUBRE":1,"2016-JULIO":0,"2017-FEBRERO":0,"2017-MAYO":1},"Indeterminado":{"2012-OCTUBRE":0,"2016-JULIO":0,"2017-FEBRERO":0,"2017-MAYO":0},"Mujer":{"2012-OCTUBRE":0,"2016-JULIO":1,"2017-FEBRERO":1,"2017-MAYO":0}},"por_edad":{"Hombres":{"15":0,"17":0,"30":2},"Indeterminado":{"15":0,"17":0,"30":0},"Mujeres":{"15":1,"17":1,"30":0}},"por_nacionalidad":{"Hombres":{"MEXICANA":2},"Indeterminado":{"MEXICANA":0},"Mujeres":{"MEXICANA":2}}}