{"totales":{"PorcentajeDesaparecidos":"100.00","PorcentajeLocalizados":"0.00","PorcentajeLocalizadosCV":"0.00","PorcentajeLocalizadosSV":"0.00","PorcentajeSoloDesaparecidos":"80.00","PorcentajeSoloNoLocalizados":"20.00","TotalDesaparecidos":"05","TotalGlobal":"05","TotalLocalizados":"00","TotalLocalizadosCV":"00","TotalLocalizadosSV":"00","TotalSoloDesaparecidos":"04","TotalSoloNoLocalizados":"01"},"espacial":{"Hombres":{"ILIATENCO":1,"SIN COLONIA DE REFERENCIA":1},"Indeterminado":{"ILIATENCO":0,"SIN COLONIA DE REFERENCIA":0},"Mujeres":{"ILIATENCO":0,"SIN COLONIA DE REFERENCIA":3}},"anual":{"Hombre":{"2010":0,"2016":1,"2018":1,"2020":0},"Indeterminado":{"2010":0,"2016":0,"2018":0,"2020":0},"Mujer":{"2010":1,"2016":1,"2018":0,"2020":1}},"mensual_ultimo_anio":{"Hombre":{"2010-OCTUBRE":0,"2016-ENERO":1,"2016-NOVIEMBRE":0,"2018-DICIEMBRE":1,"2020-AGOSTO":0},"Indeterminado":{"2010-OCTUBRE":0,"2016-ENERO":0,"2016-NOVIEMBRE":0,"2018-DICIEMBRE":0,"2020-AGOSTO":0},"Mujer":{"2010-OCTUBRE":1,"2016-ENERO":0,"2016-NOVIEMBRE":1,"2018-DICIEMBRE":0,"2020-AGOSTO":1}},"por_edad":{"Hombres":{"12":0,"17":0,"35":0,"60":1,"62":1},"Indeterminado":{"12":0,"17":0,"35":0,"60":0,"62":0},"Mujeres":{"12":1,"17":1,"35":1,"60":0,"62":0}},"por_nacionalidad":{"Hombres":{"MEXICANA":2},"Indeterminado":{"MEXICANA":0},"Mujeres":{"MEXICANA":3}}}