{"totales":{"PorcentajeDesaparecidos":"83.33","PorcentajeLocalizados":"16.67","PorcentajeLocalizadosCV":"33.33","PorcentajeLocalizadosSV":"66.67","PorcentajeSoloDesaparecidos":"100.00","PorcentajeSoloNoLocalizados":"0.00","TotalDesaparecidos":"15","TotalGlobal":"18","TotalLocalizados":"03","TotalLocalizadosCV":"01","TotalLocalizadosSV":"02","TotalSoloDesaparecidos":"15","TotalSoloNoLocalizados":"00"},"espacial":{"Hombres":{"SIN COLONIA DE REFERENCIA":15},"Indeterminado":{"SIN COLONIA DE REFERENCIA":0},"Mujeres":{"SIN COLONIA DE REFERENCIA":3}},"anual":{"Hombre":{"2011":2,"2012":1,"2013":2,"2014":2,"2015":3,"2016":2,"2017":3},"Indeterminado":{"2011":0,"2012":0,"2013":0,"2014":0,"2015":0,"2016":0,"2017":0},"Mujer":{"2011":0,"2012":1,"2013":1,"2014":0,"2015":0,"2016":0,"2017":1}},"mensual_ultimo_anio":{"Hombre":{"2012-NOVIEMBRE":1,"2013-NOVIEMBRE":0,"2013-OCTUBRE":2,"2014-FEBRERO":1,"2014-SEPTIEMBRE":1,"2015-FEBRERO":2,"2015-OCTUBRE":1,"2016-DICIEMBRE":1,"2016-JUNIO":1,"2017-ENERO":1,"2017-FEBRERO":1,"2017-JUNIO":1},"Indeterminado":{"2012-NOVIEMBRE":0,"2013-NOVIEMBRE":0,"2013-OCTUBRE":0,"2014-FEBRERO":0,"2014-SEPTIEMBRE":0,"2015-FEBRERO":0,"2015-OCTUBRE":0,"2016-DICIEMBRE":0,"2016-JUNIO":0,"2017-ENERO":0,"2017-FEBRERO":0,"2017-JUNIO":0},"Mujer":{"2012-NOVIEMBRE":0,"2013-NOVIEMBRE":1,"2013-OCTUBRE":0,"2014-FEBRERO":0,"2014-SEPTIEMBRE":0,"2015-FEBRERO":0,"2015-OCTUBRE":0,"2016-DICIEMBRE":0,"2016-JUNIO":0,"2017-ENERO":0,"2017-FEBRERO":0,"2017-JUNIO":1}},"por_edad":{"Hombres":{"15":0,"20":1,"21":1,"23":1,"24":2,"26":2,"29":1,"32":2,"33":2,"38":0,"41":1,"46":1,"49":1},"Indeterminado":{"15":0,"20":0,"21":0,"23":0,"24":0,"26":0,"29":0,"32":0,"33":0,"38":0,"41":0,"46":0,"49":0},"Mujeres":{"15":1,"20":0,"21":0,"23":1,"24":0,"26":0,"29":0,"32":0,"33":0,"38":1,"41":0,"46":0,"49":0}},"por_nacionalidad":{"Hombres":{"MEXICANA":15},"Indeterminado":{"MEXICANA":0},"Mujeres":{"MEXICANA":3}}}