{"totales":{"PorcentajeDesaparecidos":"78.69","PorcentajeLocalizados":"21.31","PorcentajeLocalizadosCV":"84.62","PorcentajeLocalizadosSV":"15.38","PorcentajeSoloDesaparecidos":"100.00","PorcentajeSoloNoLocalizados":"0.00","TotalDesaparecidos":"48","TotalGlobal":"61","TotalLocalizados":"13","TotalLocalizadosCV":"11","TotalLocalizadosSV":"02","TotalSoloDesaparecidos":"48","TotalSoloNoLocalizados":"00"},"espacial":{"Hombres":{"EL TEPETATE":1,"LAS TUNAS":0,"SIN COLONIA DE REFERENCIA":54,"VICENTE GUERRERO":0},"Indeterminado":{"EL TEPETATE":0,"LAS TUNAS":0,"SIN COLONIA DE REFERENCIA":0,"VICENTE GUERRERO":0},"Mujeres":{"EL TEPETATE":0,"LAS TUNAS":1,"SIN COLONIA DE REFERENCIA":4,"VICENTE GUERRERO":1}},"anual":{"Hombre":{"1.CIFRA SIN  AÑO DE REFERENCIA":1,"1974":23,"1975":2,"2011":2,"2012":6,"2013":6,"2015":4,"2016":1,"2017":4,"2018":3,"2019":1,"2020":2,"2021":0},"Indeterminado":{"1.CIFRA SIN  AÑO DE REFERENCIA":0,"1974":0,"1975":0,"2011":0,"2012":0,"2013":0,"2015":0,"2016":0,"2017":0,"2018":0,"2019":0,"2020":0,"2021":0},"Mujer":{"1.CIFRA SIN  AÑO DE REFERENCIA":0,"1974":0,"1975":0,"2011":0,"2012":1,"2013":2,"2015":0,"2016":0,"2017":0,"2018":2,"2019":0,"2020":0,"2021":1}},"mensual_ultimo_anio":{"Hombre":{"2017-FEBRERO":1,"2017-OCTUBRE":1,"2017-SEPTIEMBRE":2,"2018-ABRIL":0,"2018-ENERO":1,"2018-MARZO":1,"2018-MAYO":0,"2018-NOVIEMBRE":1,"2019-OCTUBRE":1,"2020-ABRIL":1,"2020-MAYO":1,"2021-MARZO":0},"Indeterminado":{"2017-FEBRERO":0,"2017-OCTUBRE":0,"2017-SEPTIEMBRE":0,"2018-ABRIL":0,"2018-ENERO":0,"2018-MARZO":0,"2018-MAYO":0,"2018-NOVIEMBRE":0,"2019-OCTUBRE":0,"2020-ABRIL":0,"2020-MAYO":0,"2021-MARZO":0},"Mujer":{"2017-FEBRERO":0,"2017-OCTUBRE":0,"2017-SEPTIEMBRE":0,"2018-ABRIL":1,"2018-ENERO":0,"2018-MARZO":0,"2018-MAYO":1,"2018-NOVIEMBRE":0,"2019-OCTUBRE":0,"2020-ABRIL":0,"2020-MAYO":0,"2021-MARZO":1}},"por_edad":{"Hombres":{"0":1,"12":0,"14":1,"15":1,"16":1,"17":1,"18":0,"19":1,"21":1,"22":1,"23":2,"24":1,"25":1,"26":1,"28":1,"29":1,"30":1,"32":2,"33":1,"34":2,"35":1,"37":1,"38":2,"40":2,"41":1,"43":2,"44":1,"45":1,"47":2,"48":1,"49":1,"54":1,"56":1,"57":1,"59":1,"63":1,"70":1,"75":1,"85":1,"SIN EDAD DE REFERENCIA":11},"Indeterminado":{"0":0,"12":0,"14":0,"15":0,"16":0,"17":0,"18":0,"19":0,"21":0,"22":0,"23":0,"24":0,"25":0,"26":0,"28":0,"29":0,"30":0,"32":0,"33":0,"34":0,"35":0,"37":0,"38":0,"40":0,"41":0,"43":0,"44":0,"45":0,"47":0,"48":0,"49":0,"54":0,"56":0,"57":0,"59":0,"63":0,"70":0,"75":0,"85":0,"SIN EDAD DE REFERENCIA":0},"Mujeres":{"0":0,"12":1,"14":0,"15":2,"16":0,"17":1,"18":1,"19":0,"21":0,"22":0,"23":0,"24":0,"25":0,"26":0,"28":0,"29":0,"30":0,"32":1,"33":0,"34":0,"35":0,"37":0,"38":0,"40":0,"41":0,"43":0,"44":0,"45":0,"47":0,"48":0,"49":0,"54":0,"56":0,"57":0,"59":0,"63":0,"70":0,"75":0,"85":0,"SIN EDAD DE REFERENCIA":0}},"por_nacionalidad":{"Hombres":{"MEXICANA":31,"SE DESCONOCE":24},"Indeterminado":{"MEXICANA":0,"SE DESCONOCE":0},"Mujeres":{"MEXICANA":6,"SE DESCONOCE":0}}}