{"totales":{"PorcentajeDesaparecidos":"60.00","PorcentajeLocalizados":"40.00","PorcentajeLocalizadosCV":"66.67","PorcentajeLocalizadosSV":"33.33","PorcentajeSoloDesaparecidos":"94.44","PorcentajeSoloNoLocalizados":"5.56","TotalDesaparecidos":"18","TotalGlobal":"30","TotalLocalizados":"12","TotalLocalizadosCV":"08","TotalLocalizadosSV":"04","TotalSoloDesaparecidos":"17","TotalSoloNoLocalizados":"01"},"espacial":{"Hombres":{"MAYANALAN":1,"PASO DE IGUALA":1,"SAN GABRIELITO":0,"SIN COLONIA DE REFERENCIA":21,"TEPECOACUILCO CENTRO":1,"XALITLA":1},"Indeterminado":{"MAYANALAN":0,"PASO DE IGUALA":0,"SAN GABRIELITO":0,"SIN COLONIA DE REFERENCIA":0,"TEPECOACUILCO CENTRO":0,"XALITLA":0},"Mujeres":{"MAYANALAN":0,"PASO DE IGUALA":0,"SAN GABRIELITO":1,"SIN COLONIA DE REFERENCIA":4,"TEPECOACUILCO CENTRO":0,"XALITLA":0}},"anual":{"Hombre":{"1992":1,"2007":1,"2008":1,"2012":3,"2013":2,"2015":5,"2016":2,"2017":5,"2018":3,"2019":1,"2020":1},"Indeterminado":{"1992":0,"2007":0,"2008":0,"2012":0,"2013":0,"2015":0,"2016":0,"2017":0,"2018":0,"2019":0,"2020":0},"Mujer":{"1992":0,"2007":0,"2008":0,"2012":0,"2013":0,"2015":2,"2016":0,"2017":1,"2018":0,"2019":1,"2020":1}},"mensual_ultimo_anio":{"Hombre":{"2015-DICIEMBRE":1,"2016-ABRIL":1,"2016-FEBRERO":1,"2017-AGOSTO":2,"2017-JULIO":1,"2017-MARZO":2,"2018-ENERO":2,"2018-FEBRERO":1,"2019-AGOSTO":1,"2019-JUNIO":0,"2020-ENERO":0,"2020-JULIO":1},"Indeterminado":{"2015-DICIEMBRE":0,"2016-ABRIL":0,"2016-FEBRERO":0,"2017-AGOSTO":0,"2017-JULIO":0,"2017-MARZO":0,"2018-ENERO":0,"2018-FEBRERO":0,"2019-AGOSTO":0,"2019-JUNIO":0,"2020-ENERO":0,"2020-JULIO":0},"Mujer":{"2015-DICIEMBRE":1,"2016-ABRIL":0,"2016-FEBRERO":0,"2017-AGOSTO":1,"2017-JULIO":0,"2017-MARZO":0,"2018-ENERO":0,"2018-FEBRERO":0,"2019-AGOSTO":0,"2019-JUNIO":1,"2020-ENERO":1,"2020-JULIO":0}},"por_edad":{"Hombres":{"11":0,"12":1,"16":2,"17":0,"18":1,"19":1,"21":1,"23":3,"26":2,"27":2,"30":1,"31":1,"32":1,"33":1,"34":2,"39":1,"42":0,"43":2,"51":1,"57":1,"71":1},"Indeterminado":{"11":0,"12":0,"16":0,"17":0,"18":0,"19":0,"21":0,"23":0,"26":0,"27":0,"30":0,"31":0,"32":0,"33":0,"34":0,"39":0,"42":0,"43":0,"51":0,"57":0,"71":0},"Mujeres":{"11":1,"12":0,"16":1,"17":1,"18":0,"19":1,"21":0,"23":0,"26":0,"27":0,"30":0,"31":0,"32":0,"33":0,"34":0,"39":0,"42":1,"43":0,"51":0,"57":0,"71":0}},"por_nacionalidad":{"Hombres":{"MEXICANA":25},"Indeterminado":{"MEXICANA":0},"Mujeres":{"MEXICANA":5}}}