{"totales":{"PorcentajeDesaparecidos":"75.00","PorcentajeLocalizados":"25.00","PorcentajeLocalizadosCV":"100.00","PorcentajeLocalizadosSV":"0.00","PorcentajeSoloDesaparecidos":"100.00","PorcentajeSoloNoLocalizados":"0.00","TotalDesaparecidos":"09","TotalGlobal":"12","TotalLocalizados":"03","TotalLocalizadosCV":"03","TotalLocalizadosSV":"00","TotalSoloDesaparecidos":"09","TotalSoloNoLocalizados":"00"},"espacial":{"Hombres":{"PLAYA LARGA":1,"SAN LUIS ACATLÁN CENTRO":1,"SIN COLONIA DE REFERENCIA":4},"Indeterminado":{"PLAYA LARGA":0,"SAN LUIS ACATLÁN CENTRO":0,"SIN COLONIA DE REFERENCIA":0},"Mujeres":{"PLAYA LARGA":0,"SAN LUIS ACATLÁN CENTRO":3,"SIN COLONIA DE REFERENCIA":3}},"anual":{"Hombre":{"2014":0,"2015":0,"2016":3,"2019":1,"2020":1,"2021":1},"Indeterminado":{"2014":0,"2015":0,"2016":0,"2019":0,"2020":0,"2021":0},"Mujer":{"2014":2,"2015":1,"2016":0,"2019":0,"2020":0,"2021":3}},"mensual_ultimo_anio":{"Hombre":{"2014-JUNIO":0,"2015-AGOSTO":0,"2016-ABRIL":1,"2016-DICIEMBRE":2,"2019-JUNIO":1,"2020-AGOSTO":1,"2021-MAYO":1},"Indeterminado":{"2014-JUNIO":0,"2015-AGOSTO":0,"2016-ABRIL":0,"2016-DICIEMBRE":0,"2019-JUNIO":0,"2020-AGOSTO":0,"2021-MAYO":0},"Mujer":{"2014-JUNIO":2,"2015-AGOSTO":1,"2016-ABRIL":0,"2016-DICIEMBRE":0,"2019-JUNIO":0,"2020-AGOSTO":0,"2021-MAYO":3}},"por_edad":{"Hombres":{"10":1,"13":1,"17":0,"23":0,"24":1,"29":0,"35":1,"5":0,"54":1,"57":1,"8":0},"Indeterminado":{"10":0,"13":0,"17":0,"23":0,"24":0,"29":0,"35":0,"5":0,"54":0,"57":0,"8":0},"Mujeres":{"10":0,"13":0,"17":2,"23":1,"24":0,"29":1,"35":0,"5":1,"54":0,"57":0,"8":1}},"por_nacionalidad":{"Hombres":{"MEXICANA":6},"Indeterminado":{"MEXICANA":0},"Mujeres":{"MEXICANA":6}}}