{"totales":{"PorcentajeDesaparecidos":"66.67","PorcentajeLocalizados":"33.33","PorcentajeLocalizadosCV":"100.00","PorcentajeLocalizadosSV":"0.00","PorcentajeSoloDesaparecidos":"100.00","PorcentajeSoloNoLocalizados":"0.00","TotalDesaparecidos":"02","TotalGlobal":"03","TotalLocalizados":"01","TotalLocalizadosCV":"01","TotalLocalizadosSV":"00","TotalSoloDesaparecidos":"02","TotalSoloNoLocalizados":"00"},"espacial":{"Hombres":{"SIN COLONIA DE REFERENCIA":2},"Indeterminado":{"SIN COLONIA DE REFERENCIA":0},"Mujeres":{"SIN COLONIA DE REFERENCIA":1}},"anual":{"Hombre":{"2011":1,"2017":1,"2019":0},"Indeterminado":{"2011":0,"2017":0,"2019":0},"Mujer":{"2011":0,"2017":0,"2019":1}},"mensual_ultimo_anio":{"Hombre":{"2011-MAYO":1,"2017-DICIEMBRE":1,"2019-JULIO":0},"Indeterminado":{"2011-MAYO":0,"2017-DICIEMBRE":0,"2019-JULIO":0},"Mujer":{"2011-MAYO":0,"2017-DICIEMBRE":0,"2019-JULIO":1}},"por_edad":{"Hombres":{"13":1,"32":1,"77":0},"Indeterminado":{"13":0,"32":0,"77":0},"Mujeres":{"13":0,"32":0,"77":1}},"por_nacionalidad":{"Hombres":{"MEXICANA":2},"Indeterminado":{"MEXICANA":0},"Mujeres":{"MEXICANA":1}}}