{"totales":{"PorcentajeDesaparecidos":"46.15","PorcentajeLocalizados":"53.85","PorcentajeLocalizadosCV":"85.71","PorcentajeLocalizadosSV":"14.29","PorcentajeSoloDesaparecidos":"100.00","PorcentajeSoloNoLocalizados":"0.00","TotalDesaparecidos":"06","TotalGlobal":"13","TotalLocalizados":"07","TotalLocalizadosCV":"06","TotalLocalizadosSV":"01","TotalSoloDesaparecidos":"06","TotalSoloNoLocalizados":"00"},"espacial":{"Hombres":{"PINOLAPA":1,"SAN SEBASTIÁN":0,"SIN COLONIA DE REFERENCIA":8},"Indeterminado":{"PINOLAPA":0,"SAN SEBASTIÁN":0,"SIN COLONIA DE REFERENCIA":0},"Mujeres":{"PINOLAPA":0,"SAN SEBASTIÁN":1,"SIN COLONIA DE REFERENCIA":3}},"anual":{"Hombre":{"2012":1,"2013":1,"2014":1,"2015":2,"2016":2,"2017":0,"2019":2},"Indeterminado":{"2012":0,"2013":0,"2014":0,"2015":0,"2016":0,"2017":0,"2019":0},"Mujer":{"2012":0,"2013":0,"2014":0,"2015":0,"2016":1,"2017":1,"2019":2}},"mensual_ultimo_anio":{"Hombre":{"2012-JUNIO":1,"2013-JULIO":1,"2014-OCTUBRE":1,"2015-JULIO":2,"2016-ABRIL":2,"2016-FEBRERO":0,"2017-MARZO":0,"2019-AGOSTO":1,"2019-FEBRERO":1},"Indeterminado":{"2012-JUNIO":0,"2013-JULIO":0,"2014-OCTUBRE":0,"2015-JULIO":0,"2016-ABRIL":0,"2016-FEBRERO":0,"2017-MARZO":0,"2019-AGOSTO":0,"2019-FEBRERO":0},"Mujer":{"2012-JUNIO":0,"2013-JULIO":0,"2014-OCTUBRE":0,"2015-JULIO":0,"2016-ABRIL":0,"2016-FEBRERO":1,"2017-MARZO":1,"2019-AGOSTO":2,"2019-FEBRERO":0}},"por_edad":{"Hombres":{"1":1,"13":0,"16":0,"21":1,"27":1,"32":2,"33":1,"43":0,"52":1,"64":1,"SIN EDAD DE REFERENCIA":1},"Indeterminado":{"1":0,"13":0,"16":0,"21":0,"27":0,"32":0,"33":0,"43":0,"52":0,"64":0,"SIN EDAD DE REFERENCIA":0},"Mujeres":{"1":0,"13":1,"16":1,"21":1,"27":0,"32":0,"33":0,"43":1,"52":0,"64":0,"SIN EDAD DE REFERENCIA":0}},"por_nacionalidad":{"Hombres":{"MEXICANA":9},"Indeterminado":{"MEXICANA":0},"Mujeres":{"MEXICANA":4}}}