{"totales":{"PorcentajeDesaparecidos":"100.00","PorcentajeLocalizados":"0.00","PorcentajeLocalizadosCV":"0.00","PorcentajeLocalizadosSV":"0.00","PorcentajeSoloDesaparecidos":"100.00","PorcentajeSoloNoLocalizados":"0.00","TotalDesaparecidos":"01","TotalGlobal":"01","TotalLocalizados":"00","TotalLocalizadosCV":"00","TotalLocalizadosSV":"00","TotalSoloDesaparecidos":"01","TotalSoloNoLocalizados":"00"},"espacial":{"Hombres":{"ALPOYECA":1},"Indeterminado":{"ALPOYECA":0},"Mujeres":{"ALPOYECA":0}},"anual":{"Hombre":{"2019":1},"Indeterminado":{"2019":0},"Mujer":{"2019":0}},"mensual_ultimo_anio":{"Hombre":{"2019-NOVIEMBRE":1},"Indeterminado":{"2019-NOVIEMBRE":0},"Mujer":{"2019-NOVIEMBRE":0}},"por_edad":{"Hombres":{"21":1},"Indeterminado":{"21":0},"Mujeres":{"21":0}},"por_nacionalidad":{"Hombres":{"ESTADOUNIDENSE":1},"Indeterminado":{"ESTADOUNIDENSE":0},"Mujeres":{"ESTADOUNIDENSE":0}}}