{"totales":{"PorcentajeDesaparecidos":"85.71","PorcentajeLocalizados":"14.29","PorcentajeLocalizadosCV":"100.00","PorcentajeLocalizadosSV":"0.00","PorcentajeSoloDesaparecidos":"100.00","PorcentajeSoloNoLocalizados":"0.00","TotalDesaparecidos":"06","TotalGlobal":"07","TotalLocalizados":"01","TotalLocalizadosCV":"01","TotalLocalizadosSV":"00","TotalSoloDesaparecidos":"06","TotalSoloNoLocalizados":"00"},"espacial":{"Hombres":{"EL CORTES":1,"SIN COLONIA DE REFERENCIA":3},"Indeterminado":{"EL CORTES":0,"SIN COLONIA DE REFERENCIA":0},"Mujeres":{"EL CORTES":0,"SIN COLONIA DE REFERENCIA":3}},"anual":{"Hombre":{"1981":1,"2012":1,"2016":0,"2017":0,"2018":1,"2021":1},"Indeterminado":{"1981":0,"2012":0,"2016":0,"2017":0,"2018":0,"2021":0},"Mujer":{"1981":0,"2012":0,"2016":1,"2017":2,"2018":0,"2021":0}},"mensual_ultimo_anio":{"Hombre":{"1981-SEPTIEMBRE":1,"2012-OCTUBRE":1,"2016-DICIEMBRE":0,"2017-MARZO":0,"2018-SEPTIEMBRE":1,"2021-ENERO":1},"Indeterminado":{"1981-SEPTIEMBRE":0,"2012-OCTUBRE":0,"2016-DICIEMBRE":0,"2017-MARZO":0,"2018-SEPTIEMBRE":0,"2021-ENERO":0},"Mujer":{"1981-SEPTIEMBRE":0,"2012-OCTUBRE":0,"2016-DICIEMBRE":1,"2017-MARZO":2,"2018-SEPTIEMBRE":0,"2021-ENERO":0}},"por_edad":{"Hombres":{"12":0,"14":1,"15":0,"23":0,"38":1,"43":1,"SIN EDAD DE REFERENCIA":1},"Indeterminado":{"12":0,"14":0,"15":0,"23":0,"38":0,"43":0,"SIN EDAD DE REFERENCIA":0},"Mujeres":{"12":1,"14":0,"15":1,"23":1,"38":0,"43":0,"SIN EDAD DE REFERENCIA":0}},"por_nacionalidad":{"Hombres":{"MEXICANA":3,"SE DESCONOCE":1},"Indeterminado":{"MEXICANA":0,"SE DESCONOCE":0},"Mujeres":{"MEXICANA":3,"SE DESCONOCE":0}}}