{"totales":{"PorcentajeDesaparecidos":"72.73","PorcentajeLocalizados":"27.27","PorcentajeLocalizadosCV":"100.00","PorcentajeLocalizadosSV":"0.00","PorcentajeSoloDesaparecidos":"100.00","PorcentajeSoloNoLocalizados":"0.00","TotalDesaparecidos":"32","TotalGlobal":"44","TotalLocalizados":"12","TotalLocalizadosCV":"12","TotalLocalizadosSV":"00","TotalSoloDesaparecidos":"32","TotalSoloNoLocalizados":"00"},"espacial":{"Hombres":{"LINDAVISTA":0,"SIN COLONIA DE REFERENCIA":35},"Indeterminado":{"LINDAVISTA":0,"SIN COLONIA DE REFERENCIA":0},"Mujeres":{"LINDAVISTA":1,"SIN COLONIA DE REFERENCIA":8}},"anual":{"Hombre":{"2011":0,"2012":1,"2013":6,"2014":7,"2015":1,"2016":5,"2017":7,"2018":4,"2019":2,"2020":1,"2021":1},"Indeterminado":{"2011":0,"2012":0,"2013":0,"2014":0,"2015":0,"2016":0,"2017":0,"2018":0,"2019":0,"2020":0,"2021":0},"Mujer":{"2011":1,"2012":0,"2013":1,"2014":2,"2015":0,"2016":1,"2017":3,"2018":1,"2019":0,"2020":0,"2021":0}},"mensual_ultimo_anio":{"Hombre":{"2017-ABRIL":0,"2017-AGOSTO":1,"2017-JUNIO":1,"2017-OCTUBRE":1,"2018-ABRIL":1,"2018-JUNIO":1,"2018-MARZO":1,"2018-OCTUBRE":1,"2019-ENERO":1,"2019-MAYO":1,"2020-NOVIEMBRE":1,"2021-JULIO":1},"Indeterminado":{"2017-ABRIL":0,"2017-AGOSTO":0,"2017-JUNIO":0,"2017-OCTUBRE":0,"2018-ABRIL":0,"2018-JUNIO":0,"2018-MARZO":0,"2018-OCTUBRE":0,"2019-ENERO":0,"2019-MAYO":0,"2020-NOVIEMBRE":0,"2021-JULIO":0},"Mujer":{"2017-ABRIL":1,"2017-AGOSTO":0,"2017-JUNIO":0,"2017-OCTUBRE":0,"2018-ABRIL":0,"2018-JUNIO":1,"2018-MARZO":0,"2018-OCTUBRE":0,"2019-ENERO":0,"2019-MAYO":0,"2020-NOVIEMBRE":0,"2021-JULIO":0}},"por_edad":{"Hombres":{"11":0,"13":0,"14":0,"15":1,"16":1,"17":0,"18":3,"20":2,"22":3,"25":2,"26":1,"27":0,"29":1,"30":1,"31":3,"32":1,"34":1,"38":1,"40":1,"44":1,"45":1,"46":1,"47":1,"50":2,"51":1,"53":2,"54":1,"73":1,"82":1,"84":1},"Indeterminado":{"11":0,"13":0,"14":0,"15":0,"16":0,"17":0,"18":0,"20":0,"22":0,"25":0,"26":0,"27":0,"29":0,"30":0,"31":0,"32":0,"34":0,"38":0,"40":0,"44":0,"45":0,"46":0,"47":0,"50":0,"51":0,"53":0,"54":0,"73":0,"82":0,"84":0},"Mujeres":{"11":1,"13":1,"14":1,"15":0,"16":2,"17":1,"18":0,"20":0,"22":0,"25":0,"26":1,"27":1,"29":0,"30":0,"31":0,"32":1,"34":0,"38":0,"40":0,"44":0,"45":0,"46":0,"47":0,"50":0,"51":0,"53":0,"54":0,"73":0,"82":0,"84":0}},"por_nacionalidad":{"Hombres":{"ESTADOUNIDENSE":0,"MEXICANA":35},"Indeterminado":{"ESTADOUNIDENSE":0,"MEXICANA":0},"Mujeres":{"ESTADOUNIDENSE":1,"MEXICANA":8}}}