{"totales":{"PorcentajeDesaparecidos":"74.34","PorcentajeLocalizados":"25.66","PorcentajeLocalizadosCV":"75.86","PorcentajeLocalizadosSV":"24.14","PorcentajeSoloDesaparecidos":"100.00","PorcentajeSoloNoLocalizados":"0.00","TotalDesaparecidos":"84","TotalGlobal":"113","TotalLocalizados":"29","TotalLocalizadosCV":"22","TotalLocalizadosSV":"07","TotalSoloDesaparecidos":"84","TotalSoloNoLocalizados":"00"},"espacial":{"Hombres":{"20 DE NOVIEMBRE":0,"ACATLÁN DE LA CRUZ":0,"EL RESUMIDERO":1,"EMILIANO ZAPATA":1,"LOS SAUCES":1,"NIÑOS HÉROES":1,"SIN COLONIA DE REFERENCIA":86,"TELOLOAPAN CENTRO":0},"Indeterminado":{"20 DE NOVIEMBRE":0,"ACATLÁN DE LA CRUZ":0,"EL RESUMIDERO":0,"EMILIANO ZAPATA":0,"LOS SAUCES":0,"NIÑOS HÉROES":0,"SIN COLONIA DE REFERENCIA":0,"TELOLOAPAN CENTRO":0},"Mujeres":{"20 DE NOVIEMBRE":1,"ACATLÁN DE LA CRUZ":3,"EL RESUMIDERO":0,"EMILIANO ZAPATA":3,"LOS SAUCES":0,"NIÑOS HÉROES":0,"SIN COLONIA DE REFERENCIA":15,"TELOLOAPAN CENTRO":1}},"anual":{"Hombre":{"1.CIFRA SIN  AÑO DE REFERENCIA":1,"2010":1,"2011":2,"2012":7,"2013":9,"2014":19,"2015":7,"2016":16,"2017":17,"2018":4,"2019":4,"2020":3,"2021":0},"Indeterminado":{"1.CIFRA SIN  AÑO DE REFERENCIA":0,"2010":0,"2011":0,"2012":0,"2013":0,"2014":0,"2015":0,"2016":0,"2017":0,"2018":0,"2019":0,"2020":0,"2021":0},"Mujer":{"1.CIFRA SIN  AÑO DE REFERENCIA":0,"2010":0,"2011":0,"2012":0,"2013":1,"2014":7,"2015":0,"2016":0,"2017":5,"2018":3,"2019":4,"2020":1,"2021":2}},"mensual_ultimo_anio":{"Hombre":{"2018-AGOSTO":1,"2018-JULIO":2,"2018-NOVIEMBRE":1,"2018-SEPTIEMBRE":0,"2019-ABRIL":1,"2019-JULIO":1,"2019-SEPTIEMBRE":2,"2020-AGOSTO":1,"2020-FEBRERO":1,"2020-SEPTIEMBRE":1,"2021-MARZO":0,"2021-MAYO":0},"Indeterminado":{"2018-AGOSTO":0,"2018-JULIO":0,"2018-NOVIEMBRE":0,"2018-SEPTIEMBRE":0,"2019-ABRIL":0,"2019-JULIO":0,"2019-SEPTIEMBRE":0,"2020-AGOSTO":0,"2020-FEBRERO":0,"2020-SEPTIEMBRE":0,"2021-MARZO":0,"2021-MAYO":0},"Mujer":{"2018-AGOSTO":0,"2018-JULIO":0,"2018-NOVIEMBRE":0,"2018-SEPTIEMBRE":2,"2019-ABRIL":0,"2019-JULIO":0,"2019-SEPTIEMBRE":4,"2020-AGOSTO":1,"2020-FEBRERO":0,"2020-SEPTIEMBRE":0,"2021-MARZO":1,"2021-MAYO":1}},"por_edad":{"Hombres":{"0":1,"1":0,"13":1,"14":0,"15":5,"16":5,"17":2,"18":3,"19":1,"20":0,"21":3,"22":4,"23":5,"24":4,"25":5,"26":1,"27":4,"28":4,"29":1,"30":5,"31":1,"32":2,"33":0,"34":3,"37":6,"38":1,"39":2,"4":0,"40":1,"44":1,"45":2,"47":2,"48":1,"49":2,"52":1,"54":2,"55":1,"58":1,"60":1,"61":1,"68":2,"7":0,"73":1,"8":1,"SIN EDAD DE REFERENCIA":1},"Indeterminado":{"0":0,"1":0,"13":0,"14":0,"15":0,"16":0,"17":0,"18":0,"19":0,"20":0,"21":0,"22":0,"23":0,"24":0,"25":0,"26":0,"27":0,"28":0,"29":0,"30":0,"31":0,"32":0,"33":0,"34":0,"37":0,"38":0,"39":0,"4":0,"40":0,"44":0,"45":0,"47":0,"48":0,"49":0,"52":0,"54":0,"55":0,"58":0,"60":0,"61":0,"68":0,"7":0,"73":0,"8":0,"SIN EDAD DE REFERENCIA":0},"Mujeres":{"0":0,"1":1,"13":0,"14":2,"15":1,"16":4,"17":4,"18":0,"19":0,"20":1,"21":1,"22":1,"23":0,"24":0,"25":1,"26":0,"27":0,"28":1,"29":0,"30":2,"31":0,"32":0,"33":1,"34":0,"37":0,"38":0,"39":0,"4":1,"40":0,"44":0,"45":0,"47":0,"48":0,"49":0,"52":0,"54":0,"55":0,"58":1,"60":0,"61":0,"68":0,"7":1,"73":0,"8":0,"SIN EDAD DE REFERENCIA":0}},"por_nacionalidad":{"Hombres":{"MEXICANA":90},"Indeterminado":{"MEXICANA":0},"Mujeres":{"MEXICANA":23}}}