{"totales":{"PorcentajeDesaparecidos":"64.34","PorcentajeLocalizados":"35.66","PorcentajeLocalizadosCV":"66.67","PorcentajeLocalizadosSV":"33.33","PorcentajeSoloDesaparecidos":"100.00","PorcentajeSoloNoLocalizados":"0.00","TotalDesaparecidos":"92","TotalGlobal":"143","TotalLocalizados":"51","TotalLocalizadosCV":"34","TotalLocalizadosSV":"17","TotalSoloDesaparecidos":"92","TotalSoloNoLocalizados":"00"},"espacial":{"Hombres":{"ACAMIXTLA":1,"ATACHE":1,"AXIXINTLA":1,"BERMEJA":0,"CANTARRANAS":0,"CASAHUATES":1,"CNOP":1,"EL CHORRITO":1,"EXCONVENTO":1,"HUIYATENGO":1,"LA MORA":0,"LOS ADOBES":0,"LOS POCITOS":1,"PANORÁMICA":1,"PANTEÓN":1,"POTRERO":2,"SAN JUAN NARANJAS":1,"SANTIAGO TLAMACAZAPA":0,"SIERRA ALTA":1,"SIN COLONIA DE REFERENCIA":73,"TAXCO DE ALARCÓN CENTRO":2,"TAXCO EL VIEJO":0,"VICENTE GUERRERO":0,"ZACAZONTLA":0},"Indeterminado":{"ACAMIXTLA":0,"ATACHE":0,"AXIXINTLA":0,"BERMEJA":0,"CANTARRANAS":0,"CASAHUATES":0,"CNOP":0,"EL CHORRITO":0,"EXCONVENTO":0,"HUIYATENGO":0,"LA MORA":0,"LOS ADOBES":0,"LOS POCITOS":0,"PANORÁMICA":0,"PANTEÓN":0,"POTRERO":0,"SAN JUAN NARANJAS":0,"SANTIAGO TLAMACAZAPA":0,"SIERRA ALTA":0,"SIN COLONIA DE REFERENCIA":0,"TAXCO DE ALARCÓN CENTRO":0,"TAXCO EL VIEJO":0,"VICENTE GUERRERO":0,"ZACAZONTLA":0},"Mujeres":{"ACAMIXTLA":1,"ATACHE":0,"AXIXINTLA":0,"BERMEJA":2,"CANTARRANAS":1,"CASAHUATES":0,"CNOP":0,"EL CHORRITO":0,"EXCONVENTO":0,"HUIYATENGO":0,"LA MORA":1,"LOS ADOBES":1,"LOS POCITOS":0,"PANORÁMICA":0,"PANTEÓN":0,"POTRERO":0,"SAN JUAN NARANJAS":0,"SANTIAGO TLAMACAZAPA":1,"SIERRA ALTA":1,"SIN COLONIA DE REFERENCIA":41,"TAXCO DE ALARCÓN CENTRO":1,"TAXCO EL VIEJO":1,"VICENTE GUERRERO":1,"ZACAZONTLA":1}},"anual":{"Hombre":{"2008":1,"2010":6,"2011":3,"2012":13,"2013":12,"2014":4,"2015":2,"2016":7,"2017":11,"2018":6,"2019":9,"2020":9,"2021":7},"Indeterminado":{"2008":0,"2010":0,"2011":0,"2012":0,"2013":0,"2014":0,"2015":0,"2016":0,"2017":0,"2018":0,"2019":0,"2020":0,"2021":0},"Mujer":{"2008":0,"2010":0,"2011":0,"2012":1,"2013":10,"2014":9,"2015":8,"2016":5,"2017":3,"2018":8,"2019":5,"2020":3,"2021":1}},"mensual_ultimo_anio":{"Hombre":{"2019-NOVIEMBRE":1,"2019-OCTUBRE":0,"2020-ABRIL":1,"2020-FEBRERO":2,"2020-JULIO":1,"2020-JUNIO":1,"2020-MARZO":2,"2020-MAYO":2,"2020-SEPTIEMBRE":0,"2021-ABRIL":5,"2021-MARZO":1,"2021-MAYO":1},"Indeterminado":{"2019-NOVIEMBRE":0,"2019-OCTUBRE":0,"2020-ABRIL":0,"2020-FEBRERO":0,"2020-JULIO":0,"2020-JUNIO":0,"2020-MARZO":0,"2020-MAYO":0,"2020-SEPTIEMBRE":0,"2021-ABRIL":0,"2021-MARZO":0,"2021-MAYO":0},"Mujer":{"2019-NOVIEMBRE":1,"2019-OCTUBRE":1,"2020-ABRIL":1,"2020-FEBRERO":0,"2020-JULIO":0,"2020-JUNIO":1,"2020-MARZO":0,"2020-MAYO":0,"2020-SEPTIEMBRE":1,"2021-ABRIL":1,"2021-MARZO":0,"2021-MAYO":0}},"por_edad":{"Hombres":{"1":0,"10":1,"11":0,"12":0,"13":1,"14":0,"15":1,"16":7,"17":3,"18":4,"19":3,"20":3,"21":4,"22":1,"24":1,"25":2,"26":7,"27":3,"28":2,"29":4,"3":1,"30":1,"31":3,"32":3,"33":3,"34":3,"35":2,"36":4,"37":1,"38":1,"39":1,"4":0,"40":1,"42":1,"43":3,"45":1,"46":0,"49":1,"5":1,"50":0,"52":1,"55":1,"56":2,"6":0,"61":1,"64":1,"7":1,"78":1,"79":1,"80":1,"83":1,"85":1},"Indeterminado":{"1":0,"10":0,"11":0,"12":0,"13":0,"14":0,"15":0,"16":0,"17":0,"18":0,"19":0,"20":0,"21":0,"22":0,"24":0,"25":0,"26":0,"27":0,"28":0,"29":0,"3":0,"30":0,"31":0,"32":0,"33":0,"34":0,"35":0,"36":0,"37":0,"38":0,"39":0,"4":0,"40":0,"42":0,"43":0,"45":0,"46":0,"49":0,"5":0,"50":0,"52":0,"55":0,"56":0,"6":0,"61":0,"64":0,"7":0,"78":0,"79":0,"80":0,"83":0,"85":0},"Mujeres":{"1":2,"10":1,"11":1,"12":2,"13":2,"14":1,"15":1,"16":1,"17":3,"18":4,"19":3,"20":1,"21":1,"22":2,"24":2,"25":4,"26":1,"27":2,"28":2,"29":1,"3":0,"30":3,"31":1,"32":2,"33":0,"34":0,"35":1,"36":1,"37":1,"38":0,"39":1,"4":1,"40":1,"42":0,"43":0,"45":0,"46":1,"49":0,"5":0,"50":1,"52":0,"55":0,"56":0,"6":2,"61":0,"64":0,"7":0,"78":0,"79":0,"80":0,"83":0,"85":0}},"por_nacionalidad":{"Hombres":{"HAITIANA":0,"MEXICANA":90},"Indeterminado":{"HAITIANA":0,"MEXICANA":0},"Mujeres":{"HAITIANA":2,"MEXICANA":51}}}