{"totales":{"PorcentajeDesaparecidos":"57.14","PorcentajeLocalizados":"42.86","PorcentajeLocalizadosCV":"66.67","PorcentajeLocalizadosSV":"33.33","PorcentajeSoloDesaparecidos":"100.00","PorcentajeSoloNoLocalizados":"0.00","TotalDesaparecidos":"04","TotalGlobal":"07","TotalLocalizados":"03","TotalLocalizadosCV":"02","TotalLocalizadosSV":"01","TotalSoloDesaparecidos":"04","TotalSoloNoLocalizados":"00"},"espacial":{"Hombres":{"SIN COLONIA DE REFERENCIA":5},"Indeterminado":{"SIN COLONIA DE REFERENCIA":0},"Mujeres":{"SIN COLONIA DE REFERENCIA":2}},"anual":{"Hombre":{"2009":1,"2010":1,"2011":1,"2014":0,"2015":1,"2017":1},"Indeterminado":{"2009":0,"2010":0,"2011":0,"2014":0,"2015":0,"2017":0},"Mujer":{"2009":0,"2010":0,"2011":0,"2014":2,"2015":0,"2017":0}},"mensual_ultimo_anio":{"Hombre":{"2009-ABRIL":1,"2010-DICIEMBRE":1,"2011-NOVIEMBRE":1,"2014-NOVIEMBRE":0,"2014-SEPTIEMBRE":0,"2015-JULIO":1,"2017-MAYO":1},"Indeterminado":{"2009-ABRIL":0,"2010-DICIEMBRE":0,"2011-NOVIEMBRE":0,"2014-NOVIEMBRE":0,"2014-SEPTIEMBRE":0,"2015-JULIO":0,"2017-MAYO":0},"Mujer":{"2009-ABRIL":0,"2010-DICIEMBRE":0,"2011-NOVIEMBRE":0,"2014-NOVIEMBRE":1,"2014-SEPTIEMBRE":1,"2015-JULIO":0,"2017-MAYO":0}},"por_edad":{"Hombres":{"0":1,"10":0,"17":0,"25":1,"27":1,"53":1,"67":1},"Indeterminado":{"0":0,"10":0,"17":0,"25":0,"27":0,"53":0,"67":0},"Mujeres":{"0":0,"10":1,"17":1,"25":0,"27":0,"53":0,"67":0}},"por_nacionalidad":{"Hombres":{"MEXICANA":5},"Indeterminado":{"MEXICANA":0},"Mujeres":{"MEXICANA":2}}}