{"totales":{"PorcentajeDesaparecidos":"52.50","PorcentajeLocalizados":"47.50","PorcentajeLocalizadosCV":"42.11","PorcentajeLocalizadosSV":"57.89","PorcentajeSoloDesaparecidos":"100.00","PorcentajeSoloNoLocalizados":"0.00","TotalDesaparecidos":"21","TotalGlobal":"40","TotalLocalizados":"19","TotalLocalizadosCV":"08","TotalLocalizadosSV":"11","TotalSoloDesaparecidos":"21","TotalSoloNoLocalizados":"00"},"espacial":{"Hombres":{"DEL SANTUARIO":1,"LA VILLITA":1,"SANTUARIO":1,"SIN COLONIA DE REFERENCIA":28,"TIXTLA DE GUERRERO CENTRO":1,"VICENTE GUERRERO":0},"Indeterminado":{"DEL SANTUARIO":0,"LA VILLITA":0,"SANTUARIO":0,"SIN COLONIA DE REFERENCIA":0,"TIXTLA DE GUERRERO CENTRO":0,"VICENTE GUERRERO":0},"Mujeres":{"DEL SANTUARIO":0,"LA VILLITA":0,"SANTUARIO":0,"SIN COLONIA DE REFERENCIA":7,"TIXTLA DE GUERRERO CENTRO":0,"VICENTE GUERRERO":1}},"anual":{"Hombre":{"1.CIFRA SIN  AÑO DE REFERENCIA":1,"2000":1,"2013":1,"2015":2,"2016":7,"2017":11,"2018":1,"2019":3,"2020":3,"2021":2},"Indeterminado":{"1.CIFRA SIN  AÑO DE REFERENCIA":0,"2000":0,"2013":0,"2015":0,"2016":0,"2017":0,"2018":0,"2019":0,"2020":0,"2021":0},"Mujer":{"1.CIFRA SIN  AÑO DE REFERENCIA":0,"2000":0,"2013":0,"2015":0,"2016":0,"2017":3,"2018":1,"2019":3,"2020":1,"2021":0}},"mensual_ultimo_anio":{"Hombre":{"2018-NOVIEMBRE":0,"2018-SEPTIEMBRE":1,"2019-ABRIL":0,"2019-FEBRERO":1,"2019-MAYO":2,"2019-OCTUBRE":0,"2020-ENERO":1,"2020-JUNIO":1,"2020-NOVIEMBRE":1,"2020-OCTUBRE":0,"2021-FEBRERO":1,"2021-MARZO":1},"Indeterminado":{"2018-NOVIEMBRE":0,"2018-SEPTIEMBRE":0,"2019-ABRIL":0,"2019-FEBRERO":0,"2019-MAYO":0,"2019-OCTUBRE":0,"2020-ENERO":0,"2020-JUNIO":0,"2020-NOVIEMBRE":0,"2020-OCTUBRE":0,"2021-FEBRERO":0,"2021-MARZO":0},"Mujer":{"2018-NOVIEMBRE":1,"2018-SEPTIEMBRE":0,"2019-ABRIL":1,"2019-FEBRERO":1,"2019-MAYO":0,"2019-OCTUBRE":1,"2020-ENERO":0,"2020-JUNIO":0,"2020-NOVIEMBRE":0,"2020-OCTUBRE":1,"2021-FEBRERO":0,"2021-MARZO":0}},"por_edad":{"Hombres":{"1":1,"12":0,"13":1,"14":0,"16":0,"17":1,"22":4,"23":1,"26":3,"27":1,"28":1,"29":1,"3":0,"30":3,"31":1,"33":1,"34":0,"37":1,"38":1,"39":1,"40":2,"42":1,"43":1,"46":1,"47":1,"49":2,"53":1,"72":1},"Indeterminado":{"1":0,"12":0,"13":0,"14":0,"16":0,"17":0,"22":0,"23":0,"26":0,"27":0,"28":0,"29":0,"3":0,"30":0,"31":0,"33":0,"34":0,"37":0,"38":0,"39":0,"40":0,"42":0,"43":0,"46":0,"47":0,"49":0,"53":0,"72":0},"Mujeres":{"1":0,"12":2,"13":1,"14":1,"16":2,"17":0,"22":0,"23":0,"26":0,"27":0,"28":0,"29":0,"3":1,"30":0,"31":0,"33":0,"34":1,"37":0,"38":0,"39":0,"40":0,"42":0,"43":0,"46":0,"47":0,"49":0,"53":0,"72":0}},"por_nacionalidad":{"Hombres":{"MEXICANA":32},"Indeterminado":{"MEXICANA":0},"Mujeres":{"MEXICANA":8}}}