{"totales":{"PorcentajeDesaparecidos":"40.00","PorcentajeLocalizados":"60.00","PorcentajeLocalizadosCV":"100.00","PorcentajeLocalizadosSV":"0.00","PorcentajeSoloDesaparecidos":"100.00","PorcentajeSoloNoLocalizados":"0.00","TotalDesaparecidos":"02","TotalGlobal":"05","TotalLocalizados":"03","TotalLocalizadosCV":"03","TotalLocalizadosSV":"00","TotalSoloDesaparecidos":"02","TotalSoloNoLocalizados":"00"},"espacial":{"Hombres":{"SIN COLONIA DE REFERENCIA":2},"Indeterminado":{"SIN COLONIA DE REFERENCIA":0},"Mujeres":{"SIN COLONIA DE REFERENCIA":3}},"anual":{"Hombre":{"2014":0,"2017":1,"2020":1},"Indeterminado":{"2014":0,"2017":0,"2020":0},"Mujer":{"2014":2,"2017":1,"2020":0}},"mensual_ultimo_anio":{"Hombre":{"2014-NOVIEMBRE":0,"2017-JULIO":1,"2020-MARZO":1},"Indeterminado":{"2014-NOVIEMBRE":0,"2017-JULIO":0,"2020-MARZO":0},"Mujer":{"2014-NOVIEMBRE":2,"2017-JULIO":1,"2020-MARZO":0}},"por_edad":{"Hombres":{"22":0,"3":1,"49":1,"6":0},"Indeterminado":{"22":0,"3":0,"49":0,"6":0},"Mujeres":{"22":2,"3":0,"49":0,"6":1}},"por_nacionalidad":{"Hombres":{"MEXICANA":2},"Indeterminado":{"MEXICANA":0},"Mujeres":{"MEXICANA":3}}}