{"totales":{"PorcentajeDesaparecidos":"77.19","PorcentajeLocalizados":"22.81","PorcentajeLocalizadosCV":"76.92","PorcentajeLocalizadosSV":"23.08","PorcentajeSoloDesaparecidos":"100.00","PorcentajeSoloNoLocalizados":"0.00","TotalDesaparecidos":"44","TotalGlobal":"57","TotalLocalizados":"13","TotalLocalizadosCV":"10","TotalLocalizadosSV":"03","TotalSoloDesaparecidos":"44","TotalSoloNoLocalizados":"00"},"espacial":{"Hombres":{"5 DE MAYO":1,"AVIACIÓN":2,"BUENAVISTA":1,"PIRÁMIDES DE CONTLALCO":2,"SAN ANTONIO":0,"SAN FRANCISCO":1,"SANTA ANITA":0,"SIN COLONIA DE REFERENCIA":34},"Indeterminado":{"5 DE MAYO":0,"AVIACIÓN":0,"BUENAVISTA":0,"PIRÁMIDES DE CONTLALCO":0,"SAN ANTONIO":0,"SAN FRANCISCO":0,"SANTA ANITA":0,"SIN COLONIA DE REFERENCIA":0},"Mujeres":{"5 DE MAYO":0,"AVIACIÓN":1,"BUENAVISTA":0,"PIRÁMIDES DE CONTLALCO":0,"SAN ANTONIO":1,"SAN FRANCISCO":1,"SANTA ANITA":1,"SIN COLONIA DE REFERENCIA":12}},"anual":{"Hombre":{"1.CIFRA SIN  AÑO DE REFERENCIA":1,"2005":2,"2011":0,"2012":3,"2013":2,"2014":1,"2016":1,"2017":7,"2018":13,"2019":5,"2020":4,"2021":2},"Indeterminado":{"1.CIFRA SIN  AÑO DE REFERENCIA":0,"2005":0,"2011":0,"2012":0,"2013":0,"2014":0,"2016":0,"2017":0,"2018":0,"2019":0,"2020":0,"2021":0},"Mujer":{"1.CIFRA SIN  AÑO DE REFERENCIA":0,"2005":0,"2011":1,"2012":1,"2013":2,"2014":2,"2016":0,"2017":0,"2018":5,"2019":2,"2020":1,"2021":2}},"mensual_ultimo_anio":{"Hombre":{"2018-NOVIEMBRE":0,"2018-SEPTIEMBRE":3,"2019-ABRIL":1,"2019-AGOSTO":2,"2019-JUNIO":0,"2019-MAYO":2,"2020-AGOSTO":1,"2020-JULIO":1,"2020-MAYO":1,"2020-NOVIEMBRE":1,"2021-JUNIO":0,"2021-MARZO":2},"Indeterminado":{"2018-NOVIEMBRE":0,"2018-SEPTIEMBRE":0,"2019-ABRIL":0,"2019-AGOSTO":0,"2019-JUNIO":0,"2019-MAYO":0,"2020-AGOSTO":0,"2020-JULIO":0,"2020-MAYO":0,"2020-NOVIEMBRE":0,"2021-JUNIO":0,"2021-MARZO":0},"Mujer":{"2018-NOVIEMBRE":1,"2018-SEPTIEMBRE":1,"2019-ABRIL":0,"2019-AGOSTO":1,"2019-JUNIO":1,"2019-MAYO":0,"2020-AGOSTO":1,"2020-JULIO":0,"2020-MAYO":0,"2020-NOVIEMBRE":0,"2021-JUNIO":1,"2021-MARZO":1}},"por_edad":{"Hombres":{"10":1,"14":1,"15":1,"16":0,"17":0,"19":1,"2":0,"22":1,"23":0,"24":1,"25":2,"26":2,"27":5,"28":3,"29":2,"30":2,"31":0,"32":1,"33":1,"34":1,"35":1,"38":1,"40":1,"41":3,"42":1,"44":1,"45":3,"46":1,"50":1,"56":1,"60":1,"61":1,"8":0},"Indeterminado":{"10":0,"14":0,"15":0,"16":0,"17":0,"19":0,"2":0,"22":0,"23":0,"24":0,"25":0,"26":0,"27":0,"28":0,"29":0,"30":0,"31":0,"32":0,"33":0,"34":0,"35":0,"38":0,"40":0,"41":0,"42":0,"44":0,"45":0,"46":0,"50":0,"56":0,"60":0,"61":0,"8":0},"Mujeres":{"10":0,"14":3,"15":0,"16":3,"17":1,"19":0,"2":1,"22":1,"23":1,"24":0,"25":0,"26":0,"27":0,"28":0,"29":0,"30":1,"31":1,"32":0,"33":1,"34":0,"35":0,"38":1,"40":1,"41":0,"42":0,"44":0,"45":0,"46":0,"50":0,"56":0,"60":0,"61":0,"8":1}},"por_nacionalidad":{"Hombres":{"MEXICANA":41},"Indeterminado":{"MEXICANA":0},"Mujeres":{"MEXICANA":16}}}