{"totales":{"PorcentajeDesaparecidos":"44.44","PorcentajeLocalizados":"55.56","PorcentajeLocalizadosCV":"80.00","PorcentajeLocalizadosSV":"20.00","PorcentajeSoloDesaparecidos":"100.00","PorcentajeSoloNoLocalizados":"0.00","TotalDesaparecidos":"04","TotalGlobal":"09","TotalLocalizados":"05","TotalLocalizadosCV":"04","TotalLocalizadosSV":"01","TotalSoloDesaparecidos":"04","TotalSoloNoLocalizados":"00"},"espacial":{"Hombres":{"SIN COLONIA DE REFERENCIA":6},"Indeterminado":{"SIN COLONIA DE REFERENCIA":0},"Mujeres":{"SIN COLONIA DE REFERENCIA":3}},"anual":{"Hombre":{"2010":1,"2015":1,"2016":0,"2017":0,"2019":4},"Indeterminado":{"2010":0,"2015":0,"2016":0,"2017":0,"2019":0},"Mujer":{"2010":0,"2015":1,"2016":1,"2017":1,"2019":0}},"mensual_ultimo_anio":{"Hombre":{"2010-NOVIEMBRE":1,"2015-NOVIEMBRE":1,"2016-FEBRERO":0,"2017-JUNIO":0,"2019-ABRIL":1,"2019-MAYO":1,"2019-SEPTIEMBRE":2},"Indeterminado":{"2010-NOVIEMBRE":0,"2015-NOVIEMBRE":0,"2016-FEBRERO":0,"2017-JUNIO":0,"2019-ABRIL":0,"2019-MAYO":0,"2019-SEPTIEMBRE":0},"Mujer":{"2010-NOVIEMBRE":0,"2015-NOVIEMBRE":1,"2016-FEBRERO":1,"2017-JUNIO":1,"2019-ABRIL":0,"2019-MAYO":0,"2019-SEPTIEMBRE":0}},"por_edad":{"Hombres":{"0":1,"14":1,"16":0,"18":0,"29":1,"30":1,"33":0,"36":1,"37":1},"Indeterminado":{"0":0,"14":0,"16":0,"18":0,"29":0,"30":0,"33":0,"36":0,"37":0},"Mujeres":{"0":0,"14":0,"16":1,"18":1,"29":0,"30":0,"33":1,"36":0,"37":0}},"por_nacionalidad":{"Hombres":{"MEXICANA":6},"Indeterminado":{"MEXICANA":0},"Mujeres":{"MEXICANA":3}}}