{"totales":{"PorcentajeDesaparecidos":"92.86","PorcentajeLocalizados":"7.14","PorcentajeLocalizadosCV":"100.00","PorcentajeLocalizadosSV":"0.00","PorcentajeSoloDesaparecidos":"100.00","PorcentajeSoloNoLocalizados":"0.00","TotalDesaparecidos":"13","TotalGlobal":"14","TotalLocalizados":"01","TotalLocalizadosCV":"01","TotalLocalizadosSV":"00","TotalSoloDesaparecidos":"13","TotalSoloNoLocalizados":"00"},"espacial":{"Hombres":{"APAXTLA DE CASTREJÓN CENTRO":1,"SIN COLONIA DE REFERENCIA":10},"Indeterminado":{"APAXTLA DE CASTREJÓN CENTRO":0,"SIN COLONIA DE REFERENCIA":0},"Mujeres":{"APAXTLA DE CASTREJÓN CENTRO":0,"SIN COLONIA DE REFERENCIA":3}},"anual":{"Hombre":{"2012":1,"2013":0,"2014":8,"2018":1,"2021":1},"Indeterminado":{"2012":0,"2013":0,"2014":0,"2018":0,"2021":0},"Mujer":{"2012":0,"2013":1,"2014":2,"2018":0,"2021":0}},"mensual_ultimo_anio":{"Hombre":{"2012-AGOSTO":1,"2013-ENERO":0,"2014-ENERO":5,"2014-FEBRERO":0,"2014-JULIO":1,"2014-SEPTIEMBRE":2,"2018-ENERO":1,"2021-JULIO":1},"Indeterminado":{"2012-AGOSTO":0,"2013-ENERO":0,"2014-ENERO":0,"2014-FEBRERO":0,"2014-JULIO":0,"2014-SEPTIEMBRE":0,"2018-ENERO":0,"2021-JULIO":0},"Mujer":{"2012-AGOSTO":0,"2013-ENERO":1,"2014-ENERO":0,"2014-FEBRERO":1,"2014-JULIO":0,"2014-SEPTIEMBRE":1,"2018-ENERO":0,"2021-JULIO":0}},"por_edad":{"Hombres":{"15":0,"19":1,"20":0,"32":1,"36":1,"38":0,"40":1,"43":2,"44":1,"48":1,"55":1,"63":1,"72":1},"Indeterminado":{"15":0,"19":0,"20":0,"32":0,"36":0,"38":0,"40":0,"43":0,"44":0,"48":0,"55":0,"63":0,"72":0},"Mujeres":{"15":1,"19":0,"20":1,"32":0,"36":0,"38":1,"40":0,"43":0,"44":0,"48":0,"55":0,"63":0,"72":0}},"por_nacionalidad":{"Hombres":{"MEXICANA":11},"Indeterminado":{"MEXICANA":0},"Mujeres":{"MEXICANA":3}}}