{"totales":{"PorcentajeDesaparecidos":"40.00","PorcentajeLocalizados":"60.00","PorcentajeLocalizadosCV":"100.00","PorcentajeLocalizadosSV":"0.00","PorcentajeSoloDesaparecidos":"100.00","PorcentajeSoloNoLocalizados":"0.00","TotalDesaparecidos":"02","TotalGlobal":"05","TotalLocalizados":"03","TotalLocalizadosCV":"03","TotalLocalizadosSV":"00","TotalSoloDesaparecidos":"02","TotalSoloNoLocalizados":"00"},"espacial":{"Hombres":{"LAS MINAS":1,"SIN COLONIA DE REFERENCIA":0},"Indeterminado":{"LAS MINAS":0,"SIN COLONIA DE REFERENCIA":0},"Mujeres":{"LAS MINAS":0,"SIN COLONIA DE REFERENCIA":4}},"anual":{"Hombre":{"1.CIFRA SIN  AÑO DE REFERENCIA":1,"2010":0,"2011":0,"2017":0,"2019":0},"Indeterminado":{"1.CIFRA SIN  AÑO DE REFERENCIA":0,"2010":0,"2011":0,"2017":0,"2019":0},"Mujer":{"1.CIFRA SIN  AÑO DE REFERENCIA":0,"2010":1,"2011":1,"2017":1,"2019":1}},"mensual_ultimo_anio":{"Hombre":{"0-CIFRA SIN AÑO NI MES DE REFERENCIA":1,"2010-MAYO":0,"2011-ENERO":0,"2017-SEPTIEMBRE":0,"2019-AGOSTO":0},"Indeterminado":{"0-CIFRA SIN AÑO NI MES DE REFERENCIA":0,"2010-MAYO":0,"2011-ENERO":0,"2017-SEPTIEMBRE":0,"2019-AGOSTO":0},"Mujer":{"0-CIFRA SIN AÑO NI MES DE REFERENCIA":0,"2010-MAYO":1,"2011-ENERO":1,"2017-SEPTIEMBRE":1,"2019-AGOSTO":1}},"por_edad":{"Hombres":{"13":0,"14":0,"18":0,"24":0,"28":1},"Indeterminado":{"13":0,"14":0,"18":0,"24":0,"28":0},"Mujeres":{"13":1,"14":1,"18":1,"24":1,"28":0}},"por_nacionalidad":{"Hombres":{"MEXICANA":1},"Indeterminado":{"MEXICANA":0},"Mujeres":{"MEXICANA":4}}}