{"totales":{"PorcentajeDesaparecidos":"100.00","PorcentajeLocalizados":"0.00","PorcentajeLocalizadosCV":"0.00","PorcentajeLocalizadosSV":"0.00","PorcentajeSoloDesaparecidos":"100.00","PorcentajeSoloNoLocalizados":"0.00","TotalDesaparecidos":"02","TotalGlobal":"02","TotalLocalizados":"00","TotalLocalizadosCV":"00","TotalLocalizadosSV":"00","TotalSoloDesaparecidos":"02","TotalSoloNoLocalizados":"00"},"espacial":{"Hombres":{"SIN COLONIA DE REFERENCIA":0},"Indeterminado":{"SIN COLONIA DE REFERENCIA":0},"Mujeres":{"SIN COLONIA DE REFERENCIA":2}},"anual":{"Hombre":{"2018":0,"2019":0},"Indeterminado":{"2018":0,"2019":0},"Mujer":{"2018":1,"2019":1}},"mensual_ultimo_anio":{"Hombre":{"2018-MAYO":0,"2019-OCTUBRE":0},"Indeterminado":{"2018-MAYO":0,"2019-OCTUBRE":0},"Mujer":{"2018-MAYO":1,"2019-OCTUBRE":1}},"por_edad":{"Hombres":{"13":0,"15":0},"Indeterminado":{"13":0,"15":0},"Mujeres":{"13":1,"15":1}},"por_nacionalidad":{"Hombres":{"MEXICANA":0},"Indeterminado":{"MEXICANA":0},"Mujeres":{"MEXICANA":2}}}