{"totales":{"PorcentajeDesaparecidos":"81.25","PorcentajeLocalizados":"18.75","PorcentajeLocalizadosCV":"66.67","PorcentajeLocalizadosSV":"33.33","PorcentajeSoloDesaparecidos":"100.00","PorcentajeSoloNoLocalizados":"0.00","TotalDesaparecidos":"13","TotalGlobal":"16","TotalLocalizados":"03","TotalLocalizadosCV":"02","TotalLocalizadosSV":"01","TotalSoloDesaparecidos":"13","TotalSoloNoLocalizados":"00"},"espacial":{"Hombres":{"SIN COLONIA DE REFERENCIA":14},"Indeterminado":{"SIN COLONIA DE REFERENCIA":0},"Mujeres":{"SIN COLONIA DE REFERENCIA":2}},"anual":{"Hombre":{"2008":1,"2013":1,"2014":1,"2016":4,"2017":3,"2018":2,"2019":2},"Indeterminado":{"2008":0,"2013":0,"2014":0,"2016":0,"2017":0,"2018":0,"2019":0},"Mujer":{"2008":0,"2013":0,"2014":0,"2016":1,"2017":0,"2018":1,"2019":0}},"mensual_ultimo_anio":{"Hombre":{"2013-JULIO":1,"2014-ENERO":1,"2016-MARZO":1,"2016-OCTUBRE":0,"2016-SEPTIEMBRE":3,"2017-JULIO":1,"2017-MAYO":1,"2017-OCTUBRE":1,"2018-ABRIL":1,"2018-JUNIO":1,"2019-FEBRERO":1,"2019-JUNIO":1},"Indeterminado":{"2013-JULIO":0,"2014-ENERO":0,"2016-MARZO":0,"2016-OCTUBRE":0,"2016-SEPTIEMBRE":0,"2017-JULIO":0,"2017-MAYO":0,"2017-OCTUBRE":0,"2018-ABRIL":0,"2018-JUNIO":0,"2019-FEBRERO":0,"2019-JUNIO":0},"Mujer":{"2013-JULIO":0,"2014-ENERO":0,"2016-MARZO":0,"2016-OCTUBRE":1,"2016-SEPTIEMBRE":0,"2017-JULIO":0,"2017-MAYO":0,"2017-OCTUBRE":0,"2018-ABRIL":1,"2018-JUNIO":0,"2019-FEBRERO":0,"2019-JUNIO":0}},"por_edad":{"Hombres":{"16":0,"24":0,"29":1,"31":2,"32":3,"34":1,"39":1,"43":1,"45":1,"49":1,"55":1,"57":1,"63":1},"Indeterminado":{"16":0,"24":0,"29":0,"31":0,"32":0,"34":0,"39":0,"43":0,"45":0,"49":0,"55":0,"57":0,"63":0},"Mujeres":{"16":1,"24":1,"29":0,"31":0,"32":0,"34":0,"39":0,"43":0,"45":0,"49":0,"55":0,"57":0,"63":0}},"por_nacionalidad":{"Hombres":{"ESTADOUNIDENSE":1,"MEXICANA":13},"Indeterminado":{"ESTADOUNIDENSE":0,"MEXICANA":0},"Mujeres":{"ESTADOUNIDENSE":0,"MEXICANA":2}}}