{"totales":{"PorcentajeDesaparecidos":"100.00","PorcentajeLocalizados":"0.00","PorcentajeLocalizadosCV":"0.00","PorcentajeLocalizadosSV":"0.00","PorcentajeSoloDesaparecidos":"100.00","PorcentajeSoloNoLocalizados":"0.00","TotalDesaparecidos":"01","TotalGlobal":"01","TotalLocalizados":"00","TotalLocalizadosCV":"00","TotalLocalizadosSV":"00","TotalSoloDesaparecidos":"01","TotalSoloNoLocalizados":"00"},"espacial":{"Hombres":{"SIN COLONIA DE REFERENCIA":0},"Indeterminado":{"SIN COLONIA DE REFERENCIA":0},"Mujeres":{"SIN COLONIA DE REFERENCIA":1}},"anual":{"Hombre":{"2017":0},"Indeterminado":{"2017":0},"Mujer":{"2017":1}},"mensual_ultimo_anio":{"Hombre":{"2017-JUNIO":0},"Indeterminado":{"2017-JUNIO":0},"Mujer":{"2017-JUNIO":1}},"por_edad":{"Hombres":{"22":0},"Indeterminado":{"22":0},"Mujeres":{"22":1}},"por_nacionalidad":{"Hombres":{"MEXICANA":0},"Indeterminado":{"MEXICANA":0},"Mujeres":{"MEXICANA":1}}}