{"totales":{"PorcentajeDesaparecidos":"100.00","PorcentajeLocalizados":"0.00","PorcentajeLocalizadosCV":"0.00","PorcentajeLocalizadosSV":"0.00","PorcentajeSoloDesaparecidos":"100.00","PorcentajeSoloNoLocalizados":"0.00","TotalDesaparecidos":"06","TotalGlobal":"06","TotalLocalizados":"00","TotalLocalizadosCV":"00","TotalLocalizadosSV":"00","TotalSoloDesaparecidos":"06","TotalSoloNoLocalizados":"00"},"espacial":{"Hombres":{"SIN COLONIA DE REFERENCIA":5},"Indeterminado":{"SIN COLONIA DE REFERENCIA":0},"Mujeres":{"SIN COLONIA DE REFERENCIA":1}},"anual":{"Hombre":{"2014":3,"2015":2,"2019":0},"Indeterminado":{"2014":0,"2015":0,"2019":0},"Mujer":{"2014":0,"2015":0,"2019":1}},"mensual_ultimo_anio":{"Hombre":{"2014-SEPTIEMBRE":3,"2015-MAYO":2,"2019-ENERO":0},"Indeterminado":{"2014-SEPTIEMBRE":0,"2015-MAYO":0,"2019-ENERO":0},"Mujer":{"2014-SEPTIEMBRE":0,"2015-MAYO":0,"2019-ENERO":1}},"por_edad":{"Hombres":{"16":0,"26":1,"28":1,"29":1,"42":1,"50":1},"Indeterminado":{"16":0,"26":0,"28":0,"29":0,"42":0,"50":0},"Mujeres":{"16":1,"26":0,"28":0,"29":0,"42":0,"50":0}},"por_nacionalidad":{"Hombres":{"MEXICANA":5},"Indeterminado":{"MEXICANA":0},"Mujeres":{"MEXICANA":1}}}