{"totales":{"PorcentajeDesaparecidos":"100.00","PorcentajeLocalizados":"0.00","PorcentajeLocalizadosCV":"0.00","PorcentajeLocalizadosSV":"0.00","PorcentajeSoloDesaparecidos":"100.00","PorcentajeSoloNoLocalizados":"0.00","TotalDesaparecidos":"04","TotalGlobal":"04","TotalLocalizados":"00","TotalLocalizadosCV":"00","TotalLocalizadosSV":"00","TotalSoloDesaparecidos":"04","TotalSoloNoLocalizados":"00"},"espacial":{"Hombres":{"SIN COLONIA DE REFERENCIA":4},"Indeterminado":{"SIN COLONIA DE REFERENCIA":0},"Mujeres":{"SIN COLONIA DE REFERENCIA":0}},"anual":{"Hombre":{"1978":1,"2011":2,"2018":1},"Indeterminado":{"1978":0,"2011":0,"2018":0},"Mujer":{"1978":0,"2011":0,"2018":0}},"mensual_ultimo_anio":{"Hombre":{"1978-JUNIO":1,"2011-FEBRERO":2,"2018-MARZO":1},"Indeterminado":{"1978-JUNIO":0,"2011-FEBRERO":0,"2018-MARZO":0},"Mujer":{"1978-JUNIO":0,"2011-FEBRERO":0,"2018-MARZO":0}},"por_edad":{"Hombres":{"26":2,"59":1,"SIN EDAD DE REFERENCIA":1},"Indeterminado":{"26":0,"59":0,"SIN EDAD DE REFERENCIA":0},"Mujeres":{"26":0,"59":0,"SIN EDAD DE REFERENCIA":0}},"por_nacionalidad":{"Hombres":{"MEXICANA":2,"SE DESCONOCE":2},"Indeterminado":{"MEXICANA":0,"SE DESCONOCE":0},"Mujeres":{"MEXICANA":0,"SE DESCONOCE":0}}}