{"totales":{"PorcentajeDesaparecidos":"73.68","PorcentajeLocalizados":"26.32","PorcentajeLocalizadosCV":"40.00","PorcentajeLocalizadosSV":"60.00","PorcentajeSoloDesaparecidos":"100.00","PorcentajeSoloNoLocalizados":"0.00","TotalDesaparecidos":"14","TotalGlobal":"19","TotalLocalizados":"05","TotalLocalizadosCV":"02","TotalLocalizadosSV":"03","TotalSoloDesaparecidos":"14","TotalSoloNoLocalizados":"00"},"espacial":{"Hombres":{"SIN COLONIA DE REFERENCIA":17},"Indeterminado":{"SIN COLONIA DE REFERENCIA":0},"Mujeres":{"SIN COLONIA DE REFERENCIA":2}},"anual":{"Hombre":{"2008":1,"2009":0,"2011":4,"2012":1,"2013":4,"2014":3,"2016":1,"2018":2,"2019":1},"Indeterminado":{"2008":0,"2009":0,"2011":0,"2012":0,"2013":0,"2014":0,"2016":0,"2018":0,"2019":0},"Mujer":{"2008":0,"2009":1,"2011":0,"2012":0,"2013":1,"2014":0,"2016":0,"2018":0,"2019":0}},"mensual_ultimo_anio":{"Hombre":{"2011-JUNIO":1,"2012-OCTUBRE":1,"2013-DICIEMBRE":0,"2013-FEBRERO":1,"2013-JULIO":1,"2013-SEPTIEMBRE":2,"2014-AGOSTO":1,"2014-ENERO":1,"2014-MARZO":1,"2016-ENERO":1,"2018-JULIO":2,"2019-MARZO":1},"Indeterminado":{"2011-JUNIO":0,"2012-OCTUBRE":0,"2013-DICIEMBRE":0,"2013-FEBRERO":0,"2013-JULIO":0,"2013-SEPTIEMBRE":0,"2014-AGOSTO":0,"2014-ENERO":0,"2014-MARZO":0,"2016-ENERO":0,"2018-JULIO":0,"2019-MARZO":0},"Mujer":{"2011-JUNIO":0,"2012-OCTUBRE":0,"2013-DICIEMBRE":1,"2013-FEBRERO":0,"2013-JULIO":0,"2013-SEPTIEMBRE":0,"2014-AGOSTO":0,"2014-ENERO":0,"2014-MARZO":0,"2016-ENERO":0,"2018-JULIO":0,"2019-MARZO":0}},"por_edad":{"Hombres":{"15":1,"16":1,"17":1,"18":1,"22":1,"24":1,"26":1,"28":1,"32":1,"34":1,"36":1,"38":1,"39":1,"41":1,"42":1,"48":1,"62":1},"Indeterminado":{"15":0,"16":0,"17":0,"18":0,"22":0,"24":0,"26":0,"28":0,"32":0,"34":0,"36":0,"38":0,"39":0,"41":0,"42":0,"48":0,"62":0},"Mujeres":{"15":0,"16":1,"17":0,"18":1,"22":0,"24":0,"26":0,"28":0,"32":0,"34":0,"36":0,"38":0,"39":0,"41":0,"42":0,"48":0,"62":0}},"por_nacionalidad":{"Hombres":{"MEXICANA":17},"Indeterminado":{"MEXICANA":0},"Mujeres":{"MEXICANA":2}}}