{"totales":{"PorcentajeDesaparecidos":"91.39","PorcentajeLocalizados":"8.61","PorcentajeLocalizadosCV":"76.92","PorcentajeLocalizadosSV":"23.08","PorcentajeSoloDesaparecidos":"99.28","PorcentajeSoloNoLocalizados":"0.72","TotalDesaparecidos":"276","TotalGlobal":"302","TotalLocalizados":"26","TotalLocalizadosCV":"20","TotalLocalizadosSV":"06","TotalSoloDesaparecidos":"274","TotalSoloNoLocalizados":"02"},"espacial":{"Hombres":{"SIN COLONIA DE REFERENCIA":241},"Indeterminado":{"SIN COLONIA DE REFERENCIA":2},"Mujeres":{"SIN COLONIA DE REFERENCIA":59}},"anual":{"Hombre":{"1.CIFRA SIN  AÑO DE REFERENCIA":55,"1968":1,"1970":1,"1971":4,"1972":5,"1973":5,"1974":59,"1975":5,"1976":25,"1977":3,"1979":0,"1981":1,"1994":1,"1997":1,"2001":1,"2005":3,"2006":1,"2007":4,"2010":6,"2011":19,"2012":0,"2013":1,"2014":2,"2015":1,"2016":9,"2017":14,"2018":2,"2019":3,"2020":9,"2021":0},"Indeterminado":{"1.CIFRA SIN  AÑO DE REFERENCIA":2,"1968":0,"1970":0,"1971":0,"1972":0,"1973":0,"1974":0,"1975":0,"1976":0,"1977":0,"1979":0,"1981":0,"1994":0,"1997":0,"2001":0,"2005":0,"2006":0,"2007":0,"2010":0,"2011":0,"2012":0,"2013":0,"2014":0,"2015":0,"2016":0,"2017":0,"2018":0,"2019":0,"2020":0,"2021":0},"Mujer":{"1.CIFRA SIN  AÑO DE REFERENCIA":8,"1968":0,"1970":0,"1971":0,"1972":0,"1973":0,"1974":6,"1975":0,"1976":3,"1977":0,"1979":1,"1981":0,"1994":0,"1997":0,"2001":0,"2005":0,"2006":0,"2007":1,"2010":0,"2011":12,"2012":5,"2013":1,"2014":2,"2015":2,"2016":7,"2017":6,"2018":1,"2019":1,"2020":2,"2021":1}},"mensual_ultimo_anio":{"Hombre":{"2018-DICIEMBRE":0,"2018-JUNIO":1,"2019-ABRIL":1,"2019-FEBRERO":0,"2019-MAYO":1,"2019-SEPTIEMBRE":1,"2020-DICIEMBRE":2,"2020-JULIO":4,"2020-JUNIO":1,"2020-MAYO":1,"2020-SEPTIEMBRE":1,"2021-JUNIO":0},"Indeterminado":{"2018-DICIEMBRE":0,"2018-JUNIO":0,"2019-ABRIL":0,"2019-FEBRERO":0,"2019-MAYO":0,"2019-SEPTIEMBRE":0,"2020-DICIEMBRE":0,"2020-JULIO":0,"2020-JUNIO":0,"2020-MAYO":0,"2020-SEPTIEMBRE":0,"2021-JUNIO":0},"Mujer":{"2018-DICIEMBRE":1,"2018-JUNIO":0,"2019-ABRIL":0,"2019-FEBRERO":1,"2019-MAYO":0,"2019-SEPTIEMBRE":0,"2020-DICIEMBRE":0,"2020-JULIO":1,"2020-JUNIO":0,"2020-MAYO":0,"2020-SEPTIEMBRE":1,"2021-JUNIO":1}},"por_edad":{"Hombres":{"1":1,"12":1,"13":1,"14":2,"15":1,"16":0,"17":2,"18":3,"19":3,"2":1,"20":2,"21":5,"22":3,"23":2,"24":5,"25":4,"26":4,"27":2,"28":2,"29":1,"30":4,"31":1,"32":5,"33":3,"34":3,"35":2,"36":2,"37":4,"38":2,"39":3,"40":0,"41":4,"42":1,"43":1,"44":3,"45":2,"46":0,"47":1,"48":1,"49":0,"50":1,"52":2,"54":1,"55":1,"58":1,"59":1,"60":1,"65":1,"74":1,"SIN EDAD DE REFERENCIA":144},"Indeterminado":{"1":0,"12":0,"13":0,"14":0,"15":0,"16":0,"17":0,"18":0,"19":0,"2":0,"20":0,"21":0,"22":1,"23":0,"24":0,"25":0,"26":0,"27":0,"28":0,"29":0,"30":0,"31":0,"32":0,"33":0,"34":0,"35":0,"36":0,"37":0,"38":0,"39":0,"40":0,"41":0,"42":0,"43":0,"44":0,"45":0,"46":0,"47":0,"48":0,"49":0,"50":0,"52":0,"54":0,"55":0,"58":0,"59":0,"60":0,"65":0,"74":0,"SIN EDAD DE REFERENCIA":1},"Mujeres":{"1":0,"12":2,"13":2,"14":4,"15":3,"16":6,"17":5,"18":3,"19":0,"2":0,"20":2,"21":0,"22":1,"23":1,"24":0,"25":2,"26":1,"27":1,"28":0,"29":1,"30":1,"31":1,"32":0,"33":0,"34":0,"35":0,"36":1,"37":0,"38":1,"39":1,"40":1,"41":0,"42":0,"43":0,"44":0,"45":0,"46":1,"47":0,"48":0,"49":1,"50":0,"52":0,"54":0,"55":0,"58":0,"59":0,"60":0,"65":1,"74":0,"SIN EDAD DE REFERENCIA":16}},"por_nacionalidad":{"Hombres":{"ESTADOUNIDENSE":0,"HONDUREÑA":1,"MEXICANA":86,"SE DESCONOCE":154},"Indeterminado":{"ESTADOUNIDENSE":0,"HONDUREÑA":0,"MEXICANA":1,"SE DESCONOCE":1},"Mujeres":{"ESTADOUNIDENSE":1,"HONDUREÑA":0,"MEXICANA":40,"SE DESCONOCE":18}}}