{"totales":{"PorcentajeDesaparecidos":"50.00","PorcentajeLocalizados":"50.00","PorcentajeLocalizadosCV":"100.00","PorcentajeLocalizadosSV":"0.00","PorcentajeSoloDesaparecidos":"100.00","PorcentajeSoloNoLocalizados":"0.00","TotalDesaparecidos":"01","TotalGlobal":"02","TotalLocalizados":"01","TotalLocalizadosCV":"01","TotalLocalizadosSV":"00","TotalSoloDesaparecidos":"01","TotalSoloNoLocalizados":"00"},"espacial":{"Hombres":{"SIN COLONIA DE REFERENCIA":2},"Indeterminado":{"SIN COLONIA DE REFERENCIA":0},"Mujeres":{"SIN COLONIA DE REFERENCIA":0}},"anual":{"Hombre":{"2015":1,"2019":1},"Indeterminado":{"2015":0,"2019":0},"Mujer":{"2015":0,"2019":0}},"mensual_ultimo_anio":{"Hombre":{"2015-OCTUBRE":1,"2019-JULIO":1},"Indeterminado":{"2015-OCTUBRE":0,"2019-JULIO":0},"Mujer":{"2015-OCTUBRE":0,"2019-JULIO":0}},"por_edad":{"Hombres":{"18":1,"23":1},"Indeterminado":{"18":0,"23":0},"Mujeres":{"18":0,"23":0}},"por_nacionalidad":{"Hombres":{"MEXICANA":2},"Indeterminado":{"MEXICANA":0},"Mujeres":{"MEXICANA":0}}}