{"totales":{"PorcentajeDesaparecidos":"75.00","PorcentajeLocalizados":"25.00","PorcentajeLocalizadosCV":"14.29","PorcentajeLocalizadosSV":"85.71","PorcentajeSoloDesaparecidos":"100.00","PorcentajeSoloNoLocalizados":"0.00","TotalDesaparecidos":"21","TotalGlobal":"28","TotalLocalizados":"07","TotalLocalizadosCV":"01","TotalLocalizadosSV":"06","TotalSoloDesaparecidos":"21","TotalSoloNoLocalizados":"00"},"espacial":{"Hombres":{"SIN COLONIA DE REFERENCIA":24},"Indeterminado":{"SIN COLONIA DE REFERENCIA":0},"Mujeres":{"SIN COLONIA DE REFERENCIA":4}},"anual":{"Hombre":{"2014":1,"2015":7,"2016":9,"2017":6,"2021":1},"Indeterminado":{"2014":0,"2015":0,"2016":0,"2017":0,"2021":0},"Mujer":{"2014":0,"2015":0,"2016":3,"2017":0,"2021":1}},"mensual_ultimo_anio":{"Hombre":{"2016-ABRIL":2,"2016-ENERO":1,"2016-MARZO":1,"2016-MAYO":1,"2016-OCTUBRE":4,"2017-ABRIL":2,"2017-AGOSTO":1,"2017-JULIO":1,"2017-JUNIO":1,"2017-MARZO":1,"2021-FEBRERO":0,"2021-JULIO":1},"Indeterminado":{"2016-ABRIL":0,"2016-ENERO":0,"2016-MARZO":0,"2016-MAYO":0,"2016-OCTUBRE":0,"2017-ABRIL":0,"2017-AGOSTO":0,"2017-JULIO":0,"2017-JUNIO":0,"2017-MARZO":0,"2021-FEBRERO":0,"2021-JULIO":0},"Mujer":{"2016-ABRIL":0,"2016-ENERO":0,"2016-MARZO":0,"2016-MAYO":0,"2016-OCTUBRE":3,"2017-ABRIL":0,"2017-AGOSTO":0,"2017-JULIO":0,"2017-JUNIO":0,"2017-MARZO":0,"2021-FEBRERO":1,"2021-JULIO":0}},"por_edad":{"Hombres":{"14":0,"16":1,"17":3,"18":2,"20":1,"23":1,"25":3,"35":1,"38":3,"40":3,"46":1,"49":1,"54":1,"58":1,"59":1,"60":1,"80":0},"Indeterminado":{"14":0,"16":0,"17":0,"18":0,"20":0,"23":0,"25":0,"35":0,"38":0,"40":0,"46":0,"49":0,"54":0,"58":0,"59":0,"60":0,"80":0},"Mujeres":{"14":1,"16":0,"17":0,"18":0,"20":0,"23":1,"25":0,"35":0,"38":0,"40":0,"46":1,"49":0,"54":0,"58":0,"59":0,"60":0,"80":1}},"por_nacionalidad":{"Hombres":{"MEXICANA":24},"Indeterminado":{"MEXICANA":0},"Mujeres":{"MEXICANA":4}}}