{"totales":{"PorcentajeDesaparecidos":"64.18","PorcentajeLocalizados":"35.82","PorcentajeLocalizadosCV":"83.33","PorcentajeLocalizadosSV":"16.67","PorcentajeSoloDesaparecidos":"95.35","PorcentajeSoloNoLocalizados":"4.65","TotalDesaparecidos":"43","TotalGlobal":"67","TotalLocalizados":"24","TotalLocalizadosCV":"20","TotalLocalizadosSV":"04","TotalSoloDesaparecidos":"41","TotalSoloNoLocalizados":"02"},"espacial":{"Hombres":{"AMATITLÁN":0,"DE XALPA":0,"LA GUADALUPE":1,"LOMA BONITA":2,"MEZCALA":1,"SAN JOSÉ":1,"SAN SEBASTIÁN":1,"SIN COLONIA DE REFERENCIA":44,"TULIPANES":1,"XOCHIPALA":1},"Indeterminado":{"AMATITLÁN":0,"DE XALPA":0,"LA GUADALUPE":0,"LOMA BONITA":0,"MEZCALA":0,"SAN JOSÉ":0,"SAN SEBASTIÁN":0,"SIN COLONIA DE REFERENCIA":0,"TULIPANES":0,"XOCHIPALA":0},"Mujeres":{"AMATITLÁN":1,"DE XALPA":1,"LA GUADALUPE":0,"LOMA BONITA":0,"MEZCALA":0,"SAN JOSÉ":1,"SAN SEBASTIÁN":0,"SIN COLONIA DE REFERENCIA":11,"TULIPANES":0,"XOCHIPALA":1}},"anual":{"Hombre":{"2004":1,"2008":2,"2010":1,"2013":5,"2014":7,"2015":2,"2016":7,"2017":7,"2018":8,"2019":7,"2020":3,"2021":2},"Indeterminado":{"2004":0,"2008":0,"2010":0,"2013":0,"2014":0,"2015":0,"2016":0,"2017":0,"2018":0,"2019":0,"2020":0,"2021":0},"Mujer":{"2004":0,"2008":0,"2010":0,"2013":0,"2014":0,"2015":1,"2016":3,"2017":1,"2018":2,"2019":3,"2020":2,"2021":3}},"mensual_ultimo_anio":{"Hombre":{"2018-DICIEMBRE":2,"2019-ABRIL":1,"2019-FEBRERO":1,"2019-JUNIO":1,"2019-OCTUBRE":4,"2019-SEPTIEMBRE":0,"2020-JUNIO":1,"2020-MARZO":1,"2020-SEPTIEMBRE":1,"2021-ENERO":1,"2021-JULIO":1,"2021-MAYO":0},"Indeterminado":{"2018-DICIEMBRE":0,"2019-ABRIL":0,"2019-FEBRERO":0,"2019-JUNIO":0,"2019-OCTUBRE":0,"2019-SEPTIEMBRE":0,"2020-JUNIO":0,"2020-MARZO":0,"2020-SEPTIEMBRE":0,"2021-ENERO":0,"2021-JULIO":0,"2021-MAYO":0},"Mujer":{"2018-DICIEMBRE":0,"2019-ABRIL":0,"2019-FEBRERO":0,"2019-JUNIO":1,"2019-OCTUBRE":1,"2019-SEPTIEMBRE":1,"2020-JUNIO":0,"2020-MARZO":1,"2020-SEPTIEMBRE":1,"2021-ENERO":2,"2021-JULIO":0,"2021-MAYO":1}},"por_edad":{"Hombres":{"12":0,"13":1,"14":2,"15":1,"17":2,"18":2,"19":1,"20":2,"21":1,"22":2,"23":2,"24":2,"26":1,"27":2,"28":4,"29":2,"31":1,"32":2,"33":1,"34":2,"35":1,"37":2,"38":1,"40":1,"41":1,"42":1,"44":2,"45":1,"48":1,"50":1,"56":2,"57":1,"60":1,"61":1,"62":1,"64":1},"Indeterminado":{"12":0,"13":0,"14":0,"15":0,"17":0,"18":0,"19":0,"20":0,"21":0,"22":0,"23":0,"24":0,"26":0,"27":0,"28":0,"29":0,"31":0,"32":0,"33":0,"34":0,"35":0,"37":0,"38":0,"40":0,"41":0,"42":0,"44":0,"45":0,"48":0,"50":0,"56":0,"57":0,"60":0,"61":0,"62":0,"64":0},"Mujeres":{"12":2,"13":0,"14":2,"15":5,"17":0,"18":0,"19":1,"20":0,"21":1,"22":0,"23":1,"24":1,"26":2,"27":0,"28":0,"29":0,"31":0,"32":0,"33":0,"34":0,"35":0,"37":0,"38":0,"40":0,"41":0,"42":0,"44":0,"45":0,"48":0,"50":0,"56":0,"57":0,"60":0,"61":0,"62":0,"64":0}},"por_nacionalidad":{"Hombres":{"MEXICANA":52},"Indeterminado":{"MEXICANA":0},"Mujeres":{"MEXICANA":15}}}