{"totales":{"PorcentajeDesaparecidos":"100.00","PorcentajeLocalizados":"0.00","PorcentajeLocalizadosCV":"0.00","PorcentajeLocalizadosSV":"0.00","PorcentajeSoloDesaparecidos":"0.00","PorcentajeSoloNoLocalizados":"100.00","TotalDesaparecidos":"02","TotalGlobal":"02","TotalLocalizados":"00","TotalLocalizadosCV":"00","TotalLocalizadosSV":"00","TotalSoloDesaparecidos":"00","TotalSoloNoLocalizados":"02"},"espacial":{"Hombres":{"SIN COLONIA DE REFERENCIA":0},"Indeterminado":{"SIN COLONIA DE REFERENCIA":0},"Mujeres":{"SIN COLONIA DE REFERENCIA":2}},"anual":{"Hombre":{"2020":0},"Indeterminado":{"2020":0},"Mujer":{"2020":2}},"mensual_ultimo_anio":{"Hombre":{"2020-MARZO":0},"Indeterminado":{"2020-MARZO":0},"Mujer":{"2020-MARZO":2}},"por_edad":{"Hombres":{"13":0,"45":0},"Indeterminado":{"13":0,"45":0},"Mujeres":{"13":1,"45":1}},"por_nacionalidad":{"Hombres":{"MEXICANA":0},"Indeterminado":{"MEXICANA":0},"Mujeres":{"MEXICANA":2}}}