{"totales":{"PorcentajeDesaparecidos":"75.00","PorcentajeLocalizados":"25.00","PorcentajeLocalizadosCV":"100.00","PorcentajeLocalizadosSV":"0.00","PorcentajeSoloDesaparecidos":"66.67","PorcentajeSoloNoLocalizados":"33.33","TotalDesaparecidos":"03","TotalGlobal":"04","TotalLocalizados":"01","TotalLocalizadosCV":"01","TotalLocalizadosSV":"00","TotalSoloDesaparecidos":"02","TotalSoloNoLocalizados":"01"},"espacial":{"Hombres":{"SIN COLONIA DE REFERENCIA":1,"TEMALAC":1},"Indeterminado":{"SIN COLONIA DE REFERENCIA":0,"TEMALAC":0},"Mujeres":{"SIN COLONIA DE REFERENCIA":2,"TEMALAC":0}},"anual":{"Hombre":{"2013":1,"2014":0,"2019":0,"2021":1},"Indeterminado":{"2013":0,"2014":0,"2019":0,"2021":0},"Mujer":{"2013":0,"2014":1,"2019":1,"2021":0}},"mensual_ultimo_anio":{"Hombre":{"2013-SEPTIEMBRE":1,"2014-MAYO":0,"2019-FEBRERO":0,"2021-FEBRERO":1},"Indeterminado":{"2013-SEPTIEMBRE":0,"2014-MAYO":0,"2019-FEBRERO":0,"2021-FEBRERO":0},"Mujer":{"2013-SEPTIEMBRE":0,"2014-MAYO":1,"2019-FEBRERO":1,"2021-FEBRERO":0}},"por_edad":{"Hombres":{"18":1,"29":0,"43":1},"Indeterminado":{"18":0,"29":0,"43":0},"Mujeres":{"18":0,"29":1,"43":1}},"por_nacionalidad":{"Hombres":{"MEXICANA":2},"Indeterminado":{"MEXICANA":0},"Mujeres":{"MEXICANA":2}}}