{"totales":{"PorcentajeDesaparecidos":"26.09","PorcentajeLocalizados":"73.91","PorcentajeLocalizadosCV":"94.12","PorcentajeLocalizadosSV":"5.88","PorcentajeSoloDesaparecidos":"66.67","PorcentajeSoloNoLocalizados":"33.33","TotalDesaparecidos":"12","TotalGlobal":"46","TotalLocalizados":"34","TotalLocalizadosCV":"32","TotalLocalizadosSV":"02","TotalSoloDesaparecidos":"08","TotalSoloNoLocalizados":"04"},"espacial":{"Hombres":{"ATOTONILCO DE TULA":2,"PASEOS DE LA PRADERA":2,"SIN COLONIA DE REFERENCIA":18,"TEXAS":1},"Indeterminado":{"ATOTONILCO DE TULA":0,"PASEOS DE LA PRADERA":0,"SIN COLONIA DE REFERENCIA":0,"TEXAS":0},"Mujeres":{"ATOTONILCO DE TULA":1,"PASEOS DE LA PRADERA":2,"SIN COLONIA DE REFERENCIA":20,"TEXAS":0}},"anual":{"Hombre":{"1.CIFRA SIN  AÑO DE REFERENCIA":4,"2013":1,"2016":1,"2017":1,"2018":1,"2019":5,"2020":8,"2021":2},"Indeterminado":{"1.CIFRA SIN  AÑO DE REFERENCIA":0,"2013":0,"2016":0,"2017":0,"2018":0,"2019":0,"2020":0,"2021":0},"Mujer":{"1.CIFRA SIN  AÑO DE REFERENCIA":1,"2013":3,"2016":2,"2017":0,"2018":3,"2019":8,"2020":5,"2021":1}},"mensual_ultimo_anio":{"Hombre":{"2019-DICIEMBRE":2,"2019-JULIO":1,"2019-NOVIEMBRE":2,"2020-ABRIL":0,"2020-ENERO":1,"2020-JULIO":2,"2020-JUNIO":2,"2020-MARZO":1,"2020-NOVIEMBRE":1,"2020-SEPTIEMBRE":1,"2021-JULIO":1,"2021-MAYO":1},"Indeterminado":{"2019-DICIEMBRE":0,"2019-JULIO":0,"2019-NOVIEMBRE":0,"2020-ABRIL":0,"2020-ENERO":0,"2020-JULIO":0,"2020-JUNIO":0,"2020-MARZO":0,"2020-NOVIEMBRE":0,"2020-SEPTIEMBRE":0,"2021-JULIO":0,"2021-MAYO":0},"Mujer":{"2019-DICIEMBRE":1,"2019-JULIO":2,"2019-NOVIEMBRE":0,"2020-ABRIL":1,"2020-ENERO":1,"2020-JULIO":0,"2020-JUNIO":0,"2020-MARZO":3,"2020-NOVIEMBRE":0,"2020-SEPTIEMBRE":0,"2021-JULIO":0,"2021-MAYO":1}},"por_edad":{"Hombres":{"11":1,"12":0,"13":1,"14":2,"15":2,"16":3,"17":2,"20":0,"22":0,"25":0,"27":0,"29":0,"3":0,"31":1,"32":1,"34":1,"36":1,"37":0,"4":1,"40":2,"47":1,"50":0,"54":1,"6":1,"60":0,"72":1,"79":1},"Indeterminado":{"11":0,"12":0,"13":0,"14":0,"15":0,"16":0,"17":0,"20":0,"22":0,"25":0,"27":0,"29":0,"3":0,"31":0,"32":0,"34":0,"36":0,"37":0,"4":0,"40":0,"47":0,"50":0,"54":0,"6":0,"60":0,"72":0,"79":0},"Mujeres":{"11":0,"12":1,"13":0,"14":2,"15":3,"16":2,"17":2,"20":1,"22":2,"25":1,"27":1,"29":2,"3":1,"31":0,"32":1,"34":1,"36":0,"37":1,"4":0,"40":0,"47":0,"50":1,"54":0,"6":0,"60":1,"72":0,"79":0}},"por_nacionalidad":{"Hombres":{"MEXICANA":23},"Indeterminado":{"MEXICANA":0},"Mujeres":{"MEXICANA":23}}}