{"totales":{"PorcentajeDesaparecidos":"39.53","PorcentajeLocalizados":"60.47","PorcentajeLocalizadosCV":"92.31","PorcentajeLocalizadosSV":"7.69","PorcentajeSoloDesaparecidos":"76.47","PorcentajeSoloNoLocalizados":"23.53","TotalDesaparecidos":"17","TotalGlobal":"43","TotalLocalizados":"26","TotalLocalizadosCV":"24","TotalLocalizadosSV":"02","TotalSoloDesaparecidos":"13","TotalSoloNoLocalizados":"04"},"espacial":{"Hombres":{"JUÁREZ":0,"LA ESPERANZA":0,"PALISECA":1,"SANTA RITA":1,"SIN COLONIA DE REFERENCIA":18,"TEXCALTEPEC":0},"Indeterminado":{"JUÁREZ":0,"LA ESPERANZA":0,"PALISECA":0,"SANTA RITA":0,"SIN COLONIA DE REFERENCIA":0,"TEXCALTEPEC":0},"Mujeres":{"JUÁREZ":1,"LA ESPERANZA":1,"PALISECA":0,"SANTA RITA":1,"SIN COLONIA DE REFERENCIA":19,"TEXCALTEPEC":1}},"anual":{"Hombre":{"1.CIFRA SIN  AÑO DE REFERENCIA":5,"2007":2,"2008":2,"2009":1,"2011":1,"2012":1,"2013":1,"2015":0,"2016":1,"2017":0,"2018":0,"2019":0,"2020":3,"2021":3},"Indeterminado":{"1.CIFRA SIN  AÑO DE REFERENCIA":0,"2007":0,"2008":0,"2009":0,"2011":0,"2012":0,"2013":0,"2015":0,"2016":0,"2017":0,"2018":0,"2019":0,"2020":0,"2021":0},"Mujer":{"1.CIFRA SIN  AÑO DE REFERENCIA":2,"2007":1,"2008":1,"2009":1,"2011":0,"2012":1,"2013":2,"2015":2,"2016":2,"2017":1,"2018":1,"2019":5,"2020":2,"2021":2}},"mensual_ultimo_anio":{"Hombre":{"2019-AGOSTO":0,"2019-MARZO":0,"2019-NOVIEMBRE":0,"2019-SEPTIEMBRE":0,"2020-FEBRERO":0,"2020-JULIO":1,"2020-JUNIO":0,"2020-MAYO":1,"2020-OCTUBRE":1,"2021-ENERO":1,"2021-JULIO":2,"2021-JUNIO":0},"Indeterminado":{"2019-AGOSTO":0,"2019-MARZO":0,"2019-NOVIEMBRE":0,"2019-SEPTIEMBRE":0,"2020-FEBRERO":0,"2020-JULIO":0,"2020-JUNIO":0,"2020-MAYO":0,"2020-OCTUBRE":0,"2021-ENERO":0,"2021-JULIO":0,"2021-JUNIO":0},"Mujer":{"2019-AGOSTO":1,"2019-MARZO":1,"2019-NOVIEMBRE":2,"2019-SEPTIEMBRE":1,"2020-FEBRERO":1,"2020-JULIO":0,"2020-JUNIO":1,"2020-MAYO":0,"2020-OCTUBRE":0,"2021-ENERO":0,"2021-JULIO":0,"2021-JUNIO":2}},"por_edad":{"Hombres":{"1":1,"10":2,"14":1,"15":1,"16":0,"17":1,"18":1,"19":1,"22":3,"23":1,"24":1,"25":1,"27":0,"28":0,"3":0,"30":1,"33":1,"38":0,"40":0,"46":1,"48":1,"6":1,"78":0,"9":1},"Indeterminado":{"1":0,"10":0,"14":0,"15":0,"16":0,"17":0,"18":0,"19":0,"22":0,"23":0,"24":0,"25":0,"27":0,"28":0,"3":0,"30":0,"33":0,"38":0,"40":0,"46":0,"48":0,"6":0,"78":0,"9":0},"Mujeres":{"1":0,"10":0,"14":3,"15":1,"16":6,"17":4,"18":1,"19":0,"22":1,"23":0,"24":0,"25":0,"27":1,"28":2,"3":1,"30":0,"33":0,"38":1,"40":1,"46":0,"48":0,"6":0,"78":1,"9":0}},"por_nacionalidad":{"Hombres":{"MEXICANA":20},"Indeterminado":{"MEXICANA":0},"Mujeres":{"MEXICANA":23}}}