{"totales":{"PorcentajeDesaparecidos":"14.29","PorcentajeLocalizados":"85.71","PorcentajeLocalizadosCV":"100.00","PorcentajeLocalizadosSV":"0.00","PorcentajeSoloDesaparecidos":"100.00","PorcentajeSoloNoLocalizados":"0.00","TotalDesaparecidos":"01","TotalGlobal":"07","TotalLocalizados":"06","TotalLocalizadosCV":"06","TotalLocalizadosSV":"00","TotalSoloDesaparecidos":"01","TotalSoloNoLocalizados":"00"},"espacial":{"Hombres":{"CHAPANTONGO":0,"SANTA MARIA AMEALCO":1,"SIN COLONIA DE REFERENCIA":3},"Indeterminado":{"CHAPANTONGO":0,"SANTA MARIA AMEALCO":0,"SIN COLONIA DE REFERENCIA":0},"Mujeres":{"CHAPANTONGO":1,"SANTA MARIA AMEALCO":0,"SIN COLONIA DE REFERENCIA":2}},"anual":{"Hombre":{"2015":1,"2016":2,"2017":0,"2019":1,"2020":0},"Indeterminado":{"2015":0,"2016":0,"2017":0,"2019":0,"2020":0},"Mujer":{"2015":0,"2016":1,"2017":1,"2019":0,"2020":1}},"mensual_ultimo_anio":{"Hombre":{"2015-SEPTIEMBRE":1,"2016-AGOSTO":2,"2017-JULIO":0,"2019-DICIEMBRE":1,"2020-JUNIO":0},"Indeterminado":{"2015-SEPTIEMBRE":0,"2016-AGOSTO":0,"2017-JULIO":0,"2019-DICIEMBRE":0,"2020-JUNIO":0},"Mujer":{"2015-SEPTIEMBRE":0,"2016-AGOSTO":1,"2017-JULIO":1,"2019-DICIEMBRE":0,"2020-JUNIO":1}},"por_edad":{"Hombres":{"10":1,"11":0,"14":1,"17":0,"33":0,"39":1,"5":1},"Indeterminado":{"10":0,"11":0,"14":0,"17":0,"33":0,"39":0,"5":0},"Mujeres":{"10":0,"11":1,"14":0,"17":1,"33":1,"39":0,"5":0}},"por_nacionalidad":{"Hombres":{"MEXICANA":4},"Indeterminado":{"MEXICANA":0},"Mujeres":{"MEXICANA":3}}}