{"totales":{"PorcentajeDesaparecidos":"10.00","PorcentajeLocalizados":"90.00","PorcentajeLocalizadosCV":"100.00","PorcentajeLocalizadosSV":"0.00","PorcentajeSoloDesaparecidos":"100.00","PorcentajeSoloNoLocalizados":"0.00","TotalDesaparecidos":"01","TotalGlobal":"10","TotalLocalizados":"09","TotalLocalizadosCV":"09","TotalLocalizadosSV":"00","TotalSoloDesaparecidos":"01","TotalSoloNoLocalizados":"00"},"espacial":{"Hombres":{"SANTA ANA BATHA":0,"SIN COLONIA DE REFERENCIA":3},"Indeterminado":{"SANTA ANA BATHA":0,"SIN COLONIA DE REFERENCIA":0},"Mujeres":{"SANTA ANA BATHA":1,"SIN COLONIA DE REFERENCIA":6}},"anual":{"Hombre":{"1.CIFRA SIN  AÑO DE REFERENCIA":1,"2009":0,"2016":0,"2017":0,"2018":0,"2020":1,"2021":1},"Indeterminado":{"1.CIFRA SIN  AÑO DE REFERENCIA":0,"2009":0,"2016":0,"2017":0,"2018":0,"2020":0,"2021":0},"Mujer":{"1.CIFRA SIN  AÑO DE REFERENCIA":0,"2009":1,"2016":1,"2017":4,"2018":1,"2020":0,"2021":0}},"mensual_ultimo_anio":{"Hombre":{"0-CIFRA SIN AÑO NI MES DE REFERENCIA":1,"2009-ABRIL":0,"2016-AGOSTO":0,"2017-JULIO":0,"2017-MARZO":0,"2017-MAYO":0,"2018-NOVIEMBRE":0,"2020-JUNIO":1,"2021-ENERO":1},"Indeterminado":{"0-CIFRA SIN AÑO NI MES DE REFERENCIA":0,"2009-ABRIL":0,"2016-AGOSTO":0,"2017-JULIO":0,"2017-MARZO":0,"2017-MAYO":0,"2018-NOVIEMBRE":0,"2020-JUNIO":0,"2021-ENERO":0},"Mujer":{"0-CIFRA SIN AÑO NI MES DE REFERENCIA":0,"2009-ABRIL":1,"2016-AGOSTO":1,"2017-JULIO":1,"2017-MARZO":1,"2017-MAYO":2,"2018-NOVIEMBRE":1,"2020-JUNIO":0,"2021-ENERO":0}},"por_edad":{"Hombres":{"13":0,"15":0,"16":0,"18":1,"22":0,"24":0,"31":1,"32":1,"SIN EDAD DE REFERENCIA":0},"Indeterminado":{"13":0,"15":0,"16":0,"18":0,"22":0,"24":0,"31":0,"32":0,"SIN EDAD DE REFERENCIA":0},"Mujeres":{"13":1,"15":1,"16":2,"18":0,"22":1,"24":1,"31":0,"32":0,"SIN EDAD DE REFERENCIA":1}},"por_nacionalidad":{"Hombres":{"MEXICANA":3},"Indeterminado":{"MEXICANA":0},"Mujeres":{"MEXICANA":7}}}