{"totales":{"PorcentajeDesaparecidos":"85.71","PorcentajeLocalizados":"14.29","PorcentajeLocalizadosCV":"100.00","PorcentajeLocalizadosSV":"0.00","PorcentajeSoloDesaparecidos":"83.33","PorcentajeSoloNoLocalizados":"16.67","TotalDesaparecidos":"06","TotalGlobal":"07","TotalLocalizados":"01","TotalLocalizadosCV":"01","TotalLocalizadosSV":"00","TotalSoloDesaparecidos":"05","TotalSoloNoLocalizados":"01"},"espacial":{"Hombres":{"SIN COLONIA DE REFERENCIA":3},"Indeterminado":{"SIN COLONIA DE REFERENCIA":0},"Mujeres":{"SIN COLONIA DE REFERENCIA":4}},"anual":{"Hombre":{"1.CIFRA SIN  AÑO DE REFERENCIA":2,"2014":0,"2015":0,"2017":1,"2021":0},"Indeterminado":{"1.CIFRA SIN  AÑO DE REFERENCIA":0,"2014":0,"2015":0,"2017":0,"2021":0},"Mujer":{"1.CIFRA SIN  AÑO DE REFERENCIA":1,"2014":1,"2015":1,"2017":0,"2021":1}},"mensual_ultimo_anio":{"Hombre":{"0-CIFRA SIN AÑO NI MES DE REFERENCIA":2,"2014-ABRIL":0,"2015-JUNIO":0,"2017-ENERO":1,"2021-MARZO":0},"Indeterminado":{"0-CIFRA SIN AÑO NI MES DE REFERENCIA":0,"2014-ABRIL":0,"2015-JUNIO":0,"2017-ENERO":0,"2021-MARZO":0},"Mujer":{"0-CIFRA SIN AÑO NI MES DE REFERENCIA":1,"2014-ABRIL":1,"2015-JUNIO":1,"2017-ENERO":0,"2021-MARZO":1}},"por_edad":{"Hombres":{"1":1,"15":0,"2":1,"20":0,"30":0,"44":1},"Indeterminado":{"1":0,"15":0,"2":0,"20":0,"30":0,"44":0},"Mujeres":{"1":0,"15":2,"2":0,"20":1,"30":1,"44":0}},"por_nacionalidad":{"Hombres":{"MEXICANA":3},"Indeterminado":{"MEXICANA":0},"Mujeres":{"MEXICANA":4}}}