{"totales":{"PorcentajeDesaparecidos":"55.56","PorcentajeLocalizados":"44.44","PorcentajeLocalizadosCV":"100.00","PorcentajeLocalizadosSV":"0.00","PorcentajeSoloDesaparecidos":"40.00","PorcentajeSoloNoLocalizados":"60.00","TotalDesaparecidos":"05","TotalGlobal":"09","TotalLocalizados":"04","TotalLocalizadosCV":"04","TotalLocalizadosSV":"00","TotalSoloDesaparecidos":"02","TotalSoloNoLocalizados":"03"},"espacial":{"Hombres":{"SIN COLONIA DE REFERENCIA":3},"Indeterminado":{"SIN COLONIA DE REFERENCIA":0},"Mujeres":{"SIN COLONIA DE REFERENCIA":6}},"anual":{"Hombre":{"1.CIFRA SIN  AÑO DE REFERENCIA":0,"2008":2,"2011":0,"2019":1,"2020":0,"2021":0},"Indeterminado":{"1.CIFRA SIN  AÑO DE REFERENCIA":0,"2008":0,"2011":0,"2019":0,"2020":0,"2021":0},"Mujer":{"1.CIFRA SIN  AÑO DE REFERENCIA":2,"2008":0,"2011":1,"2019":1,"2020":1,"2021":1}},"mensual_ultimo_anio":{"Hombre":{"0-CIFRA SIN AÑO NI MES DE REFERENCIA":0,"2008-JULIO":1,"2008-MAYO":1,"2011-NOVIEMBRE":0,"2019-AGOSTO":0,"2019-MAYO":1,"2020-ABRIL":0,"2021-ABRIL":0},"Indeterminado":{"0-CIFRA SIN AÑO NI MES DE REFERENCIA":0,"2008-JULIO":0,"2008-MAYO":0,"2011-NOVIEMBRE":0,"2019-AGOSTO":0,"2019-MAYO":0,"2020-ABRIL":0,"2021-ABRIL":0},"Mujer":{"0-CIFRA SIN AÑO NI MES DE REFERENCIA":2,"2008-JULIO":0,"2008-MAYO":0,"2011-NOVIEMBRE":1,"2019-AGOSTO":1,"2019-MAYO":0,"2020-ABRIL":1,"2021-ABRIL":1}},"por_edad":{"Hombres":{"13":0,"15":0,"16":1,"18":0,"22":0,"30":0,"35":0,"37":1,"50":1},"Indeterminado":{"13":0,"15":0,"16":0,"18":0,"22":0,"30":0,"35":0,"37":0,"50":0},"Mujeres":{"13":1,"15":1,"16":0,"18":1,"22":1,"30":1,"35":1,"37":0,"50":0}},"por_nacionalidad":{"Hombres":{"MEXICANA":3},"Indeterminado":{"MEXICANA":0},"Mujeres":{"MEXICANA":6}}}