{"totales":{"PorcentajeDesaparecidos":"0.00","PorcentajeLocalizados":"100.00","PorcentajeLocalizadosCV":"100.00","PorcentajeLocalizadosSV":"0.00","PorcentajeSoloDesaparecidos":"0.00","PorcentajeSoloNoLocalizados":"0.00","TotalDesaparecidos":"00","TotalGlobal":"15","TotalLocalizados":"15","TotalLocalizadosCV":"15","TotalLocalizadosSV":"00","TotalSoloDesaparecidos":"00","TotalSoloNoLocalizados":"00"},"espacial":{"Hombres":{"PASO DE AMAJAC":0,"SIN COLONIA DE REFERENCIA":5},"Indeterminado":{"PASO DE AMAJAC":0,"SIN COLONIA DE REFERENCIA":0},"Mujeres":{"PASO DE AMAJAC":1,"SIN COLONIA DE REFERENCIA":9}},"anual":{"Hombre":{"2011":1,"2014":1,"2015":1,"2016":0,"2018":0,"2019":2,"2020":0},"Indeterminado":{"2011":0,"2014":0,"2015":0,"2016":0,"2018":0,"2019":0,"2020":0},"Mujer":{"2011":0,"2014":1,"2015":3,"2016":1,"2018":1,"2019":3,"2020":1}},"mensual_ultimo_anio":{"Hombre":{"2014-JULIO":0,"2014-MAYO":1,"2015-DICIEMBRE":0,"2015-FEBRERO":0,"2015-MARZO":0,"2015-MAYO":1,"2016-ENERO":0,"2018-ENERO":0,"2019-ABRIL":0,"2019-JUNIO":2,"2019-MAYO":0,"2020-JUNIO":0},"Indeterminado":{"2014-JULIO":0,"2014-MAYO":0,"2015-DICIEMBRE":0,"2015-FEBRERO":0,"2015-MARZO":0,"2015-MAYO":0,"2016-ENERO":0,"2018-ENERO":0,"2019-ABRIL":0,"2019-JUNIO":0,"2019-MAYO":0,"2020-JUNIO":0},"Mujer":{"2014-JULIO":1,"2014-MAYO":0,"2015-DICIEMBRE":1,"2015-FEBRERO":1,"2015-MARZO":1,"2015-MAYO":0,"2016-ENERO":1,"2018-ENERO":1,"2019-ABRIL":1,"2019-JUNIO":1,"2019-MAYO":1,"2020-JUNIO":1}},"por_edad":{"Hombres":{"14":0,"15":1,"16":0,"17":0,"2":1,"21":0,"24":1,"29":0,"34":1,"44":1,"6":0},"Indeterminado":{"14":0,"15":0,"16":0,"17":0,"2":0,"21":0,"24":0,"29":0,"34":0,"44":0,"6":0},"Mujeres":{"14":1,"15":0,"16":4,"17":2,"2":0,"21":1,"24":0,"29":1,"34":0,"44":0,"6":1}},"por_nacionalidad":{"Hombres":{"MEXICANA":5},"Indeterminado":{"MEXICANA":0},"Mujeres":{"MEXICANA":10}}}