{"totales":{"PorcentajeDesaparecidos":"19.35","PorcentajeLocalizados":"80.65","PorcentajeLocalizadosCV":"88.00","PorcentajeLocalizadosSV":"12.00","PorcentajeSoloDesaparecidos":"100.00","PorcentajeSoloNoLocalizados":"0.00","TotalDesaparecidos":"06","TotalGlobal":"31","TotalLocalizados":"25","TotalLocalizadosCV":"22","TotalLocalizadosSV":"03","TotalSoloDesaparecidos":"06","TotalSoloNoLocalizados":"00"},"espacial":{"Hombres":{"EL DECA":0,"SIN COLONIA DE REFERENCIA":13},"Indeterminado":{"EL DECA":0,"SIN COLONIA DE REFERENCIA":0},"Mujeres":{"EL DECA":1,"SIN COLONIA DE REFERENCIA":17}},"anual":{"Hombre":{"1.CIFRA SIN  AÑO DE REFERENCIA":9,"2009":1,"2013":0,"2017":2,"2018":0,"2019":0,"2020":1},"Indeterminado":{"1.CIFRA SIN  AÑO DE REFERENCIA":0,"2009":0,"2013":0,"2017":0,"2018":0,"2019":0,"2020":0},"Mujer":{"1.CIFRA SIN  AÑO DE REFERENCIA":7,"2009":0,"2013":3,"2017":4,"2018":2,"2019":2,"2020":0}},"mensual_ultimo_anio":{"Hombre":{"2013-NOVIEMBRE":0,"2013-SEPTIEMBRE":0,"2017-ENERO":0,"2017-FEBRERO":0,"2017-JULIO":0,"2017-MARZO":1,"2017-NOVIEMBRE":1,"2018-ENERO":0,"2018-JUNIO":0,"2019-ENERO":0,"2019-MARZO":0,"2020-NOVIEMBRE":1},"Indeterminado":{"2013-NOVIEMBRE":0,"2013-SEPTIEMBRE":0,"2017-ENERO":0,"2017-FEBRERO":0,"2017-JULIO":0,"2017-MARZO":0,"2017-NOVIEMBRE":0,"2018-ENERO":0,"2018-JUNIO":0,"2019-ENERO":0,"2019-MARZO":0,"2020-NOVIEMBRE":0},"Mujer":{"2013-NOVIEMBRE":1,"2013-SEPTIEMBRE":1,"2017-ENERO":1,"2017-FEBRERO":1,"2017-JULIO":1,"2017-MARZO":1,"2017-NOVIEMBRE":0,"2018-ENERO":1,"2018-JUNIO":1,"2019-ENERO":1,"2019-MARZO":1,"2020-NOVIEMBRE":0}},"por_edad":{"Hombres":{"13":0,"14":0,"15":1,"16":1,"17":0,"18":0,"20":0,"22":0,"27":0,"28":1,"29":2,"3":0,"31":1,"36":1,"42":1,"45":1,"49":2,"52":1,"57":1},"Indeterminado":{"13":0,"14":0,"15":0,"16":0,"17":0,"18":0,"20":0,"22":0,"27":0,"28":0,"29":0,"3":0,"31":0,"36":0,"42":0,"45":0,"49":0,"52":0,"57":0},"Mujeres":{"13":2,"14":3,"15":3,"16":1,"17":2,"18":1,"20":1,"22":1,"27":1,"28":0,"29":0,"3":2,"31":0,"36":0,"42":0,"45":1,"49":0,"52":0,"57":0}},"por_nacionalidad":{"Hombres":{"MEXICANA":13},"Indeterminado":{"MEXICANA":0},"Mujeres":{"MEXICANA":18}}}