{"totales":{"PorcentajeDesaparecidos":"50.00","PorcentajeLocalizados":"50.00","PorcentajeLocalizadosCV":"50.00","PorcentajeLocalizadosSV":"50.00","PorcentajeSoloDesaparecidos":"41.67","PorcentajeSoloNoLocalizados":"58.33","TotalDesaparecidos":"12","TotalGlobal":"24","TotalLocalizados":"12","TotalLocalizadosCV":"06","TotalLocalizadosSV":"06","TotalSoloDesaparecidos":"05","TotalSoloNoLocalizados":"07"},"espacial":{"Hombres":{"SIN COLONIA DE REFERENCIA":12,"TLALMINULPA":1,"TLAMACO":0},"Indeterminado":{"SIN COLONIA DE REFERENCIA":0,"TLALMINULPA":0,"TLAMACO":0},"Mujeres":{"SIN COLONIA DE REFERENCIA":7,"TLALMINULPA":0,"TLAMACO":4}},"anual":{"Hombre":{"1.CIFRA SIN  AÑO DE REFERENCIA":4,"2009":1,"2013":0,"2016":1,"2018":0,"2019":1,"2020":1,"2021":5},"Indeterminado":{"1.CIFRA SIN  AÑO DE REFERENCIA":0,"2009":0,"2013":0,"2016":0,"2018":0,"2019":0,"2020":0,"2021":0},"Mujer":{"1.CIFRA SIN  AÑO DE REFERENCIA":0,"2009":0,"2013":1,"2016":2,"2018":1,"2019":0,"2020":2,"2021":5}},"mensual_ultimo_anio":{"Hombre":{"2013-ENERO":0,"2016-AGOSTO":0,"2016-ENERO":1,"2016-JUNIO":0,"2018-ENERO":0,"2019-ENERO":1,"2020-JULIO":0,"2020-MAYO":0,"2020-SEPTIEMBRE":1,"2021-ENERO":4,"2021-JUNIO":1,"2021-MAYO":0},"Indeterminado":{"2013-ENERO":0,"2016-AGOSTO":0,"2016-ENERO":0,"2016-JUNIO":0,"2018-ENERO":0,"2019-ENERO":0,"2020-JULIO":0,"2020-MAYO":0,"2020-SEPTIEMBRE":0,"2021-ENERO":0,"2021-JUNIO":0,"2021-MAYO":0},"Mujer":{"2013-ENERO":1,"2016-AGOSTO":1,"2016-ENERO":0,"2016-JUNIO":1,"2018-ENERO":1,"2019-ENERO":0,"2020-JULIO":1,"2020-MAYO":1,"2020-SEPTIEMBRE":0,"2021-ENERO":4,"2021-JUNIO":0,"2021-MAYO":1}},"por_edad":{"Hombres":{"12":0,"13":0,"15":0,"17":0,"18":1,"21":1,"28":1,"29":1,"30":0,"35":2,"38":1,"48":1,"5":0,"57":1,"64":1,"7":0,"70":1,"73":1,"SIN EDAD DE REFERENCIA":1},"Indeterminado":{"12":0,"13":0,"15":0,"17":0,"18":0,"21":0,"28":0,"29":0,"30":0,"35":0,"38":0,"48":0,"5":0,"57":0,"64":0,"7":0,"70":0,"73":0,"SIN EDAD DE REFERENCIA":0},"Mujeres":{"12":1,"13":3,"15":1,"17":2,"18":0,"21":0,"28":0,"29":0,"30":2,"35":0,"38":0,"48":0,"5":1,"57":0,"64":0,"7":1,"70":0,"73":0,"SIN EDAD DE REFERENCIA":0}},"por_nacionalidad":{"Hombres":{"MEXICANA":13},"Indeterminado":{"MEXICANA":0},"Mujeres":{"MEXICANA":11}}}