{"totales":{"PorcentajeDesaparecidos":"0.00","PorcentajeLocalizados":"100.00","PorcentajeLocalizadosCV":"100.00","PorcentajeLocalizadosSV":"0.00","PorcentajeSoloDesaparecidos":"0.00","PorcentajeSoloNoLocalizados":"0.00","TotalDesaparecidos":"00","TotalGlobal":"03","TotalLocalizados":"03","TotalLocalizadosCV":"03","TotalLocalizadosSV":"00","TotalSoloDesaparecidos":"00","TotalSoloNoLocalizados":"00"},"espacial":{"Hombres":{"SIN COLONIA DE REFERENCIA":1},"Indeterminado":{"SIN COLONIA DE REFERENCIA":0},"Mujeres":{"SIN COLONIA DE REFERENCIA":2}},"anual":{"Hombre":{"2018":0,"2019":0,"2020":1},"Indeterminado":{"2018":0,"2019":0,"2020":0},"Mujer":{"2018":1,"2019":1,"2020":0}},"mensual_ultimo_anio":{"Hombre":{"2018-MARZO":0,"2019-ENERO":0,"2020-JULIO":1},"Indeterminado":{"2018-MARZO":0,"2019-ENERO":0,"2020-JULIO":0},"Mujer":{"2018-MARZO":1,"2019-ENERO":1,"2020-JULIO":0}},"por_edad":{"Hombres":{"15":0,"17":0,"61":1},"Indeterminado":{"15":0,"17":0,"61":0},"Mujeres":{"15":1,"17":1,"61":0}},"por_nacionalidad":{"Hombres":{"MEXICANA":1},"Indeterminado":{"MEXICANA":0},"Mujeres":{"MEXICANA":2}}}