{"totales":{"PorcentajeDesaparecidos":"3.85","PorcentajeLocalizados":"96.15","PorcentajeLocalizadosCV":"96.00","PorcentajeLocalizadosSV":"4.00","PorcentajeSoloDesaparecidos":"0.00","PorcentajeSoloNoLocalizados":"100.00","TotalDesaparecidos":"01","TotalGlobal":"26","TotalLocalizados":"25","TotalLocalizadosCV":"24","TotalLocalizadosSV":"01","TotalSoloDesaparecidos":"00","TotalSoloNoLocalizados":"01"},"espacial":{"Hombres":{"EPAZOYUCAN":0,"SANTA MÓNICA":1,"SIN COLONIA DE REFERENCIA":7},"Indeterminado":{"EPAZOYUCAN":0,"SANTA MÓNICA":0,"SIN COLONIA DE REFERENCIA":0},"Mujeres":{"EPAZOYUCAN":1,"SANTA MÓNICA":1,"SIN COLONIA DE REFERENCIA":16}},"anual":{"Hombre":{"1.CIFRA SIN  AÑO DE REFERENCIA":0,"2010":1,"2011":1,"2012":2,"2013":0,"2014":0,"2015":0,"2016":0,"2018":1,"2019":2,"2020":1},"Indeterminado":{"1.CIFRA SIN  AÑO DE REFERENCIA":0,"2010":0,"2011":0,"2012":0,"2013":0,"2014":0,"2015":0,"2016":0,"2018":0,"2019":0,"2020":0},"Mujer":{"1.CIFRA SIN  AÑO DE REFERENCIA":1,"2010":0,"2011":0,"2012":0,"2013":1,"2014":3,"2015":1,"2016":1,"2018":4,"2019":2,"2020":5}},"mensual_ultimo_anio":{"Hombre":{"2015-ENERO":0,"2016-FEBRERO":0,"2018-ABRIL":0,"2018-AGOSTO":1,"2018-MAYO":0,"2019-JULIO":1,"2019-MARZO":0,"2019-MAYO":1,"2020-AGOSTO":1,"2020-JUNIO":0,"2020-NOVIEMBRE":0,"2020-OCTUBRE":0},"Indeterminado":{"2015-ENERO":0,"2016-FEBRERO":0,"2018-ABRIL":0,"2018-AGOSTO":0,"2018-MAYO":0,"2019-JULIO":0,"2019-MARZO":0,"2019-MAYO":0,"2020-AGOSTO":0,"2020-JUNIO":0,"2020-NOVIEMBRE":0,"2020-OCTUBRE":0},"Mujer":{"2015-ENERO":1,"2016-FEBRERO":1,"2018-ABRIL":1,"2018-AGOSTO":2,"2018-MAYO":1,"2019-JULIO":0,"2019-MARZO":2,"2019-MAYO":0,"2020-AGOSTO":0,"2020-JUNIO":3,"2020-NOVIEMBRE":1,"2020-OCTUBRE":1}},"por_edad":{"Hombres":{"12":0,"13":0,"14":0,"15":1,"16":0,"17":0,"19":0,"24":1,"25":1,"28":1,"30":1,"32":1,"33":0,"35":1,"43":1,"46":0,"53":0},"Indeterminado":{"12":0,"13":0,"14":0,"15":0,"16":0,"17":0,"19":0,"24":0,"25":0,"28":0,"30":0,"32":0,"33":0,"35":0,"43":0,"46":0,"53":0},"Mujeres":{"12":1,"13":1,"14":2,"15":3,"16":3,"17":3,"19":1,"24":0,"25":0,"28":1,"30":0,"32":0,"33":1,"35":0,"43":0,"46":1,"53":1}},"por_nacionalidad":{"Hombres":{"MEXICANA":8},"Indeterminado":{"MEXICANA":0},"Mujeres":{"MEXICANA":18}}}