{"totales":{"PorcentajeDesaparecidos":"17.78","PorcentajeLocalizados":"82.22","PorcentajeLocalizadosCV":"100.00","PorcentajeLocalizadosSV":"0.00","PorcentajeSoloDesaparecidos":"50.00","PorcentajeSoloNoLocalizados":"50.00","TotalDesaparecidos":"08","TotalGlobal":"45","TotalLocalizados":"37","TotalLocalizadosCV":"37","TotalLocalizadosSV":"00","TotalSoloDesaparecidos":"04","TotalSoloNoLocalizados":"04"},"espacial":{"Hombres":{"CHACATITLA":1,"IXCUICUILA":1,"JUÁREZ":0,"NUEVO MÉXICO":1,"SIN COLONIA DE REFERENCIA":14},"Indeterminado":{"CHACATITLA":0,"IXCUICUILA":0,"JUÁREZ":0,"NUEVO MÉXICO":0,"SIN COLONIA DE REFERENCIA":0},"Mujeres":{"CHACATITLA":0,"IXCUICUILA":0,"JUÁREZ":1,"NUEVO MÉXICO":0,"SIN COLONIA DE REFERENCIA":27}},"anual":{"Hombre":{"1.CIFRA SIN  AÑO DE REFERENCIA":1,"2008":1,"2009":1,"2010":1,"2012":1,"2014":1,"2015":0,"2017":2,"2018":1,"2019":4,"2020":3,"2021":1},"Indeterminado":{"1.CIFRA SIN  AÑO DE REFERENCIA":0,"2008":0,"2009":0,"2010":0,"2012":0,"2014":0,"2015":0,"2017":0,"2018":0,"2019":0,"2020":0,"2021":0},"Mujer":{"1.CIFRA SIN  AÑO DE REFERENCIA":1,"2008":0,"2009":2,"2010":5,"2012":0,"2014":2,"2015":1,"2017":2,"2018":3,"2019":10,"2020":2,"2021":0}},"mensual_ultimo_anio":{"Hombre":{"2019-DICIEMBRE":1,"2019-JULIO":0,"2019-MARZO":0,"2019-NOVIEMBRE":2,"2019-OCTUBRE":0,"2019-SEPTIEMBRE":0,"2020-FEBRERO":1,"2020-JULIO":1,"2020-MARZO":1,"2020-MAYO":0,"2020-SEPTIEMBRE":0,"2021-MARZO":1},"Indeterminado":{"2019-DICIEMBRE":0,"2019-JULIO":0,"2019-MARZO":0,"2019-NOVIEMBRE":0,"2019-OCTUBRE":0,"2019-SEPTIEMBRE":0,"2020-FEBRERO":0,"2020-JULIO":0,"2020-MARZO":0,"2020-MAYO":0,"2020-SEPTIEMBRE":0,"2021-MARZO":0},"Mujer":{"2019-DICIEMBRE":0,"2019-JULIO":1,"2019-MARZO":1,"2019-NOVIEMBRE":1,"2019-OCTUBRE":1,"2019-SEPTIEMBRE":2,"2020-FEBRERO":0,"2020-JULIO":0,"2020-MARZO":0,"2020-MAYO":1,"2020-SEPTIEMBRE":1,"2021-MARZO":0}},"por_edad":{"Hombres":{"11":0,"12":2,"14":0,"15":0,"16":3,"17":0,"18":1,"2":0,"22":0,"23":3,"24":0,"25":1,"28":0,"29":1,"3":0,"30":1,"36":2,"53":1,"7":0,"8":0,"9":1,"SIN EDAD DE REFERENCIA":1},"Indeterminado":{"11":0,"12":0,"14":0,"15":0,"16":0,"17":0,"18":0,"2":0,"22":0,"23":0,"24":0,"25":0,"28":0,"29":0,"3":0,"30":0,"36":0,"53":0,"7":0,"8":0,"9":0,"SIN EDAD DE REFERENCIA":0},"Mujeres":{"11":1,"12":1,"14":1,"15":6,"16":4,"17":3,"18":3,"2":1,"22":1,"23":1,"24":1,"25":0,"28":1,"29":1,"3":1,"30":0,"36":0,"53":0,"7":1,"8":1,"9":0,"SIN EDAD DE REFERENCIA":0}},"por_nacionalidad":{"Hombres":{"MEXICANA":17},"Indeterminado":{"MEXICANA":0},"Mujeres":{"MEXICANA":28}}}