{"totales":{"PorcentajeDesaparecidos":"42.86","PorcentajeLocalizados":"57.14","PorcentajeLocalizadosCV":"100.00","PorcentajeLocalizadosSV":"0.00","PorcentajeSoloDesaparecidos":"33.33","PorcentajeSoloNoLocalizados":"66.67","TotalDesaparecidos":"03","TotalGlobal":"07","TotalLocalizados":"04","TotalLocalizadosCV":"04","TotalLocalizadosSV":"00","TotalSoloDesaparecidos":"01","TotalSoloNoLocalizados":"02"},"espacial":{"Hombres":{"EMILIANO ZAPATA":1,"SIN COLONIA DE REFERENCIA":2},"Indeterminado":{"EMILIANO ZAPATA":0,"SIN COLONIA DE REFERENCIA":0},"Mujeres":{"EMILIANO ZAPATA":2,"SIN COLONIA DE REFERENCIA":2}},"anual":{"Hombre":{"2015":1,"2018":1,"2020":0,"2021":1},"Indeterminado":{"2015":0,"2018":0,"2020":0,"2021":0},"Mujer":{"2015":0,"2018":1,"2020":2,"2021":1}},"mensual_ultimo_anio":{"Hombre":{"2015-JUNIO":1,"2018-JULIO":1,"2018-MARZO":0,"2020-OCTUBRE":0,"2020-SEPTIEMBRE":0,"2021-MAYO":1},"Indeterminado":{"2015-JUNIO":0,"2018-JULIO":0,"2018-MARZO":0,"2020-OCTUBRE":0,"2020-SEPTIEMBRE":0,"2021-MAYO":0},"Mujer":{"2015-JUNIO":0,"2018-JULIO":0,"2018-MARZO":1,"2020-OCTUBRE":1,"2020-SEPTIEMBRE":1,"2021-MAYO":1}},"por_edad":{"Hombres":{"13":0,"16":0,"21":1,"22":1,"37":0,"56":1},"Indeterminado":{"13":0,"16":0,"21":0,"22":0,"37":0,"56":0},"Mujeres":{"13":1,"16":1,"21":0,"22":0,"37":2,"56":0}},"por_nacionalidad":{"Hombres":{"MEXICANA":3},"Indeterminado":{"MEXICANA":0},"Mujeres":{"MEXICANA":4}}}