{"totales":{"PorcentajeDesaparecidos":"43.33","PorcentajeLocalizados":"56.67","PorcentajeLocalizadosCV":"88.24","PorcentajeLocalizadosSV":"11.76","PorcentajeSoloDesaparecidos":"38.46","PorcentajeSoloNoLocalizados":"61.54","TotalDesaparecidos":"13","TotalGlobal":"30","TotalLocalizados":"17","TotalLocalizadosCV":"15","TotalLocalizadosSV":"02","TotalSoloDesaparecidos":"05","TotalSoloNoLocalizados":"08"},"espacial":{"Hombres":{"HUICHAPAN":1,"JONACAPA":0,"LLANO LARGO":1,"PEDREGOSO":0,"SIN COLONIA DE REFERENCIA":11},"Indeterminado":{"HUICHAPAN":0,"JONACAPA":0,"LLANO LARGO":0,"PEDREGOSO":0,"SIN COLONIA DE REFERENCIA":0},"Mujeres":{"HUICHAPAN":0,"JONACAPA":1,"LLANO LARGO":0,"PEDREGOSO":1,"SIN COLONIA DE REFERENCIA":15}},"anual":{"Hombre":{"2015":0,"2016":0,"2017":1,"2018":4,"2019":0,"2020":5,"2021":3},"Indeterminado":{"2015":0,"2016":0,"2017":0,"2018":0,"2019":0,"2020":0,"2021":0},"Mujer":{"2015":1,"2016":5,"2017":1,"2018":2,"2019":1,"2020":6,"2021":1}},"mensual_ultimo_anio":{"Hombre":{"2017-DICIEMBRE":0,"2017-JUNIO":1,"2018-AGOSTO":1,"2018-SEPTIEMBRE":3,"2019-JULIO":0,"2020-ABRIL":2,"2020-JULIO":1,"2020-JUNIO":0,"2020-MARZO":2,"2021-ABRIL":0,"2021-MARZO":1,"2021-MAYO":2},"Indeterminado":{"2017-DICIEMBRE":0,"2017-JUNIO":0,"2018-AGOSTO":0,"2018-SEPTIEMBRE":0,"2019-JULIO":0,"2020-ABRIL":0,"2020-JULIO":0,"2020-JUNIO":0,"2020-MARZO":0,"2021-ABRIL":0,"2021-MARZO":0,"2021-MAYO":0},"Mujer":{"2017-DICIEMBRE":1,"2017-JUNIO":0,"2018-AGOSTO":0,"2018-SEPTIEMBRE":2,"2019-JULIO":1,"2020-ABRIL":2,"2020-JULIO":0,"2020-JUNIO":1,"2020-MARZO":3,"2021-ABRIL":1,"2021-MARZO":0,"2021-MAYO":0}},"por_edad":{"Hombres":{"1":1,"10":1,"14":0,"15":0,"16":0,"18":1,"19":1,"20":0,"26":1,"27":0,"28":0,"31":0,"34":0,"37":1,"4":1,"40":0,"41":1,"42":1,"63":1,"93":0,"SIN EDAD DE REFERENCIA":3},"Indeterminado":{"1":0,"10":0,"14":0,"15":0,"16":0,"18":0,"19":0,"20":0,"26":0,"27":0,"28":0,"31":0,"34":0,"37":0,"4":0,"40":0,"41":0,"42":0,"63":0,"93":0,"SIN EDAD DE REFERENCIA":0},"Mujeres":{"1":0,"10":0,"14":2,"15":1,"16":3,"18":1,"19":0,"20":1,"26":0,"27":1,"28":1,"31":1,"34":2,"37":0,"4":0,"40":1,"41":0,"42":1,"63":0,"93":1,"SIN EDAD DE REFERENCIA":1}},"por_nacionalidad":{"Hombres":{"MEXICANA":13},"Indeterminado":{"MEXICANA":0},"Mujeres":{"MEXICANA":17}}}