{"totales":{"PorcentajeDesaparecidos":"56.25","PorcentajeLocalizados":"43.75","PorcentajeLocalizadosCV":"85.71","PorcentajeLocalizadosSV":"14.29","PorcentajeSoloDesaparecidos":"77.78","PorcentajeSoloNoLocalizados":"22.22","TotalDesaparecidos":"09","TotalGlobal":"16","TotalLocalizados":"07","TotalLocalizadosCV":"06","TotalLocalizadosSV":"01","TotalSoloDesaparecidos":"07","TotalSoloNoLocalizados":"02"},"espacial":{"Hombres":{"LA BÓVEDA":0,"SIN COLONIA DE REFERENCIA":7},"Indeterminado":{"LA BÓVEDA":0,"SIN COLONIA DE REFERENCIA":0},"Mujeres":{"LA BÓVEDA":1,"SIN COLONIA DE REFERENCIA":8}},"anual":{"Hombre":{"1.CIFRA SIN  AÑO DE REFERENCIA":2,"2008":1,"2009":1,"2010":1,"2011":0,"2013":0,"2015":0,"2019":0,"2020":1,"2021":1},"Indeterminado":{"1.CIFRA SIN  AÑO DE REFERENCIA":0,"2008":0,"2009":0,"2010":0,"2011":0,"2013":0,"2015":0,"2019":0,"2020":0,"2021":0},"Mujer":{"1.CIFRA SIN  AÑO DE REFERENCIA":0,"2008":0,"2009":0,"2010":0,"2011":1,"2013":1,"2015":1,"2019":2,"2020":4,"2021":0}},"mensual_ultimo_anio":{"Hombre":{"2009-MAYO":1,"2010-JUNIO":1,"2011-DICIEMBRE":0,"2013-MARZO":0,"2015-NOVIEMBRE":0,"2019-JULIO":0,"2019-JUNIO":0,"2020-AGOSTO":0,"2020-ENERO":0,"2020-MAYO":1,"2020-NOVIEMBRE":0,"2021-ABRIL":1},"Indeterminado":{"2009-MAYO":0,"2010-JUNIO":0,"2011-DICIEMBRE":0,"2013-MARZO":0,"2015-NOVIEMBRE":0,"2019-JULIO":0,"2019-JUNIO":0,"2020-AGOSTO":0,"2020-ENERO":0,"2020-MAYO":0,"2020-NOVIEMBRE":0,"2021-ABRIL":0},"Mujer":{"2009-MAYO":0,"2010-JUNIO":0,"2011-DICIEMBRE":1,"2013-MARZO":1,"2015-NOVIEMBRE":1,"2019-JULIO":1,"2019-JUNIO":1,"2020-AGOSTO":1,"2020-ENERO":2,"2020-MAYO":0,"2020-NOVIEMBRE":1,"2021-ABRIL":0}},"por_edad":{"Hombres":{"10":0,"13":0,"14":1,"15":0,"20":1,"26":0,"29":1,"30":0,"33":0,"37":1,"39":1,"56":1,"71":0,"83":1},"Indeterminado":{"10":0,"13":0,"14":0,"15":0,"20":0,"26":0,"29":0,"30":0,"33":0,"37":0,"39":0,"56":0,"71":0,"83":0},"Mujeres":{"10":1,"13":1,"14":1,"15":1,"20":0,"26":1,"29":0,"30":1,"33":1,"37":0,"39":1,"56":0,"71":1,"83":0}},"por_nacionalidad":{"Hombres":{"MEXICANA":7},"Indeterminado":{"MEXICANA":0},"Mujeres":{"MEXICANA":9}}}