{"totales":{"PorcentajeDesaparecidos":"50.00","PorcentajeLocalizados":"50.00","PorcentajeLocalizadosCV":"66.67","PorcentajeLocalizadosSV":"33.33","PorcentajeSoloDesaparecidos":"100.00","PorcentajeSoloNoLocalizados":"0.00","TotalDesaparecidos":"03","TotalGlobal":"06","TotalLocalizados":"03","TotalLocalizadosCV":"02","TotalLocalizadosSV":"01","TotalSoloDesaparecidos":"03","TotalSoloNoLocalizados":"00"},"espacial":{"Hombres":{"SIN COLONIA DE REFERENCIA":3},"Indeterminado":{"SIN COLONIA DE REFERENCIA":0},"Mujeres":{"SIN COLONIA DE REFERENCIA":3}},"anual":{"Hombre":{"2011":1,"2020":2,"2021":0},"Indeterminado":{"2011":0,"2020":0,"2021":0},"Mujer":{"2011":0,"2020":2,"2021":1}},"mensual_ultimo_anio":{"Hombre":{"2011-ABRIL":1,"2020-ABRIL":0,"2020-JULIO":1,"2020-MARZO":1,"2021-ABRIL":0},"Indeterminado":{"2011-ABRIL":0,"2020-ABRIL":0,"2020-JULIO":0,"2020-MARZO":0,"2021-ABRIL":0},"Mujer":{"2011-ABRIL":0,"2020-ABRIL":1,"2020-JULIO":0,"2020-MARZO":1,"2021-ABRIL":1}},"por_edad":{"Hombres":{"16":0,"21":1,"28":1,"29":0,"31":1,"35":0},"Indeterminado":{"16":0,"21":0,"28":0,"29":0,"31":0,"35":0},"Mujeres":{"16":1,"21":0,"28":0,"29":1,"31":0,"35":1}},"por_nacionalidad":{"Hombres":{"MEXICANA":3},"Indeterminado":{"MEXICANA":0},"Mujeres":{"MEXICANA":3}}}