{"totales":{"PorcentajeDesaparecidos":"37.50","PorcentajeLocalizados":"62.50","PorcentajeLocalizadosCV":"100.00","PorcentajeLocalizadosSV":"0.00","PorcentajeSoloDesaparecidos":"66.67","PorcentajeSoloNoLocalizados":"33.33","TotalDesaparecidos":"03","TotalGlobal":"08","TotalLocalizados":"05","TotalLocalizadosCV":"05","TotalLocalizadosSV":"00","TotalSoloDesaparecidos":"02","TotalSoloNoLocalizados":"01"},"espacial":{"Hombres":{"LOS REYES TEPEZALA":0,"OJO DE AGUA":0,"SAN MIGUEL REGLA":0,"SIN COLONIA DE REFERENCIA":2},"Indeterminado":{"LOS REYES TEPEZALA":0,"OJO DE AGUA":0,"SAN MIGUEL REGLA":0,"SIN COLONIA DE REFERENCIA":0},"Mujeres":{"LOS REYES TEPEZALA":1,"OJO DE AGUA":1,"SAN MIGUEL REGLA":1,"SIN COLONIA DE REFERENCIA":3}},"anual":{"Hombre":{"1.CIFRA SIN  AÑO DE REFERENCIA":0,"2012":0,"2013":0,"2016":0,"2018":1,"2020":0,"2021":1},"Indeterminado":{"1.CIFRA SIN  AÑO DE REFERENCIA":0,"2012":0,"2013":0,"2016":0,"2018":0,"2020":0,"2021":0},"Mujer":{"1.CIFRA SIN  AÑO DE REFERENCIA":1,"2012":1,"2013":1,"2016":1,"2018":0,"2020":1,"2021":1}},"mensual_ultimo_anio":{"Hombre":{"0-CIFRA SIN AÑO NI MES DE REFERENCIA":0,"2012-FEBRERO":0,"2013-ENERO":0,"2016-FEBRERO":0,"2018-FEBRERO":1,"2020-NOVIEMBRE":0,"2021-FEBRERO":0,"2021-JUNIO":1},"Indeterminado":{"0-CIFRA SIN AÑO NI MES DE REFERENCIA":0,"2012-FEBRERO":0,"2013-ENERO":0,"2016-FEBRERO":0,"2018-FEBRERO":0,"2020-NOVIEMBRE":0,"2021-FEBRERO":0,"2021-JUNIO":0},"Mujer":{"0-CIFRA SIN AÑO NI MES DE REFERENCIA":1,"2012-FEBRERO":1,"2013-ENERO":1,"2016-FEBRERO":1,"2018-FEBRERO":0,"2020-NOVIEMBRE":1,"2021-FEBRERO":1,"2021-JUNIO":0}},"por_edad":{"Hombres":{"15":0,"16":0,"18":0,"24":0,"35":1,"38":0,"47":1,"56":0},"Indeterminado":{"15":0,"16":0,"18":0,"24":0,"35":0,"38":0,"47":0,"56":0},"Mujeres":{"15":1,"16":1,"18":1,"24":1,"35":0,"38":1,"47":0,"56":1}},"por_nacionalidad":{"Hombres":{"MEXICANA":2},"Indeterminado":{"MEXICANA":0},"Mujeres":{"MEXICANA":6}}}