{"totales":{"PorcentajeDesaparecidos":"37.50","PorcentajeLocalizados":"62.50","PorcentajeLocalizadosCV":"80.00","PorcentajeLocalizadosSV":"20.00","PorcentajeSoloDesaparecidos":"83.33","PorcentajeSoloNoLocalizados":"16.67","TotalDesaparecidos":"06","TotalGlobal":"16","TotalLocalizados":"10","TotalLocalizadosCV":"08","TotalLocalizadosSV":"02","TotalSoloDesaparecidos":"05","TotalSoloNoLocalizados":"01"},"espacial":{"Hombres":{"SIN COLONIA DE REFERENCIA":7},"Indeterminado":{"SIN COLONIA DE REFERENCIA":0},"Mujeres":{"SIN COLONIA DE REFERENCIA":9}},"anual":{"Hombre":{"1.CIFRA SIN  AÑO DE REFERENCIA":0,"2006":0,"2011":0,"2013":0,"2015":1,"2020":6},"Indeterminado":{"1.CIFRA SIN  AÑO DE REFERENCIA":0,"2006":0,"2011":0,"2013":0,"2015":0,"2020":0},"Mujer":{"1.CIFRA SIN  AÑO DE REFERENCIA":1,"2006":1,"2011":1,"2013":2,"2015":0,"2020":4}},"mensual_ultimo_anio":{"Hombre":{"0-CIFRA SIN AÑO NI MES DE REFERENCIA":0,"2006-DICIEMBRE":0,"2011-JUNIO":0,"2013-ENERO":0,"2013-SEPTIEMBRE":0,"2015-OCTUBRE":1,"2020-AGOSTO":0,"2020-FEBRERO":1,"2020-JULIO":2,"2020-JUNIO":1,"2020-MARZO":2},"Indeterminado":{"0-CIFRA SIN AÑO NI MES DE REFERENCIA":0,"2006-DICIEMBRE":0,"2011-JUNIO":0,"2013-ENERO":0,"2013-SEPTIEMBRE":0,"2015-OCTUBRE":0,"2020-AGOSTO":0,"2020-FEBRERO":0,"2020-JULIO":0,"2020-JUNIO":0,"2020-MARZO":0},"Mujer":{"0-CIFRA SIN AÑO NI MES DE REFERENCIA":1,"2006-DICIEMBRE":1,"2011-JUNIO":1,"2013-ENERO":1,"2013-SEPTIEMBRE":1,"2015-OCTUBRE":0,"2020-AGOSTO":1,"2020-FEBRERO":0,"2020-JULIO":1,"2020-JUNIO":0,"2020-MARZO":2}},"por_edad":{"Hombres":{"11":0,"12":1,"14":0,"15":1,"17":0,"18":0,"19":1,"26":1,"29":1,"42":1,"50":1,"9":0},"Indeterminado":{"11":0,"12":0,"14":0,"15":0,"17":0,"18":0,"19":0,"26":0,"29":0,"42":0,"50":0,"9":0},"Mujeres":{"11":1,"12":0,"14":1,"15":2,"17":1,"18":1,"19":1,"26":1,"29":0,"42":0,"50":0,"9":1}},"por_nacionalidad":{"Hombres":{"MEXICANA":7},"Indeterminado":{"MEXICANA":0},"Mujeres":{"MEXICANA":9}}}