{"totales":{"PorcentajeDesaparecidos":"25.00","PorcentajeLocalizados":"75.00","PorcentajeLocalizadosCV":"83.33","PorcentajeLocalizadosSV":"16.67","PorcentajeSoloDesaparecidos":"75.00","PorcentajeSoloNoLocalizados":"25.00","TotalDesaparecidos":"04","TotalGlobal":"16","TotalLocalizados":"12","TotalLocalizadosCV":"10","TotalLocalizadosSV":"02","TotalSoloDesaparecidos":"03","TotalSoloNoLocalizados":"01"},"espacial":{"Hombres":{"SIN COLONIA DE REFERENCIA":11,"TEPATEPEC":1},"Indeterminado":{"SIN COLONIA DE REFERENCIA":0,"TEPATEPEC":0},"Mujeres":{"SIN COLONIA DE REFERENCIA":4,"TEPATEPEC":0}},"anual":{"Hombre":{"2013":0,"2014":0,"2015":2,"2018":2,"2019":3,"2020":4,"2021":1},"Indeterminado":{"2013":0,"2014":0,"2015":0,"2018":0,"2019":0,"2020":0,"2021":0},"Mujer":{"2013":1,"2014":1,"2015":1,"2018":0,"2019":0,"2020":1,"2021":0}},"mensual_ultimo_anio":{"Hombre":{"2014-AGOSTO":0,"2015-NOVIEMBRE":1,"2015-SEPTIEMBRE":1,"2018-AGOSTO":1,"2018-DICIEMBRE":1,"2019-JUNIO":1,"2019-NOVIEMBRE":1,"2019-OCTUBRE":1,"2020-DICIEMBRE":1,"2020-MAYO":2,"2020-OCTUBRE":1,"2021-JUNIO":1},"Indeterminado":{"2014-AGOSTO":0,"2015-NOVIEMBRE":0,"2015-SEPTIEMBRE":0,"2018-AGOSTO":0,"2018-DICIEMBRE":0,"2019-JUNIO":0,"2019-NOVIEMBRE":0,"2019-OCTUBRE":0,"2020-DICIEMBRE":0,"2020-MAYO":0,"2020-OCTUBRE":0,"2021-JUNIO":0},"Mujer":{"2014-AGOSTO":1,"2015-NOVIEMBRE":0,"2015-SEPTIEMBRE":1,"2018-AGOSTO":0,"2018-DICIEMBRE":0,"2019-JUNIO":0,"2019-NOVIEMBRE":0,"2019-OCTUBRE":0,"2020-DICIEMBRE":0,"2020-MAYO":1,"2020-OCTUBRE":0,"2021-JUNIO":0}},"por_edad":{"Hombres":{"1":1,"11":1,"16":1,"17":0,"18":1,"20":1,"21":1,"25":0,"32":1,"35":1,"4":1,"44":0,"50":1,"83":1,"9":1},"Indeterminado":{"1":0,"11":0,"16":0,"17":0,"18":0,"20":0,"21":0,"25":0,"32":0,"35":0,"4":0,"44":0,"50":0,"83":0,"9":0},"Mujeres":{"1":0,"11":0,"16":1,"17":1,"18":0,"20":0,"21":0,"25":1,"32":0,"35":0,"4":0,"44":1,"50":0,"83":0,"9":0}},"por_nacionalidad":{"Hombres":{"MEXICANA":12},"Indeterminado":{"MEXICANA":0},"Mujeres":{"MEXICANA":4}}}