{"totales":{"PorcentajeDesaparecidos":"0.00","PorcentajeLocalizados":"100.00","PorcentajeLocalizadosCV":"100.00","PorcentajeLocalizadosSV":"0.00","PorcentajeSoloDesaparecidos":"0.00","PorcentajeSoloNoLocalizados":"0.00","TotalDesaparecidos":"00","TotalGlobal":"02","TotalLocalizados":"02","TotalLocalizadosCV":"02","TotalLocalizadosSV":"00","TotalSoloDesaparecidos":"00","TotalSoloNoLocalizados":"00"},"espacial":{"Hombres":{"SIN COLONIA DE REFERENCIA":0},"Indeterminado":{"SIN COLONIA DE REFERENCIA":0},"Mujeres":{"SIN COLONIA DE REFERENCIA":2}},"anual":{"Hombre":{"2019":0},"Indeterminado":{"2019":0},"Mujer":{"2019":2}},"mensual_ultimo_anio":{"Hombre":{"2019-JULIO":0,"2019-MAYO":0},"Indeterminado":{"2019-JULIO":0,"2019-MAYO":0},"Mujer":{"2019-JULIO":1,"2019-MAYO":1}},"por_edad":{"Hombres":{"12":0,"14":0},"Indeterminado":{"12":0,"14":0},"Mujeres":{"12":1,"14":1}},"por_nacionalidad":{"Hombres":{"MEXICANA":0},"Indeterminado":{"MEXICANA":0},"Mujeres":{"MEXICANA":2}}}