{"totales":{"PorcentajeDesaparecidos":"22.22","PorcentajeLocalizados":"77.78","PorcentajeLocalizadosCV":"100.00","PorcentajeLocalizadosSV":"0.00","PorcentajeSoloDesaparecidos":"50.00","PorcentajeSoloNoLocalizados":"50.00","TotalDesaparecidos":"02","TotalGlobal":"09","TotalLocalizados":"07","TotalLocalizadosCV":"07","TotalLocalizadosSV":"00","TotalSoloDesaparecidos":"01","TotalSoloNoLocalizados":"01"},"espacial":{"Hombres":{"SIN COLONIA DE REFERENCIA":2},"Indeterminado":{"SIN COLONIA DE REFERENCIA":0},"Mujeres":{"SIN COLONIA DE REFERENCIA":7}},"anual":{"Hombre":{"1.CIFRA SIN  AÑO DE REFERENCIA":0,"2016":1,"2019":1,"2020":0},"Indeterminado":{"1.CIFRA SIN  AÑO DE REFERENCIA":0,"2016":0,"2019":0,"2020":0},"Mujer":{"1.CIFRA SIN  AÑO DE REFERENCIA":2,"2016":1,"2019":2,"2020":2}},"mensual_ultimo_anio":{"Hombre":{"0-CIFRA SIN AÑO NI MES DE REFERENCIA":0,"2016-MARZO":1,"2019-AGOSTO":0,"2019-JULIO":0,"2019-OCTUBRE":1,"2020-JULIO":0,"2020-MARZO":0},"Indeterminado":{"0-CIFRA SIN AÑO NI MES DE REFERENCIA":0,"2016-MARZO":0,"2019-AGOSTO":0,"2019-JULIO":0,"2019-OCTUBRE":0,"2020-JULIO":0,"2020-MARZO":0},"Mujer":{"0-CIFRA SIN AÑO NI MES DE REFERENCIA":2,"2016-MARZO":1,"2019-AGOSTO":1,"2019-JULIO":1,"2019-OCTUBRE":0,"2020-JULIO":1,"2020-MARZO":1}},"por_edad":{"Hombres":{"13":0,"15":0,"30":0,"31":0,"33":1,"7":1},"Indeterminado":{"13":0,"15":0,"30":0,"31":0,"33":0,"7":0},"Mujeres":{"13":1,"15":3,"30":1,"31":2,"33":0,"7":0}},"por_nacionalidad":{"Hombres":{"MEXICANA":2},"Indeterminado":{"MEXICANA":0},"Mujeres":{"MEXICANA":7}}}