{"totales":{"PorcentajeDesaparecidos":"16.33","PorcentajeLocalizados":"83.67","PorcentajeLocalizadosCV":"97.56","PorcentajeLocalizadosSV":"2.44","PorcentajeSoloDesaparecidos":"62.50","PorcentajeSoloNoLocalizados":"37.50","TotalDesaparecidos":"08","TotalGlobal":"49","TotalLocalizados":"41","TotalLocalizadosCV":"40","TotalLocalizadosSV":"01","TotalSoloDesaparecidos":"05","TotalSoloNoLocalizados":"03"},"espacial":{"Hombres":{"ACTOPAN CENTRO":0,"CAÑADA CHICA ANTIGUA":0,"CHICAVASCO":0,"HUAXTO DE EMILIANO ZAPATA":1,"SIN COLONIA DE REFERENCIA":23},"Indeterminado":{"ACTOPAN CENTRO":0,"CAÑADA CHICA ANTIGUA":0,"CHICAVASCO":0,"HUAXTO DE EMILIANO ZAPATA":0,"SIN COLONIA DE REFERENCIA":0},"Mujeres":{"ACTOPAN CENTRO":1,"CAÑADA CHICA ANTIGUA":1,"CHICAVASCO":1,"HUAXTO DE EMILIANO ZAPATA":0,"SIN COLONIA DE REFERENCIA":22}},"anual":{"Hombre":{"1.CIFRA SIN  AÑO DE REFERENCIA":1,"2012":1,"2014":0,"2015":2,"2016":5,"2017":2,"2018":0,"2019":6,"2020":5,"2021":2},"Indeterminado":{"1.CIFRA SIN  AÑO DE REFERENCIA":0,"2012":0,"2014":0,"2015":0,"2016":0,"2017":0,"2018":0,"2019":0,"2020":0,"2021":0},"Mujer":{"1.CIFRA SIN  AÑO DE REFERENCIA":1,"2012":2,"2014":1,"2015":6,"2016":3,"2017":2,"2018":3,"2019":2,"2020":2,"2021":3}},"mensual_ultimo_anio":{"Hombre":{"2019-NOVIEMBRE":0,"2019-OCTUBRE":1,"2019-SEPTIEMBRE":1,"2020-AGOSTO":2,"2020-DICIEMBRE":0,"2020-JUNIO":1,"2020-MARZO":1,"2020-MAYO":1,"2020-NOVIEMBRE":0,"2021-ENERO":1,"2021-JUNIO":0,"2021-MARZO":1},"Indeterminado":{"2019-NOVIEMBRE":0,"2019-OCTUBRE":0,"2019-SEPTIEMBRE":0,"2020-AGOSTO":0,"2020-DICIEMBRE":0,"2020-JUNIO":0,"2020-MARZO":0,"2020-MAYO":0,"2020-NOVIEMBRE":0,"2021-ENERO":0,"2021-JUNIO":0,"2021-MARZO":0},"Mujer":{"2019-NOVIEMBRE":1,"2019-OCTUBRE":0,"2019-SEPTIEMBRE":0,"2020-AGOSTO":0,"2020-DICIEMBRE":1,"2020-JUNIO":0,"2020-MARZO":0,"2020-MAYO":0,"2020-NOVIEMBRE":1,"2021-ENERO":1,"2021-JUNIO":1,"2021-MARZO":1}},"por_edad":{"Hombres":{"10":1,"11":1,"13":0,"14":1,"15":1,"16":1,"17":1,"18":0,"19":2,"2":1,"21":0,"24":0,"26":0,"28":1,"29":1,"35":0,"37":0,"4":0,"40":2,"42":1,"43":1,"45":1,"48":1,"5":1,"50":2,"57":1,"6":1,"60":1,"64":0,"8":1},"Indeterminado":{"10":0,"11":0,"13":0,"14":0,"15":0,"16":0,"17":0,"18":0,"19":0,"2":0,"21":0,"24":0,"26":0,"28":0,"29":0,"35":0,"37":0,"4":0,"40":0,"42":0,"43":0,"45":0,"48":0,"5":0,"50":0,"57":0,"6":0,"60":0,"64":0,"8":0},"Mujeres":{"10":0,"11":0,"13":2,"14":1,"15":5,"16":2,"17":0,"18":2,"19":1,"2":0,"21":3,"24":2,"26":1,"28":0,"29":1,"35":1,"37":1,"4":1,"40":0,"42":1,"43":0,"45":0,"48":0,"5":0,"50":0,"57":0,"6":0,"60":0,"64":1,"8":0}},"por_nacionalidad":{"Hombres":{"MEXICANA":24},"Indeterminado":{"MEXICANA":0},"Mujeres":{"MEXICANA":25}}}