{"totales":{"PorcentajeDesaparecidos":"0.00","PorcentajeLocalizados":"100.00","PorcentajeLocalizadosCV":"100.00","PorcentajeLocalizadosSV":"0.00","PorcentajeSoloDesaparecidos":"0.00","PorcentajeSoloNoLocalizados":"0.00","TotalDesaparecidos":"00","TotalGlobal":"01","TotalLocalizados":"01","TotalLocalizadosCV":"01","TotalLocalizadosSV":"00","TotalSoloDesaparecidos":"00","TotalSoloNoLocalizados":"00"},"espacial":{"Hombres":{"SIN COLONIA DE REFERENCIA":0},"Indeterminado":{"SIN COLONIA DE REFERENCIA":0},"Mujeres":{"SIN COLONIA DE REFERENCIA":1}},"anual":{"Hombre":{"2013":0},"Indeterminado":{"2013":0},"Mujer":{"2013":1}},"mensual_ultimo_anio":{"Hombre":{"2013-SEPTIEMBRE":0},"Indeterminado":{"2013-SEPTIEMBRE":0},"Mujer":{"2013-SEPTIEMBRE":1}},"por_edad":{"Hombres":{"35":0},"Indeterminado":{"35":0},"Mujeres":{"35":1}},"por_nacionalidad":{"Hombres":{"MEXICANA":0},"Indeterminado":{"MEXICANA":0},"Mujeres":{"MEXICANA":1}}}