{"totales":{"PorcentajeDesaparecidos":"66.67","PorcentajeLocalizados":"33.33","PorcentajeLocalizadosCV":"100.00","PorcentajeLocalizadosSV":"0.00","PorcentajeSoloDesaparecidos":"100.00","PorcentajeSoloNoLocalizados":"0.00","TotalDesaparecidos":"02","TotalGlobal":"03","TotalLocalizados":"01","TotalLocalizadosCV":"01","TotalLocalizadosSV":"00","TotalSoloDesaparecidos":"02","TotalSoloNoLocalizados":"00"},"espacial":{"Hombres":{"SIN COLONIA DE REFERENCIA":1,"TUZANAPA":0},"Indeterminado":{"SIN COLONIA DE REFERENCIA":0,"TUZANAPA":0},"Mujeres":{"SIN COLONIA DE REFERENCIA":1,"TUZANAPA":1}},"anual":{"Hombre":{"2011":1,"2019":0,"2020":0},"Indeterminado":{"2011":0,"2019":0,"2020":0},"Mujer":{"2011":0,"2019":1,"2020":1}},"mensual_ultimo_anio":{"Hombre":{"2011-ABRIL":1,"2019-JUNIO":0,"2020-ENERO":0},"Indeterminado":{"2011-ABRIL":0,"2019-JUNIO":0,"2020-ENERO":0},"Mujer":{"2011-ABRIL":0,"2019-JUNIO":1,"2020-ENERO":1}},"por_edad":{"Hombres":{"16":0,"21":0,"26":1},"Indeterminado":{"16":0,"21":0,"26":0},"Mujeres":{"16":1,"21":1,"26":0}},"por_nacionalidad":{"Hombres":{"MEXICANA":1},"Indeterminado":{"MEXICANA":0},"Mujeres":{"MEXICANA":2}}}