{"totales":{"PorcentajeDesaparecidos":"25.00","PorcentajeLocalizados":"75.00","PorcentajeLocalizadosCV":"100.00","PorcentajeLocalizadosSV":"0.00","PorcentajeSoloDesaparecidos":"100.00","PorcentajeSoloNoLocalizados":"0.00","TotalDesaparecidos":"01","TotalGlobal":"04","TotalLocalizados":"03","TotalLocalizadosCV":"03","TotalLocalizadosSV":"00","TotalSoloDesaparecidos":"01","TotalSoloNoLocalizados":"00"},"espacial":{"Hombres":{"SIN COLONIA DE REFERENCIA":2},"Indeterminado":{"SIN COLONIA DE REFERENCIA":0},"Mujeres":{"SIN COLONIA DE REFERENCIA":2}},"anual":{"Hombre":{"1.CIFRA SIN  AÑO DE REFERENCIA":1,"2013":0,"2020":1},"Indeterminado":{"1.CIFRA SIN  AÑO DE REFERENCIA":0,"2013":0,"2020":0},"Mujer":{"1.CIFRA SIN  AÑO DE REFERENCIA":1,"2013":1,"2020":0}},"mensual_ultimo_anio":{"Hombre":{"0-CIFRA SIN AÑO NI MES DE REFERENCIA":1,"2013-NOVIEMBRE":0,"2020-ABRIL":1},"Indeterminado":{"0-CIFRA SIN AÑO NI MES DE REFERENCIA":0,"2013-NOVIEMBRE":0,"2020-ABRIL":0},"Mujer":{"0-CIFRA SIN AÑO NI MES DE REFERENCIA":1,"2013-NOVIEMBRE":1,"2020-ABRIL":0}},"por_edad":{"Hombres":{"14":0,"15":0,"76":1,"9":1},"Indeterminado":{"14":0,"15":0,"76":0,"9":0},"Mujeres":{"14":1,"15":1,"76":0,"9":0}},"por_nacionalidad":{"Hombres":{"MEXICANA":2},"Indeterminado":{"MEXICANA":0},"Mujeres":{"MEXICANA":2}}}