{"totales":{"PorcentajeDesaparecidos":"10.17","PorcentajeLocalizados":"89.83","PorcentajeLocalizadosCV":"96.23","PorcentajeLocalizadosSV":"3.77","PorcentajeSoloDesaparecidos":"58.33","PorcentajeSoloNoLocalizados":"41.67","TotalDesaparecidos":"12","TotalGlobal":"118","TotalLocalizados":"106","TotalLocalizadosCV":"102","TotalLocalizadosSV":"04","TotalSoloDesaparecidos":"07","TotalSoloNoLocalizados":"05"},"espacial":{"Hombres":{"EL CALVARIO":0,"EL TEPHE":0,"LOS NOGALES":0,"MAGUEY BLANCO":0,"SAN MIGUEL O SAN ANTONIO":1,"SIN COLONIA DE REFERENCIA":45},"Indeterminado":{"EL CALVARIO":0,"EL TEPHE":0,"LOS NOGALES":0,"MAGUEY BLANCO":0,"SAN MIGUEL O SAN ANTONIO":0,"SIN COLONIA DE REFERENCIA":0},"Mujeres":{"EL CALVARIO":1,"EL TEPHE":2,"LOS NOGALES":1,"MAGUEY BLANCO":1,"SAN MIGUEL O SAN ANTONIO":1,"SIN COLONIA DE REFERENCIA":66}},"anual":{"Hombre":{"1.CIFRA SIN  AÑO DE REFERENCIA":3,"2009":1,"2010":0,"2011":0,"2012":0,"2013":1,"2014":1,"2015":1,"2016":4,"2017":6,"2018":11,"2019":9,"2020":5,"2021":4},"Indeterminado":{"1.CIFRA SIN  AÑO DE REFERENCIA":0,"2009":0,"2010":0,"2011":0,"2012":0,"2013":0,"2014":0,"2015":0,"2016":0,"2017":0,"2018":0,"2019":0,"2020":0,"2021":0},"Mujer":{"1.CIFRA SIN  AÑO DE REFERENCIA":3,"2009":1,"2010":2,"2011":2,"2012":1,"2013":6,"2014":1,"2015":0,"2016":23,"2017":12,"2018":8,"2019":9,"2020":2,"2021":2}},"mensual_ultimo_anio":{"Hombre":{"2019-DICIEMBRE":0,"2019-NOVIEMBRE":2,"2020-JULIO":1,"2020-JUNIO":2,"2020-MAYO":1,"2020-NOVIEMBRE":0,"2020-OCTUBRE":1,"2021-ABRIL":1,"2021-ENERO":0,"2021-FEBRERO":1,"2021-JULIO":1,"2021-MARZO":1},"Indeterminado":{"2019-DICIEMBRE":0,"2019-NOVIEMBRE":0,"2020-JULIO":0,"2020-JUNIO":0,"2020-MAYO":0,"2020-NOVIEMBRE":0,"2020-OCTUBRE":0,"2021-ABRIL":0,"2021-ENERO":0,"2021-FEBRERO":0,"2021-JULIO":0,"2021-MARZO":0},"Mujer":{"2019-DICIEMBRE":1,"2019-NOVIEMBRE":0,"2020-JULIO":0,"2020-JUNIO":0,"2020-MAYO":1,"2020-NOVIEMBRE":1,"2020-OCTUBRE":0,"2021-ABRIL":1,"2021-ENERO":1,"2021-FEBRERO":0,"2021-JULIO":0,"2021-MARZO":0}},"por_edad":{"Hombres":{"1":1,"10":2,"12":0,"13":1,"14":2,"15":2,"16":1,"17":2,"18":1,"19":2,"2":1,"20":0,"21":1,"23":0,"24":3,"25":4,"26":1,"27":1,"28":1,"29":1,"32":1,"33":1,"35":0,"36":1,"37":1,"38":0,"4":2,"44":1,"46":1,"49":1,"5":1,"51":1,"52":1,"54":1,"6":1,"65":2,"7":0,"8":1,"9":1,"SIN EDAD DE REFERENCIA":1},"Indeterminado":{"1":0,"10":0,"12":0,"13":0,"14":0,"15":0,"16":0,"17":0,"18":0,"19":0,"2":0,"20":0,"21":0,"23":0,"24":0,"25":0,"26":0,"27":0,"28":0,"29":0,"32":0,"33":0,"35":0,"36":0,"37":0,"38":0,"4":0,"44":0,"46":0,"49":0,"5":0,"51":0,"52":0,"54":0,"6":0,"65":0,"7":0,"8":0,"9":0,"SIN EDAD DE REFERENCIA":0},"Mujeres":{"1":1,"10":1,"12":2,"13":5,"14":10,"15":18,"16":10,"17":6,"18":2,"19":1,"2":0,"20":2,"21":1,"23":2,"24":0,"25":0,"26":1,"27":1,"28":1,"29":0,"32":0,"33":0,"35":1,"36":0,"37":0,"38":2,"4":0,"44":0,"46":1,"49":0,"5":0,"51":0,"52":0,"54":0,"6":1,"65":0,"7":1,"8":0,"9":1,"SIN EDAD DE REFERENCIA":1}},"por_nacionalidad":{"Hombres":{"MEXICANA":46},"Indeterminado":{"MEXICANA":0},"Mujeres":{"MEXICANA":72}}}