{"totales":{"PorcentajeDesaparecidos":"25.96","PorcentajeLocalizados":"74.04","PorcentajeLocalizadosCV":"40.26","PorcentajeLocalizadosSV":"59.74","PorcentajeSoloDesaparecidos":"74.07","PorcentajeSoloNoLocalizados":"25.93","TotalDesaparecidos":"27","TotalGlobal":"104","TotalLocalizados":"77","TotalLocalizadosCV":"31","TotalLocalizadosSV":"46","TotalSoloDesaparecidos":"20","TotalSoloNoLocalizados":"07"},"espacial":{"Hombre":{"AGUASCALIENTES":13,"BAJA CALIFORNIA":3,"BAJA CALIFORNIA SUR":2,"CAMPECHE":1,"CHIAPAS":2,"CHIHUAHUA":5,"CIUDAD DE MEXICO":14,"COAHUILA":1,"DURANGO":1,"ESTADO DE MEXICO":12,"GUERRERO":1,"HIDALGO":2,"MICHOACAN ":6,"MORELOS":5,"NAYARIT":1,"NUEVO LEON":1,"PUEBLA":12,"QUERETARO ":2,"QUINTANA ROO":0,"SINALOA":2,"SONORA":1,"ZACATECAS":0},"Indeterminado":{"AGUASCALIENTES":0,"BAJA CALIFORNIA":0,"BAJA CALIFORNIA SUR":0,"CAMPECHE":0,"CHIAPAS":0,"CHIHUAHUA":0,"CIUDAD DE MEXICO":0,"COAHUILA":0,"DURANGO":0,"ESTADO DE MEXICO":0,"GUERRERO":0,"HIDALGO":0,"MICHOACAN ":0,"MORELOS":0,"NAYARIT":0,"NUEVO LEON":0,"PUEBLA":0,"QUERETARO ":0,"QUINTANA ROO":0,"SINALOA":0,"SONORA":0,"ZACATECAS":0},"Mujer":{"AGUASCALIENTES":1,"BAJA CALIFORNIA":0,"BAJA CALIFORNIA SUR":0,"CAMPECHE":0,"CHIAPAS":0,"CHIHUAHUA":4,"CIUDAD DE MEXICO":3,"COAHUILA":1,"DURANGO":0,"ESTADO DE MEXICO":1,"GUERRERO":0,"HIDALGO":0,"MICHOACAN ":0,"MORELOS":1,"NAYARIT":0,"NUEVO LEON":1,"PUEBLA":2,"QUERETARO ":0,"QUINTANA ROO":1,"SINALOA":0,"SONORA":0,"ZACATECAS":2}},"anual":{"Hombre":{"1.CIFRA SIN  AÑO DE REFERENCIA":22,"2014":1,"2015":1,"2016":1,"2017":7,"2018":10,"2019":15,"2020":28,"2021":2},"Indeterminado":{"1.CIFRA SIN  AÑO DE REFERENCIA":0,"2014":0,"2015":0,"2016":0,"2017":0,"2018":0,"2019":0,"2020":0,"2021":0},"Mujer":{"1.CIFRA SIN  AÑO DE REFERENCIA":6,"2014":0,"2015":2,"2016":0,"2017":3,"2018":0,"2019":1,"2020":3,"2021":2}},"mensual_ultimo_anio":{"Hombre":{"2020-ABRIL":2,"2020-AGOSTO":6,"2020-FEBRERO":0,"2020-JULIO":7,"2020-JUNIO":2,"2020-MARZO":2,"2020-MAYO":1,"2020-NOVIEMBRE":1,"2020-OCTUBRE":6,"2020-SEPTIEMBRE":1,"2021-JUNIO":0,"2021-MARZO":2},"Indeterminado":{"2020-ABRIL":0,"2020-AGOSTO":0,"2020-FEBRERO":0,"2020-JULIO":0,"2020-JUNIO":0,"2020-MARZO":0,"2020-MAYO":0,"2020-NOVIEMBRE":0,"2020-OCTUBRE":0,"2020-SEPTIEMBRE":0,"2021-JUNIO":0,"2021-MARZO":0},"Mujer":{"2020-ABRIL":0,"2020-AGOSTO":0,"2020-FEBRERO":1,"2020-JULIO":1,"2020-JUNIO":0,"2020-MARZO":0,"2020-MAYO":0,"2020-NOVIEMBRE":0,"2020-OCTUBRE":1,"2020-SEPTIEMBRE":0,"2021-JUNIO":2,"2021-MARZO":0}},"por_edad":{"Hombres":{"10":0,"11":1,"17":1,"18":1,"19":2,"20":3,"21":2,"22":2,"23":1,"24":10,"25":4,"27":3,"28":0,"29":2,"30":1,"31":3,"32":0,"33":3,"34":1,"35":2,"37":3,"38":0,"39":1,"4":1,"40":2,"41":2,"42":2,"44":3,"45":1,"46":1,"47":1,"49":1,"50":2,"53":2,"54":1,"56":1,"58":2,"59":0,"61":2,"64":1,"67":2,"70":1,"71":1,"73":0,"74":1,"75":2,"79":1,"80":1,"84":1,"97":1,"SIN EDAD DE REFERENCIA":5},"Indeterminado":{"10":0,"11":0,"17":0,"18":0,"19":0,"20":0,"21":0,"22":0,"23":0,"24":0,"25":0,"27":0,"28":0,"29":0,"30":0,"31":0,"32":0,"33":0,"34":0,"35":0,"37":0,"38":0,"39":0,"4":0,"40":0,"41":0,"42":0,"44":0,"45":0,"46":0,"47":0,"49":0,"50":0,"53":0,"54":0,"56":0,"58":0,"59":0,"61":0,"64":0,"67":0,"70":0,"71":0,"73":0,"74":0,"75":0,"79":0,"80":0,"84":0,"97":0,"SIN EDAD DE REFERENCIA":0},"Mujeres":{"10":1,"11":0,"17":1,"18":0,"19":0,"20":0,"21":1,"22":0,"23":0,"24":0,"25":1,"27":0,"28":1,"29":0,"30":0,"31":0,"32":1,"33":0,"34":0,"35":0,"37":1,"38":1,"39":0,"4":0,"40":1,"41":0,"42":0,"44":1,"45":0,"46":1,"47":1,"49":0,"50":0,"53":1,"54":0,"56":0,"58":0,"59":1,"61":0,"64":0,"67":0,"70":0,"71":0,"73":1,"74":1,"75":0,"79":0,"80":0,"84":0,"97":0,"SIN EDAD DE REFERENCIA":1}},"por_nacionalidad":{"Hombres":{"COLOMBIANA":0,"ECUATORIANA":0,"MEXICANA":87,"SALVADORENA":0},"Indeterminado":{"COLOMBIANA":0,"ECUATORIANA":0,"MEXICANA":0,"SALVADORENA":0},"Mujeres":{"COLOMBIANA":1,"ECUATORIANA":1,"MEXICANA":14,"SALVADORENA":1}}}