{"totales":{"PorcentajeDesaparecidos":"65.65","PorcentajeLocalizados":"34.35","PorcentajeLocalizadosCV":"99.63","PorcentajeLocalizadosSV":"0.37","PorcentajeSoloDesaparecidos":"85.28","PorcentajeSoloNoLocalizados":"14.72","TotalDesaparecidos":"2079","TotalGlobal":"3167","TotalLocalizados":"1088","TotalLocalizadosCV":"1084","TotalLocalizadosSV":"04","TotalSoloDesaparecidos":"1773","TotalSoloNoLocalizados":"306"},"espacial":{"Hombre":{"CIUDAD DE MEXICO":6,"COLIMA":0,"ESTADO DE MEXICO":397,"HIDALGO":2,"JALISCO":2,"MICHOACAN ":1630,"MORELOS":1,"OAXACA":1,"PUEBLA":1},"Indeterminado":{"CIUDAD DE MEXICO":0,"COLIMA":0,"ESTADO DE MEXICO":0,"HIDALGO":0,"JALISCO":0,"MICHOACAN ":0,"MORELOS":0,"OAXACA":0,"PUEBLA":0},"Mujer":{"CIUDAD DE MEXICO":2,"COLIMA":1,"ESTADO DE MEXICO":674,"HIDALGO":0,"JALISCO":0,"MICHOACAN ":450,"MORELOS":0,"OAXACA":0,"PUEBLA":0}},"anual":{"Hombre":{"1.CIFRA SIN  AÑO DE REFERENCIA":26,"1989":1,"1993":1,"1996":1,"2006":2,"2007":2,"2008":12,"2009":19,"2010":34,"2011":37,"2012":45,"2013":78,"2014":64,"2015":110,"2016":166,"2017":186,"2018":74,"2019":335,"2020":804,"2021":43},"Indeterminado":{"1.CIFRA SIN  AÑO DE REFERENCIA":0,"1989":0,"1993":0,"1996":0,"2006":0,"2007":0,"2008":0,"2009":0,"2010":0,"2011":0,"2012":0,"2013":0,"2014":0,"2015":0,"2016":0,"2017":0,"2018":0,"2019":0,"2020":0,"2021":0},"Mujer":{"1.CIFRA SIN  AÑO DE REFERENCIA":6,"1989":0,"1993":0,"1996":0,"2006":0,"2007":3,"2008":8,"2009":4,"2010":5,"2011":8,"2012":10,"2013":21,"2014":16,"2015":51,"2016":46,"2017":33,"2018":15,"2019":254,"2020":635,"2021":12}},"mensual_ultimo_anio":{"Hombre":{"2020-ABRIL":87,"2020-AGOSTO":37,"2020-DICIEMBRE":33,"2020-FEBRERO":137,"2020-JULIO":35,"2020-JUNIO":47,"2020-MARZO":92,"2020-MAYO":86,"2020-NOVIEMBRE":40,"2020-OCTUBRE":44,"2020-SEPTIEMBRE":39,"2021-ENERO":43},"Indeterminado":{"2020-ABRIL":0,"2020-AGOSTO":0,"2020-DICIEMBRE":0,"2020-FEBRERO":0,"2020-JULIO":0,"2020-JUNIO":0,"2020-MARZO":0,"2020-MAYO":0,"2020-NOVIEMBRE":0,"2020-OCTUBRE":0,"2020-SEPTIEMBRE":0,"2021-ENERO":0},"Mujer":{"2020-ABRIL":66,"2020-AGOSTO":14,"2020-DICIEMBRE":20,"2020-FEBRERO":168,"2020-JULIO":11,"2020-JUNIO":14,"2020-MARZO":126,"2020-MAYO":48,"2020-NOVIEMBRE":19,"2020-OCTUBRE":15,"2020-SEPTIEMBRE":17,"2021-ENERO":12}},"por_edad":{"Hombres":{"1":7,"10":7,"104":1,"11":7,"12":13,"13":36,"14":32,"15":57,"16":49,"17":56,"18":77,"19":48,"2":9,"20":50,"21":50,"22":61,"23":62,"24":52,"25":56,"26":58,"27":66,"28":48,"29":65,"3":8,"30":50,"31":41,"32":66,"33":49,"34":56,"35":44,"36":51,"37":55,"38":44,"39":41,"4":3,"40":26,"41":20,"42":29,"43":41,"44":28,"45":26,"46":26,"47":34,"48":19,"49":28,"5":10,"50":20,"51":19,"52":11,"53":19,"54":13,"55":13,"56":14,"57":11,"58":5,"59":13,"6":3,"60":6,"61":4,"62":6,"63":7,"64":7,"65":5,"66":2,"67":6,"68":1,"69":6,"7":4,"70":6,"71":4,"72":3,"73":0,"74":3,"75":2,"76":3,"77":1,"78":4,"79":2,"8":4,"81":2,"82":1,"84":3,"85":2,"86":3,"87":1,"88":1,"89":4,"9":2,"91":1,"93":2,"SIN EDAD DE REFERENCIA":29},"Indeterminado":{"1":0,"10":0,"104":0,"11":0,"12":0,"13":0,"14":0,"15":0,"16":0,"17":0,"18":0,"19":0,"2":0,"20":0,"21":0,"22":0,"23":0,"24":0,"25":0,"26":0,"27":0,"28":0,"29":0,"3":0,"30":0,"31":0,"32":0,"33":0,"34":0,"35":0,"36":0,"37":0,"38":0,"39":0,"4":0,"40":0,"41":0,"42":0,"43":0,"44":0,"45":0,"46":0,"47":0,"48":0,"49":0,"5":0,"50":0,"51":0,"52":0,"53":0,"54":0,"55":0,"56":0,"57":0,"58":0,"59":0,"6":0,"60":0,"61":0,"62":0,"63":0,"64":0,"65":0,"66":0,"67":0,"68":0,"69":0,"7":0,"70":0,"71":0,"72":0,"73":0,"74":0,"75":0,"76":0,"77":0,"78":0,"79":0,"8":0,"81":0,"82":0,"84":0,"85":0,"86":0,"87":0,"88":0,"89":0,"9":0,"91":0,"93":0,"SIN EDAD DE REFERENCIA":0},"Mujeres":{"1":6,"10":7,"104":0,"11":10,"12":25,"13":82,"14":119,"15":149,"16":127,"17":82,"18":36,"19":30,"2":4,"20":30,"21":22,"22":22,"23":19,"24":26,"25":23,"26":17,"27":16,"28":16,"29":10,"3":5,"30":11,"31":10,"32":14,"33":14,"34":12,"35":7,"36":10,"37":11,"38":14,"39":9,"4":5,"40":6,"41":4,"42":6,"43":6,"44":5,"45":3,"46":3,"47":6,"48":9,"49":1,"5":4,"50":1,"51":2,"52":1,"53":1,"54":0,"55":1,"56":3,"57":2,"58":1,"59":1,"6":5,"60":3,"61":1,"62":3,"63":4,"64":1,"65":2,"66":0,"67":2,"68":2,"69":1,"7":5,"70":1,"71":1,"72":0,"73":1,"74":3,"75":2,"76":0,"77":1,"78":0,"79":1,"8":6,"81":1,"82":2,"84":0,"85":0,"86":0,"87":0,"88":0,"89":0,"9":1,"91":0,"93":0,"SIN EDAD DE REFERENCIA":12}},"por_nacionalidad":{"Hombres":{"COLOMBIANA":1,"ESTADOUNIDENSE":5,"MEXICANA":2033,"SALVADORENA":1},"Indeterminado":{"COLOMBIANA":0,"ESTADOUNIDENSE":0,"MEXICANA":0,"SALVADORENA":0},"Mujeres":{"COLOMBIANA":0,"ESTADOUNIDENSE":7,"MEXICANA":1120,"SALVADORENA":0}}}