{"totales":{"PorcentajeDesaparecidos":"27.53","PorcentajeLocalizados":"72.47","PorcentajeLocalizadosCV":"95.44","PorcentajeLocalizadosSV":"4.56","PorcentajeSoloDesaparecidos":"59.52","PorcentajeSoloNoLocalizados":"40.48","TotalDesaparecidos":"4511","TotalGlobal":"16385","TotalLocalizados":"11874","TotalLocalizadosCV":"11332","TotalLocalizadosSV":"542","TotalSoloDesaparecidos":"2685","TotalSoloNoLocalizados":"1826"},"espacial":{"Hombre":{"AGUASCALIENTES":744,"BAJA CALIFORNIA":2,"BAJA CALIFORNIA SUR":25,"CAMPECHE":0,"CHIAPAS":23,"CHIHUAHUA":4,"CIUDAD DE MEXICO":36,"COAHUILA":15,"COLIMA":2,"DURANGO":708,"ESTADO DE MEXICO":1395,"GUANAJUATO":7,"GUERRERO":13,"HIDALGO":90,"JALISCO":3806,"MICHOACAN ":48,"MORELOS":74,"NAYARIT":15,"NUEVO LEON":303,"OAXACA":101,"PUEBLA":1049,"QUERETARO ":14,"QUINTANA ROO":5,"SAN LUIS POTOSI":1,"SE DESCONOCE":6,"SINALOA":162,"SONORA":5,"TABASCO":2,"TAMAULIPAS":5,"TLAXCALA":3,"VERACRUZ ":2,"YUCATAN":49,"ZACATECAS":48},"Indeterminado":{"AGUASCALIENTES":1,"BAJA CALIFORNIA":0,"BAJA CALIFORNIA SUR":0,"CAMPECHE":0,"CHIAPAS":0,"CHIHUAHUA":0,"CIUDAD DE MEXICO":0,"COAHUILA":0,"COLIMA":0,"DURANGO":1,"ESTADO DE MEXICO":0,"GUANAJUATO":0,"GUERRERO":0,"HIDALGO":0,"JALISCO":0,"MICHOACAN ":0,"MORELOS":0,"NAYARIT":1,"NUEVO LEON":0,"OAXACA":0,"PUEBLA":0,"QUERETARO ":0,"QUINTANA ROO":0,"SAN LUIS POTOSI":0,"SE DESCONOCE":0,"SINALOA":0,"SONORA":0,"TABASCO":0,"TAMAULIPAS":0,"TLAXCALA":0,"VERACRUZ ":0,"YUCATAN":0,"ZACATECAS":0},"Mujer":{"AGUASCALIENTES":854,"BAJA CALIFORNIA":4,"BAJA CALIFORNIA SUR":46,"CAMPECHE":1,"CHIAPAS":80,"CHIHUAHUA":3,"CIUDAD DE MEXICO":50,"COAHUILA":14,"COLIMA":5,"DURANGO":662,"ESTADO DE MEXICO":1846,"GUANAJUATO":4,"GUERRERO":20,"HIDALGO":77,"JALISCO":1904,"MICHOACAN ":15,"MORELOS":111,"NAYARIT":10,"NUEVO LEON":157,"OAXACA":129,"PUEBLA":1459,"QUERETARO ":11,"QUINTANA ROO":2,"SAN LUIS POTOSI":2,"SE DESCONOCE":0,"SINALOA":3,"SONORA":1,"TABASCO":2,"TAMAULIPAS":3,"TLAXCALA":2,"VERACRUZ ":2,"YUCATAN":104,"ZACATECAS":37}},"anual":{"Hombre":{"1.CIFRA SIN  AÑO DE REFERENCIA":1061,"1977":0,"1979":1,"1984":1,"1988":0,"1994":1,"1995":2,"1998":2,"1999":2,"2000":3,"2001":6,"2002":16,"2003":26,"2004":19,"2005":20,"2006":20,"2007":6,"2008":27,"2009":27,"2010":20,"2011":26,"2012":52,"2013":100,"2014":86,"2015":133,"2016":96,"2017":175,"2018":772,"2019":2702,"2020":2855,"2021":505},"Indeterminado":{"1.CIFRA SIN  AÑO DE REFERENCIA":0,"1977":0,"1979":0,"1984":0,"1988":0,"1994":0,"1995":0,"1998":0,"1999":0,"2000":0,"2001":0,"2002":0,"2003":0,"2004":0,"2005":0,"2006":0,"2007":0,"2008":0,"2009":0,"2010":0,"2011":0,"2012":0,"2013":0,"2014":0,"2015":0,"2016":0,"2017":0,"2018":0,"2019":0,"2020":3,"2021":0},"Mujer":{"1.CIFRA SIN  AÑO DE REFERENCIA":1252,"1977":1,"1979":0,"1984":0,"1988":1,"1994":0,"1995":1,"1998":0,"1999":0,"2000":0,"2001":4,"2002":5,"2003":11,"2004":11,"2005":8,"2006":4,"2007":2,"2008":1,"2009":6,"2010":5,"2011":14,"2012":29,"2013":26,"2014":62,"2015":37,"2016":35,"2017":94,"2018":784,"2019":2229,"2020":2709,"2021":289}},"mensual_ultimo_anio":{"Hombre":{"2020-AGOSTO":300,"2020-DICIEMBRE":122,"2020-NOVIEMBRE":295,"2020-OCTUBRE":261,"2020-SEPTIEMBRE":250,"2021-ABRIL":48,"2021-ENERO":86,"2021-FEBRERO":115,"2021-JULIO":13,"2021-JUNIO":28,"2021-MARZO":99,"2021-MAYO":116},"Indeterminado":{"2020-AGOSTO":0,"2020-DICIEMBRE":0,"2020-NOVIEMBRE":0,"2020-OCTUBRE":0,"2020-SEPTIEMBRE":0,"2021-ABRIL":0,"2021-ENERO":0,"2021-FEBRERO":0,"2021-JULIO":0,"2021-JUNIO":0,"2021-MARZO":0,"2021-MAYO":0},"Mujer":{"2020-AGOSTO":305,"2020-DICIEMBRE":108,"2020-NOVIEMBRE":293,"2020-OCTUBRE":348,"2020-SEPTIEMBRE":252,"2021-ABRIL":27,"2021-ENERO":48,"2021-FEBRERO":67,"2021-JULIO":7,"2021-JUNIO":15,"2021-MARZO":65,"2021-MAYO":60}},"por_edad":{"Hombres":{"0":6,"1":60,"10":49,"11":61,"12":104,"13":165,"14":201,"15":249,"16":317,"17":273,"18":197,"19":201,"2":75,"20":202,"21":202,"22":207,"23":255,"24":256,"25":253,"26":235,"27":245,"28":221,"29":212,"3":73,"30":201,"31":195,"32":202,"33":183,"34":187,"35":167,"36":151,"37":173,"38":158,"39":149,"4":80,"40":144,"41":127,"42":123,"43":131,"44":114,"45":110,"46":116,"47":99,"48":97,"49":89,"5":48,"50":83,"51":70,"52":63,"53":65,"54":55,"55":57,"56":34,"57":33,"58":26,"59":36,"6":39,"60":26,"61":32,"62":32,"63":32,"64":24,"65":36,"66":24,"67":25,"68":29,"69":12,"7":38,"70":19,"71":11,"72":23,"73":15,"74":26,"75":18,"76":17,"77":10,"78":24,"79":16,"8":38,"80":13,"81":10,"82":13,"83":11,"84":14,"85":10,"86":3,"87":3,"88":2,"89":4,"9":51,"90":5,"91":3,"92":3,"93":0,"94":3,"95":0,"96":1,"97":2,"SIN EDAD DE REFERENCIA":160},"Indeterminado":{"0":0,"1":0,"10":0,"11":0,"12":0,"13":0,"14":0,"15":0,"16":0,"17":0,"18":0,"19":0,"2":0,"20":0,"21":0,"22":0,"23":0,"24":0,"25":0,"26":0,"27":0,"28":0,"29":0,"3":0,"30":0,"31":0,"32":0,"33":0,"34":0,"35":0,"36":0,"37":0,"38":0,"39":0,"4":0,"40":1,"41":0,"42":0,"43":0,"44":0,"45":0,"46":0,"47":0,"48":0,"49":0,"5":0,"50":0,"51":0,"52":0,"53":0,"54":0,"55":0,"56":0,"57":0,"58":0,"59":0,"6":0,"60":0,"61":0,"62":0,"63":0,"64":0,"65":0,"66":0,"67":0,"68":0,"69":0,"7":0,"70":0,"71":0,"72":0,"73":0,"74":0,"75":0,"76":0,"77":0,"78":0,"79":0,"8":0,"80":0,"81":0,"82":0,"83":0,"84":0,"85":0,"86":0,"87":0,"88":0,"89":0,"9":0,"90":0,"91":0,"92":0,"93":0,"94":0,"95":0,"96":0,"97":0,"SIN EDAD DE REFERENCIA":2},"Mujeres":{"0":8,"1":67,"10":49,"11":68,"12":226,"13":474,"14":764,"15":927,"16":758,"17":672,"18":287,"19":220,"2":71,"20":163,"21":170,"22":177,"23":146,"24":156,"25":138,"26":124,"27":125,"28":103,"29":111,"3":53,"30":91,"31":72,"32":59,"33":73,"34":66,"35":66,"36":55,"37":50,"38":45,"39":48,"4":60,"40":49,"41":24,"42":43,"43":40,"44":33,"45":30,"46":29,"47":22,"48":18,"49":31,"5":43,"50":22,"51":12,"52":13,"53":9,"54":12,"55":12,"56":9,"57":10,"58":11,"59":12,"6":35,"60":4,"61":8,"62":11,"63":8,"64":6,"65":4,"66":3,"67":7,"68":6,"69":7,"7":45,"70":4,"71":3,"72":5,"73":4,"74":7,"75":5,"76":2,"77":6,"78":7,"79":5,"8":41,"80":3,"81":1,"82":3,"83":1,"84":7,"85":3,"86":1,"87":1,"88":2,"89":2,"9":31,"90":1,"91":1,"92":0,"93":1,"94":1,"95":1,"96":0,"97":0,"SIN EDAD DE REFERENCIA":101}},"por_nacionalidad":{"Hombres":{"BELICENA":1,"BRASILENA":1,"CANADIENSE":4,"COLOMBIANA":6,"COSTARRICENSE":1,"CUBANA":1,"ESTADOUNIDENSE":13,"FRANCESA":1,"GUATEMALTECA":6,"HINDU":1,"HONDUREÑA":14,"ITALIANA":1,"JAPONESA":0,"MARROQUI":1,"MEXICANA":8558,"NICARAGUENSE":3,"POLACA":1,"RUSA":1,"SALVADORENA":4,"SE DESCONOCE":144,"VENEZOLANA":0},"Indeterminado":{"BELICENA":0,"BRASILENA":0,"CANADIENSE":0,"COLOMBIANA":0,"COSTARRICENSE":0,"CUBANA":0,"ESTADOUNIDENSE":0,"FRANCESA":0,"GUATEMALTECA":0,"HINDU":0,"HONDUREÑA":0,"ITALIANA":0,"JAPONESA":0,"MARROQUI":0,"MEXICANA":3,"NICARAGUENSE":0,"POLACA":0,"RUSA":0,"SALVADORENA":0,"SE DESCONOCE":0,"VENEZOLANA":0},"Mujeres":{"BELICENA":1,"BRASILENA":0,"CANADIENSE":0,"COLOMBIANA":1,"COSTARRICENSE":1,"CUBANA":1,"ESTADOUNIDENSE":20,"FRANCESA":0,"GUATEMALTECA":0,"HINDU":0,"HONDUREÑA":5,"ITALIANA":0,"JAPONESA":1,"MARROQUI":1,"MEXICANA":7520,"NICARAGUENSE":0,"POLACA":1,"RUSA":3,"SALVADORENA":2,"SE DESCONOCE":62,"VENEZOLANA":1}}}