{"totales":{"PorcentajeDesaparecidos":"69.75","PorcentajeLocalizados":"30.25","PorcentajeLocalizadosCV":"75.60","PorcentajeLocalizadosSV":"24.40","PorcentajeSoloDesaparecidos":"77.22","PorcentajeSoloNoLocalizados":"22.78","TotalDesaparecidos":"5018","TotalGlobal":"7194","TotalLocalizados":"2176","TotalLocalizadosCV":"1645","TotalLocalizadosSV":"531","TotalSoloDesaparecidos":"3875","TotalSoloNoLocalizados":"1143"},"espacial":{"Hombre":{"AGUASCALIENTES":4,"BAJA CALIFORNIA":29,"BAJA CALIFORNIA SUR":32,"CAMPECHE":0,"CHIAPAS":6,"CHIHUAHUA":25,"CIUDAD DE MEXICO":225,"COAHUILA":603,"COLIMA":144,"DURANGO":13,"ESTADO DE MEXICO":659,"GUANAJUATO":36,"GUERRERO":41,"HIDALGO":12,"JALISCO":1368,"MICHOACAN ":91,"MORELOS":62,"NAYARIT":49,"NUEVO LEON":113,"OAXACA":20,"PUEBLA":209,"QUERETARO ":12,"QUINTANA ROO":13,"SAN LUIS POTOSI":19,"SE DESCONOCE":17,"SINALOA":628,"SONORA":17,"TABASCO":9,"TAMAULIPAS":813,"TLAXCALA":7,"VERACRUZ ":60,"YUCATAN":4,"ZACATECAS":23},"Indeterminado":{"AGUASCALIENTES":2,"BAJA CALIFORNIA":0,"BAJA CALIFORNIA SUR":0,"CAMPECHE":0,"CHIAPAS":0,"CHIHUAHUA":3,"CIUDAD DE MEXICO":11,"COAHUILA":0,"COLIMA":0,"DURANGO":0,"ESTADO DE MEXICO":2,"GUANAJUATO":0,"GUERRERO":0,"HIDALGO":0,"JALISCO":0,"MICHOACAN ":1,"MORELOS":0,"NAYARIT":0,"NUEVO LEON":0,"OAXACA":2,"PUEBLA":1,"QUERETARO ":1,"QUINTANA ROO":0,"SAN LUIS POTOSI":0,"SE DESCONOCE":0,"SINALOA":0,"SONORA":0,"TABASCO":0,"TAMAULIPAS":3,"TLAXCALA":0,"VERACRUZ ":2,"YUCATAN":0,"ZACATECAS":0},"Mujer":{"AGUASCALIENTES":1,"BAJA CALIFORNIA":6,"BAJA CALIFORNIA SUR":23,"CAMPECHE":1,"CHIAPAS":14,"CHIHUAHUA":13,"CIUDAD DE MEXICO":124,"COAHUILA":136,"COLIMA":96,"DURANGO":6,"ESTADO DE MEXICO":590,"GUANAJUATO":13,"GUERRERO":19,"HIDALGO":10,"JALISCO":191,"MICHOACAN ":16,"MORELOS":42,"NAYARIT":12,"NUEVO LEON":51,"OAXACA":8,"PUEBLA":85,"QUERETARO ":6,"QUINTANA ROO":4,"SAN LUIS POTOSI":8,"SE DESCONOCE":1,"SINALOA":59,"SONORA":3,"TABASCO":11,"TAMAULIPAS":219,"TLAXCALA":4,"VERACRUZ ":21,"YUCATAN":1,"ZACATECAS":9}},"anual":{"Hombre":{"1.CIFRA SIN  AÑO DE REFERENCIA":486,"1971":1,"1977":0,"1983":1,"1985":1,"1986":1,"1988":1,"1993":2,"1996":2,"1997":1,"2000":1,"2001":11,"2002":10,"2003":8,"2004":7,"2005":10,"2006":15,"2007":26,"2008":70,"2009":88,"2010":168,"2011":154,"2012":178,"2013":130,"2014":129,"2015":155,"2016":179,"2017":319,"2018":582,"2019":1330,"2020":1066,"2021":231},"Indeterminado":{"1.CIFRA SIN  AÑO DE REFERENCIA":4,"1971":0,"1977":0,"1983":0,"1985":0,"1986":0,"1988":0,"1993":0,"1996":0,"1997":0,"2000":0,"2001":0,"2002":0,"2003":0,"2004":0,"2005":0,"2006":0,"2007":0,"2008":0,"2009":0,"2010":1,"2011":1,"2012":0,"2013":0,"2014":1,"2015":1,"2016":0,"2017":2,"2018":3,"2019":14,"2020":1,"2021":0},"Mujer":{"1.CIFRA SIN  AÑO DE REFERENCIA":240,"1971":0,"1977":2,"1983":0,"1985":0,"1986":0,"1988":0,"1993":0,"1996":0,"1997":0,"2000":1,"2001":3,"2002":12,"2003":4,"2004":4,"2005":5,"2006":3,"2007":11,"2008":13,"2009":17,"2010":25,"2011":52,"2012":56,"2013":23,"2014":31,"2015":18,"2016":41,"2017":85,"2018":118,"2019":352,"2020":543,"2021":144}},"mensual_ultimo_anio":{"Hombre":{"2020-AGOSTO":120,"2020-DICIEMBRE":61,"2020-NOVIEMBRE":91,"2020-OCTUBRE":96,"2020-SEPTIEMBRE":78,"2021-ABRIL":28,"2021-ENERO":59,"2021-FEBRERO":27,"2021-JULIO":13,"2021-JUNIO":17,"2021-MARZO":42,"2021-MAYO":45},"Indeterminado":{"2020-AGOSTO":1,"2020-DICIEMBRE":0,"2020-NOVIEMBRE":0,"2020-OCTUBRE":0,"2020-SEPTIEMBRE":0,"2021-ABRIL":0,"2021-ENERO":0,"2021-FEBRERO":0,"2021-JULIO":0,"2021-JUNIO":0,"2021-MARZO":0,"2021-MAYO":0},"Mujer":{"2020-AGOSTO":37,"2020-DICIEMBRE":48,"2020-NOVIEMBRE":55,"2020-OCTUBRE":49,"2020-SEPTIEMBRE":51,"2021-ABRIL":17,"2021-ENERO":59,"2021-FEBRERO":16,"2021-JULIO":12,"2021-JUNIO":9,"2021-MARZO":14,"2021-MAYO":17}},"por_edad":{"Hombres":{"0":0,"1":7,"10":16,"104":1,"11":16,"12":10,"13":17,"14":40,"15":42,"16":73,"17":98,"18":95,"19":118,"2":16,"20":147,"21":124,"22":147,"23":148,"24":166,"25":168,"26":160,"27":154,"28":160,"29":175,"3":16,"30":169,"31":141,"32":150,"33":142,"34":139,"35":123,"36":138,"37":152,"38":119,"39":114,"4":21,"40":90,"41":108,"42":97,"43":84,"44":78,"45":82,"46":78,"47":70,"48":59,"49":44,"5":17,"50":57,"51":30,"52":43,"53":40,"54":37,"55":30,"56":31,"57":17,"58":21,"59":14,"6":16,"60":25,"61":11,"62":19,"63":13,"64":17,"65":16,"66":13,"67":8,"68":12,"69":9,"7":19,"70":12,"71":9,"72":9,"73":4,"74":12,"75":11,"76":8,"77":11,"78":7,"79":9,"8":15,"80":5,"81":5,"82":12,"83":9,"84":5,"85":2,"86":5,"87":1,"88":4,"89":0,"9":12,"90":2,"91":2,"92":1,"93":1,"95":2,"97":1,"SIN EDAD DE REFERENCIA":360},"Indeterminado":{"0":0,"1":0,"10":0,"104":0,"11":0,"12":0,"13":0,"14":0,"15":0,"16":0,"17":0,"18":1,"19":0,"2":0,"20":0,"21":1,"22":1,"23":0,"24":0,"25":2,"26":1,"27":0,"28":1,"29":1,"3":0,"30":1,"31":0,"32":0,"33":0,"34":0,"35":1,"36":0,"37":1,"38":0,"39":1,"4":0,"40":0,"41":0,"42":0,"43":1,"44":1,"45":0,"46":0,"47":0,"48":0,"49":0,"5":0,"50":0,"51":0,"52":0,"53":0,"54":0,"55":1,"56":0,"57":0,"58":0,"59":0,"6":0,"60":0,"61":0,"62":0,"63":0,"64":0,"65":0,"66":0,"67":0,"68":0,"69":0,"7":0,"70":0,"71":0,"72":0,"73":0,"74":0,"75":0,"76":0,"77":0,"78":0,"79":0,"8":0,"80":0,"81":0,"82":0,"83":0,"84":0,"85":0,"86":0,"87":0,"88":0,"89":0,"9":0,"90":0,"91":0,"92":0,"93":0,"95":0,"97":0,"SIN EDAD DE REFERENCIA":13},"Mujeres":{"0":4,"1":16,"10":20,"104":0,"11":18,"12":27,"13":54,"14":72,"15":110,"16":110,"17":83,"18":52,"19":42,"2":17,"20":41,"21":47,"22":38,"23":39,"24":33,"25":36,"26":44,"27":23,"28":36,"29":40,"3":28,"30":30,"31":29,"32":27,"33":27,"34":31,"35":19,"36":23,"37":27,"38":14,"39":22,"4":19,"40":14,"41":10,"42":25,"43":12,"44":18,"45":11,"46":14,"47":11,"48":9,"49":6,"5":22,"50":10,"51":7,"52":7,"53":6,"54":4,"55":4,"56":6,"57":3,"58":8,"59":10,"6":18,"60":7,"61":3,"62":3,"63":2,"64":3,"65":6,"66":4,"67":4,"68":3,"69":1,"7":16,"70":5,"71":1,"72":3,"73":5,"74":1,"75":3,"76":2,"77":3,"78":0,"79":2,"8":8,"80":5,"81":0,"82":3,"83":3,"84":2,"85":0,"86":2,"87":3,"88":1,"89":1,"9":16,"90":0,"91":0,"92":1,"93":0,"95":0,"97":0,"SIN EDAD DE REFERENCIA":148}},"por_nacionalidad":{"Hombres":{"ARGENTINA":1,"BRASILENA":2,"CANADIENSE":2,"COLOMBIANA":11,"CUBANA":2,"DOMINICANA":0,"ECUATORIANA":1,"ESPANOLA":1,"ESTADOUNIDENSE":24,"GUATEMALTECA":18,"HINDU":8,"HONDUREÑA":31,"INGLESA":1,"ISLANDESA":1,"ITALIANA":1,"MARROQUI":1,"MEXICANA":5156,"NICARAGUENSE":1,"PERUANA":7,"POLACA":1,"SALVADORENA":10,"SE DESCONOCE":80,"VENEZOLANA":3},"Indeterminado":{"ARGENTINA":0,"BRASILENA":0,"CANADIENSE":0,"COLOMBIANA":0,"CUBANA":0,"DOMINICANA":0,"ECUATORIANA":0,"ESPANOLA":0,"ESTADOUNIDENSE":0,"GUATEMALTECA":0,"HINDU":0,"HONDUREÑA":0,"INGLESA":0,"ISLANDESA":0,"ITALIANA":0,"MARROQUI":0,"MEXICANA":27,"NICARAGUENSE":0,"PERUANA":0,"POLACA":0,"SALVADORENA":0,"SE DESCONOCE":0,"VENEZOLANA":1},"Mujeres":{"ARGENTINA":2,"BRASILENA":0,"CANADIENSE":0,"COLOMBIANA":2,"CUBANA":2,"DOMINICANA":1,"ECUATORIANA":0,"ESPANOLA":0,"ESTADOUNIDENSE":14,"GUATEMALTECA":4,"HINDU":2,"HONDUREÑA":8,"INGLESA":0,"ISLANDESA":0,"ITALIANA":1,"MARROQUI":0,"MEXICANA":1744,"NICARAGUENSE":1,"PERUANA":2,"POLACA":0,"SALVADORENA":5,"SE DESCONOCE":13,"VENEZOLANA":2}}}