{"totales":{"PorcentajeDesaparecidos":"57.78","PorcentajeLocalizados":"42.22","PorcentajeLocalizadosCV":"94.74","PorcentajeLocalizadosSV":"5.26","PorcentajeSoloDesaparecidos":"96.15","PorcentajeSoloNoLocalizados":"3.85","TotalDesaparecidos":"26","TotalGlobal":"45","TotalLocalizados":"19","TotalLocalizadosCV":"18","TotalLocalizadosSV":"01","TotalSoloDesaparecidos":"25","TotalSoloNoLocalizados":"01"},"espacial":{"Hombre":{"BAJA CALIFORNIA":1,"BAJA CALIFORNIA SUR":3,"CIUDAD DE MEXICO":5,"COLIMA":2,"ESTADO DE MEXICO":5,"GUERRERO":7,"HIDALGO":1,"JALISCO":1,"PUEBLA":1,"QUERETARO ":4,"SAN LUIS POTOSI":1,"SONORA":0,"TLAXCALA":1,"VERACRUZ ":0,"YUCATAN":1,"ZACATECAS":1},"Indeterminado":{"BAJA CALIFORNIA":0,"BAJA CALIFORNIA SUR":0,"CIUDAD DE MEXICO":0,"COLIMA":0,"ESTADO DE MEXICO":0,"GUERRERO":0,"HIDALGO":0,"JALISCO":0,"PUEBLA":0,"QUERETARO ":0,"SAN LUIS POTOSI":0,"SONORA":0,"TLAXCALA":0,"VERACRUZ ":0,"YUCATAN":0,"ZACATECAS":0},"Mujer":{"BAJA CALIFORNIA":0,"BAJA CALIFORNIA SUR":0,"CIUDAD DE MEXICO":1,"COLIMA":0,"ESTADO DE MEXICO":3,"GUERRERO":2,"HIDALGO":0,"JALISCO":2,"PUEBLA":0,"QUERETARO ":0,"SAN LUIS POTOSI":0,"SONORA":1,"TLAXCALA":0,"VERACRUZ ":1,"YUCATAN":0,"ZACATECAS":1}},"anual":{"Hombre":{"1.CIFRA SIN  AÑO DE REFERENCIA":6,"2008":1,"2017":0,"2018":3,"2019":3,"2020":13,"2021":8},"Indeterminado":{"1.CIFRA SIN  AÑO DE REFERENCIA":0,"2008":0,"2017":0,"2018":0,"2019":0,"2020":0,"2021":0},"Mujer":{"1.CIFRA SIN  AÑO DE REFERENCIA":0,"2008":0,"2017":1,"2018":0,"2019":0,"2020":6,"2021":4}},"mensual_ultimo_anio":{"Hombre":{"2020-AGOSTO":1,"2020-DICIEMBRE":0,"2020-JUNIO":1,"2020-MAYO":3,"2020-NOVIEMBRE":1,"2020-OCTUBRE":1,"2020-SEPTIEMBRE":0,"2021-ENERO":0,"2021-FEBRERO":0,"2021-JUNIO":2,"2021-MARZO":3,"2021-MAYO":3},"Indeterminado":{"2020-AGOSTO":0,"2020-DICIEMBRE":0,"2020-JUNIO":0,"2020-MAYO":0,"2020-NOVIEMBRE":0,"2020-OCTUBRE":0,"2020-SEPTIEMBRE":0,"2021-ENERO":0,"2021-FEBRERO":0,"2021-JUNIO":0,"2021-MARZO":0,"2021-MAYO":0},"Mujer":{"2020-AGOSTO":0,"2020-DICIEMBRE":2,"2020-JUNIO":0,"2020-MAYO":1,"2020-NOVIEMBRE":1,"2020-OCTUBRE":1,"2020-SEPTIEMBRE":1,"2021-ENERO":1,"2021-FEBRERO":1,"2021-JUNIO":1,"2021-MARZO":0,"2021-MAYO":1}},"por_edad":{"Hombres":{"13":0,"16":1,"18":1,"19":1,"20":1,"22":1,"23":2,"24":2,"26":0,"27":1,"29":1,"31":2,"34":1,"36":2,"41":2,"44":1,"45":1,"46":1,"48":2,"51":0,"52":2,"53":1,"55":1,"58":1,"61":1,"63":1,"71":1,"72":2,"77":0,"78":1},"Indeterminado":{"13":0,"16":0,"18":0,"19":0,"20":0,"22":0,"23":0,"24":0,"26":0,"27":0,"29":0,"31":0,"34":0,"36":0,"41":0,"44":0,"45":0,"46":0,"48":0,"51":0,"52":0,"53":0,"55":0,"58":0,"61":0,"63":0,"71":0,"72":0,"77":0,"78":0},"Mujeres":{"13":1,"16":0,"18":0,"19":1,"20":0,"22":1,"23":1,"24":0,"26":1,"27":0,"29":1,"31":0,"34":0,"36":1,"41":0,"44":0,"45":1,"46":0,"48":0,"51":1,"52":0,"53":0,"55":0,"58":0,"61":0,"63":0,"71":0,"72":0,"77":1,"78":1}},"por_nacionalidad":{"Hombres":{"MEXICANA":33,"SE DESCONOCE":1},"Indeterminado":{"MEXICANA":0,"SE DESCONOCE":0},"Mujeres":{"MEXICANA":11,"SE DESCONOCE":0}}}