{"totales":{"PorcentajeDesaparecidos":"36.00","PorcentajeLocalizados":"64.00","PorcentajeLocalizadosCV":"92.29","PorcentajeLocalizadosSV":"7.71","PorcentajeSoloDesaparecidos":"93.39","PorcentajeSoloNoLocalizados":"6.61","TotalDesaparecidos":"635","TotalGlobal":"1764","TotalLocalizados":"1129","TotalLocalizadosCV":"1042","TotalLocalizadosSV":"87","TotalSoloDesaparecidos":"593","TotalSoloNoLocalizados":"42"},"espacial":{"Hombre":{"AGUASCALIENTES":36,"BAJA CALIFORNIA":21,"BAJA CALIFORNIA SUR":1,"CAMPECHE":12,"CHIAPAS":18,"CHIHUAHUA":139,"CIUDAD DE MEXICO":53,"COAHUILA":36,"COLIMA":31,"DURANGO":15,"ESTADO DE MEXICO":108,"GUANAJUATO":6,"GUERRERO":25,"HIDALGO":16,"JALISCO":84,"MICHOACAN ":12,"MORELOS":16,"NAYARIT":2,"NUEVO LEON":17,"OAXACA":9,"PUEBLA":31,"QUERETARO ":17,"QUINTANA ROO":17,"SAN LUIS POTOSI":1,"SINALOA":60,"SONORA":316,"TABASCO":2,"TAMAULIPAS":36,"TLAXCALA":4,"VERACRUZ ":20,"YUCATAN":24,"ZACATECAS":16},"Indeterminado":{"AGUASCALIENTES":0,"BAJA CALIFORNIA":0,"BAJA CALIFORNIA SUR":0,"CAMPECHE":0,"CHIAPAS":0,"CHIHUAHUA":0,"CIUDAD DE MEXICO":0,"COAHUILA":0,"COLIMA":0,"DURANGO":0,"ESTADO DE MEXICO":0,"GUANAJUATO":0,"GUERRERO":0,"HIDALGO":0,"JALISCO":0,"MICHOACAN ":0,"MORELOS":0,"NAYARIT":0,"NUEVO LEON":0,"OAXACA":0,"PUEBLA":0,"QUERETARO ":0,"QUINTANA ROO":0,"SAN LUIS POTOSI":0,"SINALOA":0,"SONORA":0,"TABASCO":0,"TAMAULIPAS":0,"TLAXCALA":0,"VERACRUZ ":0,"YUCATAN":0,"ZACATECAS":0},"Mujer":{"AGUASCALIENTES":17,"BAJA CALIFORNIA":11,"BAJA CALIFORNIA SUR":0,"CAMPECHE":10,"CHIAPAS":12,"CHIHUAHUA":9,"CIUDAD DE MEXICO":38,"COAHUILA":7,"COLIMA":30,"DURANGO":11,"ESTADO DE MEXICO":53,"GUANAJUATO":0,"GUERRERO":11,"HIDALGO":8,"JALISCO":34,"MICHOACAN ":6,"MORELOS":9,"NAYARIT":0,"NUEVO LEON":5,"OAXACA":2,"PUEBLA":24,"QUERETARO ":10,"QUINTANA ROO":14,"SAN LUIS POTOSI":1,"SINALOA":25,"SONORA":168,"TABASCO":1,"TAMAULIPAS":19,"TLAXCALA":4,"VERACRUZ ":5,"YUCATAN":17,"ZACATECAS":2}},"anual":{"Hombre":{"1.CIFRA SIN  AÑO DE REFERENCIA":9,"1968":0,"1987":1,"1997":1,"1998":1,"2000":1,"2001":2,"2002":1,"2003":1,"2005":1,"2006":3,"2007":14,"2008":17,"2009":29,"2010":46,"2011":55,"2012":133,"2013":269,"2014":225,"2015":113,"2016":98,"2017":114,"2018":21,"2019":4,"2020":30,"2021":12},"Indeterminado":{"1.CIFRA SIN  AÑO DE REFERENCIA":0,"1968":0,"1987":0,"1997":0,"1998":0,"2000":0,"2001":0,"2002":0,"2003":0,"2005":0,"2006":0,"2007":0,"2008":0,"2009":0,"2010":0,"2011":0,"2012":0,"2013":0,"2014":0,"2015":0,"2016":0,"2017":0,"2018":0,"2019":0,"2020":0,"2021":0},"Mujer":{"1.CIFRA SIN  AÑO DE REFERENCIA":4,"1968":1,"1987":0,"1997":0,"1998":0,"2000":0,"2001":0,"2002":0,"2003":0,"2005":0,"2006":0,"2007":8,"2008":9,"2009":8,"2010":13,"2011":12,"2012":63,"2013":160,"2014":149,"2015":36,"2016":46,"2017":30,"2018":11,"2019":1,"2020":8,"2021":4}},"mensual_ultimo_anio":{"Hombre":{"2020-AGOSTO":2,"2020-DICIEMBRE":1,"2020-NOVIEMBRE":1,"2020-OCTUBRE":2,"2020-SEPTIEMBRE":2,"2021-ABRIL":1,"2021-ENERO":1,"2021-FEBRERO":2,"2021-JULIO":1,"2021-JUNIO":1,"2021-MARZO":3,"2021-MAYO":3},"Indeterminado":{"2020-AGOSTO":0,"2020-DICIEMBRE":0,"2020-NOVIEMBRE":0,"2020-OCTUBRE":0,"2020-SEPTIEMBRE":0,"2021-ABRIL":0,"2021-ENERO":0,"2021-FEBRERO":0,"2021-JULIO":0,"2021-JUNIO":0,"2021-MARZO":0,"2021-MAYO":0},"Mujer":{"2020-AGOSTO":0,"2020-DICIEMBRE":1,"2020-NOVIEMBRE":0,"2020-OCTUBRE":2,"2020-SEPTIEMBRE":0,"2021-ABRIL":1,"2021-ENERO":2,"2021-FEBRERO":0,"2021-JULIO":0,"2021-JUNIO":0,"2021-MARZO":1,"2021-MAYO":0}},"por_edad":{"Hombres":{"0":19,"1":1,"10":1,"11":1,"12":2,"13":9,"14":13,"15":13,"16":25,"17":23,"18":17,"19":14,"2":0,"20":29,"21":24,"22":33,"23":26,"24":25,"25":20,"26":23,"27":30,"28":29,"29":24,"3":1,"30":33,"31":23,"32":32,"33":21,"34":25,"35":26,"36":28,"37":33,"38":25,"39":13,"4":3,"40":27,"41":24,"42":19,"43":10,"44":17,"45":16,"46":16,"47":21,"48":18,"49":12,"5":2,"50":17,"51":13,"52":19,"53":13,"54":10,"55":8,"56":22,"57":6,"58":12,"59":9,"6":2,"60":11,"61":13,"62":4,"63":6,"64":8,"65":10,"66":7,"67":11,"68":5,"69":6,"7":1,"70":8,"71":8,"72":11,"73":16,"74":5,"75":16,"76":7,"77":3,"78":8,"79":6,"8":3,"80":8,"81":5,"82":6,"83":2,"84":4,"85":5,"86":4,"87":1,"89":2,"9":2,"90":2,"91":2,"92":4,"93":1,"95":0,"98":1,"99":1,"SIN EDAD DE REFERENCIA":1},"Indeterminado":{"0":0,"1":0,"10":0,"11":0,"12":0,"13":0,"14":0,"15":0,"16":0,"17":0,"18":0,"19":0,"2":0,"20":0,"21":0,"22":0,"23":0,"24":0,"25":0,"26":0,"27":0,"28":0,"29":0,"3":0,"30":0,"31":0,"32":0,"33":0,"34":0,"35":0,"36":0,"37":0,"38":0,"39":0,"4":0,"40":0,"41":0,"42":0,"43":0,"44":0,"45":0,"46":0,"47":0,"48":0,"49":0,"5":0,"50":0,"51":0,"52":0,"53":0,"54":0,"55":0,"56":0,"57":0,"58":0,"59":0,"6":0,"60":0,"61":0,"62":0,"63":0,"64":0,"65":0,"66":0,"67":0,"68":0,"69":0,"7":0,"70":0,"71":0,"72":0,"73":0,"74":0,"75":0,"76":0,"77":0,"78":0,"79":0,"8":0,"80":0,"81":0,"82":0,"83":0,"84":0,"85":0,"86":0,"87":0,"89":0,"9":0,"90":0,"91":0,"92":0,"93":0,"95":0,"98":0,"99":0,"SIN EDAD DE REFERENCIA":0},"Mujeres":{"0":10,"1":4,"10":0,"11":1,"12":4,"13":9,"14":22,"15":40,"16":27,"17":29,"18":19,"19":13,"2":2,"20":18,"21":14,"22":19,"23":18,"24":6,"25":13,"26":5,"27":14,"28":14,"29":7,"3":0,"30":11,"31":9,"32":4,"33":10,"34":6,"35":10,"36":13,"37":6,"38":9,"39":8,"4":0,"40":5,"41":5,"42":13,"43":6,"44":4,"45":8,"46":13,"47":3,"48":5,"49":1,"5":1,"50":3,"51":3,"52":3,"53":7,"54":4,"55":6,"56":1,"57":0,"58":3,"59":5,"6":1,"60":4,"61":4,"62":4,"63":1,"64":0,"65":4,"66":2,"67":3,"68":0,"69":1,"7":1,"70":1,"71":2,"72":7,"73":2,"74":4,"75":6,"76":2,"77":4,"78":1,"79":1,"8":0,"80":3,"81":2,"82":1,"83":0,"84":2,"85":0,"86":0,"87":1,"89":1,"9":1,"90":1,"91":0,"92":0,"93":2,"95":1,"98":0,"99":0,"SIN EDAD DE REFERENCIA":0}},"por_nacionalidad":{"Hombres":{"ALEMANA":0,"COSTARRICENSE":0,"ESTADOUNIDENSE":3,"HONDUREÑA":1,"MEXICANA":1188,"SALVADORENA":1,"SE DESCONOCE":1,"SIN NACIONALIDAD DE REFERENCIA":6,"VENEZOLANA":1},"Indeterminado":{"ALEMANA":0,"COSTARRICENSE":0,"ESTADOUNIDENSE":0,"HONDUREÑA":0,"MEXICANA":0,"SALVADORENA":0,"SE DESCONOCE":0,"SIN NACIONALIDAD DE REFERENCIA":0,"VENEZOLANA":0},"Mujeres":{"ALEMANA":1,"COSTARRICENSE":1,"ESTADOUNIDENSE":6,"HONDUREÑA":0,"MEXICANA":551,"SALVADORENA":0,"SE DESCONOCE":4,"SIN NACIONALIDAD DE REFERENCIA":0,"VENEZOLANA":0}}}