{"totales":{"PorcentajeDesaparecidos":"61.54","PorcentajeLocalizados":"38.46","PorcentajeLocalizadosCV":"100.00","PorcentajeLocalizadosSV":"0.00","PorcentajeSoloDesaparecidos":"75.00","PorcentajeSoloNoLocalizados":"25.00","TotalDesaparecidos":"16","TotalGlobal":"26","TotalLocalizados":"10","TotalLocalizadosCV":"10","TotalLocalizadosSV":"00","TotalSoloDesaparecidos":"12","TotalSoloNoLocalizados":"04"},"espacial":{"Hombre":{"CIUDAD DE MEXICO":3,"ESTADO DE MEXICO":2,"HIDALGO":0,"NUEVO LEON":3,"QUERETARO ":2,"SAN LUIS POTOSI":0,"SONORA":1,"YUCATAN":2,"ZACATECAS":1},"Indeterminado":{"CIUDAD DE MEXICO":0,"ESTADO DE MEXICO":0,"HIDALGO":0,"NUEVO LEON":0,"QUERETARO ":0,"SAN LUIS POTOSI":0,"SONORA":0,"YUCATAN":0,"ZACATECAS":0},"Mujer":{"CIUDAD DE MEXICO":4,"ESTADO DE MEXICO":3,"HIDALGO":1,"NUEVO LEON":3,"QUERETARO ":0,"SAN LUIS POTOSI":1,"SONORA":0,"YUCATAN":0,"ZACATECAS":0}},"anual":{"Hombre":{"1.CIFRA SIN  AÑO DE REFERENCIA":1,"2018":1,"2019":2,"2020":9,"2021":1},"Indeterminado":{"1.CIFRA SIN  AÑO DE REFERENCIA":0,"2018":0,"2019":0,"2020":0,"2021":0},"Mujer":{"1.CIFRA SIN  AÑO DE REFERENCIA":2,"2018":0,"2019":0,"2020":6,"2021":4}},"mensual_ultimo_anio":{"Hombre":{"2019-OCTUBRE":2,"2020-AGOSTO":2,"2020-ENERO":1,"2020-JUNIO":3,"2020-MARZO":1,"2020-MAYO":1,"2020-OCTUBRE":0,"2020-SEPTIEMBRE":1,"2021-ABRIL":0,"2021-JULIO":0,"2021-JUNIO":0,"2021-MARZO":1},"Indeterminado":{"2019-OCTUBRE":0,"2020-AGOSTO":0,"2020-ENERO":0,"2020-JUNIO":0,"2020-MARZO":0,"2020-MAYO":0,"2020-OCTUBRE":0,"2020-SEPTIEMBRE":0,"2021-ABRIL":0,"2021-JULIO":0,"2021-JUNIO":0,"2021-MARZO":0},"Mujer":{"2019-OCTUBRE":0,"2020-AGOSTO":0,"2020-ENERO":1,"2020-JUNIO":2,"2020-MARZO":2,"2020-MAYO":0,"2020-OCTUBRE":1,"2020-SEPTIEMBRE":0,"2021-ABRIL":2,"2021-JULIO":1,"2021-JUNIO":1,"2021-MARZO":0}},"por_edad":{"Hombres":{"14":0,"17":1,"18":0,"20":0,"21":0,"25":1,"27":1,"29":0,"33":0,"34":2,"37":1,"46":0,"54":0,"59":0,"6":1,"60":1,"61":1,"69":1,"71":0,"74":1,"8":1,"86":1,"90":1},"Indeterminado":{"14":0,"17":0,"18":0,"20":0,"21":0,"25":0,"27":0,"29":0,"33":0,"34":0,"37":0,"46":0,"54":0,"59":0,"6":0,"60":0,"61":0,"69":0,"71":0,"74":0,"8":0,"86":0,"90":0},"Mujeres":{"14":1,"17":0,"18":1,"20":1,"21":1,"25":1,"27":1,"29":1,"33":1,"34":0,"37":0,"46":1,"54":1,"59":1,"6":0,"60":0,"61":0,"69":0,"71":1,"74":0,"8":0,"86":0,"90":0}},"por_nacionalidad":{"Hombres":{"MEXICANA":14,"SE DESCONOCE":0},"Indeterminado":{"MEXICANA":0,"SE DESCONOCE":0},"Mujeres":{"MEXICANA":11,"SE DESCONOCE":1}}}