{"totales":{"PorcentajeDesaparecidos":"38.46","PorcentajeLocalizados":"61.54","PorcentajeLocalizadosCV":"100.00","PorcentajeLocalizadosSV":"0.00","PorcentajeSoloDesaparecidos":"100.00","PorcentajeSoloNoLocalizados":"0.00","TotalDesaparecidos":"05","TotalGlobal":"13","TotalLocalizados":"08","TotalLocalizadosCV":"08","TotalLocalizadosSV":"00","TotalSoloDesaparecidos":"05","TotalSoloNoLocalizados":"00"},"espacial":{"Hombre":{"CIUDAD DE MEXICO":3,"COLIMA":1,"ESTADO DE MEXICO":4,"GUERRERO":1,"TAMAULIPAS":1},"Indeterminado":{"CIUDAD DE MEXICO":0,"COLIMA":0,"ESTADO DE MEXICO":0,"GUERRERO":0,"TAMAULIPAS":0},"Mujer":{"CIUDAD DE MEXICO":2,"COLIMA":0,"ESTADO DE MEXICO":0,"GUERRERO":1,"TAMAULIPAS":0}},"anual":{"Hombre":{"1.CIFRA SIN  AÑO DE REFERENCIA":0,"2019":3,"2020":4,"2021":3},"Indeterminado":{"1.CIFRA SIN  AÑO DE REFERENCIA":0,"2019":0,"2020":0,"2021":0},"Mujer":{"1.CIFRA SIN  AÑO DE REFERENCIA":1,"2019":0,"2020":2,"2021":0}},"mensual_ultimo_anio":{"Hombre":{"0-CIFRA SIN AÑO NI MES DE REFERENCIA":0,"2019-AGOSTO":1,"2019-DICIEMBRE":1,"2019-MAYO":1,"2020-ABRIL":1,"2020-JUNIO":1,"2020-MARZO":0,"2020-MAYO":2,"2021-JUNIO":2,"2021-MAYO":1},"Indeterminado":{"0-CIFRA SIN AÑO NI MES DE REFERENCIA":0,"2019-AGOSTO":0,"2019-DICIEMBRE":0,"2019-MAYO":0,"2020-ABRIL":0,"2020-JUNIO":0,"2020-MARZO":0,"2020-MAYO":0,"2021-JUNIO":0,"2021-MAYO":0},"Mujer":{"0-CIFRA SIN AÑO NI MES DE REFERENCIA":1,"2019-AGOSTO":0,"2019-DICIEMBRE":0,"2019-MAYO":0,"2020-ABRIL":0,"2020-JUNIO":1,"2020-MARZO":1,"2020-MAYO":0,"2021-JUNIO":0,"2021-MAYO":0}},"por_edad":{"Hombres":{"21":1,"23":0,"27":1,"30":1,"45":0,"49":0,"50":1,"66":1,"72":1,"79":1,"80":1,"81":1,"82":1},"Indeterminado":{"21":0,"23":0,"27":0,"30":0,"45":0,"49":0,"50":0,"66":0,"72":0,"79":0,"80":0,"81":0,"82":0},"Mujeres":{"21":0,"23":1,"27":0,"30":0,"45":1,"49":1,"50":0,"66":0,"72":0,"79":0,"80":0,"81":0,"82":0}},"por_nacionalidad":{"Hombres":{"MEXICANA":10},"Indeterminado":{"MEXICANA":0},"Mujeres":{"MEXICANA":3}}}