{"totales":{"PorcentajeDesaparecidos":"77.11","PorcentajeLocalizados":"22.89","PorcentajeLocalizadosCV":"87.88","PorcentajeLocalizadosSV":"12.12","PorcentajeSoloDesaparecidos":"97.67","PorcentajeSoloNoLocalizados":"2.33","TotalDesaparecidos":"2445","TotalGlobal":"3171","TotalLocalizados":"726","TotalLocalizadosCV":"638","TotalLocalizadosSV":"88","TotalSoloDesaparecidos":"2388","TotalSoloNoLocalizados":"57"},"espacial":{"Hombre":{"AGUASCALIENTES":0,"BAJA CALIFORNIA":34,"BAJA CALIFORNIA SUR":16,"CHIAPAS":11,"CHIHUAHUA":6,"CIUDAD DE MEXICO":217,"COAHUILA":3,"COLIMA":11,"DURANGO":3,"ESTADO DE MEXICO":18,"GUANAJUATO":18,"GUERRERO":42,"HIDALGO":7,"JALISCO":1305,"MICHOACAN ":11,"MORELOS":34,"NAYARIT":22,"NUEVO LEON":26,"OAXACA":5,"PUEBLA":44,"QUERETARO ":5,"QUINTANA ROO":1,"SAN LUIS POTOSI":53,"SE DESCONOCE":4,"SINALOA":50,"SONORA":52,"TABASCO":2,"TAMAULIPAS":63,"TLAXCALA":5,"VERACRUZ ":22,"YUCATAN":1,"ZACATECAS":3},"Indeterminado":{"AGUASCALIENTES":0,"BAJA CALIFORNIA":0,"BAJA CALIFORNIA SUR":0,"CHIAPAS":0,"CHIHUAHUA":0,"CIUDAD DE MEXICO":1,"COAHUILA":0,"COLIMA":1,"DURANGO":0,"ESTADO DE MEXICO":1,"GUANAJUATO":0,"GUERRERO":0,"HIDALGO":0,"JALISCO":1,"MICHOACAN ":0,"MORELOS":0,"NAYARIT":0,"NUEVO LEON":0,"OAXACA":0,"PUEBLA":0,"QUERETARO ":0,"QUINTANA ROO":0,"SAN LUIS POTOSI":1,"SE DESCONOCE":0,"SINALOA":0,"SONORA":0,"TABASCO":0,"TAMAULIPAS":0,"TLAXCALA":0,"VERACRUZ ":0,"YUCATAN":0,"ZACATECAS":0},"Mujer":{"AGUASCALIENTES":1,"BAJA CALIFORNIA":19,"BAJA CALIFORNIA SUR":6,"CHIAPAS":1,"CHIHUAHUA":3,"CIUDAD DE MEXICO":190,"COAHUILA":4,"COLIMA":37,"DURANGO":3,"ESTADO DE MEXICO":28,"GUANAJUATO":37,"GUERRERO":8,"HIDALGO":9,"JALISCO":451,"MICHOACAN ":1,"MORELOS":16,"NAYARIT":24,"NUEVO LEON":4,"OAXACA":6,"PUEBLA":44,"QUERETARO ":1,"QUINTANA ROO":2,"SAN LUIS POTOSI":49,"SE DESCONOCE":1,"SINALOA":65,"SONORA":25,"TABASCO":1,"TAMAULIPAS":15,"TLAXCALA":6,"VERACRUZ ":14,"YUCATAN":1,"ZACATECAS":0}},"anual":{"Hombre":{"1.CIFRA SIN  AÑO DE REFERENCIA":1530,"1968":1,"1974":2,"1975":1,"1976":1,"1977":3,"2000":0,"2005":1,"2009":0,"2010":11,"2011":1,"2012":4,"2013":1,"2014":2,"2015":5,"2016":2,"2017":5,"2018":12,"2019":58,"2020":352,"2021":102},"Indeterminado":{"1.CIFRA SIN  AÑO DE REFERENCIA":2,"1968":0,"1974":0,"1975":0,"1976":0,"1977":0,"2000":0,"2005":0,"2009":0,"2010":0,"2011":0,"2012":0,"2013":0,"2014":0,"2015":0,"2016":0,"2017":0,"2018":0,"2019":0,"2020":3,"2021":0},"Mujer":{"1.CIFRA SIN  AÑO DE REFERENCIA":633,"1968":0,"1974":0,"1975":0,"1976":0,"1977":0,"2000":1,"2005":0,"2009":1,"2010":1,"2011":0,"2012":1,"2013":0,"2014":0,"2015":0,"2016":0,"2017":3,"2018":2,"2019":46,"2020":326,"2021":58}},"mensual_ultimo_anio":{"Hombre":{"2020-AGOSTO":14,"2020-DICIEMBRE":12,"2020-NOVIEMBRE":16,"2020-OCTUBRE":12,"2020-SEPTIEMBRE":16,"2021-ABRIL":20,"2021-ENERO":14,"2021-FEBRERO":11,"2021-JULIO":10,"2021-JUNIO":14,"2021-MARZO":21,"2021-MAYO":12},"Indeterminado":{"2020-AGOSTO":0,"2020-DICIEMBRE":0,"2020-NOVIEMBRE":0,"2020-OCTUBRE":3,"2020-SEPTIEMBRE":0,"2021-ABRIL":0,"2021-ENERO":0,"2021-FEBRERO":0,"2021-JULIO":0,"2021-JUNIO":0,"2021-MARZO":0,"2021-MAYO":0},"Mujer":{"2020-AGOSTO":10,"2020-DICIEMBRE":13,"2020-NOVIEMBRE":6,"2020-OCTUBRE":12,"2020-SEPTIEMBRE":5,"2021-ABRIL":15,"2021-ENERO":13,"2021-FEBRERO":4,"2021-JULIO":6,"2021-JUNIO":10,"2021-MARZO":2,"2021-MAYO":8}},"por_edad":{"Hombres":{"0":1,"1":3,"10":4,"11":13,"12":11,"13":17,"14":21,"15":34,"16":22,"17":32,"18":22,"19":24,"2":14,"20":31,"21":38,"22":32,"23":34,"24":43,"25":35,"26":28,"27":35,"28":31,"29":32,"3":3,"30":38,"31":18,"32":21,"33":25,"34":22,"35":23,"36":21,"37":18,"38":15,"39":14,"4":3,"40":16,"41":17,"42":13,"43":16,"44":8,"45":17,"46":9,"47":12,"48":9,"49":11,"5":6,"50":17,"51":11,"52":8,"53":14,"54":5,"55":6,"56":7,"57":3,"58":2,"59":5,"6":3,"60":6,"61":4,"62":6,"63":5,"64":4,"65":9,"66":3,"67":4,"68":4,"69":3,"7":4,"70":3,"71":3,"72":5,"73":1,"74":3,"75":4,"76":1,"77":3,"78":4,"8":5,"80":5,"81":3,"82":1,"83":2,"84":1,"85":3,"86":1,"87":1,"88":1,"9":4,"92":2,"94":0,"96":1,"97":1,"99":0,"SIN EDAD DE REFERENCIA":991},"Indeterminado":{"0":0,"1":0,"10":0,"11":0,"12":0,"13":0,"14":0,"15":0,"16":0,"17":0,"18":0,"19":0,"2":0,"20":0,"21":0,"22":0,"23":0,"24":0,"25":0,"26":0,"27":0,"28":0,"29":0,"3":0,"30":0,"31":0,"32":0,"33":0,"34":0,"35":1,"36":0,"37":0,"38":0,"39":0,"4":0,"40":0,"41":0,"42":0,"43":0,"44":0,"45":0,"46":0,"47":0,"48":0,"49":0,"5":0,"50":0,"51":0,"52":0,"53":0,"54":0,"55":0,"56":0,"57":0,"58":0,"59":0,"6":0,"60":0,"61":0,"62":0,"63":0,"64":0,"65":0,"66":0,"67":0,"68":0,"69":0,"7":0,"70":0,"71":0,"72":0,"73":0,"74":0,"75":0,"76":0,"77":0,"78":0,"8":0,"80":0,"81":0,"82":0,"83":0,"84":0,"85":0,"86":0,"87":0,"88":0,"9":0,"92":0,"94":0,"96":0,"97":0,"99":0,"SIN EDAD DE REFERENCIA":4},"Mujeres":{"0":0,"1":9,"10":5,"11":4,"12":23,"13":44,"14":64,"15":70,"16":67,"17":63,"18":32,"19":19,"2":5,"20":15,"21":18,"22":14,"23":16,"24":13,"25":20,"26":14,"27":12,"28":9,"29":9,"3":12,"30":9,"31":6,"32":8,"33":9,"34":9,"35":6,"36":9,"37":10,"38":5,"39":7,"4":5,"40":1,"41":3,"42":6,"43":5,"44":4,"45":4,"46":3,"47":5,"48":5,"49":2,"5":3,"50":1,"51":1,"52":4,"53":2,"54":3,"55":2,"56":2,"57":1,"58":1,"59":1,"6":3,"60":2,"61":0,"62":1,"63":1,"64":1,"65":3,"66":1,"67":1,"68":1,"69":2,"7":6,"70":1,"71":1,"72":2,"73":0,"74":2,"75":0,"76":0,"77":1,"78":0,"8":4,"80":2,"81":0,"82":0,"83":0,"84":1,"85":0,"86":0,"87":0,"88":0,"9":8,"92":0,"94":1,"96":0,"97":0,"99":1,"SIN EDAD DE REFERENCIA":327}},"por_nacionalidad":{"Hombres":{"AFGANA":1,"ARGENTINA":2,"AUSTRALIANA":1,"BOLIVIANA":0,"COLOMBIANA":11,"ECUATORIANA":0,"ESTADOS INDEPENDIENTES":0,"ESTADOUNIDENSE":10,"GUATEMALTECA":2,"HONDUREÑA":2,"INDONESA":1,"MARROQUI":1,"MEXICANA":1973,"MOLDAVINA":0,"NICARAGUENSE":0,"PERUANA":0,"RUMANA":0,"RUSA":0,"SALVADORENA":0,"SE DESCONOCE":90,"TURCA":0},"Indeterminado":{"AFGANA":0,"ARGENTINA":0,"AUSTRALIANA":0,"BOLIVIANA":0,"COLOMBIANA":0,"ECUATORIANA":0,"ESTADOS INDEPENDIENTES":0,"ESTADOUNIDENSE":0,"GUATEMALTECA":0,"HONDUREÑA":0,"INDONESA":0,"MARROQUI":0,"MEXICANA":4,"MOLDAVINA":0,"NICARAGUENSE":0,"PERUANA":0,"RUMANA":0,"RUSA":0,"SALVADORENA":1,"SE DESCONOCE":0,"TURCA":0},"Mujeres":{"AFGANA":0,"ARGENTINA":0,"AUSTRALIANA":0,"BOLIVIANA":1,"COLOMBIANA":2,"ECUATORIANA":1,"ESTADOS INDEPENDIENTES":1,"ESTADOUNIDENSE":4,"GUATEMALTECA":2,"HONDUREÑA":1,"INDONESA":0,"MARROQUI":0,"MEXICANA":994,"MOLDAVINA":1,"NICARAGUENSE":1,"PERUANA":1,"RUMANA":1,"RUSA":1,"SALVADORENA":1,"SE DESCONOCE":59,"TURCA":1}}}