{"totales":{"PorcentajeDesaparecidos":"54.82","PorcentajeLocalizados":"45.18","PorcentajeLocalizadosCV":"89.48","PorcentajeLocalizadosSV":"10.52","PorcentajeSoloDesaparecidos":"54.68","PorcentajeSoloNoLocalizados":"45.32","TotalDesaparecidos":"5999","TotalGlobal":"10943","TotalLocalizados":"4944","TotalLocalizadosCV":"4424","TotalLocalizadosSV":"520","TotalSoloDesaparecidos":"3280","TotalSoloNoLocalizados":"2719"},"espacial":{"Hombre":{"AGUASCALIENTES":10,"BAJA CALIFORNIA":18,"BAJA CALIFORNIA SUR":166,"CAMPECHE":2,"CHIAPAS":119,"CHIHUAHUA":5,"CIUDAD DE MEXICO":115,"COAHUILA":104,"COLIMA":312,"DURANGO":68,"ESTADO DE MEXICO":26,"GUANAJUATO":23,"GUERRERO":440,"HIDALGO":118,"JALISCO":47,"MICHOACAN ":101,"MORELOS":9,"NAYARIT":123,"NUEVO LEON":1085,"OAXACA":8,"PUEBLA":1151,"QUERETARO ":321,"QUINTANA ROO":62,"SAN LUIS POTOSI":31,"SE DESCONOCE":10,"SINALOA":774,"SONORA":26,"TABASCO":23,"TAMAULIPAS":143,"TLAXCALA":5,"VERACRUZ ":69,"YUCATAN":181,"ZACATECAS":1173},"Indeterminado":{"AGUASCALIENTES":0,"BAJA CALIFORNIA":0,"BAJA CALIFORNIA SUR":0,"CAMPECHE":0,"CHIAPAS":0,"CHIHUAHUA":0,"CIUDAD DE MEXICO":1,"COAHUILA":0,"COLIMA":0,"DURANGO":0,"ESTADO DE MEXICO":1,"GUANAJUATO":0,"GUERRERO":0,"HIDALGO":0,"JALISCO":0,"MICHOACAN ":0,"MORELOS":0,"NAYARIT":2,"NUEVO LEON":0,"OAXACA":0,"PUEBLA":0,"QUERETARO ":0,"QUINTANA ROO":0,"SAN LUIS POTOSI":0,"SE DESCONOCE":0,"SINALOA":0,"SONORA":0,"TABASCO":0,"TAMAULIPAS":0,"TLAXCALA":0,"VERACRUZ ":0,"YUCATAN":0,"ZACATECAS":0},"Mujer":{"AGUASCALIENTES":1,"BAJA CALIFORNIA":8,"BAJA CALIFORNIA SUR":109,"CAMPECHE":2,"CHIAPAS":177,"CHIHUAHUA":3,"CIUDAD DE MEXICO":78,"COAHUILA":67,"COLIMA":153,"DURANGO":36,"ESTADO DE MEXICO":19,"GUANAJUATO":7,"GUERRERO":211,"HIDALGO":73,"JALISCO":10,"MICHOACAN ":26,"MORELOS":0,"NAYARIT":49,"NUEVO LEON":640,"OAXACA":3,"PUEBLA":1227,"QUERETARO ":160,"QUINTANA ROO":26,"SAN LUIS POTOSI":5,"SE DESCONOCE":4,"SINALOA":22,"SONORA":4,"TABASCO":12,"TAMAULIPAS":104,"TLAXCALA":4,"VERACRUZ ":27,"YUCATAN":270,"ZACATECAS":534}},"anual":{"Hombre":{"1.CIFRA SIN  AÑO DE REFERENCIA":2058,"1976":1,"1979":1,"1980":1,"1983":0,"1986":1,"1992":2,"1993":1,"1994":3,"1995":1,"1996":2,"1997":1,"1998":1,"2000":1,"2001":4,"2002":1,"2003":4,"2004":1,"2005":2,"2006":4,"2007":4,"2008":18,"2009":19,"2010":56,"2011":56,"2012":47,"2013":58,"2014":46,"2015":50,"2016":74,"2017":79,"2018":161,"2019":523,"2020":1862,"2021":1725},"Indeterminado":{"1.CIFRA SIN  AÑO DE REFERENCIA":1,"1976":0,"1979":0,"1980":0,"1983":0,"1986":0,"1992":0,"1993":0,"1994":0,"1995":0,"1996":0,"1997":0,"1998":0,"2000":0,"2001":0,"2002":0,"2003":0,"2004":0,"2005":0,"2006":0,"2007":0,"2008":0,"2009":0,"2010":0,"2011":0,"2012":2,"2013":0,"2014":0,"2015":0,"2016":0,"2017":0,"2018":0,"2019":0,"2020":0,"2021":1},"Mujer":{"1.CIFRA SIN  AÑO DE REFERENCIA":1485,"1976":0,"1979":0,"1980":0,"1983":1,"1986":0,"1992":1,"1993":0,"1994":1,"1995":0,"1996":1,"1997":0,"1998":0,"2000":0,"2001":1,"2002":1,"2003":1,"2004":2,"2005":1,"2006":1,"2007":1,"2008":9,"2009":5,"2010":5,"2011":14,"2012":16,"2013":11,"2014":14,"2015":16,"2016":16,"2017":29,"2018":93,"2019":279,"2020":1102,"2021":965}},"mensual_ultimo_anio":{"Hombre":{"2020-DICIEMBRE":159,"2020-NOVIEMBRE":181,"2020-OCTUBRE":171,"2020-SEPTIEMBRE":205,"2021-ABRIL":236,"2021-AGOSTO":7,"2021-ENERO":241,"2021-FEBRERO":222,"2021-JULIO":250,"2021-JUNIO":267,"2021-MARZO":221,"2021-MAYO":281},"Indeterminado":{"2020-DICIEMBRE":0,"2020-NOVIEMBRE":0,"2020-OCTUBRE":0,"2020-SEPTIEMBRE":0,"2021-ABRIL":0,"2021-AGOSTO":0,"2021-ENERO":0,"2021-FEBRERO":0,"2021-JULIO":0,"2021-JUNIO":0,"2021-MARZO":0,"2021-MAYO":1},"Mujer":{"2020-DICIEMBRE":83,"2020-NOVIEMBRE":112,"2020-OCTUBRE":125,"2020-SEPTIEMBRE":136,"2021-ABRIL":152,"2021-AGOSTO":0,"2021-ENERO":104,"2021-FEBRERO":123,"2021-JULIO":152,"2021-JUNIO":146,"2021-MARZO":144,"2021-MAYO":144}},"por_edad":{"Hombres":{"0":23,"1":33,"10":23,"104":2,"11":23,"12":45,"120":1,"13":60,"14":106,"15":146,"16":193,"17":143,"18":116,"19":129,"2":33,"20":156,"21":166,"22":186,"23":191,"24":176,"25":193,"26":207,"27":185,"28":186,"29":175,"3":20,"30":170,"31":146,"32":170,"33":144,"34":141,"35":122,"36":140,"37":149,"38":165,"39":114,"4":30,"40":133,"41":124,"42":116,"43":107,"44":110,"45":104,"46":82,"47":91,"48":75,"49":80,"5":26,"50":61,"51":55,"52":54,"53":54,"54":44,"55":51,"56":41,"57":38,"58":25,"59":36,"6":29,"60":33,"61":32,"62":22,"63":28,"64":26,"65":28,"66":16,"67":25,"68":20,"69":15,"7":15,"70":24,"71":16,"72":13,"73":14,"74":16,"75":17,"76":18,"77":15,"78":12,"79":13,"8":33,"80":10,"81":4,"82":5,"83":9,"84":6,"85":7,"86":4,"87":2,"88":3,"89":2,"9":19,"90":3,"91":4,"93":1,"95":1,"96":2,"97":1,"SIN EDAD DE REFERENCIA":390},"Indeterminado":{"0":0,"1":0,"10":0,"104":0,"11":0,"12":0,"120":0,"13":0,"14":0,"15":0,"16":0,"17":0,"18":0,"19":0,"2":0,"20":0,"21":0,"22":0,"23":0,"24":0,"25":0,"26":0,"27":0,"28":0,"29":1,"3":0,"30":0,"31":0,"32":0,"33":0,"34":0,"35":0,"36":0,"37":2,"38":0,"39":0,"4":0,"40":0,"41":0,"42":0,"43":0,"44":0,"45":0,"46":0,"47":0,"48":0,"49":0,"5":0,"50":0,"51":0,"52":0,"53":0,"54":0,"55":0,"56":1,"57":0,"58":0,"59":0,"6":0,"60":0,"61":0,"62":0,"63":0,"64":0,"65":0,"66":0,"67":0,"68":0,"69":0,"7":0,"70":0,"71":0,"72":0,"73":0,"74":0,"75":0,"76":0,"77":0,"78":0,"79":0,"8":0,"80":0,"81":0,"82":0,"83":0,"84":0,"85":0,"86":0,"87":0,"88":0,"89":0,"9":0,"90":0,"91":0,"93":0,"95":0,"96":0,"97":0,"SIN EDAD DE REFERENCIA":0},"Mujeres":{"0":25,"1":27,"10":30,"104":0,"11":31,"12":103,"120":0,"13":208,"14":341,"15":385,"16":346,"17":305,"18":137,"19":138,"2":34,"20":107,"21":103,"22":92,"23":85,"24":80,"25":70,"26":74,"27":70,"28":70,"29":64,"3":28,"30":74,"31":42,"32":50,"33":52,"34":41,"35":40,"36":29,"37":42,"38":25,"39":41,"4":29,"40":35,"41":23,"42":21,"43":26,"44":23,"45":21,"46":21,"47":21,"48":16,"49":14,"5":18,"50":13,"51":16,"52":8,"53":6,"54":11,"55":12,"56":6,"57":6,"58":5,"59":6,"6":34,"60":11,"61":2,"62":4,"63":4,"64":6,"65":8,"66":1,"67":5,"68":1,"69":3,"7":27,"70":7,"71":4,"72":2,"73":5,"74":3,"75":2,"76":3,"77":1,"78":4,"79":7,"8":15,"80":6,"81":0,"82":3,"83":0,"84":1,"85":0,"86":1,"87":2,"88":1,"89":0,"9":16,"90":2,"91":0,"93":0,"95":0,"96":0,"97":0,"SIN EDAD DE REFERENCIA":134}},"por_nacionalidad":{"Hombres":{"ALEMANA":1,"ARGENTINA":1,"AUSTRALIANA":1,"BELICENA":4,"BRASILENA":2,"CHILENA":0,"COLOMBIANA":9,"CROATA":1,"CUBANA":1,"ECUATORIANA":1,"EGIPCIA":1,"ESTADOS INDEPENDIENTES":3,"ESTADOUNIDENSE":24,"ESTONIO":1,"FILIPINA":1,"GUATEMALTECA":33,"HINDU":4,"HONDUREÑA":62,"MALAYO":1,"MARROQUI":1,"MEXICANA":6663,"MOLDAVINA":0,"MONEGASCA":0,"NEOZELANDESA":1,"NICARAGUENSE":4,"SALVADORENA":27,"SE DESCONOCE":17,"SUIZA":1,"VENEZOLANA":3},"Indeterminado":{"ALEMANA":0,"ARGENTINA":0,"AUSTRALIANA":0,"BELICENA":0,"BRASILENA":0,"CHILENA":0,"COLOMBIANA":0,"CROATA":0,"CUBANA":0,"ECUATORIANA":0,"EGIPCIA":0,"ESTADOS INDEPENDIENTES":0,"ESTADOUNIDENSE":0,"ESTONIO":0,"FILIPINA":0,"GUATEMALTECA":0,"HINDU":1,"HONDUREÑA":0,"MALAYO":0,"MARROQUI":0,"MEXICANA":3,"MOLDAVINA":0,"MONEGASCA":0,"NEOZELANDESA":0,"NICARAGUENSE":0,"SALVADORENA":0,"SE DESCONOCE":0,"SUIZA":0,"VENEZOLANA":0},"Mujeres":{"ALEMANA":0,"ARGENTINA":4,"AUSTRALIANA":0,"BELICENA":2,"BRASILENA":1,"CHILENA":1,"COLOMBIANA":1,"CROATA":0,"CUBANA":1,"ECUATORIANA":1,"EGIPCIA":0,"ESTADOS INDEPENDIENTES":2,"ESTADOUNIDENSE":19,"ESTONIO":0,"FILIPINA":1,"GUATEMALTECA":22,"HINDU":0,"HONDUREÑA":35,"MALAYO":1,"MARROQUI":1,"MEXICANA":3948,"MOLDAVINA":1,"MONEGASCA":1,"NEOZELANDESA":0,"NICARAGUENSE":1,"SALVADORENA":18,"SE DESCONOCE":9,"SUIZA":0,"VENEZOLANA":1}}}