{"--TODAS--":"0","IBA RUMBO A SU TRABAJO":"3","REFIRIÓ PROBLEMAS FAMILIARES ANTES DE DESAPARECER":"9","SALIÓ DE CASA A REALIZAR ALGUNA ACTIVIDAD Y YA NO REGRESO":"11","SE DESCONOCE":"17","SE ENCONTRABA EN EL TRAYECTO DE UNA CIUDAD O COMUNIDAD A OTRA":"15","SE ENCONTRABA EN SU TRABAJO":"14","SE LE PRIVÓ DE LA LIBERTAD POR PERSONAS ARMADAS EN LA CALLE":"5","SE LE PRIVÓ DE LA LIBERTAD POR PERSONAS ARMADAS EN SU DOMICILIO":"6","SE LE PRIVÓ DE LA LIBERTAD POR UNA CORPORACIÓN POLICIACA O MILITAR":"7","SE LE VIO EN EL DOMICILIO DE UN FAMILIAR O CONOCIDO":"16","SE LE VIO EN UNA AGENCIA DEL MINISTERIO PÚBLICO":"4","SE TRASLADABA A SU DOMICILIO":"2","SE VIO EN SU DOMICILIO":"1","VIAJABA RUMBO A ESTADOS UNIDOS":"13","VÍCTIMA DE SECUESTRO":"12","ÚLTIMO CONTACTO VÍA TELEFÓNICA O MENSAJE DE TEXTO":"8"}