{"--TODOS--":"0","AGUASCALIENTES":"1","BAJA CALIFORNIA":"2","BAJA CALIFORNIA SUR":"3","CAMPECHE":"4","CHIAPAS":"7","CHIHUAHUA":"8","CIUDAD DE MEXICO":"9","COAHUILA":"5","COLIMA":"6","DURANGO":"10","ESTADO DE MEXICO":"15","GUANAJUATO":"11","GUERRERO":"12","HIDALGO":"13","JALISCO":"14","MICHOACAN ":"16","MORELOS":"17","NAYARIT":"18","NUEVO LEON":"19","OAXACA":"20","PUEBLA":"21","QUERETARO ":"22","QUINTANA ROO":"23","SAN LUIS POTOSI":"24","SE DESCONOCE":"33","SINALOA":"25","SONORA":"26","TABASCO":"27","TAMAULIPAS":"28","TLAXCALA":"29","VERACRUZ ":"30","YUCATAN":"31","ZACATECAS":"32"}