{"--TODAS--":"0","AMUZGO DE GUERRERO":"1","AMUZGO DE OAXACA":"2","CHATINO DE OAXACA":"10","CHICHIMECA DE GUANAJUATO":"11","CHINANTECO DE OAXACA":"12","CHOL DE CAMPECHE":"14","CHOL DE CHIAPAS":"13","CHOLES":"105","CHOLOS DE OAXACA":"15","CHONTAL DE OAXACA":"16","CHUJ DE CHIAPAS":"17","COCHIMI DE B.C.N":"3","CONTAL DE TABASCO":"4","CORA DE NAYARIT":"5","CORA DE OAXACA":"6","CORA DE SINALOA":"7","CUCAPÁ DE B.C.N.":"8","CUICATECO DE OAXACA":"9","GUARIJO DE CHIHUAHUA":"19","GUARIJO DE SONORA":"18","HUASTECO DE SAN LUIS POTOSI":"20","HUASTECO DE VERACRUZ":"21","HUASTECOS":"106","HUAVE DE OAXACA":"22","HUICHOL DE JALISCO":"24","HUICHOL DE NAYARIT":"23","HUICHOLES":"107","INDIGENAS EN LA CIUDAD DE MEXICO":"108","IXCATECO DE OAXACA":"25","JACALTECO DE CHIAPAS":"26","KIKAPÚ DE COAHUILA":"27","KILIWA DE B.C.N.":"28","KUMIAI DE B.C.N.":"29","LACANDON DE CHIAPAS":"30","MAME DE CHIAPAS":"31","MATIATZINCA DE MEXICO":"32","MAYA DE CAMPECHE":"34","MAYA DE QUINTA ROO":"35","MAYA DE YUCATAN":"33","MAYAS":"109","MAYO DE SINALOA":"37","MAYO DE SONORA":"36","MAZAHUA DE MEXICO":"38","MAZAHUA DE MICHOACAN":"39","MAZATECO DE OAXACA":"40","MAZATECO DE PUEBLA":"41","MEXICANEROS":"110","MIXE DE OAXACA":"42","MIXTECO DE GUERRERO":"44","MIXTECO DE OAXACA":"43","MIXTECO DE PUEBLA":"45","MIXTECO DEL DISTRITO FEDERAL":"46","MIXTECOS":"111","MOTOZINTLECO (MOCHO) DE CHIAPAS":"47","NAHUAS":"112","NAHUATL DE GUERRERO":"51","NAHUATL DE HIDALGO":"50","NAHUATL DE MEXICO":"55","NAHUATL DE MICHOACAN":"56","NAHUATL DE MORELOS":"54","NAHUATL DE PUEBLA":"48","NAHUATL DE SAN LUIS POTOSI":"52","NAHUATL DE TLAXCALA":"53","NAHUATL DE VERACRUZ":"49","NAHUATL DEL DISTRITO FEDERAL":"57","OCUILTECO DE MEXICO":"58","OPATA DE SONORA":"59","OTOMI DE HIDALGO":"60","OTOMI DE MEXICO":"61","OTOMI DE MICHOACAN":"67","OTOMI DE PUEBLA":"65","OTOMI DE QUERETARO":"64","OTOMI DE TLAXCALA":"66","OTOMI DE VERACRUZ":"63","OTOMI DEL DISTRITO FEDERAL":"62","OTOMIES VALLE DEL MEZQUITAL":"113","OTRO":"104","PAI-PAI DE B.C.N.":"68","PAME DE SAN LUIS POTOSI":"69","PIMA DE CHIHUAHUA":"72","PIMA DE SONORA":"71","POPOLOCA DE OAXACA":"74","POPOLOCA DE PUEBLA":"73","POPOLUCA DE VERACRUZ":"75","PUREPECHA DE MICHOACAN":"76","PÁPAGO DE SONORA":"70","SE DESCONOCE":"103","SERI DE SONORA":"77","TARAHUMARA DE CHIHUAHUA":"78","TARAHUMARA DE SINALOA":"79","TARAHUMARAS - RARAMURI":"114","TARASCO DE MICHOACAN":"80","TEPEHUA DE HIDALGO":"83","TEPEHUA DE PUEBLA":"82","TEPEHUA DE VERACRUZ":"81","TEPEHUANO DE CHIHUAHUA":"85","TEPEHUANO DE DURANGO":"84","TEPEHUANO DE NAYARIT":"86","TLAPANECO DE GUERRERO":"87","TOJOLOBAN DE CHIAPAS":"88","TOTONACAS":"115","TOTONACO DE PUEBLA":"90","TOTONACO DE VERACRUZ":"89","TRIQUE DE OAXACA":"91","TZELTAL DE CHIAPAS":"92","TZELTAL DE OAXACA":"93","TZOTZIL DE CHIAPAS":"94","YAQUI DE SONORA":"95","ZAPOTECO DE CHIAPAS":"99","ZAPOTECO DE MEXICO":"98","ZAPOTECO DE OAXACA":"96","ZAPOTECO DE VERACRUZ":"97","ZAPOTECO DEL DISTRITO FEDERAL":"100","ZOQUE DE CHIAPAS":"101","ZOQUE DE OAXACA":"102"}