{"--TODAS--":"0","AGUACATECO":"1","AMUZGO":"2","CAKCHIQUEL":"3","CASTELLANO":"85","CHATINO":"8","CHICHIMECA JONAZ":"9","CHINANTECO":"10","CHINANTECO DE LALANA":"11","CHINANTECO DE OJITLAN":"12","CHINANTECO DE PETLAPA":"13","CHINANTECO DE USILA":"14","CHINANTECO DE VALLE NACIONAL":"15","CHOCHO":"16","CHOL":"17","CHONTAL DE OAXACA":"18","CHONTAL DE TABASCO":"19","CHUJ":"20","COCHIMI":"4","CORA":"5","CUCAPA":"6","CUICATECO":"7","GUARIJIO":"21","HUASTECO":"22","HUAVE":"23","HUICHOL":"24","IXCATECO":"25","IXIL":"26","JACALTECO":"27","KANJOBAL":"28","KEKCHI":"29","KICAPU":"30","KILIWA":"31","KUMIAI":"32","LACANDON":"33","MAME":"34","MATLATZINCA":"35","MAYA":"36","MAYO":"37","MAZAHUA":"38","MAZATECO":"39","MIXE":"40","MIXTECA":"47","MIXTECO":"41","MIXTECO DE LA COSTA":"42","MIXTECO DE LA MIXTECA ALTA":"43","MIXTECO DE LA MIXTECA BAJA":"44","MIXTECO DE LA ZONA MAZATECA":"45","MIXTECO DE PUEBLA":"46","MOTOCINTLECO":"48","NAHUATL O MEXICANO":"49","OCUILTECO O TLAHUICA":"50","OPATA":"84","OTOMI":"51","PAIPAI":"52","PAME":"53","PAPABUCO":"83","PAPAGO":"54","PIMA":"55","POPOLOCA":"56","POPOLUCA":"57","POPOLUCA DE LA SIERRA":"58","PUREPECHA O TARASCO":"59","QUICHE":"60","SERI":"61","SOLTECO":"82","TACUATE":"62","TARAHUMARA":"63","TEPEHUA":"64","TEPEHUANO":"65","TLAPANECO":"66","TOJOLABAL":"67","TOTONACA":"68","TRIQUI":"69","TZELTAL":"70","TZOTZIL":"71","YAQUI":"72","ZAPOTECA":"73","ZAPOTECO DE CUIXTLA":"74","ZAPOTECO DE IXTLAN":"75","ZAPOTECO DEL ISTMO":"76","ZAPOTECO DEL RINCON":"77","ZAPOTECO SUREÑO":"78","ZAPOTECO VIJANO":"80","ZAPOTECO VILLISTA":"79","ZOQUE":"81"}