{"--TODAS--":"0","AFGANA":"59","ALBANESA":"29","ALEMANA":"30","ANDORRANA":"95","ANGOLENSE":"100","ANTIGUO":"101","ANTILLANA":"19","ARABE":"60","ARABE (EMIRATOS ARABES)":"71","ARGELINA":"99","ARGENTINA":"13","ARMENIO":"102","AUSTRALIANA":"103","AUSTRIACA":"31","AZERBAJANA":"104","BAHAMAS":"134","BAHREIN":"61","BANGLADESH":"62","BELGA":"32","BELICENA":"40","BERMUDAS":"39","BIRMANA":"63","BOLIVIANA":"46","BOSNIO-HERZEGOVINO":"105","BRASILENA":"132","BRUNEI":"64","BULGARA":"33","BUTANESA":"65","CAMERUNEZA":"124","CANADIENSE":"3","CHECA":"34","CHILENA":"10","CHINA":"66","CHIPRIOTA":"67","COLOMBIANA":"133","COREANA (DEL SUR)":"68","COREANA (REPUBLICA POPULAR)":"69","COSTARRICENSE":"25","CROATA":"106","CUBANA":"78","DAMASCENA":"70","DANESA":"35","DOMINICANA":"8","ECUATORIANA":"11","EGIPCIA":"107","ESPANOLA":"36","ESTADOS INDEPENDIENTES":"37","ESTADOUNIDENSE":"2","ESTONIO":"109","ETIOPE":"110","EXTRANJERA":"999","FILIPINA":"111","FINLANDESA":"38","FRANCESA":"5","GANESA":"112","GERGIANA":"113","GRIEGA":"41","GROELANDESA":"114","GUATEMALTECA":"14","GUYANESA":"15","HAITIANA":"16","HINDU":"73","HOLANDESA":"42","HONDUREÑA":"115","HONG KONG":"72","HUNGARA":"43","INDONESA":"74","INGLESA":"4","IRANI":"75","IRAQUI":"76","IRLANDESA":"44","ISLANDESA":"45","ISRAELI":"77","ITALIANA":"6","JAMAIQUINA":"18","JAPONESA":"9","JORDANA":"79","KAMPUCHEANA":"80","KATARENSE":"81","KENYANA":"116","KIRKISTANI":"135","KUWAITI":"82","LAOCIANA":"83","LEICHTENSTEIN":"47","LEONESA":"126","LIBANESA":"84","LITUANA":"117","LUXEMBURGESA":"48","MALAYO":"85","MALDIANA":"86","MALTESA":"49","MARROQUI":"118","MEXICANA":"1","MOLDAVINA":"123","MONEGASCA":"50","MONGOL":"87","MOZAMBIQUENA":"119","NEOZELANDESA":"121","NEPALESA":"88","NICARAGUENSE":"20","NIGERIANA":"120","NORUEGA":"51","OMANA":"89","PANAMENA":"21","PAQUISTANI":"90","PARAGUAYA":"22","PERUANA":"23","POLACA":"52","POLINESIA":"122","PORTUGUESA":"53","PUERTORRIQUENA":"24","RUMANA":"54","RUSA":"125","SALVADORENA":"12","SAN MARINO":"55","SE DESCONOCE":"137","SINGAPURENSE":"91","SIRIA":"127","SLOVAKO":"128","SLOVENO":"108","SRI LANKA":"92","SUDAFRICANA":"129","SUECA":"56","SUIZA":"57","SURINES":"26","TAILANDESA":"93","TIBETANA":"136","TUNEZINA":"130","TURCA":"94","UKRANIANA":"131","URUGUAYA":"27","VENEZOLANA":"28","VIETNAMITA":"96","YEMENITA(REP. ARABE)":"97","YEMENITA(REP. DEMOC. POP)":"98","YUGOSLAVA":"58"}