{"--TODAS--":"0","ADVENIDISTA":"6","ATEA":"17","BAUTISMAL":"5","BAUTISTA":"4","BRAHAMANISMO":"27","BUDISTA":"13","CALVINISTA":"20","CATOLICA":"1","CREYENTE":"32","CRISTIANO":"31","EPISCOPAL":"21","EVANGELICA":"7","EVANGELISTA":"2","HINDUISTA":"26","ISLAMICA":"12","JUDIA":"10","KRISHNA":"28","LIBRE PENSAMIENTO":"30","LUTERANA":"8","MAHOMETANA":"11","MENONITA":"22","METODISTA":"23","MORMONA":"15","MUSULMANA":"29","ORTODOXA":"14","OTRA":"18","PRESBITERIANA":"24","PROTESTANTE":"16","PURITANA":"25","SATANICO":"9","SIN RELIGION":"33","TESTIGO DE JEHOVA":"3","TOISTA":"19"}