{"totales":{"PorcentajeDesaparecidos":"32.19","PorcentajeLocalizados":"67.81","PorcentajeLocalizadosCV":"94.16","PorcentajeLocalizadosSV":"5.84","PorcentajeSoloDesaparecidos":"86.84","PorcentajeSoloNoLocalizados":"13.16","TotalDesaparecidos":"3282","TotalGlobal":"10195","TotalLocalizados":"6913","TotalLocalizadosCV":"6509","TotalLocalizadosSV":"404","TotalSoloDesaparecidos":"2850","TotalSoloNoLocalizados":"432"},"espacial":{"Hombre":{"AGUASCALIENTES":4,"BAJA CALIFORNIA":9,"BAJA CALIFORNIA SUR":63,"CHIAPAS":1,"CHIHUAHUA":417,"CIUDAD DE MEXICO":44,"COAHUILA":42,"COLIMA":425,"DURANGO":215,"ESTADO DE MEXICO":310,"GUANAJUATO":3,"GUERRERO":30,"HIDALGO":46,"JALISCO":367,"MICHOACAN ":50,"MORELOS":468,"NAYARIT":7,"NUEVO LEON":106,"OAXACA":67,"PUEBLA":1527,"QUERETARO ":21,"QUINTANA ROO":24,"SAN LUIS POTOSI":48,"SINALOA":736,"SONORA":4,"TABASCO":1,"TAMAULIPAS":8,"TLAXCALA":3,"VERACRUZ ":110,"YUCATAN":42,"ZACATECAS":25},"Indeterminado":{"AGUASCALIENTES":0,"BAJA CALIFORNIA":0,"BAJA CALIFORNIA SUR":0,"CHIAPAS":0,"CHIHUAHUA":0,"CIUDAD DE MEXICO":0,"COAHUILA":0,"COLIMA":0,"DURANGO":0,"ESTADO DE MEXICO":0,"GUANAJUATO":0,"GUERRERO":0,"HIDALGO":0,"JALISCO":0,"MICHOACAN ":0,"MORELOS":1,"NAYARIT":0,"NUEVO LEON":0,"OAXACA":0,"PUEBLA":0,"QUERETARO ":0,"QUINTANA ROO":0,"SAN LUIS POTOSI":0,"SINALOA":0,"SONORA":0,"TABASCO":0,"TAMAULIPAS":0,"TLAXCALA":0,"VERACRUZ ":0,"YUCATAN":0,"ZACATECAS":0},"Mujer":{"AGUASCALIENTES":15,"BAJA CALIFORNIA":3,"BAJA CALIFORNIA SUR":26,"CHIAPAS":4,"CHIHUAHUA":514,"CIUDAD DE MEXICO":36,"COAHUILA":22,"COLIMA":309,"DURANGO":225,"ESTADO DE MEXICO":402,"GUANAJUATO":6,"GUERRERO":30,"HIDALGO":106,"JALISCO":192,"MICHOACAN ":22,"MORELOS":601,"NAYARIT":3,"NUEVO LEON":68,"OAXACA":120,"PUEBLA":1767,"QUERETARO ":31,"QUINTANA ROO":40,"SAN LUIS POTOSI":85,"SINALOA":123,"SONORA":3,"TABASCO":6,"TAMAULIPAS":3,"TLAXCALA":3,"VERACRUZ ":110,"YUCATAN":81,"ZACATECAS":15}},"anual":{"Hombre":{"1.CIFRA SIN  AÑO DE REFERENCIA":1329,"1976":1,"1979":1,"1985":0,"1987":1,"1992":1,"1995":1,"2000":2,"2001":0,"2002":2,"2003":5,"2004":2,"2005":1,"2006":2,"2007":6,"2008":8,"2009":15,"2010":20,"2011":21,"2012":41,"2013":133,"2014":191,"2015":51,"2016":135,"2017":114,"2018":993,"2019":1033,"2020":786,"2021":328},"Indeterminado":{"1.CIFRA SIN  AÑO DE REFERENCIA":0,"1976":0,"1979":0,"1985":0,"1987":0,"1992":0,"1995":0,"2000":0,"2001":0,"2002":0,"2003":0,"2004":0,"2005":0,"2006":0,"2007":0,"2008":0,"2009":0,"2010":0,"2011":0,"2012":0,"2013":0,"2014":0,"2015":0,"2016":0,"2017":0,"2018":0,"2019":0,"2020":0,"2021":1},"Mujer":{"1.CIFRA SIN  AÑO DE REFERENCIA":1350,"1976":0,"1979":0,"1985":1,"1987":0,"1992":0,"1995":0,"2000":0,"2001":2,"2002":1,"2003":4,"2004":0,"2005":2,"2006":1,"2007":1,"2008":1,"2009":8,"2010":8,"2011":14,"2012":33,"2013":170,"2014":315,"2015":53,"2016":177,"2017":86,"2018":868,"2019":776,"2020":681,"2021":419}},"mensual_ultimo_anio":{"Hombre":{"2020-AGOSTO":81,"2020-DICIEMBRE":103,"2020-NOVIEMBRE":58,"2020-OCTUBRE":52,"2020-SEPTIEMBRE":58,"2021-ABRIL":31,"2021-ENERO":94,"2021-FEBRERO":55,"2021-JULIO":7,"2021-JUNIO":25,"2021-MARZO":70,"2021-MAYO":46},"Indeterminado":{"2020-AGOSTO":0,"2020-DICIEMBRE":0,"2020-NOVIEMBRE":0,"2020-OCTUBRE":0,"2020-SEPTIEMBRE":0,"2021-ABRIL":0,"2021-ENERO":1,"2021-FEBRERO":0,"2021-JULIO":0,"2021-JUNIO":0,"2021-MARZO":0,"2021-MAYO":0},"Mujer":{"2020-AGOSTO":63,"2020-DICIEMBRE":92,"2020-NOVIEMBRE":46,"2020-OCTUBRE":60,"2020-SEPTIEMBRE":40,"2021-ABRIL":61,"2021-ENERO":99,"2021-FEBRERO":71,"2021-JULIO":17,"2021-JUNIO":27,"2021-MARZO":86,"2021-MAYO":58}},"por_edad":{"Hombres":{"0":9,"1":40,"10":39,"104":1,"11":42,"12":56,"13":93,"14":153,"15":158,"16":180,"17":152,"18":118,"19":130,"2":27,"20":116,"21":104,"22":120,"23":135,"24":131,"25":119,"26":121,"27":150,"28":137,"29":116,"3":47,"30":117,"31":105,"32":86,"33":108,"34":102,"35":87,"36":84,"37":98,"38":102,"39":80,"4":31,"40":90,"41":74,"42":81,"43":73,"44":68,"45":68,"46":53,"47":43,"48":45,"49":46,"5":17,"50":52,"51":35,"52":36,"53":32,"54":43,"55":44,"56":23,"57":30,"58":24,"59":21,"6":26,"60":27,"61":21,"62":22,"63":17,"64":23,"65":22,"66":14,"67":22,"68":17,"69":11,"7":18,"70":17,"71":15,"72":13,"73":17,"74":17,"75":16,"76":17,"77":14,"78":20,"79":19,"8":27,"80":10,"81":6,"82":9,"83":7,"84":7,"85":7,"86":4,"87":6,"88":3,"89":5,"9":29,"90":6,"91":6,"92":1,"93":2,"94":2,"95":0,"96":1,"97":3,"SIN EDAD DE REFERENCIA":185},"Indeterminado":{"0":0,"1":0,"10":0,"104":0,"11":0,"12":0,"13":0,"14":0,"15":0,"16":0,"17":0,"18":0,"19":0,"2":0,"20":0,"21":0,"22":0,"23":0,"24":0,"25":0,"26":0,"27":0,"28":0,"29":0,"3":0,"30":0,"31":1,"32":0,"33":0,"34":0,"35":0,"36":0,"37":0,"38":0,"39":0,"4":0,"40":0,"41":0,"42":0,"43":0,"44":0,"45":0,"46":0,"47":0,"48":0,"49":0,"5":0,"50":0,"51":0,"52":0,"53":0,"54":0,"55":0,"56":0,"57":0,"58":0,"59":0,"6":0,"60":0,"61":0,"62":0,"63":0,"64":0,"65":0,"66":0,"67":0,"68":0,"69":0,"7":0,"70":0,"71":0,"72":0,"73":0,"74":0,"75":0,"76":0,"77":0,"78":0,"79":0,"8":0,"80":0,"81":0,"82":0,"83":0,"84":0,"85":0,"86":0,"87":0,"88":0,"89":0,"9":0,"90":0,"91":0,"92":0,"93":0,"94":0,"95":0,"96":0,"97":0,"SIN EDAD DE REFERENCIA":0},"Mujeres":{"0":13,"1":40,"10":37,"104":0,"11":45,"12":146,"13":310,"14":490,"15":580,"16":507,"17":422,"18":193,"19":139,"2":39,"20":109,"21":104,"22":108,"23":82,"24":113,"25":75,"26":77,"27":62,"28":61,"29":68,"3":35,"30":56,"31":43,"32":47,"33":44,"34":36,"35":35,"36":45,"37":40,"38":27,"39":42,"4":33,"40":26,"41":19,"42":23,"43":24,"44":23,"45":14,"46":22,"47":16,"48":14,"49":17,"5":25,"50":12,"51":10,"52":13,"53":7,"54":16,"55":9,"56":8,"57":5,"58":9,"59":5,"6":29,"60":6,"61":5,"62":9,"63":3,"64":4,"65":2,"66":5,"67":9,"68":2,"69":2,"7":26,"70":4,"71":4,"72":2,"73":6,"74":2,"75":3,"76":6,"77":3,"78":4,"79":3,"8":24,"80":6,"81":0,"82":2,"83":4,"84":6,"85":4,"86":0,"87":1,"88":2,"89":2,"9":23,"90":2,"91":1,"92":1,"93":1,"94":0,"95":1,"96":0,"97":0,"SIN EDAD DE REFERENCIA":132}},"por_nacionalidad":{"Hombres":{"ARGENTINA":1,"BELICENA":0,"BRASILENA":1,"COLOMBIANA":2,"ESTADOUNIDENSE":9,"FRANCESA":1,"GUATEMALTECA":1,"HONDUREÑA":10,"MALAYO":0,"MARROQUI":1,"MEXICANA":5152,"MOLDAVINA":0,"NICARAGUENSE":1,"PERUANA":1,"POLACA":0,"RUSA":0,"SALVADORENA":2,"SE DESCONOCE":41},"Indeterminado":{"ARGENTINA":0,"BELICENA":0,"BRASILENA":0,"COLOMBIANA":0,"ESTADOUNIDENSE":0,"FRANCESA":0,"GUATEMALTECA":0,"HONDUREÑA":0,"MALAYO":0,"MARROQUI":0,"MEXICANA":1,"MOLDAVINA":0,"NICARAGUENSE":0,"PERUANA":0,"POLACA":0,"RUSA":0,"SALVADORENA":0,"SE DESCONOCE":0},"Mujeres":{"ARGENTINA":2,"BELICENA":1,"BRASILENA":0,"COLOMBIANA":2,"ESTADOUNIDENSE":22,"FRANCESA":0,"GUATEMALTECA":0,"HONDUREÑA":3,"MALAYO":1,"MARROQUI":0,"MEXICANA":4898,"MOLDAVINA":1,"NICARAGUENSE":0,"PERUANA":0,"POLACA":1,"RUSA":4,"SALVADORENA":2,"SE DESCONOCE":34}}}