{"totales":{"PorcentajeDesaparecidos":"39.56","PorcentajeLocalizados":"60.44","PorcentajeLocalizadosCV":"93.86","PorcentajeLocalizadosSV":"6.14","PorcentajeSoloDesaparecidos":"82.74","PorcentajeSoloNoLocalizados":"17.26","TotalDesaparecidos":"5961","TotalGlobal":"15070","TotalLocalizados":"9109","TotalLocalizadosCV":"8550","TotalLocalizadosSV":"559","TotalSoloDesaparecidos":"4932","TotalSoloNoLocalizados":"1029"},"espacial":{"Hombre":{"AGUASCALIENTES":620,"BAJA CALIFORNIA":55,"BAJA CALIFORNIA SUR":81,"CAMPECHE":1,"CHIAPAS":42,"CHIHUAHUA":829,"CIUDAD DE MEXICO":332,"COAHUILA":234,"COLIMA":224,"DURANGO":167,"ESTADO DE MEXICO":1026,"GUANAJUATO":46,"GUERRERO":196,"HIDALGO":259,"JALISCO":294,"MICHOACAN ":933,"MORELOS":167,"NAYARIT":56,"NUEVO LEON":487,"OAXACA":31,"PUEBLA":316,"QUERETARO ":49,"QUINTANA ROO":192,"SAN LUIS POTOSI":68,"SE DESCONOCE":1,"SINALOA":775,"SONORA":38,"TABASCO":9,"TAMAULIPAS":66,"TLAXCALA":12,"VERACRUZ ":637,"YUCATAN":99,"ZACATECAS":158},"Indeterminado":{"AGUASCALIENTES":0,"BAJA CALIFORNIA":0,"BAJA CALIFORNIA SUR":0,"CAMPECHE":0,"CHIAPAS":0,"CHIHUAHUA":0,"CIUDAD DE MEXICO":1,"COAHUILA":0,"COLIMA":0,"DURANGO":0,"ESTADO DE MEXICO":0,"GUANAJUATO":0,"GUERRERO":0,"HIDALGO":0,"JALISCO":0,"MICHOACAN ":0,"MORELOS":0,"NAYARIT":0,"NUEVO LEON":0,"OAXACA":0,"PUEBLA":1,"QUERETARO ":0,"QUINTANA ROO":0,"SAN LUIS POTOSI":0,"SE DESCONOCE":0,"SINALOA":0,"SONORA":0,"TABASCO":0,"TAMAULIPAS":0,"TLAXCALA":0,"VERACRUZ ":0,"YUCATAN":0,"ZACATECAS":0},"Mujer":{"AGUASCALIENTES":676,"BAJA CALIFORNIA":25,"BAJA CALIFORNIA SUR":42,"CAMPECHE":3,"CHIAPAS":75,"CHIHUAHUA":1211,"CIUDAD DE MEXICO":258,"COAHUILA":81,"COLIMA":151,"DURANGO":178,"ESTADO DE MEXICO":951,"GUANAJUATO":24,"GUERRERO":105,"HIDALGO":452,"JALISCO":127,"MICHOACAN ":271,"MORELOS":140,"NAYARIT":52,"NUEVO LEON":415,"OAXACA":21,"PUEBLA":331,"QUERETARO ":24,"QUINTANA ROO":168,"SAN LUIS POTOSI":82,"SE DESCONOCE":1,"SINALOA":137,"SONORA":9,"TABASCO":6,"TAMAULIPAS":19,"TLAXCALA":7,"VERACRUZ ":307,"YUCATAN":151,"ZACATECAS":68}},"anual":{"Hombre":{"1.CIFRA SIN  AÑO DE REFERENCIA":475,"1970":1,"1973":1,"1978":0,"1980":1,"1981":0,"1985":1,"1986":1,"1989":3,"1990":0,"1992":1,"1993":1,"1994":1,"1995":1,"1996":2,"1997":3,"1998":2,"1999":2,"2000":3,"2001":6,"2002":10,"2003":8,"2004":6,"2005":8,"2006":11,"2007":14,"2008":45,"2009":43,"2010":90,"2011":83,"2012":93,"2013":122,"2014":250,"2015":174,"2016":255,"2017":491,"2018":949,"2019":1518,"2020":2532,"2021":1293},"Indeterminado":{"1.CIFRA SIN  AÑO DE REFERENCIA":0,"1970":0,"1973":0,"1978":0,"1980":0,"1981":0,"1985":0,"1986":0,"1989":0,"1990":0,"1992":0,"1993":0,"1994":0,"1995":0,"1996":0,"1997":0,"1998":0,"1999":0,"2000":0,"2001":0,"2002":0,"2003":0,"2004":0,"2005":0,"2006":0,"2007":0,"2008":0,"2009":0,"2010":0,"2011":0,"2012":0,"2013":0,"2014":0,"2015":0,"2016":0,"2017":0,"2018":0,"2019":0,"2020":1,"2021":1},"Mujer":{"1.CIFRA SIN  AÑO DE REFERENCIA":370,"1970":0,"1973":0,"1978":1,"1980":1,"1981":1,"1985":0,"1986":0,"1989":1,"1990":1,"1992":1,"1993":0,"1994":0,"1995":0,"1996":2,"1997":0,"1998":1,"1999":1,"2000":1,"2001":1,"2002":10,"2003":5,"2004":4,"2005":7,"2006":4,"2007":7,"2008":7,"2009":10,"2010":14,"2011":21,"2012":25,"2013":34,"2014":390,"2015":62,"2016":174,"2017":601,"2018":832,"2019":1204,"2020":1830,"2021":945}},"mensual_ultimo_anio":{"Hombre":{"2020-AGOSTO":212,"2020-DICIEMBRE":229,"2020-NOVIEMBRE":209,"2020-OCTUBRE":214,"2020-SEPTIEMBRE":211,"2021-ABRIL":175,"2021-ENERO":271,"2021-FEBRERO":184,"2021-JULIO":169,"2021-JUNIO":153,"2021-MARZO":187,"2021-MAYO":154},"Indeterminado":{"2020-AGOSTO":1,"2020-DICIEMBRE":0,"2020-NOVIEMBRE":0,"2020-OCTUBRE":0,"2020-SEPTIEMBRE":0,"2021-ABRIL":0,"2021-ENERO":0,"2021-FEBRERO":0,"2021-JULIO":0,"2021-JUNIO":0,"2021-MARZO":0,"2021-MAYO":1},"Mujer":{"2020-AGOSTO":129,"2020-DICIEMBRE":177,"2020-NOVIEMBRE":144,"2020-OCTUBRE":138,"2020-SEPTIEMBRE":138,"2021-ABRIL":131,"2021-ENERO":191,"2021-FEBRERO":150,"2021-JULIO":136,"2021-JUNIO":114,"2021-MARZO":152,"2021-MAYO":71}},"por_edad":{"Hombres":{"0":4,"1":30,"10":29,"104":2,"11":48,"12":83,"13":122,"14":148,"15":218,"16":264,"17":232,"18":209,"19":197,"2":43,"20":214,"21":230,"22":238,"23":252,"24":231,"25":248,"26":209,"27":202,"28":210,"29":203,"3":39,"30":236,"31":203,"32":232,"33":165,"34":184,"35":164,"36":155,"37":166,"38":166,"39":142,"4":36,"40":132,"41":122,"42":130,"43":128,"44":105,"45":123,"46":102,"47":105,"48":77,"49":92,"5":30,"50":79,"51":63,"52":63,"53":58,"54":50,"55":68,"56":41,"57":39,"58":42,"59":37,"6":23,"60":38,"61":44,"62":29,"63":33,"64":28,"65":38,"66":22,"67":31,"68":34,"69":20,"7":19,"70":35,"71":13,"72":29,"73":22,"74":16,"75":25,"76":18,"77":23,"78":21,"79":15,"8":26,"80":13,"81":23,"82":16,"83":17,"84":9,"85":13,"86":5,"87":10,"88":4,"89":8,"9":23,"90":1,"91":5,"92":0,"93":3,"95":1,"96":1,"99":1,"SIN EDAD DE REFERENCIA":305},"Indeterminado":{"0":0,"1":0,"10":0,"104":0,"11":0,"12":0,"13":0,"14":0,"15":0,"16":0,"17":0,"18":0,"19":0,"2":0,"20":0,"21":0,"22":0,"23":0,"24":0,"25":1,"26":0,"27":0,"28":0,"29":0,"3":0,"30":0,"31":0,"32":0,"33":0,"34":0,"35":0,"36":0,"37":0,"38":0,"39":0,"4":0,"40":0,"41":0,"42":0,"43":0,"44":0,"45":0,"46":0,"47":0,"48":0,"49":0,"5":0,"50":0,"51":0,"52":0,"53":0,"54":0,"55":0,"56":1,"57":0,"58":0,"59":0,"6":0,"60":0,"61":0,"62":0,"63":0,"64":0,"65":0,"66":0,"67":0,"68":0,"69":0,"7":0,"70":0,"71":0,"72":0,"73":0,"74":0,"75":0,"76":0,"77":0,"78":0,"79":0,"8":0,"80":0,"81":0,"82":0,"83":0,"84":0,"85":0,"86":0,"87":0,"88":0,"89":0,"9":0,"90":0,"91":0,"92":0,"93":0,"95":0,"96":0,"99":0,"SIN EDAD DE REFERENCIA":0},"Mujeres":{"0":7,"1":42,"10":30,"104":0,"11":58,"12":161,"13":410,"14":679,"15":829,"16":757,"17":502,"18":247,"19":203,"2":45,"20":145,"21":146,"22":151,"23":121,"24":123,"25":109,"26":123,"27":85,"28":98,"29":76,"3":28,"30":75,"31":66,"32":64,"33":57,"34":61,"35":46,"36":35,"37":53,"38":45,"39":46,"4":28,"40":37,"41":32,"42":25,"43":32,"44":38,"45":29,"46":25,"47":29,"48":22,"49":15,"5":24,"50":17,"51":19,"52":11,"53":12,"54":8,"55":14,"56":9,"57":11,"58":13,"59":8,"6":18,"60":18,"61":2,"62":12,"63":4,"64":12,"65":7,"66":3,"67":8,"68":5,"69":4,"7":35,"70":6,"71":4,"72":3,"73":9,"74":11,"75":4,"76":8,"77":5,"78":1,"79":5,"8":22,"80":3,"81":4,"82":5,"83":2,"84":1,"85":2,"86":1,"87":2,"88":0,"89":3,"9":17,"90":0,"91":0,"92":1,"93":0,"95":0,"96":1,"99":1,"SIN EDAD DE REFERENCIA":138}},"por_nacionalidad":{"Hombres":{"ARGENTINA":1,"BELICENA":0,"BRASILENA":1,"BULGARA":1,"COLOMBIANA":4,"COSTARRICENSE":1,"CUBANA":8,"DOMINICANA":1,"ESPANOLA":1,"ESTADOS INDEPENDIENTES":1,"ESTADOUNIDENSE":29,"GUATEMALTECA":2,"HONDUREÑA":5,"ITALIANA":0,"JAPONESA":1,"MARROQUI":0,"MEXICANA":8157,"MOLDAVINA":0,"MONEGASCA":0,"NICARAGUENSE":1,"PERUANA":1,"RUSA":2,"SALVADORENA":7,"SE DESCONOCE":274,"SLOVAKO":1,"UKRANIANA":0,"VENEZOLANA":1},"Indeterminado":{"ARGENTINA":0,"BELICENA":0,"BRASILENA":0,"BULGARA":0,"COLOMBIANA":0,"COSTARRICENSE":0,"CUBANA":0,"DOMINICANA":0,"ESPANOLA":0,"ESTADOS INDEPENDIENTES":0,"ESTADOUNIDENSE":0,"GUATEMALTECA":0,"HONDUREÑA":0,"ITALIANA":0,"JAPONESA":0,"MARROQUI":0,"MEXICANA":2,"MOLDAVINA":0,"MONEGASCA":0,"NICARAGUENSE":0,"PERUANA":0,"RUSA":0,"SALVADORENA":0,"SE DESCONOCE":0,"SLOVAKO":0,"UKRANIANA":0,"VENEZOLANA":0},"Mujeres":{"ARGENTINA":1,"BELICENA":1,"BRASILENA":0,"BULGARA":8,"COLOMBIANA":2,"COSTARRICENSE":1,"CUBANA":3,"DOMINICANA":0,"ESPANOLA":0,"ESTADOS INDEPENDIENTES":0,"ESTADOUNIDENSE":42,"GUATEMALTECA":2,"HONDUREÑA":4,"ITALIANA":1,"JAPONESA":0,"MARROQUI":1,"MEXICANA":6251,"MOLDAVINA":1,"MONEGASCA":1,"NICARAGUENSE":1,"PERUANA":1,"RUSA":1,"SALVADORENA":4,"SE DESCONOCE":237,"SLOVAKO":0,"UKRANIANA":1,"VENEZOLANA":4}}}