{"totales":{"PorcentajeDesaparecidos":"82.73","PorcentajeLocalizados":"17.27","PorcentajeLocalizadosCV":"87.50","PorcentajeLocalizadosSV":"12.50","PorcentajeSoloDesaparecidos":"92.17","PorcentajeSoloNoLocalizados":"7.83","TotalDesaparecidos":"115","TotalGlobal":"139","TotalLocalizados":"24","TotalLocalizadosCV":"21","TotalLocalizadosSV":"03","TotalSoloDesaparecidos":"106","TotalSoloNoLocalizados":"09"},"espacial":{"Hombre":{"BAJA CALIFORNIA":0,"BAJA CALIFORNIA SUR":7,"CHIHUAHUA":0,"CIUDAD DE MEXICO":6,"COAHUILA":1,"COLIMA":0,"DURANGO":4,"ESTADO DE MEXICO":16,"GUANAJUATO":1,"GUERRERO":2,"JALISCO":5,"MICHOACAN ":4,"MORELOS":2,"NAYARIT":1,"NUEVO LEON":15,"OAXACA":1,"PUEBLA":7,"SAN LUIS POTOSI":1,"TABASCO":1,"TAMAULIPAS":10,"VERACRUZ ":17,"YUCATAN":1,"ZACATECAS":2},"Indeterminado":{"BAJA CALIFORNIA":0,"BAJA CALIFORNIA SUR":0,"CHIHUAHUA":0,"CIUDAD DE MEXICO":0,"COAHUILA":0,"COLIMA":0,"DURANGO":0,"ESTADO DE MEXICO":0,"GUANAJUATO":0,"GUERRERO":0,"JALISCO":0,"MICHOACAN ":0,"MORELOS":0,"NAYARIT":0,"NUEVO LEON":0,"OAXACA":0,"PUEBLA":0,"SAN LUIS POTOSI":0,"TABASCO":0,"TAMAULIPAS":0,"VERACRUZ ":0,"YUCATAN":0,"ZACATECAS":0},"Mujer":{"BAJA CALIFORNIA":2,"BAJA CALIFORNIA SUR":1,"CHIHUAHUA":1,"CIUDAD DE MEXICO":4,"COAHUILA":1,"COLIMA":1,"DURANGO":2,"ESTADO DE MEXICO":5,"GUANAJUATO":1,"GUERRERO":0,"JALISCO":1,"MICHOACAN ":1,"MORELOS":0,"NAYARIT":0,"NUEVO LEON":3,"OAXACA":1,"PUEBLA":1,"SAN LUIS POTOSI":2,"TABASCO":0,"TAMAULIPAS":3,"VERACRUZ ":4,"YUCATAN":0,"ZACATECAS":1}},"anual":{"Hombre":{"1.CIFRA SIN  AÑO DE REFERENCIA":13,"2008":1,"2010":5,"2011":10,"2012":5,"2013":5,"2014":2,"2015":3,"2016":3,"2017":4,"2018":7,"2019":10,"2020":30,"2021":6},"Indeterminado":{"1.CIFRA SIN  AÑO DE REFERENCIA":0,"2008":0,"2010":0,"2011":0,"2012":0,"2013":0,"2014":0,"2015":0,"2016":0,"2017":0,"2018":0,"2019":0,"2020":0,"2021":0},"Mujer":{"1.CIFRA SIN  AÑO DE REFERENCIA":4,"2008":0,"2010":4,"2011":0,"2012":0,"2013":1,"2014":2,"2015":0,"2016":1,"2017":2,"2018":0,"2019":3,"2020":10,"2021":8}},"mensual_ultimo_anio":{"Hombre":{"2020-AGOSTO":7,"2020-DICIEMBRE":2,"2020-JULIO":2,"2020-NOVIEMBRE":4,"2020-OCTUBRE":3,"2020-SEPTIEMBRE":2,"2021-ENERO":1,"2021-FEBRERO":2,"2021-JULIO":1,"2021-JUNIO":1,"2021-MARZO":1,"2021-MAYO":0},"Indeterminado":{"2020-AGOSTO":0,"2020-DICIEMBRE":0,"2020-JULIO":0,"2020-NOVIEMBRE":0,"2020-OCTUBRE":0,"2020-SEPTIEMBRE":0,"2021-ENERO":0,"2021-FEBRERO":0,"2021-JULIO":0,"2021-JUNIO":0,"2021-MARZO":0,"2021-MAYO":0},"Mujer":{"2020-AGOSTO":2,"2020-DICIEMBRE":0,"2020-JULIO":1,"2020-NOVIEMBRE":1,"2020-OCTUBRE":1,"2020-SEPTIEMBRE":1,"2021-ENERO":0,"2021-FEBRERO":0,"2021-JULIO":1,"2021-JUNIO":3,"2021-MARZO":1,"2021-MAYO":3}},"por_edad":{"Hombres":{"1":2,"10":1,"13":0,"14":1,"16":0,"17":1,"18":2,"19":0,"2":2,"20":0,"21":1,"22":3,"24":3,"25":2,"26":1,"27":1,"28":2,"29":3,"3":1,"30":5,"31":2,"32":2,"33":3,"34":5,"35":7,"36":3,"37":3,"38":2,"39":0,"4":1,"40":2,"41":4,"42":1,"43":2,"44":2,"45":2,"48":1,"49":2,"5":1,"50":2,"51":1,"52":2,"53":3,"55":2,"56":2,"58":1,"59":1,"6":1,"60":1,"61":2,"68":1,"7":0,"70":0,"76":0,"77":1,"78":0,"SIN EDAD DE REFERENCIA":8},"Indeterminado":{"1":0,"10":0,"13":0,"14":0,"16":0,"17":0,"18":0,"19":0,"2":0,"20":0,"21":0,"22":0,"24":0,"25":0,"26":0,"27":0,"28":0,"29":0,"3":0,"30":0,"31":0,"32":0,"33":0,"34":0,"35":0,"36":0,"37":0,"38":0,"39":0,"4":0,"40":0,"41":0,"42":0,"43":0,"44":0,"45":0,"48":0,"49":0,"5":0,"50":0,"51":0,"52":0,"53":0,"55":0,"56":0,"58":0,"59":0,"6":0,"60":0,"61":0,"68":0,"7":0,"70":0,"76":0,"77":0,"78":0,"SIN EDAD DE REFERENCIA":0},"Mujeres":{"1":0,"10":0,"13":3,"14":0,"16":5,"17":0,"18":0,"19":1,"2":2,"20":1,"21":0,"22":0,"24":1,"25":0,"26":2,"27":0,"28":0,"29":0,"3":0,"30":0,"31":0,"32":0,"33":1,"34":0,"35":0,"36":3,"37":0,"38":0,"39":2,"4":1,"40":0,"41":1,"42":0,"43":0,"44":2,"45":0,"48":0,"49":0,"5":0,"50":0,"51":0,"52":1,"53":1,"55":1,"56":0,"58":0,"59":0,"6":0,"60":0,"61":0,"68":0,"7":1,"70":1,"76":1,"77":0,"78":1,"SIN EDAD DE REFERENCIA":3}},"por_nacionalidad":{"Hombres":{"COLOMBIANA":7,"ESTADOUNIDENSE":1,"HONDUREÑA":0,"MEXICANA":91,"SALVADORENA":0,"SE DESCONOCE":4,"SUIZA":1},"Indeterminado":{"COLOMBIANA":0,"ESTADOUNIDENSE":0,"HONDUREÑA":0,"MEXICANA":0,"SALVADORENA":0,"SE DESCONOCE":0,"SUIZA":0},"Mujeres":{"COLOMBIANA":2,"ESTADOUNIDENSE":0,"HONDUREÑA":1,"MEXICANA":30,"SALVADORENA":1,"SE DESCONOCE":1,"SUIZA":0}}}