{"totales":{"PorcentajeDesaparecidos":"85.19","PorcentajeLocalizados":"14.81","PorcentajeLocalizadosCV":"87.50","PorcentajeLocalizadosSV":"12.50","PorcentajeSoloDesaparecidos":"89.86","PorcentajeSoloNoLocalizados":"10.14","TotalDesaparecidos":"276","TotalGlobal":"324","TotalLocalizados":"48","TotalLocalizadosCV":"42","TotalLocalizadosSV":"06","TotalSoloDesaparecidos":"248","TotalSoloNoLocalizados":"28"},"espacial":{"Hombre":{"AGUASCALIENTES":4,"BAJA CALIFORNIA":13,"BAJA CALIFORNIA SUR":5,"CAMPECHE":1,"CHIAPAS":6,"CHIHUAHUA":37,"CIUDAD DE MEXICO":5,"COAHUILA":44,"DURANGO":1,"ESTADO DE MEXICO":2,"GUANAJUATO":2,"GUERRERO":0,"HIDALGO":2,"JALISCO":1,"MICHOACAN ":6,"MORELOS":3,"NAYARIT":0,"NUEVO LEON":10,"OAXACA":2,"PUEBLA":2,"QUERETARO ":15,"QUINTANA ROO":1,"SAN LUIS POTOSI":23,"SE DESCONOCE":13,"SINALOA":2,"SONORA":24,"TABASCO":2,"TAMAULIPAS":36,"VERACRUZ ":9},"Indeterminado":{"AGUASCALIENTES":0,"BAJA CALIFORNIA":0,"BAJA CALIFORNIA SUR":0,"CAMPECHE":0,"CHIAPAS":0,"CHIHUAHUA":0,"CIUDAD DE MEXICO":0,"COAHUILA":0,"DURANGO":0,"ESTADO DE MEXICO":0,"GUANAJUATO":0,"GUERRERO":0,"HIDALGO":0,"JALISCO":0,"MICHOACAN ":0,"MORELOS":0,"NAYARIT":0,"NUEVO LEON":0,"OAXACA":0,"PUEBLA":0,"QUERETARO ":0,"QUINTANA ROO":0,"SAN LUIS POTOSI":0,"SE DESCONOCE":0,"SINALOA":0,"SONORA":0,"TABASCO":0,"TAMAULIPAS":1,"VERACRUZ ":0},"Mujer":{"AGUASCALIENTES":2,"BAJA CALIFORNIA":2,"BAJA CALIFORNIA SUR":4,"CAMPECHE":0,"CHIAPAS":3,"CHIHUAHUA":10,"CIUDAD DE MEXICO":2,"COAHUILA":3,"DURANGO":0,"ESTADO DE MEXICO":0,"GUANAJUATO":0,"GUERRERO":1,"HIDALGO":0,"JALISCO":0,"MICHOACAN ":1,"MORELOS":2,"NAYARIT":1,"NUEVO LEON":5,"OAXACA":1,"PUEBLA":2,"QUERETARO ":0,"QUINTANA ROO":0,"SAN LUIS POTOSI":0,"SE DESCONOCE":1,"SINALOA":0,"SONORA":5,"TABASCO":0,"TAMAULIPAS":6,"VERACRUZ ":1}},"anual":{"Hombre":{"1.CIFRA SIN  AÑO DE REFERENCIA":36,"1988":1,"1993":1,"1994":1,"1996":3,"1998":2,"1999":1,"2000":1,"2001":4,"2003":2,"2004":1,"2005":1,"2006":4,"2007":0,"2008":2,"2009":2,"2010":30,"2011":12,"2012":7,"2013":7,"2014":6,"2015":9,"2016":12,"2017":21,"2018":18,"2019":18,"2020":34,"2021":35},"Indeterminado":{"1.CIFRA SIN  AÑO DE REFERENCIA":1,"1988":0,"1993":0,"1994":0,"1996":0,"1998":0,"1999":0,"2000":0,"2001":0,"2003":0,"2004":0,"2005":0,"2006":0,"2007":0,"2008":0,"2009":0,"2010":0,"2011":0,"2012":0,"2013":0,"2014":0,"2015":0,"2016":0,"2017":0,"2018":0,"2019":0,"2020":0,"2021":0},"Mujer":{"1.CIFRA SIN  AÑO DE REFERENCIA":4,"1988":1,"1993":0,"1994":0,"1996":0,"1998":0,"1999":0,"2000":0,"2001":1,"2003":1,"2004":1,"2005":0,"2006":1,"2007":1,"2008":1,"2009":1,"2010":2,"2011":0,"2012":1,"2013":0,"2014":3,"2015":2,"2016":1,"2017":5,"2018":4,"2019":5,"2020":6,"2021":11}},"mensual_ultimo_anio":{"Hombre":{"2020-AGOSTO":5,"2020-DICIEMBRE":3,"2020-NOVIEMBRE":3,"2020-OCTUBRE":5,"2020-SEPTIEMBRE":3,"2021-ABRIL":2,"2021-ENERO":1,"2021-FEBRERO":7,"2021-JULIO":3,"2021-JUNIO":7,"2021-MARZO":3,"2021-MAYO":12},"Indeterminado":{"2020-AGOSTO":0,"2020-DICIEMBRE":0,"2020-NOVIEMBRE":0,"2020-OCTUBRE":0,"2020-SEPTIEMBRE":0,"2021-ABRIL":0,"2021-ENERO":0,"2021-FEBRERO":0,"2021-JULIO":0,"2021-JUNIO":0,"2021-MARZO":0,"2021-MAYO":0},"Mujer":{"2020-AGOSTO":0,"2020-DICIEMBRE":0,"2020-NOVIEMBRE":0,"2020-OCTUBRE":2,"2020-SEPTIEMBRE":0,"2021-ABRIL":1,"2021-ENERO":2,"2021-FEBRERO":2,"2021-JULIO":1,"2021-JUNIO":4,"2021-MARZO":0,"2021-MAYO":1}},"por_edad":{"Hombres":{"1":0,"10":1,"12":1,"13":1,"14":0,"15":0,"16":7,"17":2,"18":3,"19":6,"20":11,"21":5,"22":11,"23":9,"24":10,"25":8,"26":8,"27":8,"28":12,"29":6,"3":1,"30":10,"31":5,"32":10,"33":10,"34":10,"35":1,"36":4,"37":9,"38":6,"39":8,"4":1,"40":6,"41":6,"42":3,"43":3,"44":4,"45":2,"46":6,"47":2,"48":6,"49":3,"50":5,"51":2,"53":2,"54":2,"55":2,"59":1,"60":3,"61":1,"63":1,"64":2,"7":2,"70":1,"73":0,"74":1,"75":1,"82":1,"85":1,"9":1,"SIN EDAD DE REFERENCIA":17},"Indeterminado":{"1":0,"10":0,"12":0,"13":0,"14":0,"15":0,"16":0,"17":0,"18":0,"19":0,"20":0,"21":0,"22":0,"23":0,"24":0,"25":0,"26":0,"27":0,"28":0,"29":0,"3":0,"30":0,"31":0,"32":0,"33":0,"34":0,"35":0,"36":1,"37":0,"38":0,"39":0,"4":0,"40":0,"41":0,"42":0,"43":0,"44":0,"45":0,"46":0,"47":0,"48":0,"49":0,"50":0,"51":0,"53":0,"54":0,"55":0,"59":0,"60":0,"61":0,"63":0,"64":0,"7":0,"70":0,"73":0,"74":0,"75":0,"82":0,"85":0,"9":0,"SIN EDAD DE REFERENCIA":0},"Mujeres":{"1":1,"10":1,"12":0,"13":0,"14":1,"15":1,"16":1,"17":1,"18":3,"19":0,"20":1,"21":0,"22":2,"23":3,"24":1,"25":2,"26":0,"27":1,"28":2,"29":1,"3":0,"30":0,"31":2,"32":3,"33":1,"34":1,"35":1,"36":1,"37":1,"38":1,"39":2,"4":0,"40":1,"41":0,"42":0,"43":0,"44":1,"45":1,"46":0,"47":0,"48":1,"49":1,"50":1,"51":2,"53":0,"54":0,"55":1,"59":0,"60":1,"61":0,"63":0,"64":0,"7":0,"70":0,"73":1,"74":0,"75":1,"82":0,"85":0,"9":1,"SIN EDAD DE REFERENCIA":4}},"por_nacionalidad":{"Hombres":{"BRASILENA":2,"COLOMBIANA":3,"ECUATORIANA":2,"ESTADOUNIDENSE":5,"GUATEMALTECA":26,"HINDU":1,"HONDUREÑA":33,"MEXICANA":171,"NICARAGUENSE":4,"PERUANA":2,"SALVADORENA":18,"SE DESCONOCE":4,"VENEZOLANA":0},"Indeterminado":{"BRASILENA":0,"COLOMBIANA":0,"ECUATORIANA":0,"ESTADOUNIDENSE":0,"GUATEMALTECA":0,"HINDU":0,"HONDUREÑA":0,"MEXICANA":1,"NICARAGUENSE":0,"PERUANA":0,"SALVADORENA":0,"SE DESCONOCE":0,"VENEZOLANA":0},"Mujeres":{"BRASILENA":0,"COLOMBIANA":1,"ECUATORIANA":0,"ESTADOUNIDENSE":2,"GUATEMALTECA":5,"HINDU":0,"HONDUREÑA":4,"MEXICANA":31,"NICARAGUENSE":0,"PERUANA":0,"SALVADORENA":8,"SE DESCONOCE":0,"VENEZOLANA":1}}}