{"totales":{"PorcentajeDesaparecidos":"61.22","PorcentajeLocalizados":"38.78","PorcentajeLocalizadosCV":"86.63","PorcentajeLocalizadosSV":"13.37","PorcentajeSoloDesaparecidos":"88.77","PorcentajeSoloNoLocalizados":"11.23","TotalDesaparecidos":"543","TotalGlobal":"887","TotalLocalizados":"344","TotalLocalizadosCV":"298","TotalLocalizadosSV":"46","TotalSoloDesaparecidos":"482","TotalSoloNoLocalizados":"61"},"espacial":{"Hombre":{"AGUASCALIENTES":5,"BAJA CALIFORNIA":6,"BAJA CALIFORNIA SUR":9,"CHIAPAS":3,"CHIHUAHUA":41,"CIUDAD DE MEXICO":35,"COAHUILA":13,"COLIMA":13,"DURANGO":2,"ESTADO DE MEXICO":47,"GUANAJUATO":10,"GUERRERO":42,"HIDALGO":7,"JALISCO":74,"MICHOACAN ":62,"MORELOS":33,"NAYARIT":7,"NUEVO LEON":46,"OAXACA":11,"PUEBLA":66,"QUERETARO ":12,"QUINTANA ROO":11,"SAN LUIS POTOSI":1,"SINALOA":45,"SONORA":8,"TABASCO":0,"TAMAULIPAS":24,"VERACRUZ ":59,"YUCATAN":1,"ZACATECAS":12},"Indeterminado":{"AGUASCALIENTES":0,"BAJA CALIFORNIA":0,"BAJA CALIFORNIA SUR":0,"CHIAPAS":0,"CHIHUAHUA":0,"CIUDAD DE MEXICO":0,"COAHUILA":0,"COLIMA":0,"DURANGO":0,"ESTADO DE MEXICO":0,"GUANAJUATO":0,"GUERRERO":0,"HIDALGO":0,"JALISCO":0,"MICHOACAN ":0,"MORELOS":0,"NAYARIT":0,"NUEVO LEON":0,"OAXACA":0,"PUEBLA":0,"QUERETARO ":0,"QUINTANA ROO":0,"SAN LUIS POTOSI":0,"SINALOA":0,"SONORA":0,"TABASCO":0,"TAMAULIPAS":0,"VERACRUZ ":0,"YUCATAN":0,"ZACATECAS":0},"Mujer":{"AGUASCALIENTES":6,"BAJA CALIFORNIA":0,"BAJA CALIFORNIA SUR":1,"CHIAPAS":1,"CHIHUAHUA":17,"CIUDAD DE MEXICO":8,"COAHUILA":2,"COLIMA":2,"DURANGO":0,"ESTADO DE MEXICO":12,"GUANAJUATO":1,"GUERRERO":8,"HIDALGO":2,"JALISCO":17,"MICHOACAN ":7,"MORELOS":13,"NAYARIT":2,"NUEVO LEON":7,"OAXACA":0,"PUEBLA":44,"QUERETARO ":0,"QUINTANA ROO":2,"SAN LUIS POTOSI":1,"SINALOA":7,"SONORA":0,"TABASCO":1,"TAMAULIPAS":3,"VERACRUZ ":15,"YUCATAN":1,"ZACATECAS":2}},"anual":{"Hombre":{"1.CIFRA SIN  AÑO DE REFERENCIA":68,"1993":1,"2003":1,"2004":1,"2006":1,"2008":4,"2009":11,"2010":14,"2011":10,"2012":12,"2013":13,"2014":18,"2015":14,"2016":21,"2017":31,"2018":51,"2019":76,"2020":244,"2021":114},"Indeterminado":{"1.CIFRA SIN  AÑO DE REFERENCIA":0,"1993":0,"2003":0,"2004":0,"2006":0,"2008":0,"2009":0,"2010":0,"2011":0,"2012":0,"2013":0,"2014":0,"2015":0,"2016":0,"2017":0,"2018":0,"2019":0,"2020":0,"2021":0},"Mujer":{"1.CIFRA SIN  AÑO DE REFERENCIA":40,"1993":0,"2003":0,"2004":0,"2006":0,"2008":0,"2009":0,"2010":0,"2011":5,"2012":0,"2013":3,"2014":5,"2015":0,"2016":6,"2017":7,"2018":30,"2019":14,"2020":59,"2021":13}},"mensual_ultimo_anio":{"Hombre":{"2020-DICIEMBRE":16,"2020-NOVIEMBRE":28,"2020-OCTUBRE":16,"2020-SEPTIEMBRE":21,"2021-ABRIL":19,"2021-AGOSTO":1,"2021-ENERO":22,"2021-FEBRERO":18,"2021-JULIO":14,"2021-JUNIO":6,"2021-MARZO":16,"2021-MAYO":18},"Indeterminado":{"2020-DICIEMBRE":0,"2020-NOVIEMBRE":0,"2020-OCTUBRE":0,"2020-SEPTIEMBRE":0,"2021-ABRIL":0,"2021-AGOSTO":0,"2021-ENERO":0,"2021-FEBRERO":0,"2021-JULIO":0,"2021-JUNIO":0,"2021-MARZO":0,"2021-MAYO":0},"Mujer":{"2020-DICIEMBRE":2,"2020-NOVIEMBRE":3,"2020-OCTUBRE":12,"2020-SEPTIEMBRE":4,"2021-ABRIL":1,"2021-AGOSTO":0,"2021-ENERO":2,"2021-FEBRERO":4,"2021-JULIO":1,"2021-JUNIO":3,"2021-MARZO":2,"2021-MAYO":0}},"por_edad":{"Hombres":{"1":1,"11":2,"12":0,"13":0,"14":1,"15":4,"16":5,"17":9,"18":11,"19":15,"2":1,"20":15,"21":16,"22":13,"23":12,"24":22,"25":16,"26":23,"27":27,"28":24,"29":22,"3":1,"30":20,"31":15,"32":14,"33":19,"34":20,"35":27,"36":19,"37":20,"38":16,"39":19,"4":1,"40":16,"41":23,"42":12,"43":16,"44":13,"45":11,"46":11,"47":10,"48":13,"49":13,"50":12,"51":1,"52":9,"53":12,"54":6,"55":3,"56":8,"57":6,"58":6,"59":7,"60":7,"61":3,"62":2,"63":1,"64":3,"65":3,"66":1,"67":1,"68":4,"7":3,"70":3,"71":1,"72":2,"75":2,"78":1,"79":1,"80":1,"83":1,"SIN EDAD DE REFERENCIA":27},"Indeterminado":{"1":0,"11":0,"12":0,"13":0,"14":0,"15":0,"16":0,"17":0,"18":0,"19":0,"2":0,"20":0,"21":0,"22":0,"23":0,"24":0,"25":0,"26":0,"27":0,"28":0,"29":0,"3":0,"30":0,"31":0,"32":0,"33":0,"34":0,"35":0,"36":0,"37":0,"38":0,"39":0,"4":0,"40":0,"41":0,"42":0,"43":0,"44":0,"45":0,"46":0,"47":0,"48":0,"49":0,"50":0,"51":0,"52":0,"53":0,"54":0,"55":0,"56":0,"57":0,"58":0,"59":0,"60":0,"61":0,"62":0,"63":0,"64":0,"65":0,"66":0,"67":0,"68":0,"7":0,"70":0,"71":0,"72":0,"75":0,"78":0,"79":0,"80":0,"83":0,"SIN EDAD DE REFERENCIA":0},"Mujeres":{"1":0,"11":0,"12":2,"13":5,"14":10,"15":9,"16":13,"17":9,"18":8,"19":5,"2":3,"20":3,"21":5,"22":9,"23":5,"24":9,"25":8,"26":2,"27":4,"28":1,"29":7,"3":0,"30":6,"31":4,"32":4,"33":4,"34":1,"35":6,"36":1,"37":2,"38":5,"39":0,"4":0,"40":2,"41":3,"42":1,"43":1,"44":2,"45":5,"46":1,"47":2,"48":0,"49":0,"50":1,"51":1,"52":0,"53":3,"54":0,"55":2,"56":0,"57":0,"58":0,"59":1,"60":1,"61":0,"62":1,"63":0,"64":0,"65":0,"66":0,"67":0,"68":0,"7":0,"70":0,"71":0,"72":1,"75":0,"78":0,"79":0,"80":0,"83":0,"SIN EDAD DE REFERENCIA":4}},"por_nacionalidad":{"Hombres":{"ESTADOUNIDENSE":1,"HONDUREÑA":1,"MEXICANA":686,"SE DESCONOCE":17},"Indeterminado":{"ESTADOUNIDENSE":0,"HONDUREÑA":0,"MEXICANA":0,"SE DESCONOCE":0},"Mujeres":{"ESTADOUNIDENSE":2,"HONDUREÑA":0,"MEXICANA":172,"SE DESCONOCE":8}}}