{"totales":{"PorcentajeDesaparecidos":"69.32","PorcentajeLocalizados":"30.68","PorcentajeLocalizadosCV":"88.81","PorcentajeLocalizadosSV":"11.19","PorcentajeSoloDesaparecidos":"85.14","PorcentajeSoloNoLocalizados":"14.86","TotalDesaparecidos":"949","TotalGlobal":"1369","TotalLocalizados":"420","TotalLocalizadosCV":"373","TotalLocalizadosSV":"47","TotalSoloDesaparecidos":"808","TotalSoloNoLocalizados":"141"},"espacial":{"Hombre":{"AGUASCALIENTES":3,"BAJA CALIFORNIA":20,"BAJA CALIFORNIA SUR":5,"CHIAPAS":19,"CHIHUAHUA":197,"CIUDAD DE MEXICO":24,"COAHUILA":25,"COLIMA":39,"DURANGO":24,"ESTADO DE MEXICO":35,"GUANAJUATO":11,"GUERRERO":55,"HIDALGO":17,"JALISCO":58,"MICHOACAN ":59,"MORELOS":39,"NAYARIT":25,"NUEVO LEON":93,"OAXACA":7,"PUEBLA":25,"QUERETARO ":11,"QUINTANA ROO":10,"SAN LUIS POTOSI":21,"SE DESCONOCE":6,"SINALOA":55,"SONORA":33,"TABASCO":1,"TAMAULIPAS":37,"TLAXCALA":3,"VERACRUZ ":87,"YUCATAN":0,"ZACATECAS":19},"Indeterminado":{"AGUASCALIENTES":0,"BAJA CALIFORNIA":0,"BAJA CALIFORNIA SUR":0,"CHIAPAS":0,"CHIHUAHUA":0,"CIUDAD DE MEXICO":0,"COAHUILA":0,"COLIMA":0,"DURANGO":0,"ESTADO DE MEXICO":0,"GUANAJUATO":0,"GUERRERO":0,"HIDALGO":0,"JALISCO":0,"MICHOACAN ":0,"MORELOS":0,"NAYARIT":0,"NUEVO LEON":0,"OAXACA":0,"PUEBLA":0,"QUERETARO ":0,"QUINTANA ROO":0,"SAN LUIS POTOSI":0,"SE DESCONOCE":0,"SINALOA":0,"SONORA":0,"TABASCO":0,"TAMAULIPAS":0,"TLAXCALA":0,"VERACRUZ ":0,"YUCATAN":0,"ZACATECAS":0},"Mujer":{"AGUASCALIENTES":1,"BAJA CALIFORNIA":5,"BAJA CALIFORNIA SUR":3,"CHIAPAS":5,"CHIHUAHUA":80,"CIUDAD DE MEXICO":8,"COAHUILA":3,"COLIMA":13,"DURANGO":6,"ESTADO DE MEXICO":16,"GUANAJUATO":5,"GUERRERO":9,"HIDALGO":10,"JALISCO":15,"MICHOACAN ":10,"MORELOS":16,"NAYARIT":3,"NUEVO LEON":21,"OAXACA":0,"PUEBLA":8,"QUERETARO ":3,"QUINTANA ROO":2,"SAN LUIS POTOSI":13,"SE DESCONOCE":2,"SINALOA":4,"SONORA":3,"TABASCO":2,"TAMAULIPAS":9,"TLAXCALA":0,"VERACRUZ ":27,"YUCATAN":2,"ZACATECAS":2}},"anual":{"Hombre":{"1.CIFRA SIN  AÑO DE REFERENCIA":114,"1994":1,"1999":1,"2001":2,"2002":1,"2004":2,"2005":1,"2006":2,"2007":5,"2008":3,"2009":10,"2010":30,"2011":15,"2012":17,"2013":28,"2014":30,"2015":32,"2016":43,"2017":82,"2018":104,"2019":138,"2020":246,"2021":156},"Indeterminado":{"1.CIFRA SIN  AÑO DE REFERENCIA":0,"1994":0,"1999":0,"2001":0,"2002":0,"2004":0,"2005":0,"2006":0,"2007":0,"2008":0,"2009":0,"2010":0,"2011":0,"2012":0,"2013":0,"2014":0,"2015":0,"2016":0,"2017":0,"2018":0,"2019":0,"2020":0,"2021":0},"Mujer":{"1.CIFRA SIN  AÑO DE REFERENCIA":33,"1994":0,"1999":0,"2001":2,"2002":1,"2004":0,"2005":0,"2006":0,"2007":0,"2008":0,"2009":1,"2010":3,"2011":3,"2012":2,"2013":4,"2014":13,"2015":3,"2016":11,"2017":52,"2018":31,"2019":31,"2020":82,"2021":34}},"mensual_ultimo_anio":{"Hombre":{"2020-AGOSTO":24,"2020-DICIEMBRE":32,"2020-NOVIEMBRE":16,"2020-OCTUBRE":29,"2020-SEPTIEMBRE":26,"2021-ABRIL":28,"2021-ENERO":30,"2021-FEBRERO":17,"2021-JULIO":21,"2021-JUNIO":16,"2021-MARZO":23,"2021-MAYO":21},"Indeterminado":{"2020-AGOSTO":0,"2020-DICIEMBRE":0,"2020-NOVIEMBRE":0,"2020-OCTUBRE":0,"2020-SEPTIEMBRE":0,"2021-ABRIL":0,"2021-ENERO":0,"2021-FEBRERO":0,"2021-JULIO":0,"2021-JUNIO":0,"2021-MARZO":0,"2021-MAYO":0},"Mujer":{"2020-AGOSTO":11,"2020-DICIEMBRE":9,"2020-NOVIEMBRE":7,"2020-OCTUBRE":7,"2020-SEPTIEMBRE":9,"2021-ABRIL":3,"2021-ENERO":8,"2021-FEBRERO":3,"2021-JULIO":2,"2021-JUNIO":6,"2021-MARZO":7,"2021-MAYO":5}},"por_edad":{"Hombres":{"1":1,"10":2,"11":2,"12":2,"13":4,"14":4,"15":8,"16":16,"17":9,"18":21,"19":15,"2":2,"20":22,"21":19,"22":28,"23":25,"24":39,"25":29,"26":27,"27":39,"28":38,"29":41,"3":0,"30":42,"31":18,"32":34,"33":29,"34":30,"35":25,"36":23,"37":32,"38":26,"39":15,"4":1,"40":18,"41":24,"42":19,"43":18,"44":18,"45":17,"46":22,"47":11,"48":13,"49":14,"5":0,"50":13,"51":12,"52":8,"53":12,"54":9,"55":10,"56":6,"57":7,"58":6,"59":6,"6":2,"60":9,"61":7,"62":5,"63":6,"64":2,"65":6,"66":2,"67":6,"68":5,"69":2,"70":1,"71":4,"72":2,"73":4,"74":5,"75":1,"76":0,"77":1,"78":5,"8":0,"80":1,"82":0,"83":1,"87":0,"89":1,"9":1,"94":1,"SIN EDAD DE REFERENCIA":52},"Indeterminado":{"1":0,"10":0,"11":0,"12":0,"13":0,"14":0,"15":0,"16":0,"17":0,"18":0,"19":0,"2":0,"20":0,"21":0,"22":0,"23":0,"24":0,"25":0,"26":0,"27":0,"28":0,"29":0,"3":0,"30":0,"31":0,"32":0,"33":0,"34":0,"35":0,"36":0,"37":0,"38":0,"39":0,"4":0,"40":0,"41":0,"42":0,"43":0,"44":0,"45":0,"46":0,"47":0,"48":0,"49":0,"5":0,"50":0,"51":0,"52":0,"53":0,"54":0,"55":0,"56":0,"57":0,"58":0,"59":0,"6":0,"60":0,"61":0,"62":0,"63":0,"64":0,"65":0,"66":0,"67":0,"68":0,"69":0,"70":0,"71":0,"72":0,"73":0,"74":0,"75":0,"76":0,"77":0,"78":0,"8":0,"80":0,"82":0,"83":0,"87":0,"89":0,"9":0,"94":0,"SIN EDAD DE REFERENCIA":0},"Mujeres":{"1":0,"10":1,"11":1,"12":5,"13":7,"14":14,"15":12,"16":15,"17":14,"18":11,"19":11,"2":2,"20":5,"21":12,"22":13,"23":6,"24":11,"25":8,"26":5,"27":7,"28":6,"29":6,"3":2,"30":6,"31":6,"32":5,"33":9,"34":6,"35":2,"36":2,"37":2,"38":5,"39":3,"4":1,"40":2,"41":2,"42":3,"43":6,"44":0,"45":4,"46":2,"47":3,"48":4,"49":1,"5":2,"50":3,"51":3,"52":1,"53":2,"54":3,"55":1,"56":0,"57":3,"58":1,"59":2,"6":1,"60":0,"61":0,"62":0,"63":0,"64":3,"65":0,"66":0,"67":0,"68":0,"69":0,"70":1,"71":0,"72":0,"73":0,"74":0,"75":1,"76":1,"77":1,"78":0,"8":1,"80":0,"82":1,"83":0,"87":1,"89":0,"9":2,"94":0,"SIN EDAD DE REFERENCIA":24}},"por_nacionalidad":{"Hombres":{"ARGENTINA":2,"AUSTRIACA":1,"BELICENA":0,"BRASILENA":1,"COLOMBIANA":3,"CUBANA":1,"ESTADOS INDEPENDIENTES":1,"ESTADOUNIDENSE":10,"ESTONIO":1,"GUATEMALTECA":7,"HINDU":1,"HONDUREÑA":8,"MEXICANA":981,"NICARAGUENSE":1,"SE DESCONOCE":44,"TURCA":0,"URUGUAYA":0,"VENEZOLANA":1},"Indeterminado":{"ARGENTINA":0,"AUSTRIACA":0,"BELICENA":0,"BRASILENA":0,"COLOMBIANA":0,"CUBANA":0,"ESTADOS INDEPENDIENTES":0,"ESTADOUNIDENSE":0,"ESTONIO":0,"GUATEMALTECA":0,"HINDU":0,"HONDUREÑA":0,"MEXICANA":0,"NICARAGUENSE":0,"SE DESCONOCE":0,"TURCA":0,"URUGUAYA":0,"VENEZOLANA":0},"Mujeres":{"ARGENTINA":0,"AUSTRIACA":0,"BELICENA":1,"BRASILENA":0,"COLOMBIANA":0,"CUBANA":1,"ESTADOS INDEPENDIENTES":0,"ESTADOUNIDENSE":7,"ESTONIO":0,"GUATEMALTECA":1,"HINDU":0,"HONDUREÑA":1,"MEXICANA":280,"NICARAGUENSE":0,"SE DESCONOCE":12,"TURCA":1,"URUGUAYA":1,"VENEZOLANA":1}}}