{"totales":{"PorcentajeDesaparecidos":"44.00","PorcentajeLocalizados":"56.00","PorcentajeLocalizadosCV":"93.45","PorcentajeLocalizadosSV":"6.55","PorcentajeSoloDesaparecidos":"82.20","PorcentajeSoloNoLocalizados":"17.80","TotalDesaparecidos":"264","TotalGlobal":"600","TotalLocalizados":"336","TotalLocalizadosCV":"314","TotalLocalizadosSV":"22","TotalSoloDesaparecidos":"217","TotalSoloNoLocalizados":"47"},"espacial":{"Hombre":{"AGUASCALIENTES":20,"BAJA CALIFORNIA":0,"BAJA CALIFORNIA SUR":2,"CAMPECHE":1,"CHIAPAS":3,"CHIHUAHUA":63,"CIUDAD DE MEXICO":14,"COAHUILA":9,"COLIMA":0,"DURANGO":14,"ESTADO DE MEXICO":26,"GUANAJUATO":0,"GUERRERO":7,"HIDALGO":6,"JALISCO":68,"MICHOACAN ":8,"MORELOS":13,"NAYARIT":8,"NUEVO LEON":25,"OAXACA":3,"PUEBLA":5,"QUERETARO ":7,"QUINTANA ROO":4,"SAN LUIS POTOSI":11,"SINALOA":4,"SONORA":0,"TAMAULIPAS":1,"TLAXCALA":0,"VERACRUZ ":13,"YUCATAN":3,"ZACATECAS":4},"Indeterminado":{"AGUASCALIENTES":0,"BAJA CALIFORNIA":0,"BAJA CALIFORNIA SUR":0,"CAMPECHE":0,"CHIAPAS":0,"CHIHUAHUA":0,"CIUDAD DE MEXICO":0,"COAHUILA":0,"COLIMA":0,"DURANGO":0,"ESTADO DE MEXICO":0,"GUANAJUATO":0,"GUERRERO":0,"HIDALGO":0,"JALISCO":0,"MICHOACAN ":0,"MORELOS":0,"NAYARIT":0,"NUEVO LEON":0,"OAXACA":0,"PUEBLA":0,"QUERETARO ":0,"QUINTANA ROO":0,"SAN LUIS POTOSI":0,"SINALOA":0,"SONORA":0,"TAMAULIPAS":0,"TLAXCALA":0,"VERACRUZ ":0,"YUCATAN":0,"ZACATECAS":0},"Mujer":{"AGUASCALIENTES":34,"BAJA CALIFORNIA":2,"BAJA CALIFORNIA SUR":2,"CAMPECHE":0,"CHIAPAS":4,"CHIHUAHUA":53,"CIUDAD DE MEXICO":3,"COAHUILA":3,"COLIMA":2,"DURANGO":10,"ESTADO DE MEXICO":20,"GUANAJUATO":2,"GUERRERO":2,"HIDALGO":5,"JALISCO":24,"MICHOACAN ":1,"MORELOS":10,"NAYARIT":4,"NUEVO LEON":24,"OAXACA":1,"PUEBLA":3,"QUERETARO ":1,"QUINTANA ROO":0,"SAN LUIS POTOSI":18,"SINALOA":1,"SONORA":1,"TAMAULIPAS":0,"TLAXCALA":2,"VERACRUZ ":17,"YUCATAN":5,"ZACATECAS":4}},"anual":{"Hombre":{"1.CIFRA SIN  AÑO DE REFERENCIA":14,"1998":0,"2003":1,"2006":1,"2008":1,"2009":1,"2010":1,"2011":5,"2012":1,"2013":3,"2014":17,"2015":6,"2016":13,"2017":9,"2018":52,"2019":56,"2020":124,"2021":37},"Indeterminado":{"1.CIFRA SIN  AÑO DE REFERENCIA":0,"1998":0,"2003":0,"2006":0,"2008":0,"2009":0,"2010":0,"2011":0,"2012":0,"2013":0,"2014":0,"2015":0,"2016":0,"2017":0,"2018":0,"2019":0,"2020":0,"2021":0},"Mujer":{"1.CIFRA SIN  AÑO DE REFERENCIA":6,"1998":1,"2003":0,"2006":0,"2008":4,"2009":1,"2010":0,"2011":1,"2012":0,"2013":2,"2014":27,"2015":3,"2016":18,"2017":14,"2018":38,"2019":38,"2020":84,"2021":21}},"mensual_ultimo_anio":{"Hombre":{"2020-AGOSTO":9,"2020-DICIEMBRE":5,"2020-NOVIEMBRE":3,"2020-OCTUBRE":7,"2020-SEPTIEMBRE":3,"2021-ABRIL":1,"2021-ENERO":11,"2021-FEBRERO":6,"2021-JULIO":2,"2021-JUNIO":4,"2021-MARZO":5,"2021-MAYO":8},"Indeterminado":{"2020-AGOSTO":0,"2020-DICIEMBRE":0,"2020-NOVIEMBRE":0,"2020-OCTUBRE":0,"2020-SEPTIEMBRE":0,"2021-ABRIL":0,"2021-ENERO":0,"2021-FEBRERO":0,"2021-JULIO":0,"2021-JUNIO":0,"2021-MARZO":0,"2021-MAYO":0},"Mujer":{"2020-AGOSTO":4,"2020-DICIEMBRE":4,"2020-NOVIEMBRE":4,"2020-OCTUBRE":8,"2020-SEPTIEMBRE":8,"2021-ABRIL":2,"2021-ENERO":2,"2021-FEBRERO":4,"2021-JULIO":3,"2021-JUNIO":1,"2021-MARZO":6,"2021-MAYO":3}},"por_edad":{"Hombres":{"0":1,"1":6,"10":0,"11":1,"12":3,"13":4,"14":6,"15":12,"16":6,"17":4,"18":8,"19":8,"2":2,"20":3,"21":13,"22":8,"23":9,"24":10,"25":7,"26":18,"27":14,"28":9,"29":6,"3":6,"30":5,"31":4,"32":3,"33":7,"34":10,"35":6,"36":2,"37":6,"38":6,"39":7,"4":3,"40":1,"41":5,"42":4,"43":4,"44":3,"45":3,"46":4,"47":1,"48":8,"49":6,"5":3,"50":5,"51":2,"52":6,"53":2,"54":4,"55":2,"56":4,"57":2,"58":2,"59":1,"6":7,"60":1,"61":3,"62":0,"64":1,"66":1,"68":1,"69":1,"7":6,"70":2,"72":4,"77":1,"79":1,"8":2,"82":2,"83":1,"9":3,"95":0,"SIN EDAD DE REFERENCIA":10},"Indeterminado":{"0":0,"1":0,"10":0,"11":0,"12":0,"13":0,"14":0,"15":0,"16":0,"17":0,"18":0,"19":0,"2":0,"20":0,"21":0,"22":0,"23":0,"24":0,"25":0,"26":0,"27":0,"28":0,"29":0,"3":0,"30":0,"31":0,"32":0,"33":0,"34":0,"35":0,"36":0,"37":0,"38":0,"39":0,"4":0,"40":0,"41":0,"42":0,"43":0,"44":0,"45":0,"46":0,"47":0,"48":0,"49":0,"5":0,"50":0,"51":0,"52":0,"53":0,"54":0,"55":0,"56":0,"57":0,"58":0,"59":0,"6":0,"60":0,"61":0,"62":0,"64":0,"66":0,"68":0,"69":0,"7":0,"70":0,"72":0,"77":0,"79":0,"8":0,"82":0,"83":0,"9":0,"95":0,"SIN EDAD DE REFERENCIA":0},"Mujeres":{"0":2,"1":1,"10":2,"11":1,"12":9,"13":10,"14":24,"15":27,"16":20,"17":16,"18":12,"19":11,"2":5,"20":11,"21":4,"22":6,"23":4,"24":6,"25":3,"26":4,"27":3,"28":4,"29":3,"3":5,"30":4,"31":3,"32":4,"33":0,"34":3,"35":0,"36":0,"37":2,"38":1,"39":1,"4":2,"40":1,"41":2,"42":2,"43":2,"44":2,"45":0,"46":1,"47":1,"48":1,"49":0,"5":5,"50":0,"51":0,"52":1,"53":1,"54":1,"55":1,"56":0,"57":0,"58":1,"59":0,"6":9,"60":0,"61":0,"62":2,"64":0,"66":0,"68":0,"69":1,"7":0,"70":1,"72":0,"77":0,"79":0,"8":0,"82":1,"83":0,"9":4,"95":1,"SIN EDAD DE REFERENCIA":4}},"por_nacionalidad":{"Hombres":{"BULGARA":0,"ESTADOUNIDENSE":3,"HONDUREÑA":2,"MEXICANA":332,"SE DESCONOCE":5},"Indeterminado":{"BULGARA":0,"ESTADOUNIDENSE":0,"HONDUREÑA":0,"MEXICANA":0,"SE DESCONOCE":0},"Mujeres":{"BULGARA":1,"ESTADOUNIDENSE":5,"HONDUREÑA":0,"MEXICANA":249,"SE DESCONOCE":3}}}