{"totales":{"PorcentajeDesaparecidos":"47.03","PorcentajeLocalizados":"52.97","PorcentajeLocalizadosCV":"90.76","PorcentajeLocalizadosSV":"9.24","PorcentajeSoloDesaparecidos":"84.23","PorcentajeSoloNoLocalizados":"15.77","TotalDesaparecidos":"317","TotalGlobal":"674","TotalLocalizados":"357","TotalLocalizadosCV":"324","TotalLocalizadosSV":"33","TotalSoloDesaparecidos":"267","TotalSoloNoLocalizados":"50"},"espacial":{"Hombre":{"AGUASCALIENTES":3,"BAJA CALIFORNIA":5,"BAJA CALIFORNIA SUR":16,"CHIAPAS":2,"CHIHUAHUA":56,"CIUDAD DE MEXICO":49,"COAHUILA":7,"COLIMA":4,"DURANGO":1,"ESTADO DE MEXICO":64,"GUANAJUATO":7,"GUERRERO":22,"HIDALGO":3,"JALISCO":32,"MICHOACAN ":25,"MORELOS":18,"NUEVO LEON":29,"OAXACA":8,"PUEBLA":18,"QUERETARO ":7,"QUINTANA ROO":8,"SAN LUIS POTOSI":2,"SINALOA":14,"SONORA":3,"TABASCO":2,"TAMAULIPAS":7,"TLAXCALA":1,"VERACRUZ ":32,"YUCATAN":3,"ZACATECAS":4},"Indeterminado":{"AGUASCALIENTES":0,"BAJA CALIFORNIA":0,"BAJA CALIFORNIA SUR":0,"CHIAPAS":0,"CHIHUAHUA":0,"CIUDAD DE MEXICO":0,"COAHUILA":0,"COLIMA":0,"DURANGO":0,"ESTADO DE MEXICO":0,"GUANAJUATO":0,"GUERRERO":0,"HIDALGO":0,"JALISCO":0,"MICHOACAN ":0,"MORELOS":0,"NUEVO LEON":0,"OAXACA":0,"PUEBLA":0,"QUERETARO ":0,"QUINTANA ROO":0,"SAN LUIS POTOSI":0,"SINALOA":0,"SONORA":0,"TABASCO":0,"TAMAULIPAS":0,"TLAXCALA":0,"VERACRUZ ":0,"YUCATAN":0,"ZACATECAS":0},"Mujer":{"AGUASCALIENTES":1,"BAJA CALIFORNIA":2,"BAJA CALIFORNIA SUR":4,"CHIAPAS":0,"CHIHUAHUA":30,"CIUDAD DE MEXICO":28,"COAHUILA":3,"COLIMA":1,"DURANGO":2,"ESTADO DE MEXICO":33,"GUANAJUATO":2,"GUERRERO":2,"HIDALGO":7,"JALISCO":17,"MICHOACAN ":5,"MORELOS":13,"NUEVO LEON":21,"OAXACA":5,"PUEBLA":18,"QUERETARO ":1,"QUINTANA ROO":2,"SAN LUIS POTOSI":4,"SINALOA":1,"SONORA":0,"TABASCO":0,"TAMAULIPAS":4,"TLAXCALA":1,"VERACRUZ ":11,"YUCATAN":3,"ZACATECAS":1}},"anual":{"Hombre":{"1.CIFRA SIN  AÑO DE REFERENCIA":34,"1987":1,"1997":0,"2001":1,"2002":1,"2003":1,"2006":1,"2007":2,"2008":1,"2009":0,"2010":2,"2011":2,"2012":4,"2013":0,"2014":17,"2015":4,"2016":12,"2017":13,"2018":41,"2019":56,"2020":164,"2021":95},"Indeterminado":{"1.CIFRA SIN  AÑO DE REFERENCIA":0,"1987":0,"1997":0,"2001":0,"2002":0,"2003":0,"2006":0,"2007":0,"2008":0,"2009":0,"2010":0,"2011":0,"2012":0,"2013":0,"2014":0,"2015":0,"2016":0,"2017":0,"2018":0,"2019":0,"2020":0,"2021":0},"Mujer":{"1.CIFRA SIN  AÑO DE REFERENCIA":22,"1987":0,"1997":1,"2001":0,"2002":0,"2003":0,"2006":0,"2007":1,"2008":0,"2009":2,"2010":4,"2011":2,"2012":3,"2013":1,"2014":9,"2015":1,"2016":7,"2017":10,"2018":18,"2019":28,"2020":80,"2021":33}},"mensual_ultimo_anio":{"Hombre":{"2020-AGOSTO":21,"2020-DICIEMBRE":12,"2020-NOVIEMBRE":16,"2020-OCTUBRE":10,"2020-SEPTIEMBRE":12,"2021-ABRIL":15,"2021-ENERO":14,"2021-FEBRERO":11,"2021-JULIO":12,"2021-JUNIO":10,"2021-MARZO":18,"2021-MAYO":15},"Indeterminado":{"2020-AGOSTO":0,"2020-DICIEMBRE":0,"2020-NOVIEMBRE":0,"2020-OCTUBRE":0,"2020-SEPTIEMBRE":0,"2021-ABRIL":0,"2021-ENERO":0,"2021-FEBRERO":0,"2021-JULIO":0,"2021-JUNIO":0,"2021-MARZO":0,"2021-MAYO":0},"Mujer":{"2020-AGOSTO":5,"2020-DICIEMBRE":2,"2020-NOVIEMBRE":5,"2020-OCTUBRE":8,"2020-SEPTIEMBRE":6,"2021-ABRIL":4,"2021-ENERO":6,"2021-FEBRERO":3,"2021-JULIO":4,"2021-JUNIO":2,"2021-MARZO":10,"2021-MAYO":4}},"por_edad":{"Hombres":{"0":1,"1":2,"10":0,"11":3,"12":2,"13":2,"14":5,"15":9,"16":8,"17":10,"18":9,"19":6,"2":1,"20":6,"21":10,"22":15,"23":15,"24":11,"25":12,"26":12,"27":12,"28":17,"29":13,"3":0,"30":16,"31":12,"32":15,"33":15,"34":13,"35":12,"36":7,"37":10,"38":10,"39":9,"4":1,"40":7,"41":3,"42":7,"43":10,"44":8,"45":9,"46":4,"47":11,"48":8,"49":5,"5":2,"50":3,"51":2,"52":4,"53":5,"54":3,"55":2,"56":5,"57":1,"59":3,"6":1,"60":2,"61":2,"62":2,"63":2,"64":3,"65":3,"66":1,"67":1,"68":1,"69":1,"7":1,"70":0,"71":4,"72":0,"73":1,"74":2,"76":1,"77":2,"78":1,"79":1,"80":1,"81":1,"83":2,"84":1,"86":0,"87":0,"89":1,"9":1,"97":1,"SIN EDAD DE REFERENCIA":9},"Indeterminado":{"0":0,"1":0,"10":0,"11":0,"12":0,"13":0,"14":0,"15":0,"16":0,"17":0,"18":0,"19":0,"2":0,"20":0,"21":0,"22":0,"23":0,"24":0,"25":0,"26":0,"27":0,"28":0,"29":0,"3":0,"30":0,"31":0,"32":0,"33":0,"34":0,"35":0,"36":0,"37":0,"38":0,"39":0,"4":0,"40":0,"41":0,"42":0,"43":0,"44":0,"45":0,"46":0,"47":0,"48":0,"49":0,"5":0,"50":0,"51":0,"52":0,"53":0,"54":0,"55":0,"56":0,"57":0,"59":0,"6":0,"60":0,"61":0,"62":0,"63":0,"64":0,"65":0,"66":0,"67":0,"68":0,"69":0,"7":0,"70":0,"71":0,"72":0,"73":0,"74":0,"76":0,"77":0,"78":0,"79":0,"80":0,"81":0,"83":0,"84":0,"86":0,"87":0,"89":0,"9":0,"97":0,"SIN EDAD DE REFERENCIA":0},"Mujeres":{"0":0,"1":1,"10":2,"11":1,"12":3,"13":8,"14":16,"15":22,"16":20,"17":18,"18":6,"19":7,"2":0,"20":6,"21":2,"22":4,"23":6,"24":7,"25":10,"26":7,"27":5,"28":4,"29":1,"3":1,"30":5,"31":3,"32":2,"33":3,"34":2,"35":2,"36":6,"37":4,"38":2,"39":0,"4":1,"40":0,"41":4,"42":2,"43":1,"44":0,"45":0,"46":0,"47":0,"48":3,"49":1,"5":2,"50":0,"51":1,"52":0,"53":0,"54":0,"55":0,"56":0,"57":2,"59":0,"6":0,"60":0,"61":0,"62":0,"63":0,"64":0,"65":0,"66":0,"67":0,"68":0,"69":0,"7":4,"70":1,"71":0,"72":1,"73":2,"74":0,"76":0,"77":1,"78":0,"79":0,"80":0,"81":0,"83":0,"84":0,"86":1,"87":1,"89":0,"9":0,"97":0,"SIN EDAD DE REFERENCIA":8}},"por_nacionalidad":{"Hombres":{"CANADIENSE":0,"COLOMBIANA":3,"ESTADOUNIDENSE":5,"HONDUREÑA":1,"MEXICANA":428,"POLACA":1,"SE DESCONOCE":13,"VENEZOLANA":1},"Indeterminado":{"CANADIENSE":0,"COLOMBIANA":0,"ESTADOUNIDENSE":0,"HONDUREÑA":0,"MEXICANA":0,"POLACA":0,"SE DESCONOCE":0,"VENEZOLANA":0},"Mujeres":{"CANADIENSE":1,"COLOMBIANA":0,"ESTADOUNIDENSE":2,"HONDUREÑA":0,"MEXICANA":215,"POLACA":0,"SE DESCONOCE":4,"VENEZOLANA":0}}}