{"totales":{"PorcentajeDesaparecidos":"50.24","PorcentajeLocalizados":"49.76","PorcentajeLocalizadosCV":"90.72","PorcentajeLocalizadosSV":"9.28","PorcentajeSoloDesaparecidos":"85.37","PorcentajeSoloNoLocalizados":"14.63","TotalDesaparecidos":"827","TotalGlobal":"1646","TotalLocalizados":"819","TotalLocalizadosCV":"743","TotalLocalizadosSV":"76","TotalSoloDesaparecidos":"706","TotalSoloNoLocalizados":"121"},"espacial":{"Hombre":{"AGUASCALIENTES":7,"BAJA CALIFORNIA":3,"BAJA CALIFORNIA SUR":14,"CAMPECHE":0,"CHIAPAS":3,"CHIHUAHUA":126,"CIUDAD DE MEXICO":38,"COAHUILA":33,"COLIMA":4,"DURANGO":76,"ESTADO DE MEXICO":108,"GUANAJUATO":6,"GUERRERO":42,"HIDALGO":53,"JALISCO":92,"MICHOACAN ":138,"MORELOS":53,"NAYARIT":11,"NUEVO LEON":86,"OAXACA":4,"PUEBLA":114,"QUERETARO ":16,"QUINTANA ROO":12,"SAN LUIS POTOSI":18,"SINALOA":16,"SONORA":5,"TABASCO":2,"TAMAULIPAS":5,"TLAXCALA":3,"VERACRUZ ":123,"YUCATAN":8,"ZACATECAS":26},"Indeterminado":{"AGUASCALIENTES":0,"BAJA CALIFORNIA":0,"BAJA CALIFORNIA SUR":0,"CAMPECHE":0,"CHIAPAS":0,"CHIHUAHUA":0,"CIUDAD DE MEXICO":0,"COAHUILA":0,"COLIMA":0,"DURANGO":0,"ESTADO DE MEXICO":0,"GUANAJUATO":0,"GUERRERO":0,"HIDALGO":0,"JALISCO":0,"MICHOACAN ":0,"MORELOS":0,"NAYARIT":0,"NUEVO LEON":0,"OAXACA":0,"PUEBLA":0,"QUERETARO ":0,"QUINTANA ROO":0,"SAN LUIS POTOSI":0,"SINALOA":0,"SONORA":0,"TABASCO":0,"TAMAULIPAS":0,"TLAXCALA":0,"VERACRUZ ":0,"YUCATAN":0,"ZACATECAS":0},"Mujer":{"AGUASCALIENTES":4,"BAJA CALIFORNIA":1,"BAJA CALIFORNIA SUR":4,"CAMPECHE":1,"CHIAPAS":5,"CHIHUAHUA":52,"CIUDAD DE MEXICO":16,"COAHUILA":5,"COLIMA":0,"DURANGO":32,"ESTADO DE MEXICO":40,"GUANAJUATO":3,"GUERRERO":9,"HIDALGO":25,"JALISCO":20,"MICHOACAN ":13,"MORELOS":29,"NAYARIT":0,"NUEVO LEON":25,"OAXACA":1,"PUEBLA":56,"QUERETARO ":3,"QUINTANA ROO":4,"SAN LUIS POTOSI":14,"SINALOA":1,"SONORA":1,"TABASCO":0,"TAMAULIPAS":1,"TLAXCALA":0,"VERACRUZ ":25,"YUCATAN":5,"ZACATECAS":6}},"anual":{"Hombre":{"1.CIFRA SIN  AÑO DE REFERENCIA":169,"1994":1,"1997":1,"2001":3,"2002":3,"2003":0,"2005":1,"2006":0,"2007":5,"2008":11,"2009":11,"2010":17,"2011":27,"2012":29,"2013":41,"2014":46,"2015":26,"2016":43,"2017":44,"2018":120,"2019":153,"2020":344,"2021":150},"Indeterminado":{"1.CIFRA SIN  AÑO DE REFERENCIA":0,"1994":0,"1997":0,"2001":0,"2002":0,"2003":0,"2005":0,"2006":0,"2007":0,"2008":0,"2009":0,"2010":0,"2011":0,"2012":0,"2013":0,"2014":0,"2015":0,"2016":0,"2017":0,"2018":0,"2019":0,"2020":0,"2021":0},"Mujer":{"1.CIFRA SIN  AÑO DE REFERENCIA":68,"1994":0,"1997":0,"2001":0,"2002":4,"2003":1,"2005":1,"2006":1,"2007":1,"2008":1,"2009":0,"2010":5,"2011":6,"2012":6,"2013":4,"2014":13,"2015":6,"2016":17,"2017":20,"2018":56,"2019":45,"2020":94,"2021":52}},"mensual_ultimo_anio":{"Hombre":{"2020-AGOSTO":32,"2020-DICIEMBRE":17,"2020-NOVIEMBRE":17,"2020-OCTUBRE":36,"2020-SEPTIEMBRE":25,"2021-ABRIL":27,"2021-ENERO":33,"2021-FEBRERO":17,"2021-JULIO":9,"2021-JUNIO":12,"2021-MARZO":31,"2021-MAYO":21},"Indeterminado":{"2020-AGOSTO":0,"2020-DICIEMBRE":0,"2020-NOVIEMBRE":0,"2020-OCTUBRE":0,"2020-SEPTIEMBRE":0,"2021-ABRIL":0,"2021-ENERO":0,"2021-FEBRERO":0,"2021-JULIO":0,"2021-JUNIO":0,"2021-MARZO":0,"2021-MAYO":0},"Mujer":{"2020-AGOSTO":9,"2020-DICIEMBRE":7,"2020-NOVIEMBRE":6,"2020-OCTUBRE":11,"2020-SEPTIEMBRE":5,"2021-ABRIL":7,"2021-ENERO":13,"2021-FEBRERO":4,"2021-JULIO":0,"2021-JUNIO":2,"2021-MARZO":18,"2021-MAYO":8}},"por_edad":{"Hombres":{"0":1,"1":1,"10":1,"11":0,"12":3,"13":3,"14":7,"15":3,"16":16,"17":11,"18":22,"19":23,"2":2,"20":33,"21":35,"22":27,"23":43,"24":46,"25":37,"26":36,"27":53,"28":39,"29":40,"30":43,"31":36,"32":43,"33":33,"34":35,"35":31,"36":41,"37":34,"38":33,"39":28,"4":0,"40":29,"41":16,"42":27,"43":25,"44":25,"45":14,"46":17,"47":17,"48":14,"49":17,"5":1,"50":16,"51":13,"52":20,"53":12,"54":11,"55":7,"56":22,"57":4,"58":8,"59":6,"60":6,"61":6,"62":3,"63":4,"64":5,"65":3,"67":4,"68":3,"69":2,"70":3,"71":2,"72":2,"73":4,"74":3,"75":1,"76":1,"77":1,"78":1,"79":1,"8":1,"83":1,"84":1,"85":1,"96":1,"SIN EDAD DE REFERENCIA":25},"Indeterminado":{"0":0,"1":0,"10":0,"11":0,"12":0,"13":0,"14":0,"15":0,"16":0,"17":0,"18":0,"19":0,"2":0,"20":0,"21":0,"22":0,"23":0,"24":0,"25":0,"26":0,"27":0,"28":0,"29":0,"30":0,"31":0,"32":0,"33":0,"34":0,"35":0,"36":0,"37":0,"38":0,"39":0,"4":0,"40":0,"41":0,"42":0,"43":0,"44":0,"45":0,"46":0,"47":0,"48":0,"49":0,"5":0,"50":0,"51":0,"52":0,"53":0,"54":0,"55":0,"56":0,"57":0,"58":0,"59":0,"60":0,"61":0,"62":0,"63":0,"64":0,"65":0,"67":0,"68":0,"69":0,"70":0,"71":0,"72":0,"73":0,"74":0,"75":0,"76":0,"77":0,"78":0,"79":0,"8":0,"83":0,"84":0,"85":0,"96":0,"SIN EDAD DE REFERENCIA":0},"Mujeres":{"0":0,"1":0,"10":0,"11":1,"12":2,"13":10,"14":14,"15":19,"16":30,"17":35,"18":14,"19":21,"2":0,"20":13,"21":9,"22":16,"23":17,"24":17,"25":11,"26":8,"27":11,"28":13,"29":14,"30":11,"31":9,"32":7,"33":6,"34":5,"35":9,"36":2,"37":4,"38":2,"39":7,"4":1,"40":7,"41":8,"42":5,"43":3,"44":6,"45":2,"46":0,"47":3,"48":2,"49":3,"5":0,"50":5,"51":0,"52":1,"53":1,"54":2,"55":0,"56":1,"57":2,"58":0,"59":0,"60":0,"61":0,"62":0,"63":0,"64":0,"65":0,"67":0,"68":0,"69":0,"70":0,"71":0,"72":0,"73":0,"74":0,"75":0,"76":0,"77":0,"78":0,"79":0,"8":0,"83":0,"84":0,"85":0,"96":0,"SIN EDAD DE REFERENCIA":12}},"por_nacionalidad":{"Hombres":{"AFGANA":1,"CANADIENSE":3,"COLOMBIANA":4,"ESTADOUNIDENSE":2,"GUATEMALTECA":0,"HONDUREÑA":1,"MEXICANA":1204,"SE DESCONOCE":30},"Indeterminado":{"AFGANA":0,"CANADIENSE":0,"COLOMBIANA":0,"ESTADOUNIDENSE":0,"GUATEMALTECA":0,"HONDUREÑA":0,"MEXICANA":0,"SE DESCONOCE":0},"Mujeres":{"AFGANA":0,"CANADIENSE":1,"COLOMBIANA":1,"ESTADOUNIDENSE":1,"GUATEMALTECA":1,"HONDUREÑA":1,"MEXICANA":384,"SE DESCONOCE":12}}}