{"totales":{"PorcentajeDesaparecidos":"60.98","PorcentajeLocalizados":"39.02","PorcentajeLocalizadosCV":"100.00","PorcentajeLocalizadosSV":"0.00","PorcentajeSoloDesaparecidos":"92.00","PorcentajeSoloNoLocalizados":"8.00","TotalDesaparecidos":"25","TotalGlobal":"41","TotalLocalizados":"16","TotalLocalizadosCV":"16","TotalLocalizadosSV":"00","TotalSoloDesaparecidos":"23","TotalSoloNoLocalizados":"02"},"espacial":{"Hombre":{"BAJA CALIFORNIA":0,"BAJA CALIFORNIA SUR":2,"CHIHUAHUA":4,"CIUDAD DE MEXICO":1,"DURANGO":1,"ESTADO DE MEXICO":4,"GUERRERO":2,"HIDALGO":0,"JALISCO":3,"MICHOACAN ":1,"PUEBLA":0,"QUINTANA ROO":0,"SAN LUIS POTOSI":0,"SINALOA":1,"TAMAULIPAS":1,"VERACRUZ ":7},"Indeterminado":{"BAJA CALIFORNIA":0,"BAJA CALIFORNIA SUR":0,"CHIHUAHUA":0,"CIUDAD DE MEXICO":0,"DURANGO":0,"ESTADO DE MEXICO":0,"GUERRERO":0,"HIDALGO":0,"JALISCO":0,"MICHOACAN ":0,"PUEBLA":0,"QUINTANA ROO":0,"SAN LUIS POTOSI":0,"SINALOA":0,"TAMAULIPAS":0,"VERACRUZ ":0},"Mujer":{"BAJA CALIFORNIA":1,"BAJA CALIFORNIA SUR":0,"CHIHUAHUA":2,"CIUDAD DE MEXICO":2,"DURANGO":0,"ESTADO DE MEXICO":1,"GUERRERO":0,"HIDALGO":1,"JALISCO":0,"MICHOACAN ":0,"PUEBLA":1,"QUINTANA ROO":2,"SAN LUIS POTOSI":2,"SINALOA":0,"TAMAULIPAS":0,"VERACRUZ ":2}},"anual":{"Hombre":{"1.CIFRA SIN  AÑO DE REFERENCIA":4,"2006":0,"2010":1,"2012":1,"2014":2,"2016":0,"2017":0,"2018":4,"2019":6,"2020":8,"2021":1},"Indeterminado":{"1.CIFRA SIN  AÑO DE REFERENCIA":0,"2006":0,"2010":0,"2012":0,"2014":0,"2016":0,"2017":0,"2018":0,"2019":0,"2020":0,"2021":0},"Mujer":{"1.CIFRA SIN  AÑO DE REFERENCIA":0,"2006":1,"2010":0,"2012":0,"2014":0,"2016":3,"2017":1,"2018":3,"2019":4,"2020":0,"2021":2}},"mensual_ultimo_anio":{"Hombre":{"2019-AGOSTO":1,"2019-DICIEMBRE":1,"2019-JULIO":1,"2019-NOVIEMBRE":1,"2020-ENERO":1,"2020-FEBRERO":1,"2020-MAYO":1,"2020-NOVIEMBRE":1,"2020-OCTUBRE":4,"2021-ENERO":0,"2021-FEBRERO":1,"2021-JULIO":0},"Indeterminado":{"2019-AGOSTO":0,"2019-DICIEMBRE":0,"2019-JULIO":0,"2019-NOVIEMBRE":0,"2020-ENERO":0,"2020-FEBRERO":0,"2020-MAYO":0,"2020-NOVIEMBRE":0,"2020-OCTUBRE":0,"2021-ENERO":0,"2021-FEBRERO":0,"2021-JULIO":0},"Mujer":{"2019-AGOSTO":0,"2019-DICIEMBRE":0,"2019-JULIO":1,"2019-NOVIEMBRE":1,"2020-ENERO":0,"2020-FEBRERO":0,"2020-MAYO":0,"2020-NOVIEMBRE":0,"2020-OCTUBRE":0,"2021-ENERO":1,"2021-FEBRERO":0,"2021-JULIO":1}},"por_edad":{"Hombres":{"14":0,"16":1,"17":2,"18":1,"20":1,"21":0,"24":2,"25":0,"29":1,"30":1,"31":1,"32":1,"33":2,"34":1,"35":1,"36":0,"37":1,"38":0,"40":1,"42":0,"46":1,"48":1,"57":1,"65":1,"68":1,"71":0,"79":1,"SIN EDAD DE REFERENCIA":4},"Indeterminado":{"14":0,"16":0,"17":0,"18":0,"20":0,"21":0,"24":0,"25":0,"29":0,"30":0,"31":0,"32":0,"33":0,"34":0,"35":0,"36":0,"37":0,"38":0,"40":0,"42":0,"46":0,"48":0,"57":0,"65":0,"68":0,"71":0,"79":0,"SIN EDAD DE REFERENCIA":0},"Mujeres":{"14":1,"16":1,"17":1,"18":2,"20":0,"21":1,"24":2,"25":1,"29":0,"30":0,"31":0,"32":1,"33":0,"34":0,"35":0,"36":1,"37":0,"38":1,"40":0,"42":1,"46":0,"48":0,"57":0,"65":0,"68":0,"71":1,"79":0,"SIN EDAD DE REFERENCIA":0}},"por_nacionalidad":{"Hombres":{"MEXICANA":24,"MONEGASCA":0,"PERUANA":1,"SE DESCONOCE":2},"Indeterminado":{"MEXICANA":0,"MONEGASCA":0,"PERUANA":0,"SE DESCONOCE":0},"Mujeres":{"MEXICANA":13,"MONEGASCA":1,"PERUANA":0,"SE DESCONOCE":0}}}