{"totales":{"PorcentajeDesaparecidos":"85.40","PorcentajeLocalizados":"14.60","PorcentajeLocalizadosCV":"68.79","PorcentajeLocalizadosSV":"31.21","PorcentajeSoloDesaparecidos":"94.01","PorcentajeSoloNoLocalizados":"5.99","TotalDesaparecidos":"918","TotalGlobal":"1075","TotalLocalizados":"157","TotalLocalizadosCV":"108","TotalLocalizadosSV":"49","TotalSoloDesaparecidos":"863","TotalSoloNoLocalizados":"55"},"espacial":{"Hombre":{"BAJA CALIFORNIA":6,"BAJA CALIFORNIA SUR":41,"CHIAPAS":3,"CHIHUAHUA":6,"CIUDAD DE MEXICO":11,"COAHUILA":99,"COLIMA":2,"DURANGO":5,"ESTADO DE MEXICO":14,"GUANAJUATO":19,"GUERRERO":31,"HIDALGO":2,"JALISCO":136,"MICHOACAN ":114,"MORELOS":5,"NAYARIT":46,"NUEVO LEON":61,"OAXACA":14,"PUEBLA":2,"QUERETARO ":1,"QUINTANA ROO":6,"SAN LUIS POTOSI":3,"SE DESCONOCE":1,"SINALOA":65,"SONORA":20,"TABASCO":1,"TAMAULIPAS":39,"TLAXCALA":1,"VERACRUZ ":160,"YUCATAN":1,"ZACATECAS":20},"Indeterminado":{"BAJA CALIFORNIA":0,"BAJA CALIFORNIA SUR":1,"CHIAPAS":0,"CHIHUAHUA":0,"CIUDAD DE MEXICO":0,"COAHUILA":0,"COLIMA":0,"DURANGO":0,"ESTADO DE MEXICO":0,"GUANAJUATO":0,"GUERRERO":0,"HIDALGO":0,"JALISCO":0,"MICHOACAN ":0,"MORELOS":0,"NAYARIT":0,"NUEVO LEON":0,"OAXACA":0,"PUEBLA":0,"QUERETARO ":0,"QUINTANA ROO":0,"SAN LUIS POTOSI":1,"SE DESCONOCE":0,"SINALOA":0,"SONORA":0,"TABASCO":0,"TAMAULIPAS":0,"TLAXCALA":0,"VERACRUZ ":0,"YUCATAN":0,"ZACATECAS":0},"Mujer":{"BAJA CALIFORNIA":0,"BAJA CALIFORNIA SUR":10,"CHIAPAS":3,"CHIHUAHUA":2,"CIUDAD DE MEXICO":2,"COAHUILA":12,"COLIMA":1,"DURANGO":1,"ESTADO DE MEXICO":4,"GUANAJUATO":0,"GUERRERO":5,"HIDALGO":0,"JALISCO":15,"MICHOACAN ":17,"MORELOS":1,"NAYARIT":6,"NUEVO LEON":19,"OAXACA":0,"PUEBLA":2,"QUERETARO ":0,"QUINTANA ROO":4,"SAN LUIS POTOSI":0,"SE DESCONOCE":0,"SINALOA":4,"SONORA":2,"TABASCO":1,"TAMAULIPAS":7,"TLAXCALA":0,"VERACRUZ ":16,"YUCATAN":0,"ZACATECAS":4}},"anual":{"Hombre":{"1.CIFRA SIN  AÑO DE REFERENCIA":89,"1983":1,"1993":2,"1995":2,"2004":2,"2006":2,"2007":1,"2008":14,"2009":20,"2010":34,"2011":32,"2012":28,"2013":26,"2014":22,"2015":25,"2016":36,"2017":58,"2018":61,"2019":98,"2020":286,"2021":96},"Indeterminado":{"1.CIFRA SIN  AÑO DE REFERENCIA":0,"1983":0,"1993":0,"1995":0,"2004":0,"2006":0,"2007":0,"2008":0,"2009":0,"2010":0,"2011":0,"2012":0,"2013":0,"2014":0,"2015":0,"2016":1,"2017":0,"2018":0,"2019":0,"2020":1,"2021":0},"Mujer":{"1.CIFRA SIN  AÑO DE REFERENCIA":14,"1983":0,"1993":0,"1995":0,"2004":0,"2006":0,"2007":1,"2008":1,"2009":1,"2010":5,"2011":3,"2012":6,"2013":3,"2014":3,"2015":2,"2016":6,"2017":13,"2018":10,"2019":18,"2020":31,"2021":21}},"mensual_ultimo_anio":{"Hombre":{"2020-DICIEMBRE":17,"2020-NOVIEMBRE":27,"2020-OCTUBRE":21,"2020-SEPTIEMBRE":16,"2021-ABRIL":11,"2021-AGOSTO":1,"2021-ENERO":16,"2021-FEBRERO":18,"2021-JULIO":11,"2021-JUNIO":4,"2021-MARZO":22,"2021-MAYO":13},"Indeterminado":{"2020-DICIEMBRE":0,"2020-NOVIEMBRE":0,"2020-OCTUBRE":1,"2020-SEPTIEMBRE":0,"2021-ABRIL":0,"2021-AGOSTO":0,"2021-ENERO":0,"2021-FEBRERO":0,"2021-JULIO":0,"2021-JUNIO":0,"2021-MARZO":0,"2021-MAYO":0},"Mujer":{"2020-DICIEMBRE":2,"2020-NOVIEMBRE":4,"2020-OCTUBRE":2,"2020-SEPTIEMBRE":1,"2021-ABRIL":4,"2021-AGOSTO":0,"2021-ENERO":9,"2021-FEBRERO":4,"2021-JULIO":0,"2021-JUNIO":2,"2021-MARZO":2,"2021-MAYO":0}},"por_edad":{"Hombres":{"0":1,"1":0,"12":1,"13":0,"14":4,"15":9,"16":10,"17":14,"18":18,"19":26,"20":19,"21":24,"22":31,"23":23,"24":39,"25":38,"26":35,"27":27,"28":30,"29":25,"3":0,"30":38,"31":26,"32":21,"33":25,"34":27,"35":30,"36":29,"37":27,"38":18,"39":15,"4":1,"40":24,"41":17,"42":19,"43":13,"44":18,"45":15,"46":16,"47":15,"48":14,"49":12,"50":12,"51":8,"52":7,"53":4,"54":3,"55":5,"56":5,"57":3,"58":3,"59":2,"6":1,"60":5,"62":4,"63":4,"64":3,"65":1,"66":1,"67":2,"68":1,"70":1,"71":1,"76":0,"80":1,"9":1,"SIN EDAD DE REFERENCIA":63},"Indeterminado":{"0":0,"1":0,"12":0,"13":0,"14":0,"15":0,"16":0,"17":0,"18":0,"19":0,"20":1,"21":0,"22":0,"23":0,"24":0,"25":0,"26":0,"27":0,"28":0,"29":0,"3":0,"30":0,"31":0,"32":0,"33":0,"34":0,"35":0,"36":0,"37":0,"38":0,"39":0,"4":0,"40":0,"41":0,"42":0,"43":0,"44":0,"45":0,"46":0,"47":0,"48":0,"49":0,"50":0,"51":0,"52":0,"53":0,"54":0,"55":0,"56":0,"57":0,"58":0,"59":0,"6":0,"60":0,"62":0,"63":0,"64":0,"65":0,"66":0,"67":0,"68":0,"70":0,"71":0,"76":0,"80":0,"9":0,"SIN EDAD DE REFERENCIA":1},"Mujeres":{"0":0,"1":2,"12":2,"13":2,"14":0,"15":2,"16":5,"17":3,"18":4,"19":1,"20":5,"21":7,"22":5,"23":5,"24":2,"25":3,"26":4,"27":3,"28":5,"29":9,"3":1,"30":7,"31":2,"32":2,"33":3,"34":3,"35":4,"36":4,"37":1,"38":3,"39":2,"4":0,"40":3,"41":1,"42":4,"43":2,"44":3,"45":1,"46":2,"47":0,"48":0,"49":2,"50":0,"51":2,"52":0,"53":0,"54":0,"55":2,"56":1,"57":0,"58":0,"59":0,"6":1,"60":2,"62":0,"63":0,"64":0,"65":1,"66":2,"67":0,"68":0,"70":0,"71":0,"76":1,"80":0,"9":0,"SIN EDAD DE REFERENCIA":7}},"por_nacionalidad":{"Hombres":{"COLOMBIANA":1,"ESTADOUNIDENSE":5,"GUATEMALTECA":4,"HONDUREÑA":2,"MEXICANA":885,"NICARAGUENSE":0,"SALVADORENA":1,"SE DESCONOCE":37},"Indeterminado":{"COLOMBIANA":0,"ESTADOUNIDENSE":0,"GUATEMALTECA":0,"HONDUREÑA":0,"MEXICANA":2,"NICARAGUENSE":0,"SALVADORENA":0,"SE DESCONOCE":0},"Mujeres":{"COLOMBIANA":0,"ESTADOUNIDENSE":0,"GUATEMALTECA":2,"HONDUREÑA":1,"MEXICANA":132,"NICARAGUENSE":1,"SALVADORENA":0,"SE DESCONOCE":2}}}