{"totales":{"PorcentajeDesaparecidos":"84.32","PorcentajeLocalizados":"15.68","PorcentajeLocalizadosCV":"68.13","PorcentajeLocalizadosSV":"31.87","PorcentajeSoloDesaparecidos":"92.24","PorcentajeSoloNoLocalizados":"7.76","TotalDesaparecidos":"979","TotalGlobal":"1161","TotalLocalizados":"182","TotalLocalizadosCV":"124","TotalLocalizadosSV":"58","TotalSoloDesaparecidos":"903","TotalSoloNoLocalizados":"76"},"espacial":{"Hombre":{"BAJA CALIFORNIA":5,"BAJA CALIFORNIA SUR":82,"CHIHUAHUA":6,"CIUDAD DE MEXICO":2,"COAHUILA":53,"COLIMA":3,"DURANGO":4,"ESTADO DE MEXICO":15,"GUANAJUATO":28,"GUERRERO":24,"HIDALGO":0,"JALISCO":249,"MICHOACAN ":80,"MORELOS":2,"NAYARIT":79,"NUEVO LEON":48,"OAXACA":2,"PUEBLA":5,"QUINTANA ROO":2,"SAN LUIS POTOSI":2,"SE DESCONOCE":1,"SINALOA":88,"SONORA":9,"TAMAULIPAS":33,"VERACRUZ ":99,"ZACATECAS":42},"Indeterminado":{"BAJA CALIFORNIA":0,"BAJA CALIFORNIA SUR":0,"CHIHUAHUA":0,"CIUDAD DE MEXICO":0,"COAHUILA":0,"COLIMA":0,"DURANGO":0,"ESTADO DE MEXICO":0,"GUANAJUATO":0,"GUERRERO":0,"HIDALGO":0,"JALISCO":0,"MICHOACAN ":0,"MORELOS":0,"NAYARIT":0,"NUEVO LEON":0,"OAXACA":0,"PUEBLA":0,"QUINTANA ROO":0,"SAN LUIS POTOSI":0,"SE DESCONOCE":0,"SINALOA":0,"SONORA":0,"TAMAULIPAS":0,"VERACRUZ ":0,"ZACATECAS":0},"Mujer":{"BAJA CALIFORNIA":3,"BAJA CALIFORNIA SUR":18,"CHIHUAHUA":3,"CIUDAD DE MEXICO":5,"COAHUILA":22,"COLIMA":2,"DURANGO":1,"ESTADO DE MEXICO":9,"GUANAJUATO":9,"GUERRERO":6,"HIDALGO":1,"JALISCO":33,"MICHOACAN ":15,"MORELOS":0,"NAYARIT":6,"NUEVO LEON":16,"OAXACA":0,"PUEBLA":0,"QUINTANA ROO":0,"SAN LUIS POTOSI":0,"SE DESCONOCE":0,"SINALOA":6,"SONORA":3,"TAMAULIPAS":9,"VERACRUZ ":23,"ZACATECAS":8}},"anual":{"Hombre":{"1.CIFRA SIN  AÑO DE REFERENCIA":107,"2004":1,"2005":0,"2007":2,"2008":7,"2009":9,"2010":15,"2011":18,"2012":18,"2013":17,"2014":16,"2015":22,"2016":21,"2017":38,"2018":52,"2019":108,"2020":378,"2021":134},"Indeterminado":{"1.CIFRA SIN  AÑO DE REFERENCIA":0,"2004":0,"2005":0,"2007":0,"2008":0,"2009":0,"2010":0,"2011":0,"2012":0,"2013":0,"2014":0,"2015":0,"2016":0,"2017":0,"2018":0,"2019":0,"2020":0,"2021":0},"Mujer":{"1.CIFRA SIN  AÑO DE REFERENCIA":24,"2004":0,"2005":1,"2007":0,"2008":1,"2009":2,"2010":8,"2011":17,"2012":6,"2013":2,"2014":5,"2015":1,"2016":5,"2017":8,"2018":8,"2019":20,"2020":65,"2021":25}},"mensual_ultimo_anio":{"Hombre":{"2020-DICIEMBRE":6,"2020-NOVIEMBRE":30,"2020-OCTUBRE":13,"2020-SEPTIEMBRE":20,"2021-ABRIL":12,"2021-AGOSTO":1,"2021-ENERO":35,"2021-FEBRERO":18,"2021-JULIO":17,"2021-JUNIO":11,"2021-MARZO":19,"2021-MAYO":21},"Indeterminado":{"2020-DICIEMBRE":0,"2020-NOVIEMBRE":0,"2020-OCTUBRE":0,"2020-SEPTIEMBRE":0,"2021-ABRIL":0,"2021-AGOSTO":0,"2021-ENERO":0,"2021-FEBRERO":0,"2021-JULIO":0,"2021-JUNIO":0,"2021-MARZO":0,"2021-MAYO":0},"Mujer":{"2020-DICIEMBRE":0,"2020-NOVIEMBRE":6,"2020-OCTUBRE":4,"2020-SEPTIEMBRE":6,"2021-ABRIL":6,"2021-AGOSTO":0,"2021-ENERO":1,"2021-FEBRERO":2,"2021-JULIO":5,"2021-JUNIO":2,"2021-MARZO":6,"2021-MAYO":3}},"por_edad":{"Hombres":{"0":2,"10":2,"11":1,"12":2,"13":0,"14":4,"15":4,"16":8,"17":7,"18":12,"19":20,"2":2,"20":19,"21":15,"22":31,"23":22,"24":36,"25":43,"26":21,"27":31,"28":21,"29":33,"3":1,"30":45,"31":27,"32":29,"33":23,"34":21,"35":32,"36":28,"37":27,"38":22,"39":21,"40":20,"41":22,"42":21,"43":13,"44":16,"45":13,"46":21,"47":20,"48":17,"49":13,"5":2,"50":14,"51":9,"52":7,"53":13,"54":9,"55":6,"56":7,"57":3,"58":7,"59":3,"6":1,"60":8,"61":2,"62":4,"63":2,"64":1,"65":2,"66":4,"67":0,"69":5,"7":1,"70":0,"72":2,"75":0,"76":1,"78":1,"79":0,"8":1,"80":1,"81":2,"87":0,"89":1,"90":1,"SIN EDAD DE REFERENCIA":55},"Indeterminado":{"0":0,"10":0,"11":0,"12":0,"13":0,"14":0,"15":0,"16":0,"17":0,"18":0,"19":0,"2":0,"20":0,"21":0,"22":0,"23":0,"24":0,"25":0,"26":0,"27":0,"28":0,"29":0,"3":0,"30":0,"31":0,"32":0,"33":0,"34":0,"35":0,"36":0,"37":0,"38":0,"39":0,"40":0,"41":0,"42":0,"43":0,"44":0,"45":0,"46":0,"47":0,"48":0,"49":0,"5":0,"50":0,"51":0,"52":0,"53":0,"54":0,"55":0,"56":0,"57":0,"58":0,"59":0,"6":0,"60":0,"61":0,"62":0,"63":0,"64":0,"65":0,"66":0,"67":0,"69":0,"7":0,"70":0,"72":0,"75":0,"76":0,"78":0,"79":0,"8":0,"80":0,"81":0,"87":0,"89":0,"90":0,"SIN EDAD DE REFERENCIA":0},"Mujeres":{"0":0,"10":0,"11":3,"12":3,"13":2,"14":0,"15":2,"16":4,"17":3,"18":8,"19":7,"2":0,"20":7,"21":4,"22":5,"23":8,"24":5,"25":8,"26":6,"27":4,"28":7,"29":2,"3":3,"30":8,"31":4,"32":4,"33":5,"34":4,"35":6,"36":5,"37":4,"38":2,"39":3,"40":3,"41":1,"42":2,"43":6,"44":5,"45":1,"46":2,"47":1,"48":2,"49":2,"5":3,"50":2,"51":0,"52":2,"53":1,"54":1,"55":3,"56":2,"57":0,"58":0,"59":3,"6":0,"60":1,"61":1,"62":1,"63":0,"64":1,"65":1,"66":0,"67":1,"69":1,"7":1,"70":3,"72":0,"75":1,"76":0,"78":0,"79":1,"8":0,"80":0,"81":0,"87":1,"89":0,"90":0,"SIN EDAD DE REFERENCIA":6}},"por_nacionalidad":{"Hombres":{"CANADIENSE":3,"COLOMBIANA":1,"ESTADOUNIDENSE":3,"MEXICANA":921,"PERUANA":0,"SALVADORENA":1,"SE DESCONOCE":34},"Indeterminado":{"CANADIENSE":0,"COLOMBIANA":0,"ESTADOUNIDENSE":0,"MEXICANA":0,"PERUANA":0,"SALVADORENA":0,"SE DESCONOCE":0},"Mujeres":{"CANADIENSE":0,"COLOMBIANA":0,"ESTADOUNIDENSE":0,"MEXICANA":191,"PERUANA":1,"SALVADORENA":0,"SE DESCONOCE":6}}}