{"totales":{"PorcentajeDesaparecidos":"85.23","PorcentajeLocalizados":"14.77","PorcentajeLocalizadosCV":"78.16","PorcentajeLocalizadosSV":"21.84","PorcentajeSoloDesaparecidos":"98.61","PorcentajeSoloNoLocalizados":"1.39","TotalDesaparecidos":"502","TotalGlobal":"589","TotalLocalizados":"87","TotalLocalizadosCV":"68","TotalLocalizadosSV":"19","TotalSoloDesaparecidos":"495","TotalSoloNoLocalizados":"07"},"espacial":{"Hombre":{"AGUASCALIENTES":13,"BAJA CALIFORNIA":9,"BAJA CALIFORNIA SUR":11,"CHIAPAS":1,"CHIHUAHUA":14,"CIUDAD DE MEXICO":34,"COAHUILA":26,"COLIMA":4,"DURANGO":6,"ESTADO DE MEXICO":19,"GUANAJUATO":3,"GUERRERO":145,"HIDALGO":3,"JALISCO":23,"MICHOACAN ":15,"MORELOS":3,"NAYARIT":11,"NUEVO LEON":25,"OAXACA":7,"PUEBLA":2,"QUERETARO ":1,"QUINTANA ROO":1,"SAN LUIS POTOSI":3,"SE DESCONOCE":2,"SINALOA":25,"SONORA":6,"TABASCO":1,"TAMAULIPAS":32,"TLAXCALA":1,"VERACRUZ ":70,"YUCATAN":1,"ZACATECAS":5},"Indeterminado":{"AGUASCALIENTES":0,"BAJA CALIFORNIA":0,"BAJA CALIFORNIA SUR":0,"CHIAPAS":0,"CHIHUAHUA":0,"CIUDAD DE MEXICO":1,"COAHUILA":0,"COLIMA":0,"DURANGO":0,"ESTADO DE MEXICO":0,"GUANAJUATO":0,"GUERRERO":1,"HIDALGO":0,"JALISCO":0,"MICHOACAN ":0,"MORELOS":0,"NAYARIT":0,"NUEVO LEON":0,"OAXACA":0,"PUEBLA":0,"QUERETARO ":0,"QUINTANA ROO":0,"SAN LUIS POTOSI":0,"SE DESCONOCE":0,"SINALOA":0,"SONORA":0,"TABASCO":0,"TAMAULIPAS":0,"TLAXCALA":0,"VERACRUZ ":0,"YUCATAN":0,"ZACATECAS":0},"Mujer":{"AGUASCALIENTES":3,"BAJA CALIFORNIA":0,"BAJA CALIFORNIA SUR":2,"CHIAPAS":1,"CHIHUAHUA":3,"CIUDAD DE MEXICO":9,"COAHUILA":4,"COLIMA":1,"DURANGO":1,"ESTADO DE MEXICO":4,"GUANAJUATO":0,"GUERRERO":10,"HIDALGO":2,"JALISCO":3,"MICHOACAN ":1,"MORELOS":4,"NAYARIT":1,"NUEVO LEON":1,"OAXACA":2,"PUEBLA":0,"QUERETARO ":0,"QUINTANA ROO":0,"SAN LUIS POTOSI":0,"SE DESCONOCE":0,"SINALOA":2,"SONORA":0,"TABASCO":0,"TAMAULIPAS":6,"TLAXCALA":0,"VERACRUZ ":4,"YUCATAN":0,"ZACATECAS":1}},"anual":{"Hombre":{"1.CIFRA SIN  AÑO DE REFERENCIA":85,"1967":1,"1968":1,"1971":2,"1972":5,"1973":5,"1974":65,"1975":41,"1976":34,"1977":15,"1978":4,"1979":2,"1981":4,"1982":1,"1983":1,"2004":0,"2006":1,"2007":1,"2008":4,"2009":9,"2010":12,"2011":13,"2012":8,"2013":13,"2014":19,"2015":5,"2016":8,"2017":14,"2018":44,"2019":31,"2020":53,"2021":21},"Indeterminado":{"1.CIFRA SIN  AÑO DE REFERENCIA":0,"1967":0,"1968":0,"1971":0,"1972":0,"1973":0,"1974":0,"1975":2,"1976":0,"1977":0,"1978":0,"1979":0,"1981":0,"1982":0,"1983":0,"2004":0,"2006":0,"2007":0,"2008":0,"2009":0,"2010":0,"2011":0,"2012":0,"2013":0,"2014":0,"2015":0,"2016":0,"2017":0,"2018":0,"2019":0,"2020":0,"2021":0},"Mujer":{"1.CIFRA SIN  AÑO DE REFERENCIA":11,"1967":0,"1968":0,"1971":0,"1972":1,"1973":1,"1974":3,"1975":6,"1976":4,"1977":1,"1978":1,"1979":1,"1981":0,"1982":1,"1983":0,"2004":1,"2006":0,"2007":0,"2008":1,"2009":1,"2010":0,"2011":0,"2012":1,"2013":1,"2014":2,"2015":2,"2016":0,"2017":4,"2018":4,"2019":5,"2020":11,"2021":2}},"mensual_ultimo_anio":{"Hombre":{"2020-AGOSTO":4,"2020-DICIEMBRE":2,"2020-NOVIEMBRE":4,"2020-OCTUBRE":2,"2020-SEPTIEMBRE":4,"2021-ABRIL":3,"2021-ENERO":2,"2021-FEBRERO":3,"2021-JULIO":2,"2021-JUNIO":2,"2021-MARZO":3,"2021-MAYO":6},"Indeterminado":{"2020-AGOSTO":0,"2020-DICIEMBRE":0,"2020-NOVIEMBRE":0,"2020-OCTUBRE":0,"2020-SEPTIEMBRE":0,"2021-ABRIL":0,"2021-ENERO":0,"2021-FEBRERO":0,"2021-JULIO":0,"2021-JUNIO":0,"2021-MARZO":0,"2021-MAYO":0},"Mujer":{"2020-AGOSTO":2,"2020-DICIEMBRE":1,"2020-NOVIEMBRE":0,"2020-OCTUBRE":1,"2020-SEPTIEMBRE":1,"2021-ABRIL":1,"2021-ENERO":0,"2021-FEBRERO":0,"2021-JULIO":0,"2021-JUNIO":0,"2021-MARZO":1,"2021-MAYO":0}},"por_edad":{"Hombres":{"1":1,"11":1,"14":1,"15":2,"16":8,"17":11,"18":6,"19":15,"2":0,"20":16,"21":16,"22":11,"23":17,"24":13,"25":14,"26":11,"27":10,"28":12,"29":9,"3":1,"30":10,"31":7,"32":7,"33":11,"34":9,"35":5,"36":9,"37":4,"38":5,"39":5,"4":2,"40":4,"41":4,"42":2,"43":2,"44":5,"45":1,"46":1,"47":4,"48":4,"49":1,"5":0,"50":2,"51":2,"52":1,"53":1,"54":2,"56":2,"57":2,"60":2,"63":1,"70":1,"77":1,"96":1,"SIN EDAD DE REFERENCIA":227},"Indeterminado":{"1":0,"11":0,"14":0,"15":0,"16":0,"17":0,"18":0,"19":0,"2":0,"20":0,"21":0,"22":0,"23":0,"24":0,"25":0,"26":0,"27":0,"28":0,"29":0,"3":0,"30":0,"31":0,"32":0,"33":0,"34":0,"35":0,"36":0,"37":0,"38":0,"39":0,"4":0,"40":0,"41":0,"42":0,"43":0,"44":0,"45":0,"46":0,"47":0,"48":0,"49":0,"5":0,"50":0,"51":0,"52":0,"53":0,"54":0,"56":0,"57":0,"60":0,"63":0,"70":0,"77":0,"96":0,"SIN EDAD DE REFERENCIA":2},"Mujeres":{"1":0,"11":0,"14":0,"15":1,"16":2,"17":3,"18":3,"19":2,"2":1,"20":1,"21":1,"22":1,"23":2,"24":2,"25":2,"26":0,"27":2,"28":0,"29":2,"3":0,"30":0,"31":0,"32":0,"33":1,"34":0,"35":1,"36":0,"37":2,"38":0,"39":1,"4":0,"40":1,"41":0,"42":2,"43":1,"44":2,"45":0,"46":0,"47":0,"48":0,"49":0,"5":1,"50":0,"51":0,"52":0,"53":0,"54":0,"56":0,"57":0,"60":0,"63":0,"70":0,"77":0,"96":0,"SIN EDAD DE REFERENCIA":28}},"por_nacionalidad":{"Hombres":{"COLOMBIANA":2,"ESTADOUNIDENSE":1,"MEXICANA":379,"PERUANA":0,"SE DESCONOCE":139,"VENEZOLANA":1},"Indeterminado":{"COLOMBIANA":0,"ESTADOUNIDENSE":0,"MEXICANA":0,"PERUANA":0,"SE DESCONOCE":2,"VENEZOLANA":0},"Mujeres":{"COLOMBIANA":0,"ESTADOUNIDENSE":0,"MEXICANA":45,"PERUANA":1,"SE DESCONOCE":19,"VENEZOLANA":0}}}