{"totales":{"PorcentajeDesaparecidos":"55.82","PorcentajeLocalizados":"44.18","PorcentajeLocalizadosCV":"90.58","PorcentajeLocalizadosSV":"9.42","PorcentajeSoloDesaparecidos":"86.22","PorcentajeSoloNoLocalizados":"13.78","TotalDesaparecidos":"791","TotalGlobal":"1417","TotalLocalizados":"626","TotalLocalizadosCV":"567","TotalLocalizadosSV":"59","TotalSoloDesaparecidos":"682","TotalSoloNoLocalizados":"109"},"espacial":{"Hombre":{"AGUASCALIENTES":0,"BAJA CALIFORNIA":12,"BAJA CALIFORNIA SUR":12,"CAMPECHE":1,"CHIAPAS":9,"CHIHUAHUA":110,"CIUDAD DE MEXICO":73,"COAHUILA":26,"COLIMA":4,"DURANGO":19,"ESTADO DE MEXICO":70,"GUANAJUATO":5,"GUERRERO":14,"HIDALGO":19,"JALISCO":125,"MICHOACAN ":91,"MORELOS":23,"NAYARIT":16,"NUEVO LEON":26,"OAXACA":5,"PUEBLA":19,"QUERETARO ":13,"QUINTANA ROO":18,"SAN LUIS POTOSI":2,"SE DESCONOCE":4,"SINALOA":25,"SONORA":18,"TABASCO":2,"TAMAULIPAS":23,"TLAXCALA":3,"VERACRUZ ":71,"YUCATAN":4,"ZACATECAS":15},"Indeterminado":{"AGUASCALIENTES":0,"BAJA CALIFORNIA":0,"BAJA CALIFORNIA SUR":0,"CAMPECHE":0,"CHIAPAS":0,"CHIHUAHUA":0,"CIUDAD DE MEXICO":0,"COAHUILA":0,"COLIMA":0,"DURANGO":0,"ESTADO DE MEXICO":1,"GUANAJUATO":0,"GUERRERO":0,"HIDALGO":0,"JALISCO":0,"MICHOACAN ":0,"MORELOS":0,"NAYARIT":0,"NUEVO LEON":0,"OAXACA":0,"PUEBLA":0,"QUERETARO ":0,"QUINTANA ROO":0,"SAN LUIS POTOSI":0,"SE DESCONOCE":0,"SINALOA":0,"SONORA":0,"TABASCO":0,"TAMAULIPAS":0,"TLAXCALA":0,"VERACRUZ ":0,"YUCATAN":0,"ZACATECAS":0},"Mujer":{"AGUASCALIENTES":1,"BAJA CALIFORNIA":5,"BAJA CALIFORNIA SUR":2,"CAMPECHE":0,"CHIAPAS":0,"CHIHUAHUA":79,"CIUDAD DE MEXICO":49,"COAHUILA":8,"COLIMA":5,"DURANGO":21,"ESTADO DE MEXICO":85,"GUANAJUATO":2,"GUERRERO":9,"HIDALGO":20,"JALISCO":67,"MICHOACAN ":20,"MORELOS":21,"NAYARIT":3,"NUEVO LEON":27,"OAXACA":4,"PUEBLA":10,"QUERETARO ":10,"QUINTANA ROO":7,"SAN LUIS POTOSI":6,"SE DESCONOCE":2,"SINALOA":6,"SONORA":8,"TABASCO":0,"TAMAULIPAS":7,"TLAXCALA":1,"VERACRUZ ":35,"YUCATAN":8,"ZACATECAS":11}},"anual":{"Hombre":{"1.CIFRA SIN  AÑO DE REFERENCIA":109,"1995":1,"2000":2,"2002":0,"2003":1,"2005":1,"2006":2,"2008":5,"2009":6,"2010":6,"2011":18,"2012":12,"2013":7,"2014":23,"2015":17,"2016":29,"2017":52,"2018":68,"2019":94,"2020":288,"2021":136},"Indeterminado":{"1.CIFRA SIN  AÑO DE REFERENCIA":0,"1995":0,"2000":0,"2002":0,"2003":0,"2005":0,"2006":0,"2008":0,"2009":0,"2010":0,"2011":0,"2012":0,"2013":0,"2014":0,"2015":0,"2016":0,"2017":0,"2018":0,"2019":0,"2020":1,"2021":0},"Mujer":{"1.CIFRA SIN  AÑO DE REFERENCIA":52,"1995":1,"2000":0,"2002":1,"2003":0,"2005":0,"2006":1,"2008":2,"2009":1,"2010":3,"2011":3,"2012":5,"2013":3,"2014":16,"2015":6,"2016":12,"2017":51,"2018":26,"2019":59,"2020":205,"2021":92}},"mensual_ultimo_anio":{"Hombre":{"2020-DICIEMBRE":23,"2020-NOVIEMBRE":23,"2020-OCTUBRE":25,"2020-SEPTIEMBRE":25,"2021-ABRIL":19,"2021-AGOSTO":1,"2021-ENERO":33,"2021-FEBRERO":16,"2021-JULIO":5,"2021-JUNIO":11,"2021-MARZO":29,"2021-MAYO":22},"Indeterminado":{"2020-DICIEMBRE":0,"2020-NOVIEMBRE":0,"2020-OCTUBRE":0,"2020-SEPTIEMBRE":0,"2021-ABRIL":0,"2021-AGOSTO":0,"2021-ENERO":0,"2021-FEBRERO":0,"2021-JULIO":0,"2021-JUNIO":0,"2021-MARZO":0,"2021-MAYO":0},"Mujer":{"2020-DICIEMBRE":15,"2020-NOVIEMBRE":16,"2020-OCTUBRE":13,"2020-SEPTIEMBRE":18,"2021-ABRIL":10,"2021-AGOSTO":0,"2021-ENERO":28,"2021-FEBRERO":15,"2021-JULIO":5,"2021-JUNIO":6,"2021-MARZO":20,"2021-MAYO":8}},"por_edad":{"Hombres":{"0":0,"1":1,"10":3,"11":0,"12":1,"13":1,"14":3,"15":12,"16":18,"17":13,"18":14,"19":21,"2":2,"20":20,"21":22,"22":23,"23":25,"24":17,"25":39,"26":25,"27":37,"28":35,"29":27,"3":2,"30":31,"31":36,"32":24,"33":27,"34":32,"35":15,"36":18,"37":24,"38":22,"39":19,"4":2,"40":18,"41":6,"42":14,"43":14,"44":7,"45":16,"46":15,"47":11,"48":10,"49":13,"5":2,"50":11,"51":11,"52":10,"53":8,"54":6,"55":7,"56":11,"57":4,"58":5,"59":4,"6":0,"60":7,"61":5,"62":6,"63":1,"64":6,"65":6,"66":2,"67":4,"68":0,"69":1,"7":1,"71":1,"73":1,"74":1,"8":1,"87":1,"89":0,"9":0,"99":0,"SIN EDAD DE REFERENCIA":19},"Indeterminado":{"0":0,"1":0,"10":0,"11":0,"12":0,"13":0,"14":0,"15":0,"16":0,"17":0,"18":0,"19":0,"2":0,"20":0,"21":1,"22":0,"23":0,"24":0,"25":0,"26":0,"27":0,"28":0,"29":0,"3":0,"30":0,"31":0,"32":0,"33":0,"34":0,"35":0,"36":0,"37":0,"38":0,"39":0,"4":0,"40":0,"41":0,"42":0,"43":0,"44":0,"45":0,"46":0,"47":0,"48":0,"49":0,"5":0,"50":0,"51":0,"52":0,"53":0,"54":0,"55":0,"56":0,"57":0,"58":0,"59":0,"6":0,"60":0,"61":0,"62":0,"63":0,"64":0,"65":0,"66":0,"67":0,"68":0,"69":0,"7":0,"71":0,"73":0,"74":0,"8":0,"87":0,"89":0,"9":0,"99":0,"SIN EDAD DE REFERENCIA":0},"Mujeres":{"0":1,"1":2,"10":3,"11":5,"12":5,"13":18,"14":28,"15":45,"16":31,"17":31,"18":18,"19":20,"2":0,"20":23,"21":24,"22":24,"23":14,"24":18,"25":14,"26":17,"27":17,"28":11,"29":14,"3":1,"30":13,"31":8,"32":10,"33":4,"34":3,"35":7,"36":7,"37":13,"38":10,"39":1,"4":4,"40":5,"41":3,"42":4,"43":4,"44":4,"45":6,"46":2,"47":6,"48":7,"49":3,"5":0,"50":1,"51":2,"52":2,"53":4,"54":0,"55":0,"56":1,"57":1,"58":0,"59":2,"6":2,"60":1,"61":0,"62":0,"63":0,"64":2,"65":2,"66":1,"67":0,"68":1,"69":0,"7":0,"71":1,"73":0,"74":0,"8":0,"87":0,"89":1,"9":1,"99":1,"SIN EDAD DE REFERENCIA":5}},"por_nacionalidad":{"Hombres":{"ALEMANA":0,"BELICENA":0,"CANADIENSE":1,"COLOMBIANA":6,"COSTARRICENSE":1,"CROATA":1,"CUBANA":1,"ESTADOUNIDENSE":4,"GUATEMALTECA":3,"HONDUREÑA":3,"MEXICANA":806,"NEOZELANDESA":1,"NICARAGUENSE":0,"PAQUISTANI":1,"POLACA":1,"SALVADORENA":2,"SE DESCONOCE":46,"VENEZOLANA":0},"Indeterminado":{"ALEMANA":0,"BELICENA":0,"CANADIENSE":0,"COLOMBIANA":0,"COSTARRICENSE":0,"CROATA":0,"CUBANA":0,"ESTADOUNIDENSE":0,"GUATEMALTECA":0,"HONDUREÑA":0,"MEXICANA":1,"NEOZELANDESA":0,"NICARAGUENSE":0,"PAQUISTANI":0,"POLACA":0,"SALVADORENA":0,"SE DESCONOCE":0,"VENEZOLANA":0},"Mujeres":{"ALEMANA":1,"BELICENA":1,"CANADIENSE":0,"COLOMBIANA":2,"COSTARRICENSE":0,"CROATA":0,"CUBANA":0,"ESTADOUNIDENSE":2,"GUATEMALTECA":1,"HONDUREÑA":1,"MEXICANA":500,"NEOZELANDESA":0,"NICARAGUENSE":1,"PAQUISTANI":0,"POLACA":0,"SALVADORENA":0,"SE DESCONOCE":28,"VENEZOLANA":2}}}