{"totales":{"PorcentajeDesaparecidos":"22.25","PorcentajeLocalizados":"77.75","PorcentajeLocalizadosCV":"98.90","PorcentajeLocalizadosSV":"1.10","PorcentajeSoloDesaparecidos":"71.43","PorcentajeSoloNoLocalizados":"28.57","TotalDesaparecidos":"469","TotalGlobal":"2108","TotalLocalizados":"1639","TotalLocalizadosCV":"1621","TotalLocalizadosSV":"18","TotalSoloDesaparecidos":"335","TotalSoloNoLocalizados":"134"},"espacial":{"Hombre":{"AGUASCALIENTES":44,"BAJA CALIFORNIA":2,"BAJA CALIFORNIA SUR":15,"CAMPECHE":1,"CHIAPAS":0,"CHIHUAHUA":73,"CIUDAD DE MEXICO":43,"COAHUILA":9,"COLIMA":3,"DURANGO":35,"ESTADO DE MEXICO":239,"GUANAJUATO":3,"GUERRERO":6,"HIDALGO":15,"JALISCO":51,"MICHOACAN ":9,"MORELOS":26,"NAYARIT":3,"NUEVO LEON":59,"OAXACA":6,"PUEBLA":15,"QUERETARO ":11,"QUINTANA ROO":4,"SAN LUIS POTOSI":7,"SINALOA":6,"SONORA":3,"TABASCO":2,"TAMAULIPAS":4,"TLAXCALA":0,"VERACRUZ ":56,"YUCATAN":3,"ZACATECAS":5},"Indeterminado":{"AGUASCALIENTES":0,"BAJA CALIFORNIA":0,"BAJA CALIFORNIA SUR":0,"CAMPECHE":0,"CHIAPAS":0,"CHIHUAHUA":0,"CIUDAD DE MEXICO":0,"COAHUILA":0,"COLIMA":0,"DURANGO":0,"ESTADO DE MEXICO":0,"GUANAJUATO":0,"GUERRERO":0,"HIDALGO":0,"JALISCO":0,"MICHOACAN ":0,"MORELOS":0,"NAYARIT":0,"NUEVO LEON":0,"OAXACA":0,"PUEBLA":0,"QUERETARO ":0,"QUINTANA ROO":0,"SAN LUIS POTOSI":0,"SINALOA":0,"SONORA":0,"TABASCO":0,"TAMAULIPAS":0,"TLAXCALA":0,"VERACRUZ ":0,"YUCATAN":0,"ZACATECAS":0},"Mujer":{"AGUASCALIENTES":72,"BAJA CALIFORNIA":3,"BAJA CALIFORNIA SUR":11,"CAMPECHE":0,"CHIAPAS":3,"CHIHUAHUA":193,"CIUDAD DE MEXICO":34,"COAHUILA":9,"COLIMA":1,"DURANGO":74,"ESTADO DE MEXICO":500,"GUANAJUATO":1,"GUERRERO":9,"HIDALGO":36,"JALISCO":55,"MICHOACAN ":10,"MORELOS":51,"NAYARIT":5,"NUEVO LEON":80,"OAXACA":5,"PUEBLA":15,"QUERETARO ":5,"QUINTANA ROO":8,"SAN LUIS POTOSI":30,"SINALOA":1,"SONORA":2,"TABASCO":1,"TAMAULIPAS":2,"TLAXCALA":3,"VERACRUZ ":100,"YUCATAN":13,"ZACATECAS":18}},"anual":{"Hombre":{"1.CIFRA SIN  AÑO DE REFERENCIA":70,"1980":1,"1991":0,"1998":1,"2001":2,"2003":0,"2004":0,"2006":1,"2008":2,"2009":2,"2010":5,"2011":2,"2012":0,"2013":4,"2014":23,"2015":2,"2016":11,"2017":26,"2018":53,"2019":142,"2020":287,"2021":124},"Indeterminado":{"1.CIFRA SIN  AÑO DE REFERENCIA":0,"1980":0,"1991":0,"1998":0,"2001":0,"2003":0,"2004":0,"2006":0,"2008":0,"2009":0,"2010":0,"2011":0,"2012":0,"2013":0,"2014":0,"2015":0,"2016":0,"2017":0,"2018":0,"2019":0,"2020":0,"2021":0},"Mujer":{"1.CIFRA SIN  AÑO DE REFERENCIA":92,"1980":0,"1991":1,"1998":0,"2001":1,"2003":1,"2004":1,"2006":1,"2008":2,"2009":0,"2010":3,"2011":3,"2012":5,"2013":2,"2014":38,"2015":5,"2016":42,"2017":97,"2018":143,"2019":249,"2020":508,"2021":156}},"mensual_ultimo_anio":{"Hombre":{"2020-AGOSTO":20,"2020-DICIEMBRE":16,"2020-NOVIEMBRE":26,"2020-OCTUBRE":14,"2020-SEPTIEMBRE":14,"2021-ABRIL":21,"2021-ENERO":15,"2021-FEBRERO":18,"2021-JULIO":8,"2021-JUNIO":9,"2021-MARZO":35,"2021-MAYO":18},"Indeterminado":{"2020-AGOSTO":0,"2020-DICIEMBRE":0,"2020-NOVIEMBRE":0,"2020-OCTUBRE":0,"2020-SEPTIEMBRE":0,"2021-ABRIL":0,"2021-ENERO":0,"2021-FEBRERO":0,"2021-JULIO":0,"2021-JUNIO":0,"2021-MARZO":0,"2021-MAYO":0},"Mujer":{"2020-AGOSTO":24,"2020-DICIEMBRE":23,"2020-NOVIEMBRE":20,"2020-OCTUBRE":20,"2020-SEPTIEMBRE":14,"2021-ABRIL":32,"2021-ENERO":10,"2021-FEBRERO":30,"2021-JULIO":13,"2021-JUNIO":11,"2021-MARZO":42,"2021-MAYO":18}},"por_edad":{"Hombres":{"0":0,"1":17,"10":14,"11":5,"12":14,"13":34,"14":37,"15":63,"16":45,"17":33,"18":13,"19":23,"2":14,"20":11,"21":13,"22":7,"23":10,"24":10,"25":13,"26":13,"27":11,"28":20,"29":7,"3":13,"30":13,"31":5,"32":13,"33":12,"34":10,"35":12,"36":9,"37":15,"38":10,"39":9,"4":12,"40":3,"41":2,"42":10,"43":8,"44":5,"45":6,"46":4,"47":2,"48":6,"49":6,"5":11,"50":3,"51":7,"52":1,"53":3,"54":4,"55":4,"56":1,"57":0,"58":2,"59":2,"6":5,"60":1,"61":2,"62":0,"63":4,"64":4,"65":7,"66":3,"67":1,"69":1,"7":7,"70":1,"71":1,"72":3,"73":3,"74":0,"75":0,"77":2,"78":0,"79":0,"8":6,"81":2,"82":0,"83":1,"84":1,"86":1,"87":0,"88":1,"89":1,"9":5,"90":0,"91":1,"97":1,"98":1,"SIN EDAD DE REFERENCIA":42},"Indeterminado":{"0":0,"1":0,"10":0,"11":0,"12":0,"13":0,"14":0,"15":0,"16":0,"17":0,"18":0,"19":0,"2":0,"20":0,"21":0,"22":0,"23":0,"24":0,"25":0,"26":0,"27":0,"28":0,"29":0,"3":0,"30":0,"31":0,"32":0,"33":0,"34":0,"35":0,"36":0,"37":0,"38":0,"39":0,"4":0,"40":0,"41":0,"42":0,"43":0,"44":0,"45":0,"46":0,"47":0,"48":0,"49":0,"5":0,"50":0,"51":0,"52":0,"53":0,"54":0,"55":0,"56":0,"57":0,"58":0,"59":0,"6":0,"60":0,"61":0,"62":0,"63":0,"64":0,"65":0,"66":0,"67":0,"69":0,"7":0,"70":0,"71":0,"72":0,"73":0,"74":0,"75":0,"77":0,"78":0,"79":0,"8":0,"81":0,"82":0,"83":0,"84":0,"86":0,"87":0,"88":0,"89":0,"9":0,"90":0,"91":0,"97":0,"98":0,"SIN EDAD DE REFERENCIA":0},"Mujeres":{"0":3,"1":14,"10":6,"11":14,"12":34,"13":114,"14":144,"15":165,"16":149,"17":108,"18":39,"19":38,"2":8,"20":28,"21":21,"22":28,"23":18,"24":16,"25":15,"26":13,"27":25,"28":16,"29":9,"3":20,"30":15,"31":9,"32":8,"33":11,"34":14,"35":9,"36":9,"37":15,"38":9,"39":6,"4":13,"40":6,"41":2,"42":0,"43":6,"44":2,"45":1,"46":8,"47":4,"48":6,"49":1,"5":14,"50":2,"51":3,"52":2,"53":0,"54":4,"55":0,"56":1,"57":2,"58":2,"59":3,"6":12,"60":3,"61":1,"62":1,"63":0,"64":0,"65":1,"66":0,"67":3,"69":0,"7":7,"70":1,"71":1,"72":3,"73":1,"74":1,"75":2,"77":0,"78":1,"79":1,"8":12,"81":1,"82":1,"83":0,"84":0,"86":0,"87":1,"88":0,"89":1,"9":3,"90":1,"91":0,"97":0,"98":0,"SIN EDAD DE REFERENCIA":59}},"por_nacionalidad":{"Hombres":{"BELICENA":0,"CANADIENSE":1,"ESTADOUNIDENSE":2,"FILIPINA":0,"HONDUREÑA":0,"MEXICANA":723,"SALVADORENA":1,"SE DESCONOCE":31},"Indeterminado":{"BELICENA":0,"CANADIENSE":0,"ESTADOUNIDENSE":0,"FILIPINA":0,"HONDUREÑA":0,"MEXICANA":0,"SALVADORENA":0,"SE DESCONOCE":0},"Mujeres":{"BELICENA":1,"CANADIENSE":1,"ESTADOUNIDENSE":6,"FILIPINA":1,"HONDUREÑA":1,"MEXICANA":1310,"SALVADORENA":0,"SE DESCONOCE":30}}}