{"totales":{"PorcentajeDesaparecidos":"7.32","PorcentajeLocalizados":"92.68","PorcentajeLocalizadosCV":"97.42","PorcentajeLocalizadosSV":"2.58","PorcentajeSoloDesaparecidos":"78.50","PorcentajeSoloNoLocalizados":"21.50","TotalDesaparecidos":"321","TotalGlobal":"4388","TotalLocalizados":"4067","TotalLocalizadosCV":"3962","TotalLocalizadosSV":"105","TotalSoloDesaparecidos":"252","TotalSoloNoLocalizados":"69"},"espacial":{"Hombres":{"AGUASCALIENTES":1576,"ASIENTOS":13,"CALVILLO":35,"COSÍO":9,"EL LLANO":7,"JESÚS MARÍA":86,"PABELLÓN DE ARTEAGA":24,"RINCÓN DE ROMOS":29,"SAN FRANCISCO DE LOS ROMO":48,"SAN JOSÉ DE GRACIA":4,"SE DESCONOCE":5,"SIN MUNICIPIO DE REFERENCIA":4,"TEPEZALA":8},"Indeterminado":{"AGUASCALIENTES":1,"ASIENTOS":0,"CALVILLO":0,"COSÍO":0,"EL LLANO":0,"JESÚS MARÍA":0,"PABELLÓN DE ARTEAGA":0,"RINCÓN DE ROMOS":0,"SAN FRANCISCO DE LOS ROMO":0,"SAN JOSÉ DE GRACIA":0,"SE DESCONOCE":0,"SIN MUNICIPIO DE REFERENCIA":2,"TEPEZALA":0},"Mujeres":{"AGUASCALIENTES":2186,"ASIENTOS":25,"CALVILLO":24,"COSÍO":7,"EL LLANO":9,"JESÚS MARÍA":150,"PABELLÓN DE ARTEAGA":40,"RINCÓN DE ROMOS":28,"SAN FRANCISCO DE LOS ROMO":46,"SAN JOSÉ DE GRACIA":9,"SE DESCONOCE":4,"SIN MUNICIPIO DE REFERENCIA":4,"TEPEZALA":5}},"anual":{"Hombre":{"1.CIFRA SIN  AÑO DE REFERENCIA":8,"2002":1,"2007":19,"2008":16,"2009":35,"2010":18,"2011":33,"2012":37,"2013":129,"2014":154,"2015":188,"2016":176,"2017":233,"2018":269,"2019":298,"2020":231,"2021":3},"Indeterminado":{"1.CIFRA SIN  AÑO DE REFERENCIA":0,"2002":0,"2007":0,"2008":0,"2009":0,"2010":1,"2011":0,"2012":0,"2013":0,"2014":0,"2015":0,"2016":0,"2017":0,"2018":1,"2019":0,"2020":1,"2021":0},"Mujer":{"1.CIFRA SIN  AÑO DE REFERENCIA":5,"2002":0,"2007":19,"2008":1,"2009":40,"2010":12,"2011":79,"2012":57,"2013":242,"2014":274,"2015":312,"2016":273,"2017":329,"2018":314,"2019":329,"2020":251,"2021":0}},"mensual_ultimo_anio":{"Hombre":{"2020-ABRIL":17,"2020-AGOSTO":18,"2020-DICIEMBRE":17,"2020-JULIO":25,"2020-JUNIO":14,"2020-MAYO":12,"2020-NOVIEMBRE":23,"2020-OCTUBRE":27,"2020-SEPTIEMBRE":19,"2021-ABRIL":1,"2021-ENERO":1,"2021-JUNIO":1},"Indeterminado":{"2020-ABRIL":0,"2020-AGOSTO":0,"2020-DICIEMBRE":0,"2020-JULIO":0,"2020-JUNIO":0,"2020-MAYO":0,"2020-NOVIEMBRE":0,"2020-OCTUBRE":0,"2020-SEPTIEMBRE":0,"2021-ABRIL":0,"2021-ENERO":0,"2021-JUNIO":0},"Mujer":{"2020-ABRIL":23,"2020-AGOSTO":19,"2020-DICIEMBRE":7,"2020-JULIO":27,"2020-JUNIO":15,"2020-MAYO":19,"2020-NOVIEMBRE":15,"2020-OCTUBRE":19,"2020-SEPTIEMBRE":19,"2021-ABRIL":0,"2021-ENERO":0,"2021-JUNIO":0}},"por_edad":{"Hombres":{"0":82,"1":16,"10":14,"11":27,"12":34,"13":72,"14":80,"15":78,"16":113,"17":100,"18":37,"19":48,"2":33,"20":30,"21":37,"22":34,"23":28,"24":48,"25":44,"26":36,"27":26,"28":30,"29":24,"3":33,"30":18,"31":27,"32":34,"33":25,"34":21,"35":23,"36":24,"37":26,"38":20,"39":20,"4":31,"40":22,"41":20,"42":20,"43":20,"44":16,"45":15,"46":19,"47":22,"48":11,"49":11,"5":20,"50":12,"51":11,"52":9,"53":11,"54":9,"55":9,"56":9,"57":7,"58":9,"59":2,"6":16,"60":4,"61":6,"62":6,"63":6,"64":4,"65":8,"66":4,"67":4,"68":6,"69":2,"7":14,"70":3,"71":2,"72":2,"73":5,"74":3,"75":8,"76":3,"77":0,"78":4,"79":1,"8":19,"80":4,"81":3,"82":2,"83":2,"84":2,"85":3,"86":2,"87":2,"88":1,"89":2,"9":15,"90":0,"92":1,"95":0,"SIN EDAD DE REFERENCIA":22},"Indeterminado":{"0":0,"1":0,"10":0,"11":0,"12":0,"13":0,"14":0,"15":0,"16":0,"17":0,"18":0,"19":0,"2":0,"20":0,"21":0,"22":0,"23":0,"24":0,"25":0,"26":0,"27":0,"28":0,"29":1,"3":0,"30":0,"31":0,"32":0,"33":0,"34":0,"35":0,"36":0,"37":0,"38":0,"39":0,"4":0,"40":0,"41":0,"42":0,"43":0,"44":0,"45":0,"46":0,"47":0,"48":0,"49":0,"5":0,"50":0,"51":0,"52":0,"53":0,"54":0,"55":0,"56":0,"57":0,"58":0,"59":0,"6":0,"60":0,"61":0,"62":0,"63":0,"64":0,"65":0,"66":0,"67":0,"68":0,"69":0,"7":0,"70":0,"71":0,"72":0,"73":0,"74":0,"75":0,"76":0,"77":0,"78":0,"79":0,"8":0,"80":0,"81":0,"82":0,"83":0,"84":0,"85":0,"86":0,"87":0,"88":0,"89":0,"9":0,"90":0,"92":0,"95":0,"SIN EDAD DE REFERENCIA":2},"Mujeres":{"0":97,"1":28,"10":10,"11":24,"12":88,"13":201,"14":338,"15":373,"16":295,"17":218,"18":80,"19":58,"2":30,"20":25,"21":44,"22":38,"23":34,"24":45,"25":24,"26":22,"27":23,"28":29,"29":19,"3":25,"30":19,"31":20,"32":15,"33":17,"34":18,"35":12,"36":11,"37":15,"38":7,"39":13,"4":17,"40":9,"41":5,"42":11,"43":7,"44":6,"45":8,"46":1,"47":5,"48":7,"49":3,"5":22,"50":5,"51":0,"52":4,"53":3,"54":1,"55":4,"56":3,"57":3,"58":2,"59":0,"6":7,"60":2,"61":2,"62":2,"63":3,"64":1,"65":0,"66":1,"67":0,"68":1,"69":2,"7":14,"70":1,"71":1,"72":2,"73":1,"74":3,"75":0,"76":0,"77":3,"78":0,"79":1,"8":15,"80":1,"81":0,"82":0,"83":0,"84":2,"85":0,"86":1,"87":0,"88":0,"89":0,"9":16,"90":1,"92":0,"95":2,"SIN EDAD DE REFERENCIA":11}},"por_nacionalidad":{"Hombres":{"BRASILENA":1,"ESTADOUNIDENSE":1,"HONDUREÑA":1,"MEXICANA":1795,"SE DESCONOCE":50,"SIN NACIONALIDAD DE REFERENCIA":0},"Indeterminado":{"BRASILENA":0,"ESTADOUNIDENSE":0,"HONDUREÑA":0,"MEXICANA":3,"SE DESCONOCE":0,"SIN NACIONALIDAD DE REFERENCIA":0},"Mujeres":{"BRASILENA":0,"ESTADOUNIDENSE":1,"HONDUREÑA":0,"MEXICANA":2505,"SE DESCONOCE":29,"SIN NACIONALIDAD DE REFERENCIA":2}}}