{"totales":{"PorcentajeDesaparecidos":"23.24","PorcentajeLocalizados":"76.76","PorcentajeLocalizadosCV":"93.14","PorcentajeLocalizadosSV":"6.86","PorcentajeSoloDesaparecidos":"92.10","PorcentajeSoloNoLocalizados":"7.90","TotalDesaparecidos":"658","TotalGlobal":"2831","TotalLocalizados":"2173","TotalLocalizadosCV":"2024","TotalLocalizadosSV":"149","TotalSoloDesaparecidos":"606","TotalSoloNoLocalizados":"52"},"espacial":{"Hombres":{"CANATLÁN":7,"CONETO DE COMONFORT":0,"CUENCAMÉ":2,"DURANGO":1321,"EL ORO":1,"GUADALUPE VICTORIA":5,"GÓMEZ PALACIO":156,"HIDALGO":4,"LERDO":35,"MAPIMÍ":2,"MEZQUITAL":5,"NUEVO IDEAL":3,"OCAMPO":1,"PEÑÓN BLANCO":3,"POANAS":1,"PUEBLO NUEVO":17,"PÁNUCO DE CORONADO":1,"RODEO":2,"SAN DIMAS":8,"SAN JUAN DEL RÍO":0,"SANTA CLARA":1,"SANTIAGO PAPASQUIARO":10,"SE DESCONOCE":7,"SIN MUNICIPIO DE REFERENCIA":7,"SÚCHIL":2,"TAMAZULA":5,"TEPEHUANES":3,"TLAHUALILO":0,"VICENTE GUERRERO":1},"Indeterminado":{"CANATLÁN":0,"CONETO DE COMONFORT":0,"CUENCAMÉ":0,"DURANGO":1,"EL ORO":0,"GUADALUPE VICTORIA":0,"GÓMEZ PALACIO":0,"HIDALGO":0,"LERDO":0,"MAPIMÍ":0,"MEZQUITAL":0,"NUEVO IDEAL":0,"OCAMPO":0,"PEÑÓN BLANCO":0,"POANAS":0,"PUEBLO NUEVO":0,"PÁNUCO DE CORONADO":0,"RODEO":0,"SAN DIMAS":0,"SAN JUAN DEL RÍO":0,"SANTA CLARA":0,"SANTIAGO PAPASQUIARO":0,"SE DESCONOCE":0,"SIN MUNICIPIO DE REFERENCIA":0,"SÚCHIL":0,"TAMAZULA":0,"TEPEHUANES":0,"TLAHUALILO":0,"VICENTE GUERRERO":0},"Mujeres":{"CANATLÁN":0,"CONETO DE COMONFORT":1,"CUENCAMÉ":0,"DURANGO":1051,"EL ORO":0,"GUADALUPE VICTORIA":2,"GÓMEZ PALACIO":93,"HIDALGO":0,"LERDO":41,"MAPIMÍ":0,"MEZQUITAL":0,"NUEVO IDEAL":0,"OCAMPO":1,"PEÑÓN BLANCO":0,"POANAS":2,"PUEBLO NUEVO":7,"PÁNUCO DE CORONADO":0,"RODEO":1,"SAN DIMAS":3,"SAN JUAN DEL RÍO":1,"SANTA CLARA":0,"SANTIAGO PAPASQUIARO":5,"SE DESCONOCE":0,"SIN MUNICIPIO DE REFERENCIA":2,"SÚCHIL":3,"TAMAZULA":1,"TEPEHUANES":2,"TLAHUALILO":1,"VICENTE GUERRERO":3}},"anual":{"Hombre":{"1.CIFRA SIN  AÑO DE REFERENCIA":79,"1987":1,"1991":1,"1997":1,"2000":1,"2002":4,"2003":3,"2004":2,"2005":1,"2006":4,"2007":24,"2008":28,"2009":59,"2010":217,"2011":123,"2012":82,"2013":43,"2014":51,"2015":61,"2016":39,"2017":65,"2018":146,"2019":356,"2020":185,"2021":34},"Indeterminado":{"1.CIFRA SIN  AÑO DE REFERENCIA":0,"1987":0,"1991":0,"1997":0,"2000":0,"2002":0,"2003":0,"2004":0,"2005":0,"2006":0,"2007":0,"2008":0,"2009":0,"2010":0,"2011":0,"2012":0,"2013":0,"2014":0,"2015":0,"2016":0,"2017":0,"2018":0,"2019":0,"2020":1,"2021":0},"Mujer":{"1.CIFRA SIN  AÑO DE REFERENCIA":107,"1987":0,"1991":0,"1997":0,"2000":0,"2002":1,"2003":0,"2004":1,"2005":1,"2006":2,"2007":21,"2008":33,"2009":43,"2010":20,"2011":23,"2012":52,"2013":35,"2014":91,"2015":68,"2016":56,"2017":43,"2018":156,"2019":291,"2020":156,"2021":20}},"mensual_ultimo_anio":{"Hombre":{"2020-AGOSTO":12,"2020-DICIEMBRE":7,"2020-NOVIEMBRE":3,"2020-OCTUBRE":3,"2020-SEPTIEMBRE":6,"2021-ABRIL":10,"2021-ENERO":1,"2021-FEBRERO":3,"2021-JULIO":3,"2021-JUNIO":4,"2021-MARZO":11,"2021-MAYO":2},"Indeterminado":{"2020-AGOSTO":0,"2020-DICIEMBRE":0,"2020-NOVIEMBRE":0,"2020-OCTUBRE":0,"2020-SEPTIEMBRE":0,"2021-ABRIL":0,"2021-ENERO":0,"2021-FEBRERO":0,"2021-JULIO":0,"2021-JUNIO":0,"2021-MARZO":0,"2021-MAYO":0},"Mujer":{"2020-AGOSTO":2,"2020-DICIEMBRE":5,"2020-NOVIEMBRE":3,"2020-OCTUBRE":2,"2020-SEPTIEMBRE":5,"2021-ABRIL":8,"2021-ENERO":2,"2021-FEBRERO":1,"2021-JULIO":3,"2021-JUNIO":1,"2021-MARZO":4,"2021-MAYO":1}},"por_edad":{"Hombres":{"0":12,"1":7,"10":11,"11":6,"12":17,"13":20,"14":22,"15":34,"16":52,"17":39,"18":30,"19":29,"2":10,"20":42,"21":44,"22":42,"23":55,"24":50,"25":43,"26":43,"27":50,"28":42,"29":48,"3":8,"30":37,"31":45,"32":31,"33":28,"34":25,"35":35,"36":27,"37":25,"38":35,"39":27,"4":10,"40":27,"41":20,"42":28,"43":29,"44":23,"45":30,"46":21,"47":13,"48":16,"49":21,"5":4,"50":9,"51":16,"52":18,"53":14,"54":13,"55":11,"56":12,"57":5,"58":10,"59":4,"6":4,"60":6,"61":3,"62":10,"63":5,"64":3,"65":6,"66":4,"67":2,"68":2,"69":4,"7":5,"70":2,"72":3,"73":1,"74":7,"75":4,"77":5,"78":5,"79":2,"8":5,"80":2,"81":3,"82":2,"83":1,"84":2,"85":1,"86":1,"87":1,"88":1,"89":0,"9":7,"90":2,"91":1,"92":1,"94":1,"97":1,"SIN EDAD DE REFERENCIA":70},"Indeterminado":{"0":0,"1":0,"10":0,"11":0,"12":0,"13":0,"14":0,"15":0,"16":0,"17":0,"18":0,"19":0,"2":0,"20":0,"21":0,"22":0,"23":0,"24":0,"25":0,"26":0,"27":0,"28":0,"29":0,"3":0,"30":0,"31":0,"32":0,"33":0,"34":0,"35":0,"36":0,"37":0,"38":0,"39":0,"4":0,"40":1,"41":0,"42":0,"43":0,"44":0,"45":0,"46":0,"47":0,"48":0,"49":0,"5":0,"50":0,"51":0,"52":0,"53":0,"54":0,"55":0,"56":0,"57":0,"58":0,"59":0,"6":0,"60":0,"61":0,"62":0,"63":0,"64":0,"65":0,"66":0,"67":0,"68":0,"69":0,"7":0,"70":0,"72":0,"73":0,"74":0,"75":0,"77":0,"78":0,"79":0,"8":0,"80":0,"81":0,"82":0,"83":0,"84":0,"85":0,"86":0,"87":0,"88":0,"89":0,"9":0,"90":0,"91":0,"92":0,"94":0,"97":0,"SIN EDAD DE REFERENCIA":0},"Mujeres":{"0":3,"1":7,"10":4,"11":6,"12":32,"13":92,"14":126,"15":155,"16":132,"17":105,"18":35,"19":36,"2":8,"20":23,"21":28,"22":35,"23":27,"24":28,"25":17,"26":22,"27":19,"28":22,"29":21,"3":6,"30":17,"31":10,"32":12,"33":8,"34":10,"35":8,"36":9,"37":7,"38":1,"39":6,"4":9,"40":9,"41":3,"42":7,"43":4,"44":6,"45":3,"46":5,"47":2,"48":2,"49":5,"5":3,"50":4,"51":2,"52":4,"53":2,"54":2,"55":2,"56":0,"57":1,"58":0,"59":2,"6":9,"60":2,"61":1,"62":3,"63":0,"64":0,"65":0,"66":0,"67":0,"68":0,"69":0,"7":3,"70":0,"72":0,"73":0,"74":0,"75":0,"77":0,"78":0,"79":0,"8":4,"80":0,"81":0,"82":0,"83":0,"84":0,"85":0,"86":0,"87":1,"88":0,"89":2,"9":5,"90":1,"91":0,"92":0,"94":0,"97":0,"SIN EDAD DE REFERENCIA":35}},"por_nacionalidad":{"Hombres":{"ESTADOUNIDENSE":3,"MEXICANA":1599,"MONEGASCA":0,"SE DESCONOCE":3,"SIN NACIONALIDAD DE REFERENCIA":5},"Indeterminado":{"ESTADOUNIDENSE":0,"MEXICANA":1,"MONEGASCA":0,"SE DESCONOCE":0,"SIN NACIONALIDAD DE REFERENCIA":0},"Mujeres":{"ESTADOUNIDENSE":0,"MEXICANA":1217,"MONEGASCA":1,"SE DESCONOCE":0,"SIN NACIONALIDAD DE REFERENCIA":2}}}