{"totales":{"PorcentajeDesaparecidos":"17.08","PorcentajeLocalizados":"82.92","PorcentajeLocalizadosCV":"97.87","PorcentajeLocalizadosSV":"2.13","PorcentajeSoloDesaparecidos":"99.07","PorcentajeSoloNoLocalizados":"0.93","TotalDesaparecidos":"2578","TotalGlobal":"15090","TotalLocalizados":"12512","TotalLocalizadosCV":"12245","TotalLocalizadosSV":"267","TotalSoloDesaparecidos":"2554","TotalSoloNoLocalizados":"24"},"espacial":{"Hombres":{"ABASOLO":99,"ACÁMBARO":137,"APASEO EL ALTO":100,"APASEO EL GRANDE":78,"ATARJEA":2,"CELAYA":957,"COMONFORT":88,"CORONEO":10,"CORTAZAR":129,"CUERÁMARO":44,"DOCTOR MORA":21,"DOLORES HIDALGO":118,"GUANAJUATO":264,"HUANÍMARO":12,"IRAPUATO":1045,"JARAL DEL PROGRESO":26,"JERÉCUARO":15,"LEÓN":1531,"MANUEL DOBLADO":38,"MOROLEÓN":73,"OCAMPO":6,"PUEBLO NUEVO":19,"PURÍSIMA DEL RINCÓN":69,"PÉNJAMO":176,"ROMITA":43,"SALAMANCA":420,"SALVATIERRA":123,"SAN DIEGO DE LA UNIÓN":25,"SAN FELIPE":70,"SAN FRANCISCO DEL RINCÓN":100,"SAN JOSÉ ITURBIDE":65,"SAN LUIS DE LA PAZ":143,"SAN MIGUEL DE ALLENDE":210,"SANTA CATARINA":8,"SANTA CRUZ DE JUVENTINO ROSAS":63,"SANTIAGO MARAVATÍO":4,"SE DESCONOCE":20,"SILAO":246,"SIN MUNICIPIO DE REFERENCIA":100,"TARANDACUAO":7,"TARIMORO":24,"TIERRA BLANCA":23,"URIANGATO":66,"VALLE DE SANTIAGO":144,"VICTORIA":6,"VILLAGRÁN":87,"XICHÚ":3,"YURIRIA":61},"Indeterminado":{"ABASOLO":4,"ACÁMBARO":4,"APASEO EL ALTO":15,"APASEO EL GRANDE":13,"ATARJEA":0,"CELAYA":47,"COMONFORT":0,"CORONEO":0,"CORTAZAR":10,"CUERÁMARO":4,"DOCTOR MORA":0,"DOLORES HIDALGO":1,"GUANAJUATO":1,"HUANÍMARO":2,"IRAPUATO":20,"JARAL DEL PROGRESO":3,"JERÉCUARO":5,"LEÓN":17,"MANUEL DOBLADO":3,"MOROLEÓN":3,"OCAMPO":1,"PUEBLO NUEVO":0,"PURÍSIMA DEL RINCÓN":3,"PÉNJAMO":7,"ROMITA":2,"SALAMANCA":8,"SALVATIERRA":5,"SAN DIEGO DE LA UNIÓN":0,"SAN FELIPE":2,"SAN FRANCISCO DEL RINCÓN":3,"SAN JOSÉ ITURBIDE":1,"SAN LUIS DE LA PAZ":0,"SAN MIGUEL DE ALLENDE":2,"SANTA CATARINA":0,"SANTA CRUZ DE JUVENTINO ROSAS":4,"SANTIAGO MARAVATÍO":0,"SE DESCONOCE":2,"SILAO":6,"SIN MUNICIPIO DE REFERENCIA":0,"TARANDACUAO":0,"TARIMORO":1,"TIERRA BLANCA":0,"URIANGATO":0,"VALLE DE SANTIAGO":3,"VICTORIA":0,"VILLAGRÁN":20,"XICHÚ":0,"YURIRIA":6},"Mujeres":{"ABASOLO":71,"ACÁMBARO":128,"APASEO EL ALTO":59,"APASEO EL GRANDE":80,"ATARJEA":2,"CELAYA":1110,"COMONFORT":80,"CORONEO":6,"CORTAZAR":127,"CUERÁMARO":21,"DOCTOR MORA":24,"DOLORES HIDALGO":180,"GUANAJUATO":407,"HUANÍMARO":14,"IRAPUATO":1167,"JARAL DEL PROGRESO":41,"JERÉCUARO":17,"LEÓN":1978,"MANUEL DOBLADO":8,"MOROLEÓN":63,"OCAMPO":13,"PUEBLO NUEVO":9,"PURÍSIMA DEL RINCÓN":33,"PÉNJAMO":110,"ROMITA":29,"SALAMANCA":437,"SALVATIERRA":78,"SAN DIEGO DE LA UNIÓN":19,"SAN FELIPE":77,"SAN FRANCISCO DEL RINCÓN":81,"SAN JOSÉ ITURBIDE":89,"SAN LUIS DE LA PAZ":144,"SAN MIGUEL DE ALLENDE":321,"SANTA CATARINA":7,"SANTA CRUZ DE JUVENTINO ROSAS":48,"SANTIAGO MARAVATÍO":5,"SE DESCONOCE":14,"SILAO":266,"SIN MUNICIPIO DE REFERENCIA":49,"TARANDACUAO":4,"TARIMORO":18,"TIERRA BLANCA":14,"URIANGATO":50,"VALLE DE SANTIAGO":109,"VICTORIA":9,"VILLAGRÁN":81,"XICHÚ":9,"YURIRIA":38}},"anual":{"Hombre":{"1.CIFRA SIN  AÑO DE REFERENCIA":96,"1977":1,"1984":1,"1994":1,"1995":1,"1996":1,"1998":1,"1999":5,"2000":1,"2001":2,"2003":0,"2004":6,"2005":4,"2006":55,"2007":461,"2008":403,"2009":488,"2010":113,"2011":497,"2012":515,"2013":678,"2014":899,"2015":946,"2016":422,"2017":275,"2018":310,"2019":419,"2020":487,"2021":30},"Indeterminado":{"1.CIFRA SIN  AÑO DE REFERENCIA":2,"1977":0,"1984":0,"1994":0,"1995":0,"1996":0,"1998":0,"1999":0,"2000":0,"2001":0,"2003":0,"2004":0,"2005":0,"2006":0,"2007":0,"2008":0,"2009":1,"2010":0,"2011":0,"2012":0,"2013":1,"2014":1,"2015":3,"2016":5,"2017":30,"2018":62,"2019":102,"2020":21,"2021":0},"Mujer":{"1.CIFRA SIN  AÑO DE REFERENCIA":47,"1977":0,"1984":0,"1994":1,"1995":0,"1996":0,"1998":0,"1999":0,"2000":0,"2001":0,"2003":2,"2004":1,"2005":0,"2006":79,"2007":807,"2008":608,"2009":659,"2010":185,"2011":666,"2012":659,"2013":918,"2014":1116,"2015":1207,"2016":361,"2017":121,"2018":72,"2019":77,"2020":147,"2021":11}},"mensual_ultimo_anio":{"Hombre":{"2020-AGOSTO":8,"2020-DICIEMBRE":5,"2020-NOVIEMBRE":11,"2020-OCTUBRE":5,"2020-SEPTIEMBRE":9,"2021-ABRIL":5,"2021-ENERO":3,"2021-FEBRERO":3,"2021-JULIO":4,"2021-JUNIO":5,"2021-MARZO":8,"2021-MAYO":2},"Indeterminado":{"2020-AGOSTO":0,"2020-DICIEMBRE":0,"2020-NOVIEMBRE":0,"2020-OCTUBRE":0,"2020-SEPTIEMBRE":0,"2021-ABRIL":0,"2021-ENERO":0,"2021-FEBRERO":0,"2021-JULIO":0,"2021-JUNIO":0,"2021-MARZO":0,"2021-MAYO":0},"Mujer":{"2020-AGOSTO":4,"2020-DICIEMBRE":3,"2020-NOVIEMBRE":4,"2020-OCTUBRE":3,"2020-SEPTIEMBRE":1,"2021-ABRIL":2,"2021-ENERO":2,"2021-FEBRERO":0,"2021-JULIO":2,"2021-JUNIO":2,"2021-MARZO":2,"2021-MAYO":1}},"por_edad":{"Hombres":{"0":128,"1":24,"10":63,"11":71,"12":99,"13":155,"14":210,"15":256,"16":236,"17":217,"18":163,"19":184,"2":37,"20":189,"21":166,"22":206,"23":181,"24":189,"25":179,"26":186,"27":167,"28":172,"29":170,"3":29,"30":162,"31":150,"32":161,"33":163,"34":151,"35":144,"36":128,"37":117,"38":137,"39":105,"4":20,"40":110,"41":100,"42":114,"43":95,"44":83,"45":89,"46":62,"47":76,"48":69,"49":60,"5":22,"50":66,"51":46,"52":49,"53":42,"54":45,"55":28,"56":51,"57":30,"58":34,"59":36,"6":33,"60":27,"61":24,"62":26,"63":30,"64":18,"65":20,"66":19,"67":15,"68":16,"69":18,"7":35,"70":19,"71":8,"72":18,"73":15,"74":16,"75":18,"76":19,"77":20,"78":11,"79":16,"8":37,"80":19,"81":11,"82":17,"83":7,"84":15,"85":19,"86":9,"87":8,"88":8,"89":1,"9":47,"90":4,"91":5,"92":5,"93":2,"94":3,"95":1,"96":1,"97":1,"98":2,"SIN EDAD DE REFERENCIA":33},"Indeterminado":{"0":0,"1":0,"10":0,"11":0,"12":0,"13":1,"14":1,"15":3,"16":1,"17":3,"18":0,"19":8,"2":1,"20":5,"21":8,"22":9,"23":9,"24":7,"25":8,"26":7,"27":5,"28":11,"29":1,"3":0,"30":5,"31":7,"32":15,"33":7,"34":8,"35":6,"36":8,"37":7,"38":7,"39":4,"4":0,"40":4,"41":4,"42":3,"43":1,"44":2,"45":2,"46":1,"47":3,"48":2,"49":2,"5":0,"50":0,"51":1,"52":6,"53":3,"54":2,"55":3,"56":2,"57":2,"58":0,"59":1,"6":0,"60":0,"61":1,"62":0,"63":0,"64":1,"65":2,"66":0,"67":0,"68":0,"69":0,"7":0,"70":0,"71":0,"72":0,"73":0,"74":0,"75":0,"76":0,"77":1,"78":0,"79":0,"8":0,"80":0,"81":0,"82":0,"83":0,"84":0,"85":0,"86":0,"87":0,"88":0,"89":0,"9":0,"90":0,"91":0,"92":0,"93":0,"94":0,"95":0,"96":0,"97":0,"98":0,"SIN EDAD DE REFERENCIA":17},"Mujeres":{"0":106,"1":30,"10":48,"11":78,"12":196,"13":509,"14":872,"15":1044,"16":893,"17":673,"18":415,"19":285,"2":31,"20":251,"21":177,"22":137,"23":128,"24":142,"25":132,"26":110,"27":86,"28":80,"29":79,"3":31,"30":89,"31":62,"32":49,"33":50,"34":57,"35":50,"36":40,"37":46,"38":39,"39":35,"4":21,"40":38,"41":29,"42":33,"43":20,"44":24,"45":25,"46":26,"47":17,"48":15,"49":18,"5":25,"50":17,"51":13,"52":10,"53":10,"54":13,"55":14,"56":12,"57":12,"58":14,"59":11,"6":24,"60":10,"61":7,"62":6,"63":6,"64":5,"65":9,"66":8,"67":1,"68":6,"69":2,"7":28,"70":7,"71":7,"72":2,"73":8,"74":3,"75":3,"76":1,"77":2,"78":6,"79":4,"8":30,"80":7,"81":7,"82":4,"83":3,"84":6,"85":1,"86":2,"87":2,"88":4,"89":0,"9":40,"90":0,"91":0,"92":3,"93":1,"94":0,"95":1,"96":0,"97":0,"98":0,"SIN EDAD DE REFERENCIA":11}},"por_nacionalidad":{"Hombres":{"AUSTRALIANA":1,"BELGA":0,"BRASILENA":0,"CANADIENSE":2,"COLOMBIANA":2,"COREANA (REPUBLICA POPULAR)":1,"ESPANOLA":1,"ESTADOUNIDENSE":11,"GUATEMALTECA":1,"HONDUREÑA":4,"ISRAELI":1,"JAPONESA":1,"MEXICANA":4035,"MONEGASCA":1,"NICARAGUENSE":3,"PANAMENA":1,"PARAGUAYA":0,"SALVADORENA":2,"SE DESCONOCE":355,"SIN NACIONALIDAD DE REFERENCIA":2696,"VENEZOLANA":0},"Indeterminado":{"AUSTRALIANA":0,"BELGA":0,"BRASILENA":0,"CANADIENSE":0,"COLOMBIANA":1,"COREANA (REPUBLICA POPULAR)":0,"ESPANOLA":0,"ESTADOUNIDENSE":0,"GUATEMALTECA":0,"HONDUREÑA":0,"ISRAELI":0,"JAPONESA":0,"MEXICANA":185,"MONEGASCA":0,"NICARAGUENSE":0,"PANAMENA":0,"PARAGUAYA":0,"SALVADORENA":0,"SE DESCONOCE":42,"SIN NACIONALIDAD DE REFERENCIA":0,"VENEZOLANA":0},"Mujeres":{"AUSTRALIANA":0,"BELGA":1,"BRASILENA":1,"CANADIENSE":0,"COLOMBIANA":2,"COREANA (REPUBLICA POPULAR)":0,"ESPANOLA":1,"ESTADOUNIDENSE":17,"GUATEMALTECA":0,"HONDUREÑA":2,"ISRAELI":0,"JAPONESA":0,"MEXICANA":4113,"MONEGASCA":0,"NICARAGUENSE":2,"PANAMENA":0,"PARAGUAYA":1,"SALVADORENA":1,"SE DESCONOCE":82,"SIN NACIONALIDAD DE REFERENCIA":3520,"VENEZOLANA":1}}}