{"totales":{"PorcentajeDesaparecidos":"69.65","PorcentajeLocalizados":"30.35","PorcentajeLocalizadosCV":"79.74","PorcentajeLocalizadosSV":"20.26","PorcentajeSoloDesaparecidos":"99.04","PorcentajeSoloNoLocalizados":"0.96","TotalDesaparecidos":"3557","TotalGlobal":"5107","TotalLocalizados":"1550","TotalLocalizadosCV":"1236","TotalLocalizadosSV":"314","TotalSoloDesaparecidos":"3523","TotalSoloNoLocalizados":"34"},"espacial":{"Hombres":{"ACAPULCO DE JUÁREZ":959,"ACATEPEC":5,"AHUACUOTZINGO":7,"AJUCHITLÁN DEL PROGRESO":16,"ALCOZAUCA DE GUERRERO":1,"ALPOYECA":1,"APAXTLA":11,"ARCELIA":17,"ATENANGO DEL RÍO":2,"ATLAMAJALCINGO DEL MONTE":0,"ATLIXTAC":5,"ATOYAC DE ALVAREZ":205,"AYUTLA DE LOS LIBRES":10,"AZOYÚ":1,"BENITO JUÁREZ":5,"BUENAVISTA DE CUÉLLAR":10,"CHILAPA DE ALVAREZ":293,"CHILPANCINGO DE LOS BRAVO":591,"COAHUAYUTLA DE JOSÉ MARÍA IZAZAGA":1,"COCULA":38,"COPALA":5,"COYUCA DE BENÍTEZ":35,"COYUCA DE CATALÁN":21,"CUAJINICUILAPA":5,"CUETZALA DEL PROGRESO":7,"CUTZAMALA DE PINZÓN":5,"EDUARDO NERI":52,"FLORENCIO VILLARREAL":1,"GENERAL CANUTO A. NERI":4,"GENERAL HELIODORO CASTILLO":7,"HUAMUXTITLÁN":0,"HUITZUCO DE LOS FIGUEROA":18,"IGUALA DE LA INDEPENDENCIA":393,"IGUALAPA":5,"IXCATEOPAN DE CUAUHTÉMOC":5,"JOSÉ AZUETA":14,"JUAN R. ESCUDERO":28,"LA UNIÓN DE ISIDORO MONTES DE OCA":14,"LEONARDO BRAVO":20,"MALINALTEPEC":2,"MARQUELIA":2,"MOCHITLÁN":5,"MÁRTIR DE CUILAPAN":12,"OLINALÁ":2,"OMETEPEC":15,"PEDRO ASCENCIO ALQUISIRAS":6,"PETATLÁN":25,"PILCAYA":7,"PUNGARABATO":35,"QUECHULTENANGO":9,"SAN LUIS ACATLÁN":6,"SAN MARCOS":4,"SAN MIGUEL TOTOLAPAN":15,"SE DESCONOCE":1,"SIN MUNICIPIO DE REFERENCIA":82,"TAXCO DE ALARCÓN":90,"TECOANAPA":2,"TELOLOAPAN":90,"TEPECOACUILCO DE TRUJANO":25,"TETIPAC":6,"TIXTLA DE GUERRERO":32,"TLACOACHISTLAHUACA":1,"TLACOAPA":0,"TLALCHAPA":2,"TLALIXTAQUILLA DE MALDONADO":0,"TLAPA DE COMONFORT":41,"TLAPEHUALA":5,"TÉCPAN DE GALEANA":55,"ZAPOTITLÁN TABLAS":0,"ZIRÁNDARO":4,"ZITLALA":24},"Indeterminado":{"ACAPULCO DE JUÁREZ":2,"ACATEPEC":0,"AHUACUOTZINGO":0,"AJUCHITLÁN DEL PROGRESO":0,"ALCOZAUCA DE GUERRERO":0,"ALPOYECA":0,"APAXTLA":0,"ARCELIA":0,"ATENANGO DEL RÍO":0,"ATLAMAJALCINGO DEL MONTE":0,"ATLIXTAC":0,"ATOYAC DE ALVAREZ":3,"AYUTLA DE LOS LIBRES":0,"AZOYÚ":0,"BENITO JUÁREZ":0,"BUENAVISTA DE CUÉLLAR":0,"CHILAPA DE ALVAREZ":0,"CHILPANCINGO DE LOS BRAVO":0,"COAHUAYUTLA DE JOSÉ MARÍA IZAZAGA":0,"COCULA":0,"COPALA":0,"COYUCA DE BENÍTEZ":1,"COYUCA DE CATALÁN":0,"CUAJINICUILAPA":0,"CUETZALA DEL PROGRESO":0,"CUTZAMALA DE PINZÓN":0,"EDUARDO NERI":0,"FLORENCIO VILLARREAL":0,"GENERAL CANUTO A. NERI":0,"GENERAL HELIODORO CASTILLO":0,"HUAMUXTITLÁN":0,"HUITZUCO DE LOS FIGUEROA":0,"IGUALA DE LA INDEPENDENCIA":0,"IGUALAPA":0,"IXCATEOPAN DE CUAUHTÉMOC":0,"JOSÉ AZUETA":0,"JUAN R. ESCUDERO":0,"LA UNIÓN DE ISIDORO MONTES DE OCA":0,"LEONARDO BRAVO":0,"MALINALTEPEC":0,"MARQUELIA":0,"MOCHITLÁN":0,"MÁRTIR DE CUILAPAN":0,"OLINALÁ":0,"OMETEPEC":0,"PEDRO ASCENCIO ALQUISIRAS":0,"PETATLÁN":0,"PILCAYA":0,"PUNGARABATO":0,"QUECHULTENANGO":0,"SAN LUIS ACATLÁN":0,"SAN MARCOS":0,"SAN MIGUEL TOTOLAPAN":0,"SE DESCONOCE":0,"SIN MUNICIPIO DE REFERENCIA":0,"TAXCO DE ALARCÓN":0,"TECOANAPA":0,"TELOLOAPAN":0,"TEPECOACUILCO DE TRUJANO":0,"TETIPAC":0,"TIXTLA DE GUERRERO":0,"TLACOACHISTLAHUACA":0,"TLACOAPA":0,"TLALCHAPA":0,"TLALIXTAQUILLA DE MALDONADO":0,"TLAPA DE COMONFORT":0,"TLAPEHUALA":0,"TÉCPAN DE GALEANA":0,"ZAPOTITLÁN TABLAS":0,"ZIRÁNDARO":0,"ZITLALA":0},"Mujeres":{"ACAPULCO DE JUÁREZ":402,"ACATEPEC":1,"AHUACUOTZINGO":1,"AJUCHITLÁN DEL PROGRESO":3,"ALCOZAUCA DE GUERRERO":0,"ALPOYECA":0,"APAXTLA":3,"ARCELIA":2,"ATENANGO DEL RÍO":2,"ATLAMAJALCINGO DEL MONTE":1,"ATLIXTAC":2,"ATOYAC DE ALVAREZ":13,"AYUTLA DE LOS LIBRES":6,"AZOYÚ":1,"BENITO JUÁREZ":6,"BUENAVISTA DE CUÉLLAR":8,"CHILAPA DE ALVAREZ":39,"CHILPANCINGO DE LOS BRAVO":434,"COAHUAYUTLA DE JOSÉ MARÍA IZAZAGA":0,"COCULA":8,"COPALA":1,"COYUCA DE BENÍTEZ":22,"COYUCA DE CATALÁN":6,"CUAJINICUILAPA":2,"CUETZALA DEL PROGRESO":4,"CUTZAMALA DE PINZÓN":0,"EDUARDO NERI":15,"FLORENCIO VILLARREAL":0,"GENERAL CANUTO A. NERI":1,"GENERAL HELIODORO CASTILLO":1,"HUAMUXTITLÁN":1,"HUITZUCO DE LOS FIGUEROA":8,"IGUALA DE LA INDEPENDENCIA":139,"IGUALAPA":1,"IXCATEOPAN DE CUAUHTÉMOC":3,"JOSÉ AZUETA":7,"JUAN R. ESCUDERO":8,"LA UNIÓN DE ISIDORO MONTES DE OCA":2,"LEONARDO BRAVO":3,"MALINALTEPEC":3,"MARQUELIA":0,"MOCHITLÁN":2,"MÁRTIR DE CUILAPAN":2,"OLINALÁ":2,"OMETEPEC":15,"PEDRO ASCENCIO ALQUISIRAS":3,"PETATLÁN":8,"PILCAYA":3,"PUNGARABATO":9,"QUECHULTENANGO":4,"SAN LUIS ACATLÁN":6,"SAN MARCOS":3,"SAN MIGUEL TOTOLAPAN":3,"SE DESCONOCE":0,"SIN MUNICIPIO DE REFERENCIA":25,"TAXCO DE ALARCÓN":53,"TECOANAPA":1,"TELOLOAPAN":23,"TEPECOACUILCO DE TRUJANO":5,"TETIPAC":3,"TIXTLA DE GUERRERO":8,"TLACOACHISTLAHUACA":4,"TLACOAPA":2,"TLALCHAPA":3,"TLALIXTAQUILLA DE MALDONADO":1,"TLAPA DE COMONFORT":16,"TLAPEHUALA":2,"TÉCPAN DE GALEANA":6,"ZAPOTITLÁN TABLAS":2,"ZIRÁNDARO":0,"ZITLALA":4}},"anual":{"Hombre":{"1.CIFRA SIN  AÑO DE REFERENCIA":142,"1967":1,"1968":1,"1969":1,"1970":1,"1971":13,"1972":19,"1973":21,"1974":244,"1975":33,"1976":44,"1977":37,"1978":21,"1979":4,"1981":2,"1989":1,"1992":1,"1994":1,"1995":1,"1997":1,"1999":1,"2000":9,"2001":1,"2002":1,"2003":0,"2004":3,"2005":7,"2006":3,"2007":36,"2008":37,"2009":22,"2010":73,"2011":112,"2012":132,"2013":291,"2014":373,"2015":243,"2016":343,"2017":442,"2018":291,"2019":303,"2020":222,"2021":129},"Indeterminado":{"1.CIFRA SIN  AÑO DE REFERENCIA":2,"1967":0,"1968":0,"1969":0,"1970":0,"1971":0,"1972":0,"1973":0,"1974":3,"1975":1,"1976":0,"1977":1,"1978":1,"1979":0,"1981":0,"1989":0,"1992":0,"1994":0,"1995":0,"1997":0,"1999":0,"2000":0,"2001":0,"2002":0,"2003":0,"2004":0,"2005":0,"2006":0,"2007":0,"2008":0,"2009":0,"2010":0,"2011":0,"2012":0,"2013":0,"2014":0,"2015":0,"2016":0,"2017":0,"2018":0,"2019":0,"2020":0,"2021":0},"Mujer":{"1.CIFRA SIN  AÑO DE REFERENCIA":23,"1967":0,"1968":0,"1969":0,"1970":0,"1971":0,"1972":6,"1973":1,"1974":10,"1975":1,"1976":6,"1977":5,"1978":2,"1979":1,"1981":0,"1989":0,"1992":0,"1994":0,"1995":0,"1997":0,"1999":0,"2000":0,"2001":0,"2002":0,"2003":1,"2004":0,"2005":0,"2006":1,"2007":9,"2008":8,"2009":9,"2010":10,"2011":53,"2012":69,"2013":101,"2014":116,"2015":128,"2016":145,"2017":201,"2018":200,"2019":161,"2020":102,"2021":67}},"mensual_ultimo_anio":{"Hombre":{"2020-AGOSTO":17,"2020-DICIEMBRE":17,"2020-NOVIEMBRE":14,"2020-OCTUBRE":15,"2020-SEPTIEMBRE":21,"2021-ABRIL":16,"2021-ENERO":15,"2021-FEBRERO":20,"2021-JULIO":23,"2021-JUNIO":24,"2021-MARZO":15,"2021-MAYO":16},"Indeterminado":{"2020-AGOSTO":0,"2020-DICIEMBRE":0,"2020-NOVIEMBRE":0,"2020-OCTUBRE":0,"2020-SEPTIEMBRE":0,"2021-ABRIL":0,"2021-ENERO":0,"2021-FEBRERO":0,"2021-JULIO":0,"2021-JUNIO":0,"2021-MARZO":0,"2021-MAYO":0},"Mujer":{"2020-AGOSTO":16,"2020-DICIEMBRE":10,"2020-NOVIEMBRE":9,"2020-OCTUBRE":8,"2020-SEPTIEMBRE":9,"2021-ABRIL":7,"2021-ENERO":11,"2021-FEBRERO":9,"2021-JULIO":2,"2021-JUNIO":7,"2021-MARZO":20,"2021-MAYO":11}},"por_edad":{"Hombres":{"0":18,"1":14,"10":15,"11":10,"12":17,"13":34,"14":35,"15":56,"16":73,"17":87,"18":90,"19":105,"2":15,"20":106,"21":120,"22":106,"23":111,"24":93,"25":92,"26":111,"27":98,"28":89,"29":74,"3":15,"30":93,"31":66,"32":89,"33":81,"34":74,"35":59,"36":73,"37":85,"38":62,"39":58,"4":11,"40":59,"41":59,"42":57,"43":48,"44":44,"45":51,"46":38,"47":43,"48":33,"49":41,"5":8,"50":38,"51":20,"52":32,"53":19,"54":21,"55":26,"56":24,"57":14,"58":13,"59":13,"6":5,"60":12,"61":9,"62":10,"63":15,"64":9,"65":7,"66":4,"67":7,"68":5,"69":5,"7":12,"70":7,"71":4,"72":7,"73":7,"74":4,"75":2,"76":3,"77":0,"78":4,"79":3,"8":8,"80":3,"81":1,"82":3,"83":2,"84":5,"85":6,"89":1,"9":8,"91":2,"95":1,"99":0,"SIN EDAD DE REFERENCIA":446},"Indeterminado":{"0":0,"1":0,"10":0,"11":0,"12":0,"13":0,"14":0,"15":0,"16":0,"17":0,"18":0,"19":0,"2":0,"20":0,"21":0,"22":1,"23":0,"24":0,"25":0,"26":0,"27":1,"28":0,"29":0,"3":0,"30":0,"31":0,"32":0,"33":0,"34":0,"35":0,"36":0,"37":0,"38":0,"39":0,"4":0,"40":0,"41":0,"42":0,"43":0,"44":0,"45":0,"46":0,"47":0,"48":0,"49":0,"5":0,"50":0,"51":0,"52":0,"53":0,"54":0,"55":0,"56":0,"57":0,"58":0,"59":0,"6":0,"60":0,"61":0,"62":0,"63":0,"64":0,"65":0,"66":0,"67":0,"68":0,"69":0,"7":0,"70":0,"71":0,"72":0,"73":0,"74":0,"75":0,"76":0,"77":0,"78":0,"79":0,"8":0,"80":0,"81":0,"82":0,"83":0,"84":0,"85":0,"89":0,"9":0,"91":0,"95":0,"99":0,"SIN EDAD DE REFERENCIA":6},"Mujeres":{"0":8,"1":16,"10":8,"11":15,"12":40,"13":70,"14":123,"15":108,"16":129,"17":93,"18":64,"19":54,"2":15,"20":45,"21":36,"22":40,"23":33,"24":33,"25":26,"26":18,"27":26,"28":22,"29":17,"3":11,"30":25,"31":17,"32":17,"33":12,"34":9,"35":10,"36":13,"37":15,"38":13,"39":11,"4":12,"40":9,"41":10,"42":11,"43":9,"44":6,"45":7,"46":9,"47":9,"48":4,"49":5,"5":12,"50":11,"51":6,"52":2,"53":0,"54":3,"55":2,"56":0,"57":2,"58":4,"59":2,"6":12,"60":3,"61":3,"62":1,"63":1,"64":0,"65":1,"66":0,"67":1,"68":0,"69":0,"7":13,"70":2,"71":0,"72":0,"73":0,"74":0,"75":1,"76":1,"77":1,"78":0,"79":0,"8":7,"80":1,"81":0,"82":1,"83":1,"84":0,"85":1,"89":0,"9":8,"91":0,"95":0,"99":1,"SIN EDAD DE REFERENCIA":49}},"por_nacionalidad":{"Hombres":{"AUSTRALIANA":1,"COLOMBIANA":1,"ESTADOUNIDENSE":4,"GUATEMALTECA":1,"HAITIANA":0,"HONDUREÑA":1,"MEXICANA":3196,"NICARAGUENSE":1,"SALVADORENA":1,"SE DESCONOCE":456,"SIN NACIONALIDAD DE REFERENCIA":0,"VENEZOLANA":1},"Indeterminado":{"AUSTRALIANA":0,"COLOMBIANA":0,"ESTADOUNIDENSE":0,"GUATEMALTECA":0,"HAITIANA":0,"HONDUREÑA":0,"MEXICANA":1,"NICARAGUENSE":0,"SALVADORENA":0,"SE DESCONOCE":7,"SIN NACIONALIDAD DE REFERENCIA":0,"VENEZOLANA":0},"Mujeres":{"AUSTRALIANA":0,"COLOMBIANA":0,"ESTADOUNIDENSE":5,"GUATEMALTECA":0,"HAITIANA":2,"HONDUREÑA":0,"MEXICANA":1385,"NICARAGUENSE":0,"SALVADORENA":0,"SE DESCONOCE":43,"SIN NACIONALIDAD DE REFERENCIA":1,"VENEZOLANA":0}}}