{"totales":{"PorcentajeDesaparecidos":"23.90","PorcentajeLocalizados":"76.10","PorcentajeLocalizadosCV":"94.85","PorcentajeLocalizadosSV":"5.15","PorcentajeSoloDesaparecidos":"69.67","PorcentajeSoloNoLocalizados":"30.33","TotalDesaparecidos":"689","TotalGlobal":"2883","TotalLocalizados":"2194","TotalLocalizadosCV":"2081","TotalLocalizadosSV":"113","TotalSoloDesaparecidos":"480","TotalSoloNoLocalizados":"209"},"espacial":{"Hombres":{"ACATLÁN":3,"ACAXOCHITLÁN":7,"ACTOPAN":24,"AGUA BLANCA DE ITURBIDE":0,"AJACUBA":5,"ALFAJAYUCAN":3,"ALMOLOYA":1,"APAN":15,"ATITALAQUIA":13,"ATLAPEXCO":1,"ATOTONILCO DE TULA":23,"ATOTONILCO EL GRANDE":5,"CALNALI":3,"CARDONAL":13,"CHAPANTONGO":4,"CHAPULHUACÁN":0,"CHILCUAUTLA":3,"CUAUTEPEC DE HINOJOSA":20,"EL ARENAL":3,"EMILIANO ZAPATA":3,"EPAZOYUCAN":8,"FRANCISCO I. MADERO":12,"HUASCA DE OCAMPO":2,"HUAUTLA":3,"HUAZALINGO":0,"HUEHUETLA":7,"HUEJUTLA DE REYES":17,"HUICHAPAN":13,"IXMIQUILPAN":46,"JACALA DE LEDEZMA":2,"JUÁREZ HIDALGO":0,"LA MISIÓN":0,"LOLOTLA":0,"METEPEC":2,"METZTITLÁN":2,"MINERAL DE LA REFORMA":115,"MINERAL DEL CHICO":4,"MINERAL DEL MONTE":5,"MIXQUIAHUALA DE JUÁREZ":20,"MOLANGO DE ESCAMILLA":2,"NOPALA DE VILLAGRÁN":3,"OMITLÁN DE JUÁREZ":2,"PACHUCA DE SOTO":299,"PACULA":1,"PISAFLORES":1,"PROGRESO DE OBREGÓN":6,"SAN AGUSTÍN METZQUITITLÁN":1,"SAN AGUSTÍN TLAXIACA":14,"SAN BARTOLO TUTOTEPEC":1,"SAN FELIPE ORIZATLÁN":1,"SAN SALVADOR":5,"SANTIAGO DE ANAYA":2,"SANTIAGO TULANTEPEC DE LUGO GUERRERO":6,"SE DESCONOCE":51,"SIN MUNICIPIO DE REFERENCIA":65,"SINGUILUCAN":2,"TASQUILLO":2,"TECOZAUTLA":6,"TENANGO DE DORIA":2,"TEPEAPULCO":18,"TEPEHUACÁN DE GUERRERO":4,"TEPEJI DEL RÍO DE OCAMPO":19,"TEPETITLÁN":3,"TETEPANGO":3,"TEZONTEPEC DE ALDAMA":15,"TIZAYUCA":106,"TLAHUELILPAN":7,"TLANALAPA":4,"TLANCHINOL":3,"TLAXCOAPAN":7,"TOLCAYUCA":4,"TULA DE ALLENDE":51,"TULANCINGO DE BRAVO":86,"VILLA DE TEZONTEPEC":3,"XOCHIATIPAN":1,"XOCHICOATLÁN":2,"YAHUALICA":1,"ZACUALTIPÁN DE ÁNGELES":6,"ZAPOTLÁN DE JUÁREZ":8,"ZEMPOALA":25,"ZIMAPÁN":9},"Indeterminado":{"ACATLÁN":0,"ACAXOCHITLÁN":0,"ACTOPAN":0,"AGUA BLANCA DE ITURBIDE":0,"AJACUBA":0,"ALFAJAYUCAN":0,"ALMOLOYA":0,"APAN":0,"ATITALAQUIA":0,"ATLAPEXCO":0,"ATOTONILCO DE TULA":0,"ATOTONILCO EL GRANDE":0,"CALNALI":0,"CARDONAL":0,"CHAPANTONGO":0,"CHAPULHUACÁN":0,"CHILCUAUTLA":0,"CUAUTEPEC DE HINOJOSA":0,"EL ARENAL":0,"EMILIANO ZAPATA":0,"EPAZOYUCAN":0,"FRANCISCO I. MADERO":0,"HUASCA DE OCAMPO":0,"HUAUTLA":0,"HUAZALINGO":0,"HUEHUETLA":0,"HUEJUTLA DE REYES":0,"HUICHAPAN":0,"IXMIQUILPAN":0,"JACALA DE LEDEZMA":0,"JUÁREZ HIDALGO":0,"LA MISIÓN":0,"LOLOTLA":0,"METEPEC":0,"METZTITLÁN":0,"MINERAL DE LA REFORMA":0,"MINERAL DEL CHICO":0,"MINERAL DEL MONTE":0,"MIXQUIAHUALA DE JUÁREZ":0,"MOLANGO DE ESCAMILLA":0,"NOPALA DE VILLAGRÁN":0,"OMITLÁN DE JUÁREZ":0,"PACHUCA DE SOTO":0,"PACULA":0,"PISAFLORES":0,"PROGRESO DE OBREGÓN":0,"SAN AGUSTÍN METZQUITITLÁN":0,"SAN AGUSTÍN TLAXIACA":0,"SAN BARTOLO TUTOTEPEC":0,"SAN FELIPE ORIZATLÁN":0,"SAN SALVADOR":0,"SANTIAGO DE ANAYA":0,"SANTIAGO TULANTEPEC DE LUGO GUERRERO":0,"SE DESCONOCE":4,"SIN MUNICIPIO DE REFERENCIA":0,"SINGUILUCAN":0,"TASQUILLO":0,"TECOZAUTLA":0,"TENANGO DE DORIA":0,"TEPEAPULCO":0,"TEPEHUACÁN DE GUERRERO":0,"TEPEJI DEL RÍO DE OCAMPO":0,"TEPETITLÁN":0,"TETEPANGO":0,"TEZONTEPEC DE ALDAMA":0,"TIZAYUCA":1,"TLAHUELILPAN":0,"TLANALAPA":0,"TLANCHINOL":0,"TLAXCOAPAN":0,"TOLCAYUCA":0,"TULA DE ALLENDE":0,"TULANCINGO DE BRAVO":0,"VILLA DE TEZONTEPEC":0,"XOCHIATIPAN":0,"XOCHICOATLÁN":0,"YAHUALICA":0,"ZACUALTIPÁN DE ÁNGELES":0,"ZAPOTLÁN DE JUÁREZ":0,"ZEMPOALA":0,"ZIMAPÁN":0},"Mujeres":{"ACATLÁN":6,"ACAXOCHITLÁN":9,"ACTOPAN":25,"AGUA BLANCA DE ITURBIDE":1,"AJACUBA":3,"ALFAJAYUCAN":5,"ALMOLOYA":3,"APAN":15,"ATITALAQUIA":11,"ATLAPEXCO":2,"ATOTONILCO DE TULA":23,"ATOTONILCO EL GRANDE":10,"CALNALI":4,"CARDONAL":18,"CHAPANTONGO":3,"CHAPULHUACÁN":2,"CHILCUAUTLA":7,"CUAUTEPEC DE HINOJOSA":23,"EL ARENAL":3,"EMILIANO ZAPATA":4,"EPAZOYUCAN":18,"FRANCISCO I. MADERO":4,"HUASCA DE OCAMPO":6,"HUAUTLA":3,"HUAZALINGO":2,"HUEHUETLA":9,"HUEJUTLA DE REYES":28,"HUICHAPAN":17,"IXMIQUILPAN":72,"JACALA DE LEDEZMA":7,"JUÁREZ HIDALGO":2,"LA MISIÓN":1,"LOLOTLA":1,"METEPEC":2,"METZTITLÁN":4,"MINERAL DE LA REFORMA":187,"MINERAL DEL CHICO":7,"MINERAL DEL MONTE":6,"MIXQUIAHUALA DE JUÁREZ":18,"MOLANGO DE ESCAMILLA":2,"NOPALA DE VILLAGRÁN":3,"OMITLÁN DE JUÁREZ":5,"PACHUCA DE SOTO":421,"PACULA":0,"PISAFLORES":0,"PROGRESO DE OBREGÓN":7,"SAN AGUSTÍN METZQUITITLÁN":2,"SAN AGUSTÍN TLAXIACA":17,"SAN BARTOLO TUTOTEPEC":0,"SAN FELIPE ORIZATLÁN":2,"SAN SALVADOR":7,"SANTIAGO DE ANAYA":8,"SANTIAGO TULANTEPEC DE LUGO GUERRERO":12,"SE DESCONOCE":27,"SIN MUNICIPIO DE REFERENCIA":44,"SINGUILUCAN":5,"TASQUILLO":4,"TECOZAUTLA":11,"TENANGO DE DORIA":0,"TEPEAPULCO":22,"TEPEHUACÁN DE GUERRERO":1,"TEPEJI DEL RÍO DE OCAMPO":34,"TEPETITLÁN":3,"TETEPANGO":1,"TEZONTEPEC DE ALDAMA":8,"TIZAYUCA":152,"TLAHUELILPAN":6,"TLANALAPA":1,"TLANCHINOL":8,"TLAXCOAPAN":9,"TOLCAYUCA":6,"TULA DE ALLENDE":68,"TULANCINGO DE BRAVO":91,"VILLA DE TEZONTEPEC":8,"XOCHIATIPAN":1,"XOCHICOATLÁN":0,"YAHUALICA":1,"ZACUALTIPÁN DE ÁNGELES":4,"ZAPOTLÁN DE JUÁREZ":12,"ZEMPOALA":29,"ZIMAPÁN":1}},"anual":{"Hombre":{"1.CIFRA SIN  AÑO DE REFERENCIA":136,"1971":1,"1972":1,"1973":1,"1974":11,"1978":0,"1981":2,"1990":0,"1991":0,"1992":1,"2004":0,"2005":1,"2006":2,"2007":12,"2008":26,"2009":34,"2010":20,"2011":66,"2012":26,"2013":37,"2014":32,"2015":65,"2016":59,"2017":56,"2018":84,"2019":194,"2020":285,"2021":112},"Indeterminado":{"1.CIFRA SIN  AÑO DE REFERENCIA":4,"1971":0,"1972":0,"1973":0,"1974":0,"1978":0,"1981":0,"1990":0,"1991":0,"1992":0,"2004":0,"2005":0,"2006":0,"2007":0,"2008":0,"2009":0,"2010":0,"2011":0,"2012":0,"2013":0,"2014":0,"2015":0,"2016":0,"2017":0,"2018":0,"2019":0,"2020":0,"2021":1},"Mujer":{"1.CIFRA SIN  AÑO DE REFERENCIA":72,"1971":0,"1972":0,"1973":0,"1974":3,"1978":1,"1981":0,"1990":1,"1991":1,"1992":0,"2004":1,"2005":0,"2006":2,"2007":7,"2008":6,"2009":17,"2010":23,"2011":76,"2012":41,"2013":126,"2014":71,"2015":100,"2016":115,"2017":93,"2018":162,"2019":310,"2020":314,"2021":72}},"mensual_ultimo_anio":{"Hombre":{"2020-DICIEMBRE":14,"2020-NOVIEMBRE":10,"2020-OCTUBRE":13,"2020-SEPTIEMBRE":10,"2021-ABRIL":20,"2021-AGOSTO":1,"2021-ENERO":26,"2021-FEBRERO":6,"2021-JULIO":12,"2021-JUNIO":14,"2021-MARZO":21,"2021-MAYO":12},"Indeterminado":{"2020-DICIEMBRE":0,"2020-NOVIEMBRE":0,"2020-OCTUBRE":0,"2020-SEPTIEMBRE":0,"2021-ABRIL":0,"2021-AGOSTO":0,"2021-ENERO":1,"2021-FEBRERO":0,"2021-JULIO":0,"2021-JUNIO":0,"2021-MARZO":0,"2021-MAYO":0},"Mujer":{"2020-DICIEMBRE":13,"2020-NOVIEMBRE":13,"2020-OCTUBRE":15,"2020-SEPTIEMBRE":12,"2021-ABRIL":11,"2021-AGOSTO":0,"2021-ENERO":15,"2021-FEBRERO":5,"2021-JULIO":5,"2021-JUNIO":11,"2021-MARZO":14,"2021-MAYO":11}},"por_edad":{"Hombres":{"0":7,"1":19,"10":18,"11":16,"12":25,"13":26,"14":38,"15":58,"16":55,"17":42,"18":39,"19":30,"2":8,"20":30,"21":20,"22":28,"23":31,"24":28,"25":27,"26":26,"27":21,"28":31,"29":26,"3":10,"30":28,"31":21,"32":20,"33":20,"34":16,"35":31,"36":20,"37":24,"38":18,"39":12,"4":13,"40":20,"41":18,"42":11,"43":18,"44":16,"45":11,"46":11,"47":7,"48":14,"49":13,"5":8,"50":14,"51":5,"52":10,"53":12,"54":11,"55":10,"56":4,"57":7,"58":3,"59":1,"6":10,"60":6,"61":6,"62":5,"63":4,"64":5,"65":3,"67":2,"68":4,"69":6,"7":6,"70":4,"71":3,"72":5,"73":3,"74":1,"75":4,"76":4,"77":3,"78":2,"79":2,"8":6,"80":2,"82":1,"83":6,"85":0,"88":1,"9":16,"91":1,"93":0,"SIN EDAD DE REFERENCIA":37},"Indeterminado":{"0":0,"1":0,"10":0,"11":0,"12":0,"13":0,"14":0,"15":0,"16":1,"17":0,"18":0,"19":0,"2":0,"20":0,"21":0,"22":0,"23":0,"24":0,"25":2,"26":0,"27":1,"28":0,"29":0,"3":0,"30":0,"31":0,"32":0,"33":0,"34":0,"35":0,"36":0,"37":0,"38":0,"39":0,"4":0,"40":0,"41":0,"42":0,"43":0,"44":0,"45":0,"46":0,"47":0,"48":0,"49":0,"5":0,"50":0,"51":0,"52":0,"53":0,"54":0,"55":0,"56":0,"57":0,"58":0,"59":0,"6":0,"60":0,"61":0,"62":0,"63":0,"64":0,"65":0,"67":0,"68":0,"69":0,"7":0,"70":0,"71":0,"72":0,"73":0,"74":0,"75":0,"76":0,"77":0,"78":0,"79":0,"8":0,"80":0,"82":0,"83":0,"85":0,"88":0,"9":0,"91":0,"93":0,"SIN EDAD DE REFERENCIA":1},"Mujeres":{"0":2,"1":11,"10":12,"11":12,"12":22,"13":91,"14":156,"15":267,"16":202,"17":143,"18":72,"19":39,"2":11,"20":31,"21":30,"22":43,"23":29,"24":28,"25":20,"26":30,"27":20,"28":20,"29":20,"3":13,"30":21,"31":14,"32":12,"33":17,"34":10,"35":13,"36":6,"37":12,"38":15,"39":6,"4":8,"40":11,"41":4,"42":9,"43":5,"44":8,"45":10,"46":5,"47":2,"48":5,"49":0,"5":5,"50":4,"51":0,"52":0,"53":3,"54":5,"55":3,"56":2,"57":2,"58":1,"59":0,"6":9,"60":3,"61":2,"62":1,"63":0,"64":4,"65":2,"67":1,"68":0,"69":1,"7":10,"70":0,"71":1,"72":0,"73":0,"74":0,"75":1,"76":2,"77":0,"78":1,"79":1,"8":4,"80":1,"82":0,"83":0,"85":1,"88":0,"9":7,"91":0,"93":1,"SIN EDAD DE REFERENCIA":19}},"por_nacionalidad":{"Hombres":{"ARGENTINA":1,"ESPANOLA":0,"ESTADOUNIDENSE":0,"FILIPINA":1,"GUATEMALTECA":2,"HONDUREÑA":9,"MEXICANA":1232,"SALVADORENA":1,"SE DESCONOCE":17,"SIN NACIONALIDAD DE REFERENCIA":1},"Indeterminado":{"ARGENTINA":0,"ESPANOLA":0,"ESTADOUNIDENSE":0,"FILIPINA":0,"GUATEMALTECA":0,"HONDUREÑA":0,"MEXICANA":1,"SALVADORENA":0,"SE DESCONOCE":4,"SIN NACIONALIDAD DE REFERENCIA":0},"Mujeres":{"ARGENTINA":0,"ESPANOLA":1,"ESTADOUNIDENSE":3,"FILIPINA":1,"GUATEMALTECA":0,"HONDUREÑA":2,"MEXICANA":1602,"SALVADORENA":0,"SE DESCONOCE":4,"SIN NACIONALIDAD DE REFERENCIA":1}}}