{"totales":{"PorcentajeDesaparecidos":"65.95","PorcentajeLocalizados":"34.05","PorcentajeLocalizadosCV":"84.74","PorcentajeLocalizadosSV":"15.26","PorcentajeSoloDesaparecidos":"97.35","PorcentajeSoloNoLocalizados":"2.65","TotalDesaparecidos":"13483","TotalGlobal":"20443","TotalLocalizados":"6960","TotalLocalizadosCV":"5898","TotalLocalizadosSV":"1062","TotalSoloDesaparecidos":"13126","TotalSoloNoLocalizados":"357"},"espacial":{"Hombres":{"ACATIC":22,"ACATLÁN DE JUÁREZ":51,"AHUALULCO DE MERCADO":31,"AMACUECA":3,"AMATITÁN":23,"AMECA":96,"ARANDAS":135,"ATEMAJAC DE BRIZUELA":5,"ATENGO":8,"ATENGUILLO":2,"ATOTONILCO EL ALTO":153,"ATOYAC":9,"AUTLÁN DE NAVARRO":114,"AYOTLÁN":66,"AYUTLA":27,"BOLAÑOS":1,"CABO CORRIENTES":14,"CASIMIRO CASTILLO":52,"CAÑADAS DE OBREGÓN":3,"CHAPALA":132,"CHIMALTITÁN":9,"CHIQUILISTLÁN":3,"CIHUATLÁN":107,"COCULA":47,"COLOTLÁN":34,"CONCEPCIÓN DE BUENOS AIRES":3,"CUAUTITLÁN DE GARCÍA BARRAGÁN":19,"CUAUTLA":3,"CUQUÍO":4,"DEGOLLADO":16,"EJUTLA":1,"EL ARENAL":45,"EL GRULLO":40,"EL LIMÓN":4,"EL SALTO":621,"ENCARNACIÓN DE DÍAZ":154,"ETZATLÁN":35,"GUACHINANGO":2,"GUADALAJARA":3258,"GÓMEZ FARÍAS":10,"HOSTOTIPAQUILLO":5,"HUEJUQUILLA EL ALTO":26,"HUEJÚCAR":23,"IXTLAHUACÁN DE LOS MEMBRILLOS":145,"IXTLAHUACÁN DEL RÍO":22,"JALOSTOTITLÁN":61,"JAMAY":17,"JESÚS MARÍA":24,"JILOTLÁN DE LOS DOLORES":15,"JOCOTEPEC":75,"JUANACATLÁN":45,"JUCHITLÁN":13,"LA BARCA":177,"LA HUERTA":80,"LA MANZANILLA DE LA PAZ":8,"LAGOS DE MORENO":430,"MAGDALENA":36,"MASCOTA":6,"MAZAMITLA":28,"MEXTICACÁN":1,"MEZQUITIC":3,"MIXTLÁN":8,"OCOTLÁN":134,"OJUELOS DE JALISCO":27,"PIHUAMO":18,"PONCITLÁN":42,"PUERTO VALLARTA":598,"QUITUPAN":15,"SAN CRISTÓBAL DE LA BARRANCA":4,"SAN DIEGO DE ALEJANDRÍA":8,"SAN GABRIEL":56,"SAN IGNACIO CERRO GORDO":19,"SAN JUAN DE LOS LAGOS":84,"SAN JUANITO DE ESCOBEDO":13,"SAN JULIÁN":15,"SAN MARCOS":2,"SAN MARTÍN DE BOLAÑOS":17,"SAN MARTÍN HIDALGO":22,"SAN MIGUEL EL ALTO":106,"SAN SEBASTIÁN DEL OESTE":12,"SANTA MARÍA DE LOS ÁNGELES":5,"SANTA MARÍA DEL ORO":11,"SAYULA":46,"SE DESCONOCE":145,"SIN MUNICIPIO DE REFERENCIA":260,"TALA":246,"TALPA DE ALLENDE":27,"TAMAZULA DE GORDIANO":32,"TAPALPA":28,"TECALITLÁN":26,"TECHALUTA DE MONTENEGRO":3,"TECOLOTLÁN":35,"TENAMAXTLÁN":12,"TEOCALTICHE":39,"TEOCUITATLÁN DE CORONA":4,"TEPATITLÁN DE MORELOS":286,"TEQUILA":92,"TEUCHITLÁN":14,"TIZAPÁN EL ALTO":24,"TLAJOMULCO DE ZÚÑIGA":1479,"TLAQUEPAQUE":1288,"TOLIMÁN":9,"TOMATLÁN":61,"TONALÁ":822,"TONAYA":6,"TONILA":17,"TOTATICHE":4,"TOTOTLÁN":10,"TUXCACUESCO":29,"TUXCUECA":7,"TUXPAN":27,"UNIÓN DE SAN ANTONIO":15,"UNIÓN DE TULA":22,"VALLE DE GUADALUPE":4,"VALLE DE JUÁREZ":14,"VILLA CORONA":24,"VILLA GUERRERO":8,"VILLA HIDALGO":10,"VILLA PURIFICACIÓN":18,"YAHUALICA DE GONZÁLEZ GALLO":46,"ZACOALCO DE TORRES":28,"ZAPOPAN":2476,"ZAPOTILTIC":38,"ZAPOTITLÁN DE VADILLO":13,"ZAPOTLANEJO":70,"ZAPOTLÁN DEL REY":5,"ZAPOTLÁN EL GRANDE":158},"Indeterminado":{"ACATIC":0,"ACATLÁN DE JUÁREZ":0,"AHUALULCO DE MERCADO":0,"AMACUECA":0,"AMATITÁN":0,"AMECA":0,"ARANDAS":1,"ATEMAJAC DE BRIZUELA":0,"ATENGO":0,"ATENGUILLO":0,"ATOTONILCO EL ALTO":0,"ATOYAC":0,"AUTLÁN DE NAVARRO":0,"AYOTLÁN":0,"AYUTLA":0,"BOLAÑOS":0,"CABO CORRIENTES":0,"CASIMIRO CASTILLO":0,"CAÑADAS DE OBREGÓN":0,"CHAPALA":0,"CHIMALTITÁN":0,"CHIQUILISTLÁN":0,"CIHUATLÁN":0,"COCULA":0,"COLOTLÁN":0,"CONCEPCIÓN DE BUENOS AIRES":0,"CUAUTITLÁN DE GARCÍA BARRAGÁN":0,"CUAUTLA":0,"CUQUÍO":0,"DEGOLLADO":0,"EJUTLA":0,"EL ARENAL":0,"EL GRULLO":0,"EL LIMÓN":0,"EL SALTO":0,"ENCARNACIÓN DE DÍAZ":0,"ETZATLÁN":0,"GUACHINANGO":0,"GUADALAJARA":0,"GÓMEZ FARÍAS":0,"HOSTOTIPAQUILLO":0,"HUEJUQUILLA EL ALTO":0,"HUEJÚCAR":0,"IXTLAHUACÁN DE LOS MEMBRILLOS":0,"IXTLAHUACÁN DEL RÍO":0,"JALOSTOTITLÁN":0,"JAMAY":0,"JESÚS MARÍA":0,"JILOTLÁN DE LOS DOLORES":0,"JOCOTEPEC":0,"JUANACATLÁN":0,"JUCHITLÁN":0,"LA BARCA":0,"LA HUERTA":0,"LA MANZANILLA DE LA PAZ":0,"LAGOS DE MORENO":0,"MAGDALENA":0,"MASCOTA":0,"MAZAMITLA":0,"MEXTICACÁN":0,"MEZQUITIC":0,"MIXTLÁN":0,"OCOTLÁN":0,"OJUELOS DE JALISCO":0,"PIHUAMO":0,"PONCITLÁN":0,"PUERTO VALLARTA":0,"QUITUPAN":0,"SAN CRISTÓBAL DE LA BARRANCA":0,"SAN DIEGO DE ALEJANDRÍA":0,"SAN GABRIEL":0,"SAN IGNACIO CERRO GORDO":0,"SAN JUAN DE LOS LAGOS":0,"SAN JUANITO DE ESCOBEDO":0,"SAN JULIÁN":0,"SAN MARCOS":0,"SAN MARTÍN DE BOLAÑOS":0,"SAN MARTÍN HIDALGO":0,"SAN MIGUEL EL ALTO":0,"SAN SEBASTIÁN DEL OESTE":0,"SANTA MARÍA DE LOS ÁNGELES":0,"SANTA MARÍA DEL ORO":0,"SAYULA":0,"SE DESCONOCE":15,"SIN MUNICIPIO DE REFERENCIA":0,"TALA":0,"TALPA DE ALLENDE":0,"TAMAZULA DE GORDIANO":0,"TAPALPA":0,"TECALITLÁN":0,"TECHALUTA DE MONTENEGRO":0,"TECOLOTLÁN":0,"TENAMAXTLÁN":0,"TEOCALTICHE":0,"TEOCUITATLÁN DE CORONA":0,"TEPATITLÁN DE MORELOS":0,"TEQUILA":0,"TEUCHITLÁN":0,"TIZAPÁN EL ALTO":0,"TLAJOMULCO DE ZÚÑIGA":0,"TLAQUEPAQUE":0,"TOLIMÁN":0,"TOMATLÁN":0,"TONALÁ":0,"TONAYA":0,"TONILA":0,"TOTATICHE":0,"TOTOTLÁN":0,"TUXCACUESCO":0,"TUXCUECA":0,"TUXPAN":0,"UNIÓN DE SAN ANTONIO":0,"UNIÓN DE TULA":0,"VALLE DE GUADALUPE":0,"VALLE DE JUÁREZ":0,"VILLA CORONA":0,"VILLA GUERRERO":0,"VILLA HIDALGO":0,"VILLA PURIFICACIÓN":0,"YAHUALICA DE GONZÁLEZ GALLO":0,"ZACOALCO DE TORRES":0,"ZAPOPAN":0,"ZAPOTILTIC":0,"ZAPOTITLÁN DE VADILLO":0,"ZAPOTLANEJO":0,"ZAPOTLÁN DEL REY":0,"ZAPOTLÁN EL GRANDE":0},"Mujeres":{"ACATIC":5,"ACATLÁN DE JUÁREZ":5,"AHUALULCO DE MERCADO":4,"AMACUECA":0,"AMATITÁN":3,"AMECA":22,"ARANDAS":16,"ATEMAJAC DE BRIZUELA":1,"ATENGO":2,"ATENGUILLO":0,"ATOTONILCO EL ALTO":24,"ATOYAC":2,"AUTLÁN DE NAVARRO":18,"AYOTLÁN":12,"AYUTLA":3,"BOLAÑOS":1,"CABO CORRIENTES":3,"CASIMIRO CASTILLO":5,"CAÑADAS DE OBREGÓN":1,"CHAPALA":39,"CHIMALTITÁN":0,"CHIQUILISTLÁN":0,"CIHUATLÁN":28,"COCULA":5,"COLOTLÁN":8,"CONCEPCIÓN DE BUENOS AIRES":0,"CUAUTITLÁN DE GARCÍA BARRAGÁN":4,"CUAUTLA":0,"CUQUÍO":5,"DEGOLLADO":5,"EJUTLA":0,"EL ARENAL":11,"EL GRULLO":16,"EL LIMÓN":3,"EL SALTO":221,"ENCARNACIÓN DE DÍAZ":29,"ETZATLÁN":8,"GUACHINANGO":1,"GUADALAJARA":1161,"GÓMEZ FARÍAS":7,"HOSTOTIPAQUILLO":0,"HUEJUQUILLA EL ALTO":8,"HUEJÚCAR":0,"IXTLAHUACÁN DE LOS MEMBRILLOS":45,"IXTLAHUACÁN DEL RÍO":4,"JALOSTOTITLÁN":10,"JAMAY":3,"JESÚS MARÍA":2,"JILOTLÁN DE LOS DOLORES":0,"JOCOTEPEC":19,"JUANACATLÁN":13,"JUCHITLÁN":3,"LA BARCA":27,"LA HUERTA":8,"LA MANZANILLA DE LA PAZ":0,"LAGOS DE MORENO":86,"MAGDALENA":6,"MASCOTA":3,"MAZAMITLA":0,"MEXTICACÁN":0,"MEZQUITIC":3,"MIXTLÁN":1,"OCOTLÁN":20,"OJUELOS DE JALISCO":3,"PIHUAMO":3,"PONCITLÁN":7,"PUERTO VALLARTA":214,"QUITUPAN":2,"SAN CRISTÓBAL DE LA BARRANCA":0,"SAN DIEGO DE ALEJANDRÍA":2,"SAN GABRIEL":6,"SAN IGNACIO CERRO GORDO":0,"SAN JUAN DE LOS LAGOS":17,"SAN JUANITO DE ESCOBEDO":0,"SAN JULIÁN":3,"SAN MARCOS":1,"SAN MARTÍN DE BOLAÑOS":1,"SAN MARTÍN HIDALGO":6,"SAN MIGUEL EL ALTO":11,"SAN SEBASTIÁN DEL OESTE":5,"SANTA MARÍA DE LOS ÁNGELES":0,"SANTA MARÍA DEL ORO":0,"SAYULA":11,"SE DESCONOCE":34,"SIN MUNICIPIO DE REFERENCIA":98,"TALA":52,"TALPA DE ALLENDE":0,"TAMAZULA DE GORDIANO":4,"TAPALPA":3,"TECALITLÁN":7,"TECHALUTA DE MONTENEGRO":6,"TECOLOTLÁN":2,"TENAMAXTLÁN":1,"TEOCALTICHE":13,"TEOCUITATLÁN DE CORONA":2,"TEPATITLÁN DE MORELOS":47,"TEQUILA":21,"TEUCHITLÁN":0,"TIZAPÁN EL ALTO":3,"TLAJOMULCO DE ZÚÑIGA":476,"TLAQUEPAQUE":417,"TOLIMÁN":0,"TOMATLÁN":7,"TONALÁ":275,"TONAYA":2,"TONILA":4,"TOTATICHE":2,"TOTOTLÁN":2,"TUXCACUESCO":0,"TUXCUECA":2,"TUXPAN":6,"UNIÓN DE SAN ANTONIO":2,"UNIÓN DE TULA":3,"VALLE DE GUADALUPE":0,"VALLE DE JUÁREZ":1,"VILLA CORONA":9,"VILLA GUERRERO":2,"VILLA HIDALGO":3,"VILLA PURIFICACIÓN":7,"YAHUALICA DE GONZÁLEZ GALLO":4,"ZACOALCO DE TORRES":5,"ZAPOPAN":750,"ZAPOTILTIC":9,"ZAPOTITLÁN DE VADILLO":1,"ZAPOTLANEJO":20,"ZAPOTLÁN DEL REY":3,"ZAPOTLÁN EL GRANDE":46}},"anual":{"Hombre":{"1.CIFRA SIN  AÑO DE REFERENCIA":1939,"1967":1,"1973":2,"1976":1,"1977":23,"1979":1,"1980":5,"1981":1,"1982":2,"1983":0,"1984":1,"1985":1,"1987":2,"1988":1,"1991":2,"1992":4,"1993":1,"1994":2,"1995":2,"1996":1,"1997":3,"1998":4,"1999":4,"2000":7,"2001":14,"2002":22,"2003":37,"2004":29,"2005":38,"2006":41,"2007":66,"2008":92,"2009":125,"2010":229,"2011":416,"2012":470,"2013":863,"2014":814,"2015":636,"2016":791,"2017":1143,"2018":1703,"2019":3507,"2020":2467,"2021":332},"Indeterminado":{"1.CIFRA SIN  AÑO DE REFERENCIA":16,"1967":0,"1973":0,"1976":0,"1977":0,"1979":0,"1980":0,"1981":0,"1982":0,"1983":0,"1984":0,"1985":0,"1987":0,"1988":0,"1991":0,"1992":0,"1993":0,"1994":0,"1995":0,"1996":0,"1997":0,"1998":0,"1999":0,"2000":0,"2001":0,"2002":0,"2003":0,"2004":0,"2005":0,"2006":0,"2007":0,"2008":0,"2009":0,"2010":0,"2011":0,"2012":0,"2013":0,"2014":0,"2015":0,"2016":0,"2017":0,"2018":0,"2019":0,"2020":0,"2021":0},"Mujer":{"1.CIFRA SIN  AÑO DE REFERENCIA":638,"1967":0,"1973":1,"1976":0,"1977":3,"1979":0,"1980":0,"1981":0,"1982":0,"1983":1,"1984":0,"1985":0,"1987":0,"1988":1,"1991":0,"1992":1,"1993":1,"1994":1,"1995":0,"1996":0,"1997":0,"1998":0,"1999":2,"2000":0,"2001":6,"2002":13,"2003":18,"2004":13,"2005":16,"2006":11,"2007":22,"2008":29,"2009":19,"2010":42,"2011":97,"2012":110,"2013":230,"2014":312,"2015":120,"2016":138,"2017":181,"2018":252,"2019":1252,"2020":908,"2021":144}},"mensual_ultimo_anio":{"Hombre":{"2020-AGOSTO":221,"2020-DICIEMBRE":46,"2020-NOVIEMBRE":148,"2020-OCTUBRE":109,"2020-SEPTIEMBRE":90,"2021-ABRIL":24,"2021-ENERO":65,"2021-FEBRERO":79,"2021-JULIO":5,"2021-JUNIO":4,"2021-MARZO":85,"2021-MAYO":70},"Indeterminado":{"2020-AGOSTO":0,"2020-DICIEMBRE":0,"2020-NOVIEMBRE":0,"2020-OCTUBRE":0,"2020-SEPTIEMBRE":0,"2021-ABRIL":0,"2021-ENERO":0,"2021-FEBRERO":0,"2021-JULIO":0,"2021-JUNIO":0,"2021-MARZO":0,"2021-MAYO":0},"Mujer":{"2020-AGOSTO":66,"2020-DICIEMBRE":14,"2020-NOVIEMBRE":61,"2020-OCTUBRE":65,"2020-SEPTIEMBRE":26,"2021-ABRIL":7,"2021-ENERO":30,"2021-FEBRERO":44,"2021-JULIO":1,"2021-JUNIO":5,"2021-MARZO":34,"2021-MAYO":23}},"por_edad":{"Hombres":{"0":8,"1":22,"10":29,"11":61,"12":52,"13":96,"14":141,"15":201,"16":245,"17":310,"18":283,"19":344,"2":23,"20":423,"21":445,"22":443,"23":504,"24":508,"25":517,"26":466,"27":506,"28":497,"29":492,"3":26,"30":503,"31":396,"32":459,"33":432,"34":397,"35":427,"36":382,"37":384,"38":360,"39":323,"4":27,"40":305,"41":289,"42":275,"43":239,"44":218,"45":240,"46":215,"47":219,"48":206,"49":145,"5":20,"50":171,"51":120,"52":107,"53":100,"54":102,"55":81,"56":72,"57":73,"58":58,"59":64,"6":18,"60":55,"61":38,"62":49,"63":46,"64":40,"65":51,"66":45,"67":25,"68":37,"69":15,"7":14,"70":22,"71":17,"72":27,"73":19,"74":20,"75":23,"76":17,"77":14,"78":21,"79":14,"8":20,"80":21,"81":10,"82":17,"83":9,"84":12,"85":7,"86":5,"87":6,"88":4,"89":4,"9":30,"90":4,"91":2,"92":4,"93":1,"94":3,"95":1,"96":1,"97":1,"SIN EDAD DE REFERENCIA":1005},"Indeterminado":{"0":0,"1":0,"10":0,"11":0,"12":0,"13":0,"14":0,"15":0,"16":0,"17":1,"18":0,"19":0,"2":0,"20":0,"21":0,"22":0,"23":0,"24":0,"25":0,"26":0,"27":0,"28":0,"29":0,"3":0,"30":1,"31":0,"32":1,"33":0,"34":2,"35":0,"36":0,"37":0,"38":0,"39":1,"4":0,"40":0,"41":0,"42":0,"43":0,"44":0,"45":0,"46":0,"47":0,"48":0,"49":0,"5":0,"50":0,"51":0,"52":0,"53":1,"54":0,"55":0,"56":0,"57":0,"58":0,"59":0,"6":0,"60":0,"61":0,"62":0,"63":0,"64":0,"65":0,"66":0,"67":0,"68":0,"69":0,"7":0,"70":0,"71":0,"72":0,"73":0,"74":0,"75":0,"76":0,"77":0,"78":0,"79":0,"8":0,"80":0,"81":0,"82":0,"83":0,"84":0,"85":0,"86":0,"87":0,"88":0,"89":0,"9":0,"90":0,"91":0,"92":0,"93":0,"94":0,"95":0,"96":0,"97":0,"SIN EDAD DE REFERENCIA":9},"Mujeres":{"0":0,"1":33,"10":23,"11":26,"12":89,"13":184,"14":301,"15":411,"16":343,"17":299,"18":141,"19":130,"2":26,"20":117,"21":116,"22":105,"23":99,"24":114,"25":121,"26":77,"27":80,"28":74,"29":92,"3":20,"30":75,"31":55,"32":60,"33":67,"34":60,"35":66,"36":61,"37":41,"38":42,"39":47,"4":24,"40":48,"41":33,"42":49,"43":30,"44":24,"45":25,"46":33,"47":20,"48":21,"49":19,"5":15,"50":25,"51":14,"52":15,"53":12,"54":11,"55":15,"56":10,"57":8,"58":9,"59":10,"6":11,"60":10,"61":8,"62":9,"63":12,"64":4,"65":5,"66":3,"67":5,"68":6,"69":11,"7":16,"70":3,"71":4,"72":10,"73":1,"74":2,"75":5,"76":2,"77":3,"78":6,"79":5,"8":20,"80":6,"81":0,"82":1,"83":2,"84":8,"85":0,"86":1,"87":0,"88":1,"89":1,"9":17,"90":1,"91":1,"92":1,"93":0,"94":1,"95":0,"96":0,"97":0,"SIN EDAD DE REFERENCIA":315}},"por_nacionalidad":{"Hombres":{"ARGENTINA":1,"CANADIENSE":17,"CHILENA":1,"COLOMBIANA":21,"COREANA (REPUBLICA POPULAR)":1,"CUBANA":4,"ESPANOLA":1,"ESTADOS INDEPENDIENTES":0,"ESTADOUNIDENSE":38,"FRANCESA":1,"GUATEMALTECA":6,"HINDU":1,"HONDUREÑA":15,"INGLESA":0,"ITALIANA":5,"JAPONESA":0,"MEXICANA":14533,"NICARAGUENSE":0,"PERUANA":5,"POLACA":1,"RUMANA":0,"RUSA":0,"SALVADORENA":5,"SE DESCONOCE":1183,"SIN NACIONALIDAD DE REFERENCIA":3,"VENEZOLANA":3},"Indeterminado":{"ARGENTINA":0,"CANADIENSE":0,"CHILENA":0,"COLOMBIANA":0,"COREANA (REPUBLICA POPULAR)":0,"CUBANA":0,"ESPANOLA":0,"ESTADOS INDEPENDIENTES":0,"ESTADOUNIDENSE":0,"FRANCESA":0,"GUATEMALTECA":0,"HINDU":0,"HONDUREÑA":0,"INGLESA":0,"ITALIANA":0,"JAPONESA":0,"MEXICANA":7,"NICARAGUENSE":0,"PERUANA":0,"POLACA":0,"RUMANA":0,"RUSA":0,"SALVADORENA":0,"SE DESCONOCE":9,"SIN NACIONALIDAD DE REFERENCIA":0,"VENEZOLANA":0},"Mujeres":{"ARGENTINA":2,"CANADIENSE":3,"CHILENA":1,"COLOMBIANA":1,"COREANA (REPUBLICA POPULAR)":0,"CUBANA":4,"ESPANOLA":0,"ESTADOS INDEPENDIENTES":1,"ESTADOUNIDENSE":26,"FRANCESA":0,"GUATEMALTECA":0,"HINDU":0,"HONDUREÑA":3,"INGLESA":1,"ITALIANA":1,"JAPONESA":1,"MEXICANA":4172,"NICARAGUENSE":2,"PERUANA":2,"POLACA":0,"RUMANA":1,"RUSA":3,"SALVADORENA":0,"SE DESCONOCE":352,"SIN NACIONALIDAD DE REFERENCIA":4,"VENEZOLANA":2}}}