{"totales":{"PorcentajeDesaparecidos":"24.14","PorcentajeLocalizados":"75.86","PorcentajeLocalizadosCV":"94.99","PorcentajeLocalizadosSV":"5.01","PorcentajeSoloDesaparecidos":"81.35","PorcentajeSoloNoLocalizados":"18.65","TotalDesaparecidos":"9596","TotalGlobal":"39756","TotalLocalizados":"30160","TotalLocalizadosCV":"28650","TotalLocalizadosSV":"1510","TotalSoloDesaparecidos":"7806","TotalSoloNoLocalizados":"1790"},"espacial":{"Hombres":{"ACAMBAY":18,"ACOLMAN":52,"ACULCO":9,"ALMOLOYA DE ALQUISIRAS":6,"ALMOLOYA DE JUÁREZ":117,"ALMOLOYA DEL RÍO":7,"AMANALCO":9,"AMATEPEC":5,"AMECAMECA":61,"APAXCO":13,"ATENCO":34,"ATIZAPÁN":24,"ATIZAPÁN DE ZARAGOZA":281,"ATLACOMULCO":52,"ATLAUTLA":7140,"AXAPUSCO":8,"AYAPANGO":4,"CALIMAYA":26,"CAPULHUAC":24,"CHALCO":313,"CHAPA DE MOTA":3,"CHAPULTEPEC":9,"CHIAUTLA":23,"CHICOLOAPAN":102,"CHICONCUAC":17,"CHIMALHUACÁN":390,"COACALCO DE BERRIOZÁBAL":105,"COATEPEC HARINAS":23,"COCOTITLÁN":10,"COYOTEPEC":21,"CUAUTITLÁN":165,"CUAUTITLÁN IZCALLI":260,"DONATO GUERRA":8,"ECATEPEC DE MORELOS":926,"ECATZINGO":1,"EL ORO":11,"HUEHUETOCA":111,"HUEYPOXTLA":7,"HUIXQUILUCAN":112,"ISIDRO FABELA":5,"IXTAPALUCA":331,"IXTAPAN DE LA SAL":35,"IXTAPAN DEL ORO":0,"IXTLAHUACA":56,"JALTENCO":14,"JILOTEPEC":24,"JILOTZINGO":13,"JIQUIPILCO":28,"JOCOTITLÁN":22,"JOQUICINGO":5,"JUCHITEPEC":17,"LA PAZ":162,"LERMA":99,"LUVIANOS":9,"MALINALCO":10,"MELCHOR OCAMPO":44,"METEPEC":174,"MEXICALTZINGO":11,"MORELOS":3,"NAUCALPAN DE JUÁREZ":440,"NEXTLALPAN":27,"NEZAHUALCÓYOTL":824,"NICOLÁS ROMERO":200,"NOPALTEPEC":3,"OCOYOACAC":55,"OCUILAN":12,"OTUMBA":16,"OTZOLOAPAN":2,"OTZOLOTEPEC":41,"OZUMBA":10,"PAPALOTLA":3,"POLOTITLÁN":5,"RAYÓN":7,"SAN ANTONIO LA ISLA":23,"SAN FELIPE DEL PROGRESO":20,"SAN JOSÉ DEL RINCÓN":14,"SAN MARTÍN DE LAS PIRÁMIDES":10,"SAN MATEO ATENCO":57,"SAN SIMÓN DE GUERRERO":1,"SANTO TOMÁS":1,"SE DESCONOCE":1089,"SIN MUNICIPIO DE REFERENCIA":215,"SOYANIQUILPAN DE JUÁREZ":1,"SULTEPEC":6,"TECÁMAC":260,"TEJUPILCO":44,"TEMAMATLA":9,"TEMASCALAPA":18,"TEMASCALCINGO":14,"TEMASCALTEPEC":12,"TEMOAYA":42,"TENANCINGO":60,"TENANGO DEL AIRE":7,"TENANGO DEL VALLE":41,"TEOLOYUCÁN":55,"TEOTIHUACÁN":24,"TEPETLAOXTOC":15,"TEPETLIXPA":8,"TEPOTZOTLÁN":57,"TEQUIXQUIAC":13,"TEXCALTITLÁN":4,"TEXCALYACAC":2,"TEXCOCO":195,"TEZOYUCA":34,"TIANGUISTENCO":47,"TIMILPAN":5,"TLALMANALCO":20,"TLALNEPANTLA DE BAZ":382,"TLATLAYA":6,"TOLUCA":853,"TONANITLA":10,"TONATICO":15,"TULTEPEC":87,"TULTITLÁN":259,"VALLE DE BRAVO":59,"VALLE DE CHALCO SOLIDARIDAD":306,"VILLA DE ALLENDE":11,"VILLA DEL CARBÓN":9,"VILLA GUERRERO":36,"VILLA VICTORIA":22,"XALATLACO":13,"XONACATLÁN":40,"ZACAZONAPAN":6,"ZACUALPAN":4,"ZINACANTEPEC":169,"ZUMPAHUACÁN":4,"ZUMPANGO":142},"Indeterminado":{"ACAMBAY":0,"ACOLMAN":0,"ACULCO":0,"ALMOLOYA DE ALQUISIRAS":0,"ALMOLOYA DE JUÁREZ":0,"ALMOLOYA DEL RÍO":0,"AMANALCO":0,"AMATEPEC":0,"AMECAMECA":0,"APAXCO":0,"ATENCO":0,"ATIZAPÁN":0,"ATIZAPÁN DE ZARAGOZA":1,"ATLACOMULCO":0,"ATLAUTLA":0,"AXAPUSCO":0,"AYAPANGO":0,"CALIMAYA":0,"CAPULHUAC":0,"CHALCO":0,"CHAPA DE MOTA":0,"CHAPULTEPEC":0,"CHIAUTLA":0,"CHICOLOAPAN":0,"CHICONCUAC":0,"CHIMALHUACÁN":0,"COACALCO DE BERRIOZÁBAL":0,"COATEPEC HARINAS":0,"COCOTITLÁN":0,"COYOTEPEC":0,"CUAUTITLÁN":0,"CUAUTITLÁN IZCALLI":0,"DONATO GUERRA":0,"ECATEPEC DE MORELOS":0,"ECATZINGO":0,"EL ORO":0,"HUEHUETOCA":0,"HUEYPOXTLA":0,"HUIXQUILUCAN":0,"ISIDRO FABELA":0,"IXTAPALUCA":0,"IXTAPAN DE LA SAL":0,"IXTAPAN DEL ORO":0,"IXTLAHUACA":0,"JALTENCO":0,"JILOTEPEC":0,"JILOTZINGO":0,"JIQUIPILCO":0,"JOCOTITLÁN":0,"JOQUICINGO":0,"JUCHITEPEC":0,"LA PAZ":0,"LERMA":0,"LUVIANOS":0,"MALINALCO":0,"MELCHOR OCAMPO":0,"METEPEC":0,"MEXICALTZINGO":0,"MORELOS":0,"NAUCALPAN DE JUÁREZ":0,"NEXTLALPAN":0,"NEZAHUALCÓYOTL":2,"NICOLÁS ROMERO":0,"NOPALTEPEC":0,"OCOYOACAC":0,"OCUILAN":0,"OTUMBA":0,"OTZOLOAPAN":0,"OTZOLOTEPEC":1,"OZUMBA":0,"PAPALOTLA":0,"POLOTITLÁN":0,"RAYÓN":0,"SAN ANTONIO LA ISLA":0,"SAN FELIPE DEL PROGRESO":0,"SAN JOSÉ DEL RINCÓN":0,"SAN MARTÍN DE LAS PIRÁMIDES":0,"SAN MATEO ATENCO":0,"SAN SIMÓN DE GUERRERO":0,"SANTO TOMÁS":0,"SE DESCONOCE":11,"SIN MUNICIPIO DE REFERENCIA":1,"SOYANIQUILPAN DE JUÁREZ":0,"SULTEPEC":0,"TECÁMAC":0,"TEJUPILCO":0,"TEMAMATLA":0,"TEMASCALAPA":0,"TEMASCALCINGO":0,"TEMASCALTEPEC":0,"TEMOAYA":0,"TENANCINGO":0,"TENANGO DEL AIRE":0,"TENANGO DEL VALLE":0,"TEOLOYUCÁN":0,"TEOTIHUACÁN":0,"TEPETLAOXTOC":0,"TEPETLIXPA":0,"TEPOTZOTLÁN":0,"TEQUIXQUIAC":1,"TEXCALTITLÁN":0,"TEXCALYACAC":0,"TEXCOCO":0,"TEZOYUCA":0,"TIANGUISTENCO":0,"TIMILPAN":0,"TLALMANALCO":0,"TLALNEPANTLA DE BAZ":0,"TLATLAYA":0,"TOLUCA":0,"TONANITLA":0,"TONATICO":0,"TULTEPEC":0,"TULTITLÁN":0,"VALLE DE BRAVO":0,"VALLE DE CHALCO SOLIDARIDAD":0,"VILLA DE ALLENDE":0,"VILLA DEL CARBÓN":0,"VILLA GUERRERO":0,"VILLA VICTORIA":0,"XALATLACO":0,"XONACATLÁN":0,"ZACAZONAPAN":0,"ZACUALPAN":0,"ZINACANTEPEC":0,"ZUMPAHUACÁN":0,"ZUMPANGO":0},"Mujeres":{"ACAMBAY":29,"ACOLMAN":59,"ACULCO":17,"ALMOLOYA DE ALQUISIRAS":7,"ALMOLOYA DE JUÁREZ":128,"ALMOLOYA DEL RÍO":12,"AMANALCO":14,"AMATEPEC":4,"AMECAMECA":77,"APAXCO":9,"ATENCO":43,"ATIZAPÁN":21,"ATIZAPÁN DE ZARAGOZA":285,"ATLACOMULCO":54,"ATLAUTLA":9672,"AXAPUSCO":7,"AYAPANGO":4,"CALIMAYA":37,"CAPULHUAC":28,"CHALCO":362,"CHAPA DE MOTA":11,"CHAPULTEPEC":6,"CHIAUTLA":28,"CHICOLOAPAN":122,"CHICONCUAC":17,"CHIMALHUACÁN":465,"COACALCO DE BERRIOZÁBAL":119,"COATEPEC HARINAS":13,"COCOTITLÁN":13,"COYOTEPEC":29,"CUAUTITLÁN":171,"CUAUTITLÁN IZCALLI":288,"DONATO GUERRA":15,"ECATEPEC DE MORELOS":992,"ECATZINGO":3,"EL ORO":26,"HUEHUETOCA":119,"HUEYPOXTLA":10,"HUIXQUILUCAN":121,"ISIDRO FABELA":3,"IXTAPALUCA":451,"IXTAPAN DE LA SAL":25,"IXTAPAN DEL ORO":4,"IXTLAHUACA":78,"JALTENCO":15,"JILOTEPEC":35,"JILOTZINGO":17,"JIQUIPILCO":43,"JOCOTITLÁN":36,"JOQUICINGO":7,"JUCHITEPEC":15,"LA PAZ":189,"LERMA":116,"LUVIANOS":6,"MALINALCO":9,"MELCHOR OCAMPO":44,"METEPEC":192,"MEXICALTZINGO":12,"MORELOS":9,"NAUCALPAN DE JUÁREZ":484,"NEXTLALPAN":30,"NEZAHUALCÓYOTL":860,"NICOLÁS ROMERO":242,"NOPALTEPEC":3,"OCOYOACAC":55,"OCUILAN":12,"OTUMBA":15,"OTZOLOAPAN":2,"OTZOLOTEPEC":57,"OZUMBA":26,"PAPALOTLA":3,"POLOTITLÁN":5,"RAYÓN":6,"SAN ANTONIO LA ISLA":19,"SAN FELIPE DEL PROGRESO":32,"SAN JOSÉ DEL RINCÓN":25,"SAN MARTÍN DE LAS PIRÁMIDES":2,"SAN MATEO ATENCO":76,"SAN SIMÓN DE GUERRERO":2,"SANTO TOMÁS":2,"SE DESCONOCE":912,"SIN MUNICIPIO DE REFERENCIA":117,"SOYANIQUILPAN DE JUÁREZ":7,"SULTEPEC":4,"TECÁMAC":293,"TEJUPILCO":55,"TEMAMATLA":9,"TEMASCALAPA":12,"TEMASCALCINGO":23,"TEMASCALTEPEC":7,"TEMOAYA":49,"TENANCINGO":71,"TENANGO DEL AIRE":7,"TENANGO DEL VALLE":45,"TEOLOYUCÁN":49,"TEOTIHUACÁN":27,"TEPETLAOXTOC":17,"TEPETLIXPA":8,"TEPOTZOTLÁN":48,"TEQUIXQUIAC":3,"TEXCALTITLÁN":4,"TEXCALYACAC":2,"TEXCOCO":239,"TEZOYUCA":41,"TIANGUISTENCO":80,"TIMILPAN":4,"TLALMANALCO":26,"TLALNEPANTLA DE BAZ":364,"TLATLAYA":7,"TOLUCA":1182,"TONANITLA":14,"TONATICO":14,"TULTEPEC":66,"TULTITLÁN":272,"VALLE DE BRAVO":48,"VALLE DE CHALCO SOLIDARIDAD":386,"VILLA DE ALLENDE":13,"VILLA DEL CARBÓN":18,"VILLA GUERRERO":29,"VILLA VICTORIA":34,"XALATLACO":11,"XONACATLÁN":52,"ZACAZONAPAN":0,"ZACUALPAN":2,"ZINACANTEPEC":136,"ZUMPAHUACÁN":8,"ZUMPANGO":153}},"anual":{"Hombre":{"1.CIFRA SIN  AÑO DE REFERENCIA":8649,"1968":0,"1974":2,"1975":1,"1976":8,"1977":1,"1978":1,"1979":0,"1981":5,"1982":1,"1983":3,"1984":1,"1985":3,"1990":1,"1993":1,"1995":1,"1996":1,"1997":1,"1998":2,"1999":2,"2000":7,"2001":5,"2002":5,"2003":3,"2004":5,"2005":6,"2006":30,"2007":131,"2008":141,"2009":201,"2010":251,"2011":351,"2012":440,"2013":793,"2014":555,"2015":723,"2016":845,"2017":1068,"2018":282,"2019":370,"2020":1930,"2021":1244},"Indeterminado":{"1.CIFRA SIN  AÑO DE REFERENCIA":13,"1968":0,"1974":0,"1975":0,"1976":0,"1977":0,"1978":0,"1979":0,"1981":0,"1982":0,"1983":0,"1984":0,"1985":0,"1990":0,"1993":0,"1995":0,"1996":0,"1997":0,"1998":0,"1999":0,"2000":0,"2001":0,"2002":0,"2003":0,"2004":0,"2005":0,"2006":0,"2007":0,"2008":0,"2009":0,"2010":0,"2011":0,"2012":0,"2013":0,"2014":0,"2015":0,"2016":0,"2017":1,"2018":0,"2019":0,"2020":2,"2021":1},"Mujer":{"1.CIFRA SIN  AÑO DE REFERENCIA":11015,"1968":1,"1974":0,"1975":0,"1976":1,"1977":0,"1978":2,"1979":1,"1981":0,"1982":0,"1983":0,"1984":0,"1985":0,"1990":0,"1993":0,"1995":1,"1996":0,"1997":0,"1998":1,"1999":1,"2000":2,"2001":0,"2002":2,"2003":0,"2004":2,"2005":4,"2006":8,"2007":64,"2008":48,"2009":103,"2010":124,"2011":317,"2012":381,"2013":906,"2014":696,"2015":1003,"2016":1197,"2017":1291,"2018":323,"2019":469,"2020":2383,"2021":1323}},"mensual_ultimo_anio":{"Hombre":{"2020-AGOSTO":194,"2020-DICIEMBRE":197,"2020-NOVIEMBRE":168,"2020-OCTUBRE":168,"2020-SEPTIEMBRE":161,"2021-ABRIL":194,"2021-ENERO":211,"2021-FEBRERO":164,"2021-JULIO":113,"2021-JUNIO":107,"2021-MARZO":227,"2021-MAYO":228},"Indeterminado":{"2020-AGOSTO":0,"2020-DICIEMBRE":0,"2020-NOVIEMBRE":0,"2020-OCTUBRE":1,"2020-SEPTIEMBRE":0,"2021-ABRIL":0,"2021-ENERO":0,"2021-FEBRERO":0,"2021-JULIO":0,"2021-JUNIO":0,"2021-MARZO":0,"2021-MAYO":1},"Mujer":{"2020-AGOSTO":208,"2020-DICIEMBRE":169,"2020-NOVIEMBRE":225,"2020-OCTUBRE":235,"2020-SEPTIEMBRE":202,"2021-ABRIL":205,"2021-ENERO":202,"2021-FEBRERO":202,"2021-JULIO":134,"2021-JUNIO":118,"2021-MARZO":249,"2021-MAYO":213}},"por_edad":{"Hombres":{"0":43,"1":217,"10":163,"11":183,"12":274,"13":459,"14":565,"15":739,"16":754,"17":616,"18":397,"19":397,"2":230,"20":364,"21":351,"22":367,"23":353,"24":392,"25":395,"26":331,"27":380,"28":307,"29":325,"3":238,"30":340,"31":304,"32":345,"33":283,"34":310,"35":276,"36":272,"37":284,"38":249,"39":231,"4":187,"40":245,"41":181,"42":244,"43":196,"44":213,"45":189,"46":197,"47":192,"48":180,"49":179,"5":160,"50":179,"51":143,"52":144,"53":142,"54":129,"55":118,"56":104,"57":97,"58":88,"59":96,"6":173,"60":120,"61":73,"62":77,"63":85,"64":87,"65":83,"66":66,"67":60,"68":69,"69":68,"7":150,"70":56,"71":55,"72":68,"73":62,"74":70,"75":67,"76":47,"77":39,"78":51,"79":45,"8":154,"80":50,"81":42,"82":49,"83":33,"84":40,"85":25,"86":30,"87":19,"88":15,"89":12,"9":134,"90":12,"91":9,"92":9,"93":5,"94":5,"95":4,"96":1,"97":1,"99":2,"SIN EDAD DE REFERENCIA":411},"Indeterminado":{"0":0,"1":0,"10":0,"11":0,"12":0,"13":0,"14":0,"15":1,"16":0,"17":1,"18":0,"19":1,"2":0,"20":0,"21":1,"22":0,"23":0,"24":0,"25":0,"26":0,"27":0,"28":2,"29":1,"3":0,"30":1,"31":1,"32":1,"33":0,"34":0,"35":0,"36":0,"37":0,"38":1,"39":0,"4":0,"40":0,"41":1,"42":0,"43":0,"44":0,"45":0,"46":0,"47":0,"48":0,"49":0,"5":0,"50":0,"51":0,"52":0,"53":0,"54":0,"55":0,"56":0,"57":0,"58":0,"59":0,"6":0,"60":0,"61":0,"62":0,"63":0,"64":0,"65":0,"66":0,"67":0,"68":0,"69":0,"7":0,"70":0,"71":0,"72":0,"73":0,"74":0,"75":0,"76":0,"77":0,"78":0,"79":0,"8":0,"80":0,"81":0,"82":0,"83":0,"84":1,"85":0,"86":0,"87":0,"88":0,"89":0,"9":0,"90":0,"91":0,"92":0,"93":0,"94":0,"95":0,"96":0,"97":0,"99":0,"SIN EDAD DE REFERENCIA":4},"Mujeres":{"0":63,"1":237,"10":151,"11":178,"12":503,"13":1256,"14":2088,"15":2705,"16":2516,"17":1865,"18":877,"19":619,"2":225,"20":495,"21":437,"22":410,"23":370,"24":369,"25":322,"26":308,"27":234,"28":268,"29":225,"3":250,"30":263,"31":190,"32":212,"33":169,"34":163,"35":130,"36":126,"37":115,"38":121,"39":120,"4":187,"40":97,"41":75,"42":81,"43":77,"44":70,"45":66,"46":64,"47":80,"48":50,"49":54,"5":233,"50":47,"51":45,"52":29,"53":36,"54":28,"55":33,"56":43,"57":22,"58":36,"59":25,"6":198,"60":35,"61":13,"62":24,"63":27,"64":19,"65":27,"66":20,"67":28,"68":11,"69":13,"7":173,"70":13,"71":13,"72":18,"73":17,"74":17,"75":21,"76":19,"77":24,"78":20,"79":16,"8":156,"80":14,"81":13,"82":11,"83":17,"84":7,"85":12,"86":7,"87":9,"88":5,"89":6,"9":148,"90":2,"91":0,"92":1,"93":4,"94":3,"95":0,"96":1,"97":0,"99":1,"SIN EDAD DE REFERENCIA":428}},"por_nacionalidad":{"Hombres":{"BRASILENA":2,"CAMERUNEZA":1,"CANADIENSE":0,"COLOMBIANA":2,"CUBANA":0,"DOMINICANA":1,"ESTADOUNIDENSE":7,"HINDU":0,"HONDUREÑA":3,"MEXICANA":18000,"NICARAGUENSE":2,"PERUANA":1,"SALVADORENA":1,"SE DESCONOCE":49,"SIN NACIONALIDAD DE REFERENCIA":1,"VENEZOLANA":0},"Indeterminado":{"BRASILENA":0,"CAMERUNEZA":0,"CANADIENSE":0,"COLOMBIANA":0,"CUBANA":0,"DOMINICANA":0,"ESTADOUNIDENSE":0,"HINDU":1,"HONDUREÑA":0,"MEXICANA":5,"NICARAGUENSE":0,"PERUANA":0,"SALVADORENA":0,"SE DESCONOCE":11,"SIN NACIONALIDAD DE REFERENCIA":0,"VENEZOLANA":0},"Mujeres":{"BRASILENA":0,"CAMERUNEZA":0,"CANADIENSE":2,"COLOMBIANA":4,"CUBANA":1,"DOMINICANA":0,"ESTADOUNIDENSE":10,"HINDU":0,"HONDUREÑA":8,"MEXICANA":21589,"NICARAGUENSE":0,"PERUANA":0,"SALVADORENA":1,"SE DESCONOCE":46,"SIN NACIONALIDAD DE REFERENCIA":2,"VENEZOLANA":6}}}