{"totales":{"PorcentajeDesaparecidos":"62.82","PorcentajeLocalizados":"37.18","PorcentajeLocalizadosCV":"90.42","PorcentajeLocalizadosSV":"9.58","PorcentajeSoloDesaparecidos":"92.03","PorcentajeSoloNoLocalizados":"7.97","TotalDesaparecidos":"4127","TotalGlobal":"6570","TotalLocalizados":"2443","TotalLocalizadosCV":"2209","TotalLocalizadosSV":"234","TotalSoloDesaparecidos":"3798","TotalSoloNoLocalizados":"329"},"espacial":{"Hombres":{"ACUITZIO":13,"AGUILILLA":27,"ALVARO OBREGÓN":10,"ANGAMACUTIRO":8,"ANGANGUEO":2,"APATZINGÁN":227,"APORO":2,"AQUILA":19,"ARIO":15,"ARTEAGA":9,"BRISEÑAS":9,"BUENAVISTA":44,"CARÁCUARO":4,"CHARO":6,"CHAVINDA":15,"CHERÁN":5,"CHILCHOTA":11,"CHINICUILA":5,"CHUCÁNDIRO":1,"CHURINTZIO":5,"CHURUMUCO":4,"COAHUAYANA":13,"COALCOMÁN DE VÁZQUEZ PALLARES":19,"COENEO":247,"COJUMATLÁN DE RÉGULES":5,"CONTEPEC":3,"COPÁNDARO":6,"COTIJA":18,"CUITZEO":11,"ECUANDUREO":11,"EPITACIO HUERTA":1,"ERONGARÍCUARO":1,"GABRIEL ZAMORA":10,"HIDALGO":73,"HUANDACAREO":2,"HUANIQUEO":8,"HUETAMO":27,"HUIRAMBA":2,"INDAPARAPEO":3,"IRIMBO":3,"IXTLÁN":13,"JACONA":71,"JIMÉNEZ":4,"JIQUILPAN":97,"JOSÉ SIXTO VERDUZCO":18,"JUNGAPEO":11,"JUÁREZ":6,"LA HUACANA":26,"LA PIEDAD":218,"LAGUNILLAS":1,"LOS REYES":46,"LÁZARO CÁRDENAS":262,"MADERO":4,"MARAVATÍO":27,"MARCOS CASTELLANOS":16,"MORELIA":777,"MORELOS":1,"MÚGICA":35,"NAHUATZEN":3,"NOCUPÉTARO":5,"NUEVO PARANGARICUTIRO":9,"NUEVO URECHO":1,"NUMARÁN":9,"OCAMPO":10,"PAJACUARÁN":14,"PANINDÍCUARO":14,"PARACHO":4,"PARÁCUARO":10,"PENJAMILLO":2,"PERIBÁN":6,"PURUÁNDIRO":28,"PURÉPERO":17,"PÁTZCUARO":44,"QUERÉNDARO":1,"QUIROGA":11,"SAHUAYO":139,"SALVADOR ESCALANTE":12,"SAN LUCAS":3,"SANTA ANA MAYA":4,"SE DESCONOCE":125,"SENGUIO":2,"SIN MUNICIPIO DE REFERENCIA":142,"SUSUPUATO":1,"TACÁMBARO":55,"TANCÍTARO":26,"TANGAMANDAPIO":20,"TANGANCÍCUARO":47,"TANHUATO":24,"TARETAN":6,"TARÍMBARO":60,"TEPALCATEPEC":12,"TINGAMBATO":7,"TINGÜINDÍN":7,"TIQUICHEO DE NICOLÁS ROMERO":2,"TLALPUJAHUA":3,"TLAZAZALCA":5,"TOCUMBO":8,"TUMBISCATÍO":3,"TURICATO":4,"TUXPAN":10,"TUZANTLA":6,"TZINTZUNTZAN":2,"TZITZIO":4,"URUAPAN":354,"VENUSTIANO CARRANZA":33,"VILLAMAR":13,"VISTA HERMOSA":36,"YURÉCUARO":52,"ZACAPU":65,"ZAMORA":441,"ZINAPÉCUARO":28,"ZINÁPARO":1,"ZIRACUARETIRO":17,"ZITÁCUARO":160},"Indeterminado":{"ACUITZIO":0,"AGUILILLA":0,"ALVARO OBREGÓN":0,"ANGAMACUTIRO":0,"ANGANGUEO":0,"APATZINGÁN":0,"APORO":0,"AQUILA":0,"ARIO":0,"ARTEAGA":0,"BRISEÑAS":0,"BUENAVISTA":0,"CARÁCUARO":0,"CHARO":0,"CHAVINDA":0,"CHERÁN":0,"CHILCHOTA":0,"CHINICUILA":0,"CHUCÁNDIRO":0,"CHURINTZIO":0,"CHURUMUCO":0,"COAHUAYANA":0,"COALCOMÁN DE VÁZQUEZ PALLARES":0,"COENEO":0,"COJUMATLÁN DE RÉGULES":0,"CONTEPEC":0,"COPÁNDARO":0,"COTIJA":0,"CUITZEO":0,"ECUANDUREO":0,"EPITACIO HUERTA":0,"ERONGARÍCUARO":0,"GABRIEL ZAMORA":0,"HIDALGO":0,"HUANDACAREO":0,"HUANIQUEO":0,"HUETAMO":0,"HUIRAMBA":0,"INDAPARAPEO":0,"IRIMBO":0,"IXTLÁN":0,"JACONA":0,"JIMÉNEZ":0,"JIQUILPAN":0,"JOSÉ SIXTO VERDUZCO":0,"JUNGAPEO":0,"JUÁREZ":0,"LA HUACANA":0,"LA PIEDAD":0,"LAGUNILLAS":0,"LOS REYES":0,"LÁZARO CÁRDENAS":0,"MADERO":0,"MARAVATÍO":0,"MARCOS CASTELLANOS":0,"MORELIA":0,"MORELOS":0,"MÚGICA":0,"NAHUATZEN":0,"NOCUPÉTARO":0,"NUEVO PARANGARICUTIRO":0,"NUEVO URECHO":0,"NUMARÁN":0,"OCAMPO":0,"PAJACUARÁN":0,"PANINDÍCUARO":0,"PARACHO":0,"PARÁCUARO":0,"PENJAMILLO":0,"PERIBÁN":0,"PURUÁNDIRO":0,"PURÉPERO":0,"PÁTZCUARO":0,"QUERÉNDARO":0,"QUIROGA":0,"SAHUAYO":0,"SALVADOR ESCALANTE":0,"SAN LUCAS":0,"SANTA ANA MAYA":0,"SE DESCONOCE":6,"SENGUIO":0,"SIN MUNICIPIO DE REFERENCIA":1,"SUSUPUATO":0,"TACÁMBARO":0,"TANCÍTARO":0,"TANGAMANDAPIO":0,"TANGANCÍCUARO":0,"TANHUATO":0,"TARETAN":0,"TARÍMBARO":0,"TEPALCATEPEC":0,"TINGAMBATO":0,"TINGÜINDÍN":0,"TIQUICHEO DE NICOLÁS ROMERO":0,"TLALPUJAHUA":0,"TLAZAZALCA":0,"TOCUMBO":0,"TUMBISCATÍO":0,"TURICATO":0,"TUXPAN":0,"TUZANTLA":0,"TZINTZUNTZAN":0,"TZITZIO":0,"URUAPAN":0,"VENUSTIANO CARRANZA":0,"VILLAMAR":0,"VISTA HERMOSA":0,"YURÉCUARO":0,"ZACAPU":0,"ZAMORA":0,"ZINAPÉCUARO":0,"ZINÁPARO":0,"ZIRACUARETIRO":0,"ZITÁCUARO":0},"Mujeres":{"ACUITZIO":1,"AGUILILLA":7,"ALVARO OBREGÓN":2,"ANGAMACUTIRO":7,"ANGANGUEO":1,"APATZINGÁN":63,"APORO":0,"AQUILA":4,"ARIO":7,"ARTEAGA":0,"BRISEÑAS":1,"BUENAVISTA":10,"CARÁCUARO":3,"CHARO":7,"CHAVINDA":1,"CHERÁN":1,"CHILCHOTA":9,"CHINICUILA":1,"CHUCÁNDIRO":1,"CHURINTZIO":0,"CHURUMUCO":0,"COAHUAYANA":2,"COALCOMÁN DE VÁZQUEZ PALLARES":8,"COENEO":297,"COJUMATLÁN DE RÉGULES":1,"CONTEPEC":5,"COPÁNDARO":1,"COTIJA":3,"CUITZEO":5,"ECUANDUREO":2,"EPITACIO HUERTA":4,"ERONGARÍCUARO":2,"GABRIEL ZAMORA":2,"HIDALGO":32,"HUANDACAREO":2,"HUANIQUEO":0,"HUETAMO":9,"HUIRAMBA":0,"INDAPARAPEO":0,"IRIMBO":5,"IXTLÁN":2,"JACONA":23,"JIMÉNEZ":3,"JIQUILPAN":15,"JOSÉ SIXTO VERDUZCO":3,"JUNGAPEO":3,"JUÁREZ":1,"LA HUACANA":1,"LA PIEDAD":52,"LAGUNILLAS":0,"LOS REYES":21,"LÁZARO CÁRDENAS":119,"MADERO":0,"MARAVATÍO":24,"MARCOS CASTELLANOS":2,"MORELIA":390,"MORELOS":0,"MÚGICA":7,"NAHUATZEN":0,"NOCUPÉTARO":1,"NUEVO PARANGARICUTIRO":1,"NUEVO URECHO":0,"NUMARÁN":1,"OCAMPO":0,"PAJACUARÁN":2,"PANINDÍCUARO":0,"PARACHO":10,"PARÁCUARO":5,"PENJAMILLO":1,"PERIBÁN":4,"PURUÁNDIRO":15,"PURÉPERO":3,"PÁTZCUARO":15,"QUERÉNDARO":0,"QUIROGA":3,"SAHUAYO":22,"SALVADOR ESCALANTE":3,"SAN LUCAS":1,"SANTA ANA MAYA":2,"SE DESCONOCE":107,"SENGUIO":1,"SIN MUNICIPIO DE REFERENCIA":37,"SUSUPUATO":0,"TACÁMBARO":11,"TANCÍTARO":2,"TANGAMANDAPIO":1,"TANGANCÍCUARO":6,"TANHUATO":4,"TARETAN":2,"TARÍMBARO":43,"TEPALCATEPEC":3,"TINGAMBATO":6,"TINGÜINDÍN":1,"TIQUICHEO DE NICOLÁS ROMERO":2,"TLALPUJAHUA":7,"TLAZAZALCA":0,"TOCUMBO":2,"TUMBISCATÍO":0,"TURICATO":2,"TUXPAN":3,"TUZANTLA":1,"TZINTZUNTZAN":0,"TZITZIO":0,"URUAPAN":142,"VENUSTIANO CARRANZA":5,"VILLAMAR":0,"VISTA HERMOSA":2,"YURÉCUARO":11,"ZACAPU":21,"ZAMORA":109,"ZINAPÉCUARO":8,"ZINÁPARO":0,"ZIRACUARETIRO":3,"ZITÁCUARO":96}},"anual":{"Hombre":{"1.CIFRA SIN  AÑO DE REFERENCIA":231,"1974":9,"1978":1,"1982":1,"1984":1,"1987":1,"1989":1,"1991":1,"1993":1,"1996":1,"2005":1,"2006":6,"2007":16,"2008":36,"2009":80,"2010":121,"2011":123,"2012":242,"2013":377,"2014":260,"2015":192,"2016":197,"2017":309,"2018":564,"2019":924,"2020":835,"2021":133},"Indeterminado":{"1.CIFRA SIN  AÑO DE REFERENCIA":6,"1974":0,"1978":0,"1982":0,"1984":0,"1987":0,"1989":0,"1991":0,"1993":0,"1996":0,"2005":0,"2006":0,"2007":0,"2008":0,"2009":0,"2010":0,"2011":0,"2012":0,"2013":0,"2014":0,"2015":0,"2016":0,"2017":0,"2018":0,"2019":1,"2020":0,"2021":0},"Mujer":{"1.CIFRA SIN  AÑO DE REFERENCIA":127,"1974":0,"1978":0,"1982":0,"1984":0,"1987":0,"1989":0,"1991":0,"1993":0,"1996":0,"2005":0,"2006":0,"2007":6,"2008":15,"2009":25,"2010":25,"2011":37,"2012":94,"2013":190,"2014":122,"2015":84,"2016":54,"2017":108,"2018":369,"2019":383,"2020":237,"2021":23}},"mensual_ultimo_anio":{"Hombre":{"2020-AGOSTO":66,"2020-DICIEMBRE":51,"2020-NOVIEMBRE":64,"2020-OCTUBRE":69,"2020-SEPTIEMBRE":66,"2021-ABRIL":17,"2021-ENERO":53,"2021-FEBRERO":16,"2021-JULIO":4,"2021-JUNIO":12,"2021-MARZO":13,"2021-MAYO":18},"Indeterminado":{"2020-AGOSTO":0,"2020-DICIEMBRE":0,"2020-NOVIEMBRE":0,"2020-OCTUBRE":0,"2020-SEPTIEMBRE":0,"2021-ABRIL":0,"2021-ENERO":0,"2021-FEBRERO":0,"2021-JULIO":0,"2021-JUNIO":0,"2021-MARZO":0,"2021-MAYO":0},"Mujer":{"2020-AGOSTO":18,"2020-DICIEMBRE":25,"2020-NOVIEMBRE":25,"2020-OCTUBRE":18,"2020-SEPTIEMBRE":26,"2021-ABRIL":3,"2021-ENERO":14,"2021-FEBRERO":2,"2021-JULIO":1,"2021-JUNIO":3,"2021-MARZO":0,"2021-MAYO":0}},"por_edad":{"Hombres":{"0":32,"1":12,"10":13,"104":1,"11":8,"12":38,"13":43,"14":56,"15":105,"16":83,"17":100,"18":114,"19":99,"2":12,"20":125,"21":115,"22":146,"23":147,"24":134,"25":129,"26":135,"27":156,"28":139,"29":125,"3":10,"30":132,"31":105,"32":145,"33":116,"34":126,"35":115,"36":110,"37":125,"38":105,"39":104,"4":7,"40":82,"41":75,"42":78,"43":75,"44":81,"45":78,"46":54,"47":61,"48":44,"49":59,"5":7,"50":60,"51":33,"52":28,"53":46,"54":34,"55":35,"56":30,"57":17,"58":12,"59":23,"6":4,"60":22,"61":13,"62":17,"63":13,"64":14,"65":15,"66":7,"67":16,"68":9,"69":9,"7":8,"70":11,"71":11,"72":3,"73":4,"74":9,"75":10,"76":4,"77":10,"78":7,"79":7,"8":11,"80":6,"81":5,"82":3,"83":4,"84":4,"85":11,"86":7,"87":5,"88":1,"89":5,"9":7,"90":2,"91":1,"92":2,"93":3,"94":1,"96":2,"SIN EDAD DE REFERENCIA":82},"Indeterminado":{"0":0,"1":0,"10":0,"104":0,"11":0,"12":3,"13":0,"14":0,"15":0,"16":0,"17":1,"18":0,"19":0,"2":0,"20":0,"21":0,"22":1,"23":0,"24":0,"25":0,"26":0,"27":0,"28":0,"29":0,"3":0,"30":0,"31":0,"32":0,"33":0,"34":0,"35":0,"36":0,"37":0,"38":0,"39":0,"4":0,"40":0,"41":0,"42":0,"43":0,"44":1,"45":0,"46":0,"47":0,"48":0,"49":0,"5":0,"50":0,"51":0,"52":0,"53":0,"54":0,"55":0,"56":0,"57":0,"58":0,"59":0,"6":0,"60":0,"61":0,"62":0,"63":0,"64":0,"65":0,"66":0,"67":0,"68":0,"69":0,"7":0,"70":0,"71":0,"72":0,"73":0,"74":0,"75":0,"76":0,"77":0,"78":0,"79":0,"8":0,"80":0,"81":0,"82":0,"83":0,"84":0,"85":0,"86":0,"87":0,"88":0,"89":0,"9":0,"90":0,"91":0,"92":0,"93":0,"94":0,"96":0,"SIN EDAD DE REFERENCIA":1},"Mujeres":{"0":22,"1":6,"10":9,"104":0,"11":8,"12":29,"13":103,"14":155,"15":233,"16":195,"17":135,"18":63,"19":53,"2":9,"20":45,"21":33,"22":33,"23":34,"24":45,"25":41,"26":26,"27":28,"28":41,"29":22,"3":6,"30":16,"31":24,"32":30,"33":22,"34":20,"35":20,"36":27,"37":20,"38":26,"39":19,"4":4,"40":15,"41":12,"42":16,"43":16,"44":13,"45":9,"46":3,"47":11,"48":16,"49":9,"5":4,"50":4,"51":6,"52":3,"53":6,"54":3,"55":8,"56":4,"57":3,"58":5,"59":1,"6":10,"60":5,"61":3,"62":3,"63":5,"64":4,"65":5,"66":1,"67":6,"68":5,"69":1,"7":3,"70":2,"71":2,"72":4,"73":1,"74":4,"75":1,"76":2,"77":1,"78":2,"79":1,"8":8,"80":3,"81":3,"82":4,"83":1,"84":3,"85":1,"86":3,"87":0,"88":0,"89":1,"9":7,"90":0,"91":0,"92":0,"93":0,"94":0,"96":0,"SIN EDAD DE REFERENCIA":25}},"por_nacionalidad":{"Hombres":{"ARGENTINA":2,"BRASILENA":1,"COLOMBIANA":8,"CUBANA":1,"ESTADOUNIDENSE":11,"GUATEMALTECA":3,"HINDU":3,"ISLANDESA":1,"LAOCIANA":1,"MEXICANA":4601,"PERUANA":1,"SALVADORENA":2,"SE DESCONOCE":25,"SIN NACIONALIDAD DE REFERENCIA":4},"Indeterminado":{"ARGENTINA":0,"BRASILENA":0,"COLOMBIANA":0,"CUBANA":0,"ESTADOUNIDENSE":0,"GUATEMALTECA":0,"HINDU":0,"ISLANDESA":0,"LAOCIANA":0,"MEXICANA":2,"PERUANA":0,"SALVADORENA":0,"SE DESCONOCE":5,"SIN NACIONALIDAD DE REFERENCIA":0},"Mujeres":{"ARGENTINA":0,"BRASILENA":0,"COLOMBIANA":2,"CUBANA":0,"ESTADOUNIDENSE":8,"GUATEMALTECA":0,"HINDU":1,"ISLANDESA":0,"LAOCIANA":0,"MEXICANA":1877,"PERUANA":0,"SALVADORENA":0,"SE DESCONOCE":5,"SIN NACIONALIDAD DE REFERENCIA":6}}}