{"totales":{"PorcentajeDesaparecidos":"30.47","PorcentajeLocalizados":"69.53","PorcentajeLocalizadosCV":"94.15","PorcentajeLocalizadosSV":"5.85","PorcentajeSoloDesaparecidos":"88.72","PorcentajeSoloNoLocalizados":"11.28","TotalDesaparecidos":"966","TotalGlobal":"3170","TotalLocalizados":"2204","TotalLocalizadosCV":"2075","TotalLocalizadosSV":"129","TotalSoloDesaparecidos":"857","TotalSoloNoLocalizados":"109"},"espacial":{"Hombres":{"AMACUZAC":15,"ATLATLAHUCAN":13,"AXOCHIAPAN":4,"AYALA":30,"COATLÁN DEL RÍO":5,"CUAUTLA":134,"CUERNAVACA":470,"EMILIANO ZAPATA":75,"HUITZILAC":19,"JANTETELCO":2,"JIUTEPEC":193,"JOJUTLA":29,"JONACATEPEC":0,"MAZATEPEC":6,"MIACATLÁN":12,"OCUITUCO":3,"PUENTE DE IXTLA":36,"SE DESCONOCE":15,"SIN MUNICIPIO DE REFERENCIA":30,"TEMIXCO":169,"TEMOAC":2,"TEPALCINGO":2,"TEPOZTLÁN":42,"TETECALA":6,"TETELA DEL VOLCÁN":1,"TLALNEPANTLA":4,"TLALTIZAPÁN":19,"TLAQUILTENANGO":15,"TLAYACAPAN":5,"TOTOLAPAN":1,"XOCHITEPEC":90,"YAUTEPEC":69,"YECAPIXTLA":24,"ZACATEPEC DE HIDALGO":16,"ZACUALPAN DE AMILPAS":1},"Indeterminado":{"AMACUZAC":0,"ATLATLAHUCAN":0,"AXOCHIAPAN":0,"AYALA":0,"COATLÁN DEL RÍO":0,"CUAUTLA":1,"CUERNAVACA":0,"EMILIANO ZAPATA":0,"HUITZILAC":0,"JANTETELCO":0,"JIUTEPEC":0,"JOJUTLA":0,"JONACATEPEC":0,"MAZATEPEC":0,"MIACATLÁN":0,"OCUITUCO":0,"PUENTE DE IXTLA":0,"SE DESCONOCE":1,"SIN MUNICIPIO DE REFERENCIA":0,"TEMIXCO":0,"TEMOAC":0,"TEPALCINGO":0,"TEPOZTLÁN":0,"TETECALA":0,"TETELA DEL VOLCÁN":0,"TLALNEPANTLA":0,"TLALTIZAPÁN":0,"TLAQUILTENANGO":0,"TLAYACAPAN":0,"TOTOLAPAN":0,"XOCHITEPEC":0,"YAUTEPEC":0,"YECAPIXTLA":0,"ZACATEPEC DE HIDALGO":0,"ZACUALPAN DE AMILPAS":0},"Mujeres":{"AMACUZAC":9,"ATLATLAHUCAN":10,"AXOCHIAPAN":6,"AYALA":14,"COATLÁN DEL RÍO":4,"CUAUTLA":84,"CUERNAVACA":586,"EMILIANO ZAPATA":91,"HUITZILAC":19,"JANTETELCO":5,"JIUTEPEC":256,"JOJUTLA":22,"JONACATEPEC":5,"MAZATEPEC":3,"MIACATLÁN":8,"OCUITUCO":2,"PUENTE DE IXTLA":17,"SE DESCONOCE":4,"SIN MUNICIPIO DE REFERENCIA":6,"TEMIXCO":163,"TEMOAC":0,"TEPALCINGO":2,"TEPOZTLÁN":45,"TETECALA":7,"TETELA DEL VOLCÁN":1,"TLALNEPANTLA":1,"TLALTIZAPÁN":19,"TLAQUILTENANGO":7,"TLAYACAPAN":10,"TOTOLAPAN":2,"XOCHITEPEC":113,"YAUTEPEC":68,"YECAPIXTLA":9,"ZACATEPEC DE HIDALGO":12,"ZACUALPAN DE AMILPAS":1}},"anual":{"Hombre":{"1.CIFRA SIN  AÑO DE REFERENCIA":99,"1970":1,"1974":1,"1976":2,"1983":1,"1985":1,"1987":2,"1988":1,"1993":2,"1994":1,"1995":0,"2002":1,"2003":1,"2008":1,"2009":7,"2010":14,"2011":24,"2012":70,"2013":315,"2014":162,"2015":50,"2016":145,"2017":124,"2018":79,"2019":31,"2020":392,"2021":30},"Indeterminado":{"1.CIFRA SIN  AÑO DE REFERENCIA":1,"1970":0,"1974":0,"1976":0,"1983":0,"1985":0,"1987":0,"1988":0,"1993":0,"1994":0,"1995":0,"2002":0,"2003":0,"2008":0,"2009":0,"2010":0,"2011":0,"2012":0,"2013":0,"2014":0,"2015":0,"2016":0,"2017":0,"2018":0,"2019":0,"2020":0,"2021":1},"Mujer":{"1.CIFRA SIN  AÑO DE REFERENCIA":49,"1970":0,"1974":0,"1976":0,"1983":0,"1985":0,"1987":0,"1988":0,"1993":0,"1994":0,"1995":1,"2002":0,"2003":0,"2008":1,"2009":5,"2010":14,"2011":27,"2012":70,"2013":401,"2014":217,"2015":71,"2016":143,"2017":108,"2018":116,"2019":13,"2020":364,"2021":11}},"mensual_ultimo_anio":{"Hombre":{"2020-AGOSTO":40,"2020-DICIEMBRE":31,"2020-NOVIEMBRE":40,"2020-OCTUBRE":41,"2020-SEPTIEMBRE":48,"2021-ABRIL":8,"2021-ENERO":8,"2021-FEBRERO":4,"2021-JULIO":2,"2021-JUNIO":2,"2021-MARZO":3,"2021-MAYO":3},"Indeterminado":{"2020-AGOSTO":0,"2020-DICIEMBRE":0,"2020-NOVIEMBRE":0,"2020-OCTUBRE":0,"2020-SEPTIEMBRE":0,"2021-ABRIL":0,"2021-ENERO":1,"2021-FEBRERO":0,"2021-JULIO":0,"2021-JUNIO":0,"2021-MARZO":0,"2021-MAYO":0},"Mujer":{"2020-AGOSTO":35,"2020-DICIEMBRE":38,"2020-NOVIEMBRE":33,"2020-OCTUBRE":45,"2020-SEPTIEMBRE":34,"2021-ABRIL":2,"2021-ENERO":4,"2021-FEBRERO":2,"2021-JULIO":0,"2021-JUNIO":1,"2021-MARZO":2,"2021-MAYO":0}},"por_edad":{"Hombres":{"0":32,"1":11,"10":7,"11":14,"12":16,"13":32,"14":58,"15":63,"16":47,"17":39,"18":34,"19":33,"2":12,"20":38,"21":30,"22":34,"23":31,"24":40,"25":34,"26":25,"27":46,"28":32,"29":33,"3":6,"30":27,"31":24,"32":16,"33":29,"34":19,"35":26,"36":27,"37":24,"38":32,"39":23,"4":17,"40":23,"41":22,"42":21,"43":20,"44":18,"45":13,"46":15,"47":18,"48":12,"49":12,"5":4,"50":13,"51":9,"52":8,"53":15,"54":16,"55":14,"56":12,"57":6,"58":7,"59":7,"6":9,"60":7,"61":7,"62":5,"63":7,"64":3,"65":10,"66":3,"67":8,"68":9,"69":3,"7":12,"70":6,"71":5,"72":2,"73":7,"74":6,"75":5,"76":6,"77":5,"78":8,"79":3,"8":6,"80":3,"81":3,"82":2,"83":4,"84":1,"85":9,"86":3,"87":1,"89":0,"9":9,"90":3,"97":3,"SIN EDAD DE REFERENCIA":78},"Indeterminado":{"0":0,"1":0,"10":0,"11":0,"12":0,"13":0,"14":0,"15":0,"16":0,"17":1,"18":0,"19":0,"2":0,"20":0,"21":0,"22":0,"23":0,"24":0,"25":0,"26":0,"27":0,"28":0,"29":0,"3":0,"30":0,"31":1,"32":0,"33":0,"34":0,"35":0,"36":0,"37":0,"38":0,"39":0,"4":0,"40":0,"41":0,"42":0,"43":0,"44":0,"45":0,"46":0,"47":0,"48":0,"49":0,"5":0,"50":0,"51":0,"52":0,"53":0,"54":0,"55":0,"56":0,"57":0,"58":0,"59":0,"6":0,"60":0,"61":0,"62":0,"63":0,"64":0,"65":0,"66":0,"67":0,"68":0,"69":0,"7":0,"70":0,"71":0,"72":0,"73":0,"74":0,"75":0,"76":0,"77":0,"78":0,"79":0,"8":0,"80":0,"81":0,"82":0,"83":0,"84":0,"85":0,"86":0,"87":0,"89":0,"9":0,"90":0,"97":0,"SIN EDAD DE REFERENCIA":0},"Mujeres":{"0":28,"1":14,"10":9,"11":13,"12":26,"13":72,"14":153,"15":156,"16":148,"17":155,"18":83,"19":62,"2":8,"20":36,"21":28,"22":29,"23":31,"24":70,"25":37,"26":23,"27":29,"28":16,"29":27,"3":12,"30":20,"31":10,"32":21,"33":15,"34":14,"35":16,"36":12,"37":23,"38":11,"39":15,"4":6,"40":9,"41":1,"42":10,"43":10,"44":6,"45":6,"46":2,"47":4,"48":9,"49":3,"5":7,"50":0,"51":3,"52":1,"53":0,"54":1,"55":5,"56":1,"57":2,"58":1,"59":0,"6":11,"60":1,"61":0,"62":2,"63":1,"64":0,"65":1,"66":0,"67":3,"68":1,"69":1,"7":6,"70":0,"71":2,"72":1,"73":3,"74":1,"75":0,"76":2,"77":0,"78":0,"79":0,"8":2,"80":0,"81":1,"82":0,"83":1,"84":2,"85":2,"86":0,"87":2,"89":1,"9":7,"90":0,"97":0,"SIN EDAD DE REFERENCIA":48}},"por_nacionalidad":{"Hombres":{"ALEMANA":0,"COLOMBIANA":6,"COSTARRICENSE":1,"CUBANA":1,"ESTADOS INDEPENDIENTES":1,"ESTADOUNIDENSE":2,"JAPONESA":1,"MEXICANA":1536,"PARAGUAYA":1,"SALVADORENA":0,"SE DESCONOCE":5,"SIN NACIONALIDAD DE REFERENCIA":1,"SUIZA":1,"UKRANIANA":0,"VENEZOLANA":1},"Indeterminado":{"ALEMANA":0,"COLOMBIANA":0,"COSTARRICENSE":0,"CUBANA":0,"ESTADOS INDEPENDIENTES":0,"ESTADOUNIDENSE":0,"JAPONESA":0,"MEXICANA":1,"PARAGUAYA":0,"SALVADORENA":0,"SE DESCONOCE":1,"SIN NACIONALIDAD DE REFERENCIA":0,"SUIZA":0,"UKRANIANA":0,"VENEZOLANA":0},"Mujeres":{"ALEMANA":1,"COLOMBIANA":0,"COSTARRICENSE":1,"CUBANA":0,"ESTADOS INDEPENDIENTES":0,"ESTADOUNIDENSE":7,"JAPONESA":0,"MEXICANA":1595,"PARAGUAYA":0,"SALVADORENA":1,"SE DESCONOCE":2,"SIN NACIONALIDAD DE REFERENCIA":1,"SUIZA":0,"UKRANIANA":1,"VENEZOLANA":2}}}