{"totales":{"PorcentajeDesaparecidos":"76.17","PorcentajeLocalizados":"23.83","PorcentajeLocalizadosCV":"83.92","PorcentajeLocalizadosSV":"16.08","PorcentajeSoloDesaparecidos":"82.10","PorcentajeSoloNoLocalizados":"17.90","TotalDesaparecidos":"1173","TotalGlobal":"1540","TotalLocalizados":"367","TotalLocalizadosCV":"308","TotalLocalizadosSV":"59","TotalSoloDesaparecidos":"963","TotalSoloNoLocalizados":"210"},"espacial":{"Hombres":{"ACAPONETA":11,"AHUACATLÁN":1,"AMATLÁN DE CAÑAS":1,"BAHÍA DE BANDERAS":47,"COMPOSTELA":24,"DEL NAYAR":2,"HUAJICORI":1,"IXTLÁN DEL RÍO":6,"JALA":1,"LA YESCA":3,"ROSAMORADA":3,"RUÍZ":1,"SAN BLAS":28,"SAN PEDRO LAGUNILLAS":1,"SANTA MARÍA DEL ORO":8,"SANTIAGO IXCUINTLA":11,"SE DESCONOCE":74,"SIN MUNICIPIO DE REFERENCIA":250,"TECUALA":7,"TEPIC":481,"TUXPAN":243,"XALISCO":17},"Indeterminado":{"ACAPONETA":0,"AHUACATLÁN":0,"AMATLÁN DE CAÑAS":0,"BAHÍA DE BANDERAS":0,"COMPOSTELA":0,"DEL NAYAR":0,"HUAJICORI":0,"IXTLÁN DEL RÍO":0,"JALA":0,"LA YESCA":0,"ROSAMORADA":0,"RUÍZ":0,"SAN BLAS":1,"SAN PEDRO LAGUNILLAS":0,"SANTA MARÍA DEL ORO":0,"SANTIAGO IXCUINTLA":0,"SE DESCONOCE":1,"SIN MUNICIPIO DE REFERENCIA":0,"TECUALA":0,"TEPIC":2,"TUXPAN":0,"XALISCO":0},"Mujeres":{"ACAPONETA":3,"AHUACATLÁN":0,"AMATLÁN DE CAÑAS":0,"BAHÍA DE BANDERAS":19,"COMPOSTELA":10,"DEL NAYAR":2,"HUAJICORI":0,"IXTLÁN DEL RÍO":2,"JALA":1,"LA YESCA":1,"ROSAMORADA":3,"RUÍZ":2,"SAN BLAS":1,"SAN PEDRO LAGUNILLAS":0,"SANTA MARÍA DEL ORO":1,"SANTIAGO IXCUINTLA":7,"SE DESCONOCE":23,"SIN MUNICIPIO DE REFERENCIA":49,"TECUALA":3,"TEPIC":153,"TUXPAN":31,"XALISCO":4}},"anual":{"Hombre":{"1.CIFRA SIN  AÑO DE REFERENCIA":360,"1981":2,"1990":0,"1994":1,"1997":1,"2000":1,"2002":4,"2003":1,"2006":0,"2008":3,"2009":11,"2010":14,"2011":12,"2012":13,"2013":16,"2014":12,"2015":5,"2016":21,"2017":170,"2018":169,"2019":113,"2020":201,"2021":91},"Indeterminado":{"1.CIFRA SIN  AÑO DE REFERENCIA":1,"1981":0,"1990":0,"1994":0,"1997":0,"2000":0,"2002":0,"2003":0,"2006":0,"2008":0,"2009":0,"2010":0,"2011":0,"2012":2,"2013":0,"2014":0,"2015":0,"2016":0,"2017":0,"2018":0,"2019":0,"2020":1,"2021":0},"Mujer":{"1.CIFRA SIN  AÑO DE REFERENCIA":67,"1981":0,"1990":1,"1994":0,"1997":0,"2000":0,"2002":0,"2003":0,"2006":1,"2008":0,"2009":0,"2010":2,"2011":0,"2012":6,"2013":2,"2014":4,"2015":3,"2016":0,"2017":19,"2018":29,"2019":27,"2020":97,"2021":57}},"mensual_ultimo_anio":{"Hombre":{"2020-AGOSTO":16,"2020-DICIEMBRE":12,"2020-NOVIEMBRE":7,"2020-OCTUBRE":4,"2020-SEPTIEMBRE":15,"2021-ABRIL":16,"2021-ENERO":17,"2021-FEBRERO":15,"2021-JULIO":1,"2021-JUNIO":7,"2021-MARZO":16,"2021-MAYO":19},"Indeterminado":{"2020-AGOSTO":0,"2020-DICIEMBRE":0,"2020-NOVIEMBRE":0,"2020-OCTUBRE":0,"2020-SEPTIEMBRE":0,"2021-ABRIL":0,"2021-ENERO":0,"2021-FEBRERO":0,"2021-JULIO":0,"2021-JUNIO":0,"2021-MARZO":0,"2021-MAYO":0},"Mujer":{"2020-AGOSTO":13,"2020-DICIEMBRE":5,"2020-NOVIEMBRE":3,"2020-OCTUBRE":3,"2020-SEPTIEMBRE":5,"2021-ABRIL":6,"2021-ENERO":15,"2021-FEBRERO":10,"2021-JULIO":4,"2021-JUNIO":9,"2021-MARZO":5,"2021-MAYO":8}},"por_edad":{"Hombres":{"0":6,"1":2,"10":2,"11":2,"12":3,"13":4,"14":3,"15":7,"16":16,"17":19,"18":22,"19":22,"2":1,"20":35,"21":19,"22":21,"23":35,"24":34,"25":35,"26":34,"27":34,"28":29,"29":37,"3":1,"30":33,"31":22,"32":29,"33":28,"34":22,"35":27,"36":29,"37":20,"38":34,"39":15,"4":0,"40":16,"41":14,"42":33,"43":21,"44":12,"45":21,"46":13,"47":11,"48":8,"49":11,"5":1,"50":13,"51":6,"52":14,"53":8,"54":9,"55":3,"56":5,"57":2,"58":2,"59":1,"6":2,"60":5,"61":3,"62":3,"63":4,"64":3,"65":2,"66":1,"67":2,"7":6,"70":3,"71":1,"72":4,"73":1,"74":1,"75":1,"77":1,"8":3,"80":1,"81":1,"83":1,"84":1,"85":1,"9":1,"SIN EDAD DE REFERENCIA":263},"Indeterminado":{"0":0,"1":0,"10":0,"11":0,"12":0,"13":0,"14":0,"15":1,"16":0,"17":0,"18":0,"19":0,"2":0,"20":0,"21":0,"22":0,"23":0,"24":0,"25":0,"26":0,"27":0,"28":0,"29":0,"3":0,"30":0,"31":0,"32":0,"33":0,"34":0,"35":0,"36":0,"37":2,"38":0,"39":0,"4":0,"40":0,"41":0,"42":0,"43":0,"44":0,"45":0,"46":0,"47":0,"48":0,"49":0,"5":0,"50":0,"51":0,"52":0,"53":0,"54":0,"55":0,"56":0,"57":0,"58":0,"59":0,"6":0,"60":0,"61":0,"62":0,"63":0,"64":0,"65":0,"66":0,"67":0,"7":0,"70":0,"71":0,"72":0,"73":0,"74":0,"75":0,"77":0,"8":0,"80":0,"81":0,"83":0,"84":0,"85":0,"9":0,"SIN EDAD DE REFERENCIA":1},"Mujeres":{"0":0,"1":0,"10":1,"11":1,"12":2,"13":12,"14":20,"15":19,"16":18,"17":23,"18":9,"19":6,"2":0,"20":10,"21":4,"22":4,"23":7,"24":5,"25":4,"26":9,"27":4,"28":3,"29":3,"3":1,"30":7,"31":5,"32":4,"33":6,"34":7,"35":3,"36":3,"37":2,"38":3,"39":1,"4":3,"40":2,"41":5,"42":2,"43":1,"44":3,"45":2,"46":0,"47":0,"48":1,"49":0,"5":2,"50":0,"51":1,"52":0,"53":0,"54":2,"55":0,"56":2,"57":0,"58":0,"59":2,"6":0,"60":0,"61":0,"62":0,"63":0,"64":0,"65":0,"66":0,"67":1,"7":0,"70":0,"71":0,"72":0,"73":1,"74":1,"75":0,"77":0,"8":1,"80":0,"81":0,"83":0,"84":0,"85":0,"9":2,"SIN EDAD DE REFERENCIA":75}},"por_nacionalidad":{"Hombres":{"ARGENTINA":1,"COLOMBIANA":1,"ESTADOUNIDENSE":2,"MEXICANA":1054,"SE DESCONOCE":161,"SIN NACIONALIDAD DE REFERENCIA":1,"URUGUAYA":1},"Indeterminado":{"ARGENTINA":0,"COLOMBIANA":0,"ESTADOUNIDENSE":0,"MEXICANA":3,"SE DESCONOCE":1,"SIN NACIONALIDAD DE REFERENCIA":0,"URUGUAYA":0},"Mujeres":{"ARGENTINA":0,"COLOMBIANA":0,"ESTADOUNIDENSE":3,"MEXICANA":283,"SE DESCONOCE":28,"SIN NACIONALIDAD DE REFERENCIA":1,"URUGUAYA":0}}}