{"totales":{"PorcentajeDesaparecidos":"59.92","PorcentajeLocalizados":"40.08","PorcentajeLocalizadosCV":"92.28","PorcentajeLocalizadosSV":"7.72","PorcentajeSoloDesaparecidos":"81.76","PorcentajeSoloNoLocalizados":"18.24","TotalDesaparecidos":"5401","TotalGlobal":"9014","TotalLocalizados":"3613","TotalLocalizadosCV":"3334","TotalLocalizadosSV":"279","TotalSoloDesaparecidos":"4416","TotalSoloNoLocalizados":"985"},"espacial":{"Hombres":{"AGUALEGUAS":12,"ALLENDE":36,"ANÁHUAC":53,"APODACA":370,"ARAMBERRI":6,"BUSTAMANTE":1,"CADEREYTA JIMÉNEZ":228,"CARMEN":48,"CERRALVO":36,"CHINA":64,"CIÉNEGA DE FLORES":82,"DR. ARROYO":10,"DR. COSS":14,"DR. GONZÁLEZ":4,"GALEANA":17,"GARCÍA":153,"GRAL. BRAVO":23,"GRAL. ESCOBEDO":327,"GRAL. TERÁN":23,"GRAL. TREVIÑO":9,"GRAL. ZARAGOZA":0,"GRAL. ZUAZUA":47,"GUADALUPE":507,"HIDALGO":18,"HIGUERAS":1,"HUALAHUISES":8,"ITURBIDE":2,"JUÁREZ":251,"LAMPAZOS DE NARANJO":14,"LINARES":82,"LOS ALDAMAS":4,"LOS HERRERAS":6,"LOS RAMONES":10,"MARÍN":4,"MELCHOR OCAMPO":5,"MIER Y NORIEGA":2,"MINA":6,"MONTEMORELOS":84,"MONTERREY":1544,"NUEVO LAREDO":1,"PARÁS":5,"PESQUERÍA":76,"SABINAS HIDALGO":87,"SALINAS VICTORIA":58,"SAN NICOLÁS DE LOS GARZA":289,"SAN PEDRO GARZA GARCÍA":114,"SANTA CATARINA":235,"SANTIAGO":90,"SE DESCONOCE":363,"SIN MUNICIPIO DE REFERENCIA":155,"VALLECILLO":4,"VILLALDAMA":12},"Indeterminado":{"AGUALEGUAS":0,"ALLENDE":0,"ANÁHUAC":0,"APODACA":0,"ARAMBERRI":0,"BUSTAMANTE":0,"CADEREYTA JIMÉNEZ":0,"CARMEN":0,"CERRALVO":0,"CHINA":0,"CIÉNEGA DE FLORES":0,"DR. ARROYO":0,"DR. COSS":0,"DR. GONZÁLEZ":0,"GALEANA":0,"GARCÍA":0,"GRAL. BRAVO":0,"GRAL. ESCOBEDO":0,"GRAL. TERÁN":0,"GRAL. TREVIÑO":0,"GRAL. ZARAGOZA":0,"GRAL. ZUAZUA":0,"GUADALUPE":0,"HIDALGO":0,"HIGUERAS":0,"HUALAHUISES":0,"ITURBIDE":0,"JUÁREZ":0,"LAMPAZOS DE NARANJO":0,"LINARES":0,"LOS ALDAMAS":0,"LOS HERRERAS":0,"LOS RAMONES":0,"MARÍN":0,"MELCHOR OCAMPO":0,"MIER Y NORIEGA":0,"MINA":0,"MONTEMORELOS":0,"MONTERREY":0,"NUEVO LAREDO":0,"PARÁS":0,"PESQUERÍA":0,"SABINAS HIDALGO":0,"SALINAS VICTORIA":0,"SAN NICOLÁS DE LOS GARZA":0,"SAN PEDRO GARZA GARCÍA":0,"SANTA CATARINA":0,"SANTIAGO":0,"SE DESCONOCE":1,"SIN MUNICIPIO DE REFERENCIA":0,"VALLECILLO":0,"VILLALDAMA":0},"Mujeres":{"AGUALEGUAS":3,"ALLENDE":17,"ANÁHUAC":11,"APODACA":223,"ARAMBERRI":3,"BUSTAMANTE":3,"CADEREYTA JIMÉNEZ":86,"CARMEN":43,"CERRALVO":12,"CHINA":11,"CIÉNEGA DE FLORES":61,"DR. ARROYO":5,"DR. COSS":5,"DR. GONZÁLEZ":0,"GALEANA":6,"GARCÍA":165,"GRAL. BRAVO":4,"GRAL. ESCOBEDO":208,"GRAL. TERÁN":7,"GRAL. TREVIÑO":1,"GRAL. ZARAGOZA":3,"GRAL. ZUAZUA":36,"GUADALUPE":282,"HIDALGO":11,"HIGUERAS":0,"HUALAHUISES":1,"ITURBIDE":1,"JUÁREZ":191,"LAMPAZOS DE NARANJO":7,"LINARES":38,"LOS ALDAMAS":4,"LOS HERRERAS":2,"LOS RAMONES":2,"MARÍN":6,"MELCHOR OCAMPO":0,"MIER Y NORIEGA":0,"MINA":6,"MONTEMORELOS":56,"MONTERREY":834,"NUEVO LAREDO":0,"PARÁS":0,"PESQUERÍA":54,"SABINAS HIDALGO":41,"SALINAS VICTORIA":49,"SAN NICOLÁS DE LOS GARZA":121,"SAN PEDRO GARZA GARCÍA":40,"SANTA CATARINA":145,"SANTIAGO":29,"SE DESCONOCE":465,"SIN MUNICIPIO DE REFERENCIA":113,"VALLECILLO":2,"VILLALDAMA":0}},"anual":{"Hombre":{"1.CIFRA SIN  AÑO DE REFERENCIA":182,"1964":1,"1973":1,"1975":2,"1978":5,"1979":2,"1982":1,"1985":1,"1988":2,"1989":1,"1991":1,"1993":1,"1994":1,"1996":1,"1997":2,"1998":2,"1999":1,"2000":3,"2001":3,"2002":3,"2003":2,"2004":2,"2005":7,"2006":12,"2007":99,"2008":71,"2009":135,"2010":724,"2011":705,"2012":274,"2013":169,"2014":140,"2015":248,"2016":226,"2017":286,"2018":764,"2019":442,"2020":473,"2021":605},"Indeterminado":{"1.CIFRA SIN  AÑO DE REFERENCIA":1,"1964":0,"1973":0,"1975":0,"1978":0,"1979":0,"1982":0,"1985":0,"1988":0,"1989":0,"1991":0,"1993":0,"1994":0,"1996":0,"1997":0,"1998":0,"1999":0,"2000":0,"2001":0,"2002":0,"2003":0,"2004":0,"2005":0,"2006":0,"2007":0,"2008":0,"2009":0,"2010":0,"2011":0,"2012":0,"2013":0,"2014":0,"2015":0,"2016":0,"2017":0,"2018":0,"2019":0,"2020":0,"2021":0},"Mujer":{"1.CIFRA SIN  AÑO DE REFERENCIA":120,"1964":0,"1973":0,"1975":1,"1978":1,"1979":0,"1982":0,"1985":0,"1988":0,"1989":0,"1991":0,"1993":1,"1994":0,"1996":0,"1997":0,"1998":0,"1999":0,"2000":2,"2001":2,"2002":1,"2003":1,"2004":0,"2005":0,"2006":4,"2007":26,"2008":42,"2009":49,"2010":236,"2011":260,"2012":119,"2013":90,"2014":122,"2015":250,"2016":133,"2017":169,"2018":754,"2019":289,"2020":266,"2021":475}},"mensual_ultimo_anio":{"Hombre":{"2020-DICIEMBRE":44,"2020-NOVIEMBRE":44,"2020-OCTUBRE":31,"2020-SEPTIEMBRE":36,"2021-ABRIL":85,"2021-AGOSTO":4,"2021-ENERO":102,"2021-FEBRERO":92,"2021-JULIO":105,"2021-JUNIO":72,"2021-MARZO":106,"2021-MAYO":39},"Indeterminado":{"2020-DICIEMBRE":0,"2020-NOVIEMBRE":0,"2020-OCTUBRE":0,"2020-SEPTIEMBRE":0,"2021-ABRIL":0,"2021-AGOSTO":0,"2021-ENERO":0,"2021-FEBRERO":0,"2021-JULIO":0,"2021-JUNIO":0,"2021-MARZO":0,"2021-MAYO":0},"Mujer":{"2020-DICIEMBRE":31,"2020-NOVIEMBRE":27,"2020-OCTUBRE":10,"2020-SEPTIEMBRE":18,"2021-ABRIL":69,"2021-AGOSTO":0,"2021-ENERO":70,"2021-FEBRERO":71,"2021-JULIO":80,"2021-JUNIO":51,"2021-MARZO":116,"2021-MAYO":18}},"por_edad":{"Hombres":{"0":7,"1":49,"10":24,"11":54,"12":32,"13":56,"14":65,"15":116,"16":226,"17":104,"18":98,"19":101,"2":24,"20":121,"21":265,"22":111,"23":123,"24":100,"25":138,"26":286,"27":100,"28":120,"29":111,"3":16,"30":130,"31":264,"32":83,"33":94,"34":82,"35":123,"36":226,"37":89,"38":88,"39":90,"4":15,"40":107,"41":155,"42":91,"43":72,"44":67,"45":82,"46":102,"47":56,"48":61,"49":46,"5":18,"50":55,"51":74,"52":51,"53":31,"54":27,"55":39,"56":46,"57":23,"58":32,"59":35,"6":24,"60":29,"61":45,"62":28,"63":20,"64":21,"65":14,"66":8,"67":17,"68":11,"69":13,"7":13,"70":29,"71":29,"72":12,"73":16,"74":10,"75":12,"76":13,"77":17,"78":9,"79":10,"8":16,"80":10,"81":15,"82":8,"83":4,"84":6,"85":3,"86":5,"87":4,"88":2,"89":1,"9":21,"90":2,"91":1,"92":1,"93":1,"95":0,"96":1,"97":1,"98":1,"SIN EDAD DE REFERENCIA":96},"Indeterminado":{"0":0,"1":0,"10":0,"11":0,"12":0,"13":0,"14":0,"15":0,"16":0,"17":0,"18":0,"19":0,"2":0,"20":0,"21":0,"22":0,"23":0,"24":0,"25":0,"26":0,"27":0,"28":0,"29":0,"3":0,"30":0,"31":0,"32":0,"33":0,"34":0,"35":0,"36":0,"37":0,"38":0,"39":0,"4":0,"40":1,"41":0,"42":0,"43":0,"44":0,"45":0,"46":0,"47":0,"48":0,"49":0,"5":0,"50":0,"51":0,"52":0,"53":0,"54":0,"55":0,"56":0,"57":0,"58":0,"59":0,"6":0,"60":0,"61":0,"62":0,"63":0,"64":0,"65":0,"66":0,"67":0,"68":0,"69":0,"7":0,"70":0,"71":0,"72":0,"73":0,"74":0,"75":0,"76":0,"77":0,"78":0,"79":0,"8":0,"80":0,"81":0,"82":0,"83":0,"84":0,"85":0,"86":0,"87":0,"88":0,"89":0,"9":0,"90":0,"91":0,"92":0,"93":0,"95":0,"96":0,"97":0,"98":0,"SIN EDAD DE REFERENCIA":0},"Mujeres":{"0":5,"1":57,"10":23,"11":82,"12":74,"13":174,"14":257,"15":300,"16":367,"17":203,"18":111,"19":87,"2":21,"20":87,"21":134,"22":62,"23":65,"24":46,"25":74,"26":96,"27":44,"28":61,"29":42,"3":22,"30":44,"31":67,"32":34,"33":31,"34":22,"35":43,"36":55,"37":28,"38":23,"39":31,"4":11,"40":31,"41":36,"42":22,"43":15,"44":27,"45":18,"46":28,"47":12,"48":16,"49":13,"5":18,"50":15,"51":17,"52":6,"53":7,"54":13,"55":15,"56":9,"57":7,"58":5,"59":8,"6":23,"60":8,"61":7,"62":4,"63":5,"64":2,"65":4,"66":7,"67":3,"68":4,"69":2,"7":9,"70":8,"71":7,"72":1,"73":10,"74":0,"75":4,"76":1,"77":1,"78":0,"79":3,"8":15,"80":2,"81":7,"82":0,"83":0,"84":2,"85":1,"86":0,"87":1,"88":0,"89":0,"9":12,"90":0,"91":2,"92":0,"93":0,"95":1,"96":0,"97":0,"98":0,"SIN EDAD DE REFERENCIA":36}},"por_nacionalidad":{"Hombres":{"ARGENTINA":1,"BRASILENA":1,"CANADIENSE":0,"COLOMBIANA":5,"COSTARRICENSE":1,"CUBANA":3,"ECUATORIANA":1,"ESPANOLA":2,"ESTADOS INDEPENDIENTES":1,"ESTADOUNIDENSE":18,"GUATEMALTECA":6,"HINDU":2,"HONDUREÑA":33,"INGLESA":0,"LIBANESA":1,"MEXICANA":5133,"NEOZELANDESA":1,"NICARAGUENSE":4,"SALVADORENA":15,"SE DESCONOCE":369,"SIN NACIONALIDAD DE REFERENCIA":1,"VENEZOLANA":2},"Indeterminado":{"ARGENTINA":0,"BRASILENA":0,"CANADIENSE":0,"COLOMBIANA":0,"COSTARRICENSE":0,"CUBANA":0,"ECUATORIANA":1,"ESPANOLA":0,"ESTADOS INDEPENDIENTES":0,"ESTADOUNIDENSE":0,"GUATEMALTECA":0,"HINDU":0,"HONDUREÑA":0,"INGLESA":0,"LIBANESA":0,"MEXICANA":0,"NEOZELANDESA":0,"NICARAGUENSE":0,"SALVADORENA":0,"SE DESCONOCE":0,"SIN NACIONALIDAD DE REFERENCIA":0,"VENEZOLANA":0},"Mujeres":{"ARGENTINA":0,"BRASILENA":0,"CANADIENSE":1,"COLOMBIANA":0,"COSTARRICENSE":0,"CUBANA":1,"ECUATORIANA":0,"ESPANOLA":0,"ESTADOS INDEPENDIENTES":0,"ESTADOUNIDENSE":14,"GUATEMALTECA":2,"HINDU":0,"HONDUREÑA":20,"INGLESA":1,"LIBANESA":0,"MEXICANA":2901,"NEOZELANDESA":0,"NICARAGUENSE":1,"SALVADORENA":6,"SE DESCONOCE":464,"SIN NACIONALIDAD DE REFERENCIA":0,"VENEZOLANA":2}}}