{"totales":{"PorcentajeDesaparecidos":"34.31","PorcentajeLocalizados":"65.69","PorcentajeLocalizadosCV":"97.42","PorcentajeLocalizadosSV":"2.58","PorcentajeSoloDesaparecidos":"97.82","PorcentajeSoloNoLocalizados":"2.18","TotalDesaparecidos":"1375","TotalGlobal":"4008","TotalLocalizados":"2633","TotalLocalizadosCV":"2565","TotalLocalizadosSV":"68","TotalSoloDesaparecidos":"1345","TotalSoloNoLocalizados":"30"},"espacial":{"Hombres":{"ENSENADA":123,"MEXICALI":396,"PLAYAS DE ROSARITO":62,"SE DESCONOCE":22,"SIN MUNICIPIO DE REFERENCIA":74,"TECATE":52,"TIJUANA":1336},"Indeterminado":{"ENSENADA":0,"MEXICALI":0,"PLAYAS DE ROSARITO":0,"SE DESCONOCE":5,"SIN MUNICIPIO DE REFERENCIA":0,"TECATE":0,"TIJUANA":0},"Mujeres":{"ENSENADA":123,"MEXICALI":409,"PLAYAS DE ROSARITO":43,"SE DESCONOCE":12,"SIN MUNICIPIO DE REFERENCIA":28,"TECATE":55,"TIJUANA":1268}},"anual":{"Hombre":{"1.CIFRA SIN  AÑO DE REFERENCIA":300,"1981":3,"1988":0,"1989":1,"1994":1,"1995":1,"1998":1,"1999":1,"2002":2,"2004":0,"2005":2,"2006":5,"2007":12,"2008":27,"2009":10,"2010":8,"2011":15,"2012":101,"2013":569,"2014":463,"2015":11,"2016":169,"2017":200,"2018":17,"2019":27,"2020":82,"2021":37},"Indeterminado":{"1.CIFRA SIN  AÑO DE REFERENCIA":5,"1981":0,"1988":0,"1989":0,"1994":0,"1995":0,"1998":0,"1999":0,"2002":0,"2004":0,"2005":0,"2006":0,"2007":0,"2008":0,"2009":0,"2010":0,"2011":0,"2012":0,"2013":0,"2014":0,"2015":0,"2016":0,"2017":0,"2018":0,"2019":0,"2020":0,"2021":0},"Mujer":{"1.CIFRA SIN  AÑO DE REFERENCIA":178,"1981":0,"1988":1,"1989":2,"1994":0,"1995":0,"1998":0,"1999":0,"2002":1,"2004":1,"2005":1,"2006":1,"2007":3,"2008":7,"2009":4,"2010":2,"2011":6,"2012":77,"2013":732,"2014":505,"2015":1,"2016":150,"2017":208,"2018":1,"2019":8,"2020":34,"2021":15}},"mensual_ultimo_anio":{"Hombre":{"2020-AGOSTO":8,"2020-DICIEMBRE":6,"2020-NOVIEMBRE":2,"2020-OCTUBRE":5,"2020-SEPTIEMBRE":8,"2021-ABRIL":5,"2021-ENERO":5,"2021-FEBRERO":5,"2021-JULIO":3,"2021-JUNIO":4,"2021-MARZO":10,"2021-MAYO":5},"Indeterminado":{"2020-AGOSTO":0,"2020-DICIEMBRE":0,"2020-NOVIEMBRE":0,"2020-OCTUBRE":0,"2020-SEPTIEMBRE":0,"2021-ABRIL":0,"2021-ENERO":0,"2021-FEBRERO":0,"2021-JULIO":0,"2021-JUNIO":0,"2021-MARZO":0,"2021-MAYO":0},"Mujer":{"2020-AGOSTO":4,"2020-DICIEMBRE":1,"2020-NOVIEMBRE":2,"2020-OCTUBRE":3,"2020-SEPTIEMBRE":4,"2021-ABRIL":1,"2021-ENERO":4,"2021-FEBRERO":2,"2021-JULIO":1,"2021-JUNIO":6,"2021-MARZO":0,"2021-MAYO":1}},"por_edad":{"Hombres":{"0":21,"1":10,"10":13,"11":18,"12":35,"13":56,"14":78,"15":61,"16":79,"17":78,"18":48,"19":47,"2":4,"20":56,"21":52,"22":51,"23":52,"24":50,"25":69,"26":49,"27":48,"28":48,"29":44,"3":7,"30":43,"31":33,"32":39,"33":41,"34":43,"35":41,"36":31,"37":35,"38":36,"39":30,"4":8,"40":34,"41":24,"42":45,"43":25,"44":26,"45":28,"46":26,"47":26,"48":29,"49":20,"5":8,"50":22,"51":26,"52":16,"53":13,"54":10,"55":19,"56":14,"57":14,"58":8,"59":7,"6":5,"60":11,"61":8,"62":14,"63":5,"64":8,"65":6,"66":2,"67":5,"68":4,"69":7,"7":1,"70":6,"71":1,"72":6,"73":0,"74":3,"75":4,"76":1,"77":3,"78":2,"79":3,"8":8,"80":3,"81":2,"82":0,"83":3,"84":3,"85":1,"86":0,"87":2,"88":2,"9":12,"90":1,"SIN EDAD DE REFERENCIA":29},"Indeterminado":{"0":0,"1":0,"10":0,"11":0,"12":0,"13":0,"14":0,"15":0,"16":0,"17":0,"18":0,"19":0,"2":0,"20":1,"21":0,"22":0,"23":0,"24":1,"25":0,"26":0,"27":0,"28":0,"29":0,"3":0,"30":0,"31":0,"32":0,"33":0,"34":0,"35":0,"36":0,"37":0,"38":0,"39":0,"4":0,"40":0,"41":0,"42":0,"43":0,"44":1,"45":0,"46":0,"47":0,"48":0,"49":1,"5":0,"50":0,"51":0,"52":0,"53":0,"54":0,"55":0,"56":0,"57":0,"58":0,"59":0,"6":0,"60":0,"61":0,"62":0,"63":0,"64":0,"65":0,"66":0,"67":0,"68":0,"69":0,"7":0,"70":0,"71":0,"72":0,"73":0,"74":0,"75":0,"76":0,"77":0,"78":0,"79":0,"8":0,"80":0,"81":0,"82":0,"83":0,"84":0,"85":0,"86":0,"87":0,"88":0,"9":0,"90":0,"SIN EDAD DE REFERENCIA":1},"Mujeres":{"0":23,"1":12,"10":14,"11":12,"12":42,"13":136,"14":230,"15":308,"16":295,"17":176,"18":42,"19":34,"2":12,"20":41,"21":29,"22":28,"23":30,"24":23,"25":23,"26":23,"27":25,"28":10,"29":18,"3":7,"30":17,"31":13,"32":16,"33":15,"34":13,"35":14,"36":9,"37":10,"38":19,"39":9,"4":11,"40":8,"41":11,"42":8,"43":14,"44":7,"45":3,"46":5,"47":3,"48":3,"49":3,"5":12,"50":2,"51":4,"52":4,"53":3,"54":1,"55":1,"56":2,"57":2,"58":1,"59":1,"6":9,"60":7,"61":1,"62":2,"63":4,"64":0,"65":4,"66":4,"67":2,"68":3,"69":1,"7":12,"70":1,"71":2,"72":4,"73":3,"74":0,"75":3,"76":1,"77":0,"78":0,"79":0,"8":11,"80":4,"81":2,"82":2,"83":2,"84":0,"85":0,"86":1,"87":0,"88":0,"9":8,"90":0,"SIN EDAD DE REFERENCIA":8}},"por_nacionalidad":{"Hombres":{"ARMENIO":1,"AUSTRIACA":1,"BRASILENA":2,"CANADIENSE":1,"COREANA (REPUBLICA POPULAR)":1,"CUBANA":1,"DOMINICANA":1,"ESPANOLA":1,"ESTADOS INDEPENDIENTES":0,"ESTADOUNIDENSE":52,"FILIPINA":0,"GUATEMALTECA":5,"HONDUREÑA":6,"INGLESA":1,"LEONESA":1,"MEXICANA":1853,"MONEGASCA":0,"NICARAGUENSE":2,"PERUANA":0,"SALVADORENA":5,"SE DESCONOCE":59,"SIN NACIONALIDAD DE REFERENCIA":71,"TURCA":0,"URUGUAYA":0,"VENEZOLANA":1},"Indeterminado":{"ARMENIO":0,"AUSTRIACA":0,"BRASILENA":0,"CANADIENSE":0,"COREANA (REPUBLICA POPULAR)":0,"CUBANA":0,"DOMINICANA":0,"ESPANOLA":0,"ESTADOS INDEPENDIENTES":0,"ESTADOUNIDENSE":0,"FILIPINA":0,"GUATEMALTECA":0,"HONDUREÑA":0,"INGLESA":0,"LEONESA":0,"MEXICANA":0,"MONEGASCA":0,"NICARAGUENSE":0,"PERUANA":0,"SALVADORENA":0,"SE DESCONOCE":5,"SIN NACIONALIDAD DE REFERENCIA":0,"TURCA":0,"URUGUAYA":0,"VENEZOLANA":0},"Mujeres":{"ARMENIO":0,"AUSTRIACA":0,"BRASILENA":0,"CANADIENSE":0,"COREANA (REPUBLICA POPULAR)":0,"CUBANA":0,"DOMINICANA":0,"ESPANOLA":0,"ESTADOS INDEPENDIENTES":1,"ESTADOUNIDENSE":59,"FILIPINA":1,"GUATEMALTECA":1,"HONDUREÑA":2,"INGLESA":0,"LEONESA":0,"MEXICANA":1751,"MONEGASCA":1,"NICARAGUENSE":0,"PERUANA":1,"SALVADORENA":3,"SE DESCONOCE":52,"SIN NACIONALIDAD DE REFERENCIA":64,"TURCA":1,"URUGUAYA":1,"VENEZOLANA":0}}}