{"totales":{"PorcentajeDesaparecidos":"9.94","PorcentajeLocalizados":"90.06","PorcentajeLocalizadosCV":"97.46","PorcentajeLocalizadosSV":"2.54","PorcentajeSoloDesaparecidos":"96.39","PorcentajeSoloNoLocalizados":"3.61","TotalDesaparecidos":"360","TotalGlobal":"3623","TotalLocalizados":"3263","TotalLocalizadosCV":"3180","TotalLocalizadosSV":"83","TotalSoloDesaparecidos":"347","TotalSoloNoLocalizados":"13"},"espacial":{"Hombres":{"ABEJONES":2,"ACATLÁN DE PÉREZ FIGUEROA":1,"ANIMAS TRUJANO":12,"ASUNCIÓN IXTALTEPEC":1,"ASUNCIÓN NOCHIXTLÁN":1,"ASUNCIÓN TLACOLULITA":1,"AYOQUEZCO DE ALDAMA":1,"CHALCATONGO DE HIDALGO":0,"CIUDAD IXTEPEC":3,"COATECAS ALTAS":2,"CONCEPCIÓN PÁPALO":1,"COSOLAPA":3,"CUILÁPAM DE GUERRERO":28,"GUADALUPE DE RAMÍREZ":1,"GUELATAO DE JUÁREZ":0,"GUEVEA DE HUMBOLDT":1,"HEROICA CIUDAD DE EJUTLA DE CRESPO":2,"HEROICA CIUDAD DE TLAXIACO":2,"HUAJUAPAN DE LEÓN":3,"HUAUTLA DE JIMÉNEZ":3,"JUCHITÁN DE ZARAGOZA":2,"LOMA BONITA":4,"MAGDALENA APASCO":4,"MAGDALENA MIXTEPEC":0,"MATÍAS ROMERO AVENDAÑO":1,"MAZATLÁN VILLA DE FLORES":1,"MESONES HIDALGO":1,"MIAHUATLÁN DE PORFIRIO DÍAZ":6,"NAZARENO ETLA":1,"OAXACA DE JUÁREZ":625,"OCOTLÁN DE MORELOS":6,"PUTLA VILLA DE GUERRERO":7,"REYES ETLA":0,"SALINA CRUZ":8,"SAN AGUSTÍN ATENANGO":7,"SAN AGUSTÍN DE LAS JUNTAS":21,"SAN AGUSTÍN ETLA":1,"SAN AGUSTÍN YATARENI":4,"SAN ANDRÉS HUAYAPAM":6,"SAN ANDRÉS IXTLAHUACA":3,"SAN ANDRÉS ZAUTLA":2,"SAN ANTONINO CASTILLO VELASCO":0,"SAN ANTONINO EL ALTO":1,"SAN ANTONIO DE LA CAL":37,"SAN ANTONIO HUITEPEC":1,"SAN BALTAZAR YATZACHI EL BAJO":1,"SAN BARTOLO COYOTEPEC":29,"SAN BERNARDO MIXTEPEC":1,"SAN CRISTÓBAL AMATLÁN":3,"SAN CRISTÓBAL LACHIRIOAG":1,"SAN FELIPE JALAPA DE DÍAZ":1,"SAN FELIPE USILA":0,"SAN FRANCISCO IXHUATÁN":1,"SAN FRANCISCO LACHIGOLÓ":3,"SAN FRANCISCO TELIXTLAHUACA":2,"SAN ILDEFONSO AMATLÁN":1,"SAN ILDEFONSO VILLA ALTA":1,"SAN JACINTO AMILPAS":30,"SAN JOSÉ DEL PROGRESO":1,"SAN JOSÉ LACHIGUIRI":0,"SAN JOSÉ TENANGO":0,"SAN JUAN BAUTISTA CUICATLÁN":3,"SAN JUAN BAUTISTA GUELACHE":1,"SAN JUAN BAUTISTA TUXTEPEC":23,"SAN JUAN BAUTISTA VALLE NACIONAL":1,"SAN JUAN GUELAVÍA":0,"SAN JUAN JUQUILA MIXES":1,"SAN JUAN MAZATLÁN":1,"SAN JUAN TAMAZOLA":0,"SAN JUAN TEITIPAC":1,"SAN LORENZO CACAOTEPEC":4,"SAN LORENZO TEXMELUCAN":1,"SAN MARTÍN TILCAJETE":2,"SAN MATEO PEÑASCO":0,"SAN MIGUEL CHICAHUA":2,"SAN MIGUEL MIXTEPEC":0,"SAN MIGUEL QUETZALTEPEC":1,"SAN MIGUEL SOYALTEPEC":2,"SAN PABLO COATLÁN":1,"SAN PABLO ETLA":8,"SAN PABLO HUITZO":0,"SAN PABLO HUIXTEPEC":4,"SAN PABLO VILLA DE MITLA":1,"SAN PEDRO CAJONOS":0,"SAN PEDRO IXTLAHUACA":18,"SAN PEDRO JOCOTIPAC":1,"SAN PEDRO MIXTEPEC-JUQUILA":0,"SAN PEDRO POCHUTLA":2,"SAN PEDRO TOTOLAPA":1,"SAN PEDRO YANERI":1,"SAN RAYMUNDO JALPAN":2,"SAN SEBASTIÁN NICANANDUTA":1,"SAN SEBASTIÁN TEITIPAC":0,"SAN SEBASTIÁN TUTLA":12,"SAN VICENTE COATLÁN":1,"SANTA CATARINA JUQUILA":0,"SANTA CATARINA MINAS":1,"SANTA CATARINA QUIANÉ":2,"SANTA CRUZ AMILPAS":9,"SANTA CRUZ PAPALUTLA":0,"SANTA CRUZ XOXOCOTLÁN":135,"SANTA CRUZ ZENZONTEPEC":1,"SANTA INÉS DEL MONTE":1,"SANTA LUCÍA DEL CAMINO":74,"SANTA MARÍA ATZOMPA":49,"SANTA MARÍA CHILCHOTLA":2,"SANTA MARÍA COLOTEPEC":2,"SANTA MARÍA COYOTEPEC":1,"SANTA MARÍA DEL TULE":11,"SANTA MARÍA ECATEPEC":1,"SANTA MARÍA HUATULCO":2,"SANTA MARÍA HUAZOLOTITLÁN":1,"SANTA MARÍA JALAPA DEL MARQUÉS":1,"SANTA MARÍA PETAPA":0,"SANTA MARÍA PEÑOLES":1,"SANTA MARÍA SOLA":1,"SANTA MARÍA TEMAXCALTEPEC":0,"SANTA MARÍA TLAHUITOLTEPEC":1,"SANTA MARÍA ZACATEPEC":0,"SANTIAGO CHAZUMBA":0,"SANTIAGO JUXTLAHUACA":2,"SANTIAGO MATATLÁN":0,"SANTIAGO PINOTEPA NACIONAL":1,"SANTIAGO SUCHILQUITONGO":0,"SANTIAGO TENANGO":0,"SANTIAGO YAVEO":1,"SANTO DOMINGO NUXAÁ":0,"SANTO DOMINGO TEHUANTEPEC":4,"SANTO DOMINGO TOMALTEPEC":3,"SANTO TOMÁS MAZALTEPEC":1,"SE DESCONOCE":74,"SILACAYOÁPAM":1,"SIN MUNICIPIO DE REFERENCIA":27,"SOLEDAD ETLA":0,"TANICHE":0,"TEOTITLÁN DEL VALLE":0,"TEZOATLÁN DE SEGURA Y LUNA":1,"TLACOLULA DE MATAMOROS":2,"TLALIXTAC DE CABRERA":5,"TRINIDAD ZAACHILA":3,"VALERIO TRUJANO":2,"VILLA DE ETLA":5,"VILLA DE ZAACHILA":42,"VILLA SOLA DE VEGA":2,"ZIMATLÁN DE ALVAREZ":5},"Indeterminado":{"ABEJONES":0,"ACATLÁN DE PÉREZ FIGUEROA":0,"ANIMAS TRUJANO":0,"ASUNCIÓN IXTALTEPEC":0,"ASUNCIÓN NOCHIXTLÁN":0,"ASUNCIÓN TLACOLULITA":0,"AYOQUEZCO DE ALDAMA":0,"CHALCATONGO DE HIDALGO":0,"CIUDAD IXTEPEC":0,"COATECAS ALTAS":0,"CONCEPCIÓN PÁPALO":0,"COSOLAPA":0,"CUILÁPAM DE GUERRERO":0,"GUADALUPE DE RAMÍREZ":0,"GUELATAO DE JUÁREZ":0,"GUEVEA DE HUMBOLDT":0,"HEROICA CIUDAD DE EJUTLA DE CRESPO":0,"HEROICA CIUDAD DE TLAXIACO":0,"HUAJUAPAN DE LEÓN":0,"HUAUTLA DE JIMÉNEZ":0,"JUCHITÁN DE ZARAGOZA":0,"LOMA BONITA":0,"MAGDALENA APASCO":0,"MAGDALENA MIXTEPEC":0,"MATÍAS ROMERO AVENDAÑO":0,"MAZATLÁN VILLA DE FLORES":0,"MESONES HIDALGO":0,"MIAHUATLÁN DE PORFIRIO DÍAZ":0,"NAZARENO ETLA":0,"OAXACA DE JUÁREZ":0,"OCOTLÁN DE MORELOS":0,"PUTLA VILLA DE GUERRERO":0,"REYES ETLA":0,"SALINA CRUZ":0,"SAN AGUSTÍN ATENANGO":0,"SAN AGUSTÍN DE LAS JUNTAS":0,"SAN AGUSTÍN ETLA":0,"SAN AGUSTÍN YATARENI":0,"SAN ANDRÉS HUAYAPAM":0,"SAN ANDRÉS IXTLAHUACA":0,"SAN ANDRÉS ZAUTLA":0,"SAN ANTONINO CASTILLO VELASCO":0,"SAN ANTONINO EL ALTO":0,"SAN ANTONIO DE LA CAL":0,"SAN ANTONIO HUITEPEC":0,"SAN BALTAZAR YATZACHI EL BAJO":0,"SAN BARTOLO COYOTEPEC":0,"SAN BERNARDO MIXTEPEC":0,"SAN CRISTÓBAL AMATLÁN":0,"SAN CRISTÓBAL LACHIRIOAG":0,"SAN FELIPE JALAPA DE DÍAZ":0,"SAN FELIPE USILA":0,"SAN FRANCISCO IXHUATÁN":0,"SAN FRANCISCO LACHIGOLÓ":0,"SAN FRANCISCO TELIXTLAHUACA":0,"SAN ILDEFONSO AMATLÁN":0,"SAN ILDEFONSO VILLA ALTA":0,"SAN JACINTO AMILPAS":0,"SAN JOSÉ DEL PROGRESO":0,"SAN JOSÉ LACHIGUIRI":0,"SAN JOSÉ TENANGO":0,"SAN JUAN BAUTISTA CUICATLÁN":0,"SAN JUAN BAUTISTA GUELACHE":0,"SAN JUAN BAUTISTA TUXTEPEC":0,"SAN JUAN BAUTISTA VALLE NACIONAL":0,"SAN JUAN GUELAVÍA":0,"SAN JUAN JUQUILA MIXES":0,"SAN JUAN MAZATLÁN":0,"SAN JUAN TAMAZOLA":0,"SAN JUAN TEITIPAC":0,"SAN LORENZO CACAOTEPEC":0,"SAN LORENZO TEXMELUCAN":0,"SAN MARTÍN TILCAJETE":0,"SAN MATEO PEÑASCO":0,"SAN MIGUEL CHICAHUA":0,"SAN MIGUEL MIXTEPEC":0,"SAN MIGUEL QUETZALTEPEC":0,"SAN MIGUEL SOYALTEPEC":0,"SAN PABLO COATLÁN":0,"SAN PABLO ETLA":0,"SAN PABLO HUITZO":0,"SAN PABLO HUIXTEPEC":0,"SAN PABLO VILLA DE MITLA":0,"SAN PEDRO CAJONOS":0,"SAN PEDRO IXTLAHUACA":0,"SAN PEDRO JOCOTIPAC":0,"SAN PEDRO MIXTEPEC-JUQUILA":0,"SAN PEDRO POCHUTLA":0,"SAN PEDRO TOTOLAPA":0,"SAN PEDRO YANERI":0,"SAN RAYMUNDO JALPAN":0,"SAN SEBASTIÁN NICANANDUTA":0,"SAN SEBASTIÁN TEITIPAC":0,"SAN SEBASTIÁN TUTLA":0,"SAN VICENTE COATLÁN":0,"SANTA CATARINA JUQUILA":0,"SANTA CATARINA MINAS":0,"SANTA CATARINA QUIANÉ":0,"SANTA CRUZ AMILPAS":0,"SANTA CRUZ PAPALUTLA":0,"SANTA CRUZ XOXOCOTLÁN":0,"SANTA CRUZ ZENZONTEPEC":0,"SANTA INÉS DEL MONTE":0,"SANTA LUCÍA DEL CAMINO":0,"SANTA MARÍA ATZOMPA":0,"SANTA MARÍA CHILCHOTLA":0,"SANTA MARÍA COLOTEPEC":0,"SANTA MARÍA COYOTEPEC":0,"SANTA MARÍA DEL TULE":0,"SANTA MARÍA ECATEPEC":0,"SANTA MARÍA HUATULCO":0,"SANTA MARÍA HUAZOLOTITLÁN":0,"SANTA MARÍA JALAPA DEL MARQUÉS":0,"SANTA MARÍA PETAPA":0,"SANTA MARÍA PEÑOLES":0,"SANTA MARÍA SOLA":0,"SANTA MARÍA TEMAXCALTEPEC":0,"SANTA MARÍA TLAHUITOLTEPEC":0,"SANTA MARÍA ZACATEPEC":0,"SANTIAGO CHAZUMBA":0,"SANTIAGO JUXTLAHUACA":0,"SANTIAGO MATATLÁN":0,"SANTIAGO PINOTEPA NACIONAL":0,"SANTIAGO SUCHILQUITONGO":0,"SANTIAGO TENANGO":0,"SANTIAGO YAVEO":0,"SANTO DOMINGO NUXAÁ":0,"SANTO DOMINGO TEHUANTEPEC":0,"SANTO DOMINGO TOMALTEPEC":0,"SANTO TOMÁS MAZALTEPEC":0,"SE DESCONOCE":6,"SILACAYOÁPAM":0,"SIN MUNICIPIO DE REFERENCIA":2,"SOLEDAD ETLA":0,"TANICHE":0,"TEOTITLÁN DEL VALLE":0,"TEZOATLÁN DE SEGURA Y LUNA":0,"TLACOLULA DE MATAMOROS":0,"TLALIXTAC DE CABRERA":0,"TRINIDAD ZAACHILA":0,"VALERIO TRUJANO":0,"VILLA DE ETLA":0,"VILLA DE ZAACHILA":0,"VILLA SOLA DE VEGA":0,"ZIMATLÁN DE ALVAREZ":0},"Mujeres":{"ABEJONES":0,"ACATLÁN DE PÉREZ FIGUEROA":0,"ANIMAS TRUJANO":12,"ASUNCIÓN IXTALTEPEC":0,"ASUNCIÓN NOCHIXTLÁN":2,"ASUNCIÓN TLACOLULITA":0,"AYOQUEZCO DE ALDAMA":1,"CHALCATONGO DE HIDALGO":1,"CIUDAD IXTEPEC":1,"COATECAS ALTAS":0,"CONCEPCIÓN PÁPALO":1,"COSOLAPA":0,"CUILÁPAM DE GUERRERO":44,"GUADALUPE DE RAMÍREZ":0,"GUELATAO DE JUÁREZ":1,"GUEVEA DE HUMBOLDT":0,"HEROICA CIUDAD DE EJUTLA DE CRESPO":1,"HEROICA CIUDAD DE TLAXIACO":1,"HUAJUAPAN DE LEÓN":4,"HUAUTLA DE JIMÉNEZ":0,"JUCHITÁN DE ZARAGOZA":3,"LOMA BONITA":2,"MAGDALENA APASCO":3,"MAGDALENA MIXTEPEC":2,"MATÍAS ROMERO AVENDAÑO":0,"MAZATLÁN VILLA DE FLORES":0,"MESONES HIDALGO":0,"MIAHUATLÁN DE PORFIRIO DÍAZ":7,"NAZARENO ETLA":1,"OAXACA DE JUÁREZ":949,"OCOTLÁN DE MORELOS":7,"PUTLA VILLA DE GUERRERO":0,"REYES ETLA":2,"SALINA CRUZ":1,"SAN AGUSTÍN ATENANGO":1,"SAN AGUSTÍN DE LAS JUNTAS":30,"SAN AGUSTÍN ETLA":1,"SAN AGUSTÍN YATARENI":6,"SAN ANDRÉS HUAYAPAM":8,"SAN ANDRÉS IXTLAHUACA":3,"SAN ANDRÉS ZAUTLA":3,"SAN ANTONINO CASTILLO VELASCO":3,"SAN ANTONINO EL ALTO":0,"SAN ANTONIO DE LA CAL":85,"SAN ANTONIO HUITEPEC":0,"SAN BALTAZAR YATZACHI EL BAJO":0,"SAN BARTOLO COYOTEPEC":37,"SAN BERNARDO MIXTEPEC":0,"SAN CRISTÓBAL AMATLÁN":0,"SAN CRISTÓBAL LACHIRIOAG":0,"SAN FELIPE JALAPA DE DÍAZ":0,"SAN FELIPE USILA":2,"SAN FRANCISCO IXHUATÁN":0,"SAN FRANCISCO LACHIGOLÓ":1,"SAN FRANCISCO TELIXTLAHUACA":1,"SAN ILDEFONSO AMATLÁN":2,"SAN ILDEFONSO VILLA ALTA":0,"SAN JACINTO AMILPAS":45,"SAN JOSÉ DEL PROGRESO":0,"SAN JOSÉ LACHIGUIRI":1,"SAN JOSÉ TENANGO":1,"SAN JUAN BAUTISTA CUICATLÁN":1,"SAN JUAN BAUTISTA GUELACHE":1,"SAN JUAN BAUTISTA TUXTEPEC":5,"SAN JUAN BAUTISTA VALLE NACIONAL":0,"SAN JUAN GUELAVÍA":1,"SAN JUAN JUQUILA MIXES":0,"SAN JUAN MAZATLÁN":0,"SAN JUAN TAMAZOLA":1,"SAN JUAN TEITIPAC":0,"SAN LORENZO CACAOTEPEC":6,"SAN LORENZO TEXMELUCAN":0,"SAN MARTÍN TILCAJETE":0,"SAN MATEO PEÑASCO":1,"SAN MIGUEL CHICAHUA":0,"SAN MIGUEL MIXTEPEC":1,"SAN MIGUEL QUETZALTEPEC":0,"SAN MIGUEL SOYALTEPEC":0,"SAN PABLO COATLÁN":0,"SAN PABLO ETLA":13,"SAN PABLO HUITZO":1,"SAN PABLO HUIXTEPEC":2,"SAN PABLO VILLA DE MITLA":4,"SAN PEDRO CAJONOS":1,"SAN PEDRO IXTLAHUACA":29,"SAN PEDRO JOCOTIPAC":0,"SAN PEDRO MIXTEPEC-JUQUILA":3,"SAN PEDRO POCHUTLA":2,"SAN PEDRO TOTOLAPA":0,"SAN PEDRO YANERI":0,"SAN RAYMUNDO JALPAN":2,"SAN SEBASTIÁN NICANANDUTA":0,"SAN SEBASTIÁN TEITIPAC":1,"SAN SEBASTIÁN TUTLA":40,"SAN VICENTE COATLÁN":0,"SANTA CATARINA JUQUILA":3,"SANTA CATARINA MINAS":0,"SANTA CATARINA QUIANÉ":2,"SANTA CRUZ AMILPAS":25,"SANTA CRUZ PAPALUTLA":1,"SANTA CRUZ XOXOCOTLÁN":250,"SANTA CRUZ ZENZONTEPEC":0,"SANTA INÉS DEL MONTE":1,"SANTA LUCÍA DEL CAMINO":131,"SANTA MARÍA ATZOMPA":70,"SANTA MARÍA CHILCHOTLA":0,"SANTA MARÍA COLOTEPEC":0,"SANTA MARÍA COYOTEPEC":6,"SANTA MARÍA DEL TULE":14,"SANTA MARÍA ECATEPEC":0,"SANTA MARÍA HUATULCO":1,"SANTA MARÍA HUAZOLOTITLÁN":0,"SANTA MARÍA JALAPA DEL MARQUÉS":1,"SANTA MARÍA PETAPA":1,"SANTA MARÍA PEÑOLES":0,"SANTA MARÍA SOLA":0,"SANTA MARÍA TEMAXCALTEPEC":1,"SANTA MARÍA TLAHUITOLTEPEC":0,"SANTA MARÍA ZACATEPEC":2,"SANTIAGO CHAZUMBA":1,"SANTIAGO JUXTLAHUACA":2,"SANTIAGO MATATLÁN":1,"SANTIAGO PINOTEPA NACIONAL":1,"SANTIAGO SUCHILQUITONGO":2,"SANTIAGO TENANGO":2,"SANTIAGO YAVEO":0,"SANTO DOMINGO NUXAÁ":1,"SANTO DOMINGO TEHUANTEPEC":4,"SANTO DOMINGO TOMALTEPEC":4,"SANTO TOMÁS MAZALTEPEC":0,"SE DESCONOCE":76,"SILACAYOÁPAM":1,"SIN MUNICIPIO DE REFERENCIA":20,"SOLEDAD ETLA":1,"TANICHE":1,"TEOTITLÁN DEL VALLE":4,"TEZOATLÁN DE SEGURA Y LUNA":0,"TLACOLULA DE MATAMOROS":8,"TLALIXTAC DE CABRERA":13,"TRINIDAD ZAACHILA":1,"VALERIO TRUJANO":0,"VILLA DE ETLA":5,"VILLA DE ZAACHILA":96,"VILLA SOLA DE VEGA":1,"ZIMATLÁN DE ALVAREZ":5}},"anual":{"Hombre":{"1.CIFRA SIN  AÑO DE REFERENCIA":40,"1975":2,"1977":1,"1978":3,"1987":1,"1998":0,"2001":3,"2002":1,"2003":0,"2004":1,"2005":7,"2006":3,"2007":21,"2008":30,"2009":15,"2010":55,"2011":131,"2012":135,"2013":132,"2014":130,"2015":107,"2016":86,"2017":104,"2018":93,"2019":175,"2020":129,"2021":60},"Indeterminado":{"1.CIFRA SIN  AÑO DE REFERENCIA":6,"1975":0,"1977":0,"1978":0,"1987":0,"1998":0,"2001":0,"2002":0,"2003":0,"2004":0,"2005":0,"2006":0,"2007":0,"2008":0,"2009":0,"2010":0,"2011":0,"2012":0,"2013":0,"2014":0,"2015":0,"2016":0,"2017":0,"2018":1,"2019":1,"2020":0,"2021":0},"Mujer":{"1.CIFRA SIN  AÑO DE REFERENCIA":40,"1975":1,"1977":0,"1978":0,"1987":0,"1998":1,"2001":2,"2002":0,"2003":1,"2004":1,"2005":1,"2006":5,"2007":13,"2008":32,"2009":16,"2010":89,"2011":212,"2012":204,"2013":217,"2014":270,"2015":191,"2016":166,"2017":165,"2018":123,"2019":189,"2020":147,"2021":64}},"mensual_ultimo_anio":{"Hombre":{"2020-AGOSTO":10,"2020-DICIEMBRE":19,"2020-NOVIEMBRE":9,"2020-OCTUBRE":7,"2020-SEPTIEMBRE":6,"2021-ABRIL":15,"2021-ENERO":9,"2021-FEBRERO":7,"2021-JULIO":4,"2021-JUNIO":3,"2021-MARZO":7,"2021-MAYO":15},"Indeterminado":{"2020-AGOSTO":0,"2020-DICIEMBRE":0,"2020-NOVIEMBRE":0,"2020-OCTUBRE":0,"2020-SEPTIEMBRE":0,"2021-ABRIL":0,"2021-ENERO":0,"2021-FEBRERO":0,"2021-JULIO":0,"2021-JUNIO":0,"2021-MARZO":0,"2021-MAYO":0},"Mujer":{"2020-AGOSTO":12,"2020-DICIEMBRE":13,"2020-NOVIEMBRE":6,"2020-OCTUBRE":18,"2020-SEPTIEMBRE":10,"2021-ABRIL":13,"2021-ENERO":6,"2021-FEBRERO":13,"2021-JULIO":0,"2021-JUNIO":6,"2021-MARZO":12,"2021-MAYO":14}},"por_edad":{"Hombres":{"0":3,"1":13,"10":14,"11":13,"12":26,"13":45,"14":67,"15":59,"16":77,"17":69,"18":39,"19":22,"2":18,"20":32,"21":28,"22":32,"23":23,"24":35,"25":30,"26":32,"27":26,"28":34,"29":22,"3":10,"30":34,"31":24,"32":15,"33":26,"34":22,"35":23,"36":30,"37":25,"38":12,"39":19,"4":10,"40":20,"41":18,"42":18,"43":20,"44":12,"45":13,"46":14,"47":12,"48":6,"49":11,"5":8,"50":13,"51":11,"52":10,"53":8,"54":11,"55":4,"56":6,"57":11,"58":9,"59":8,"6":5,"60":9,"61":5,"62":7,"63":2,"64":3,"65":7,"66":2,"67":3,"68":12,"69":7,"7":9,"70":5,"71":9,"72":7,"73":6,"74":6,"75":5,"76":4,"77":5,"78":4,"79":6,"8":3,"80":6,"81":2,"82":4,"83":4,"84":1,"85":4,"86":3,"87":3,"88":4,"89":1,"9":12,"93":2,"94":1,"SIN EDAD DE REFERENCIA":35},"Indeterminado":{"0":0,"1":0,"10":0,"11":0,"12":0,"13":0,"14":0,"15":0,"16":0,"17":0,"18":0,"19":0,"2":0,"20":0,"21":0,"22":0,"23":0,"24":0,"25":0,"26":1,"27":0,"28":0,"29":0,"3":0,"30":0,"31":0,"32":0,"33":0,"34":0,"35":0,"36":0,"37":0,"38":0,"39":0,"4":0,"40":0,"41":0,"42":0,"43":1,"44":0,"45":0,"46":0,"47":0,"48":0,"49":0,"5":0,"50":0,"51":0,"52":0,"53":0,"54":0,"55":0,"56":0,"57":0,"58":0,"59":0,"6":0,"60":0,"61":0,"62":0,"63":0,"64":0,"65":0,"66":0,"67":0,"68":0,"69":0,"7":0,"70":0,"71":0,"72":0,"73":0,"74":0,"75":0,"76":0,"77":0,"78":0,"79":0,"8":0,"80":0,"81":0,"82":0,"83":0,"84":0,"85":0,"86":0,"87":0,"88":0,"89":0,"9":0,"93":0,"94":0,"SIN EDAD DE REFERENCIA":6},"Mujeres":{"0":1,"1":9,"10":9,"11":15,"12":51,"13":161,"14":237,"15":274,"16":285,"17":256,"18":93,"19":55,"2":8,"20":45,"21":38,"22":43,"23":41,"24":40,"25":33,"26":29,"27":25,"28":17,"29":22,"3":9,"30":22,"31":12,"32":20,"33":14,"34":11,"35":13,"36":10,"37":5,"38":14,"39":9,"4":14,"40":8,"41":12,"42":7,"43":7,"44":5,"45":4,"46":7,"47":7,"48":4,"49":4,"5":11,"50":3,"51":1,"52":6,"53":0,"54":5,"55":1,"56":2,"57":2,"58":2,"59":3,"6":10,"60":3,"61":2,"62":2,"63":3,"64":2,"65":2,"66":1,"67":0,"68":1,"69":1,"7":10,"70":3,"71":3,"72":1,"73":1,"74":1,"75":0,"76":2,"77":0,"78":1,"79":0,"8":9,"80":2,"81":1,"82":0,"83":0,"84":1,"85":2,"86":1,"87":0,"88":0,"89":1,"9":8,"93":0,"94":1,"SIN EDAD DE REFERENCIA":34}},"por_nacionalidad":{"Hombres":{"ALEMANA":0,"COLOMBIANA":2,"CUBANA":1,"ESTADOUNIDENSE":4,"GUATEMALTECA":7,"HONDUREÑA":1,"MEXICANA":1427,"NICARAGUENSE":1,"SALVADORENA":4,"SE DESCONOCE":17,"VENEZOLANA":1},"Indeterminado":{"ALEMANA":0,"COLOMBIANA":0,"CUBANA":0,"ESTADOUNIDENSE":0,"GUATEMALTECA":0,"HONDUREÑA":0,"MEXICANA":2,"NICARAGUENSE":0,"SALVADORENA":0,"SE DESCONOCE":6,"VENEZOLANA":0},"Mujeres":{"ALEMANA":1,"COLOMBIANA":1,"CUBANA":0,"ESTADOUNIDENSE":13,"GUATEMALTECA":8,"HONDUREÑA":2,"MEXICANA":2104,"NICARAGUENSE":1,"SALVADORENA":4,"SE DESCONOCE":16,"VENEZOLANA":0}}}