{"totales":{"PorcentajeDesaparecidos":"27.57","PorcentajeLocalizados":"72.43","PorcentajeLocalizadosCV":"94.63","PorcentajeLocalizadosSV":"5.37","PorcentajeSoloDesaparecidos":"89.26","PorcentajeSoloNoLocalizados":"10.74","TotalDesaparecidos":"2579","TotalGlobal":"9353","TotalLocalizados":"6774","TotalLocalizadosCV":"6410","TotalLocalizadosSV":"364","TotalSoloDesaparecidos":"2302","TotalSoloNoLocalizados":"277"},"espacial":{"Hombres":{"ACAJETE":24,"ACATENO":1,"ACATLÁN":9,"ACATZINGO":26,"AHUACATLÁN":3,"AHUATLÁN":2,"AHUAZOTEPEC":6,"AHUEHUETITLA":1,"AJALPAN":12,"ALJOJUCA":1,"ALTEPEXI":1,"AMIXTLÁN":0,"AMOZOC":77,"AQUIXTLA":1,"ATEMPAN":3,"ATLIXCO":111,"ATOYATEMPAN":0,"ATZALA":12,"ATZITZINTLA":6,"AYOTOXCO DE GUERRERO":0,"CALPAN":5,"CAXHUACAN":0,"CAÑADA MORELOS":6,"CHALCHICOMULA DE SESMA":54,"CHAPULCO":1,"CHIAUTLA":7,"CHIAUTZINGO":0,"CHICONCUAUTLA":1,"CHIETLA":12,"CHIGNAHUAPAN":48,"CHIGNAUTLA":8,"CHILA":1,"CHILA DE LA SAL":1,"CHILCHOTLA":6,"CHINANTLA":1,"CORONANGO":33,"COXCATLÁN":0,"COYOTEPEC":0,"CUAPIAXTLA DE MADERO":7,"CUAUTEMPAN":1,"CUAUTINCHÁN":2,"CUAUTLANCINGO":57,"CUETZALAN DEL PROGRESO":12,"CUYOACO":0,"DOMINGO ARENAS":1,"ELOXOCHITLÁN":0,"EPATLÁN":1,"ESPERANZA":8,"FRANCISCO Z. MENA":7,"GENERAL FELIPE ÁNGELES":4,"GUADALUPE VICTORIA":11,"HERMENEGILDO GALEANA":0,"HONEY":1,"HUAQUECHULA":1,"HUATLATLAUCA":0,"HUAUCHINANGO":109,"HUEHUETLA":2,"HUEHUETLÁN EL CHICO":0,"HUEHUETLÁN EL GRANDE":2,"HUEJOTZINGO":56,"HUEYAPAN":2,"HUEYTAMALCO":7,"HUITZILAN DE SERDÁN":2,"HUITZILTEPEC":1,"IXCAQUIXTLA":2,"IXTACAMAXTITLÁN":1,"IXTEPEC":1,"IZÚCAR DE MATAMOROS":64,"JALPAN":2,"JOLALPAN":4,"JONOTLA":1,"JUAN C. BONILLA":5,"JUAN GALINDO":2,"JUAN N. MÉNDEZ":0,"LAFRAGUA":2,"LIBRES":10,"LOS REYES DE JUÁREZ":6,"MOLCAXAC":0,"NAUPAN":2,"NEALTICAN":2,"NICOLÁS BRAVO":0,"NOPALUCAN":3,"OCOTEPEC":0,"OCOYUCAN":7,"OLINTLA":1,"ORIENTAL":7,"PAHUATLÁN":5,"PALMAR DE BRAVO":14,"PANTEPEC":8,"PETLALCINGO":2,"PIAXTLA":2,"PUEBLA":2174,"QUECHOLAC":10,"QUIMIXTLÁN":1,"RAFAEL LARA GRAJALES":5,"SAN ANDRÉS CHOLULA":77,"SAN ANTONIO CAÑADA":2,"SAN FELIPE TEOTLALCINGO":3,"SAN GABRIEL CHILAC":1,"SAN GREGORIO ATZOMPA":2,"SAN JOSÉ CHIAPA":2,"SAN JOSÉ MIAHUATLÁN":1,"SAN JUAN ATENCO":1,"SAN MARTÍN TEXMELUCAN":111,"SAN MATÍAS TLALANCALECA":4,"SAN MIGUEL XOXTLA":6,"SAN NICOLÁS BUENOS AIRES":1,"SAN NICOLÁS DE LOS RANCHOS":2,"SAN PABLO ANICANO":0,"SAN PEDRO CHOLULA":81,"SAN PEDRO YELOIXTLAHUACA":1,"SAN SALVADOR EL SECO":8,"SAN SALVADOR EL VERDE":13,"SAN SALVADOR HUIXCOLOTLA":6,"SAN SEBASTIÁN TLACOTEPEC":1,"SANTA CATARINA TLALTEMPAN":0,"SANTA INÉS AHUATEMPAN":1,"SANTA ISABEL CHOLULA":1,"SANTIAGO MIAHUATLÁN":4,"SANTO TOMÁS HUEYOTLIPAN":3,"SE DESCONOCE":14,"SIN MUNICIPIO DE REFERENCIA":101,"SOLTEPEC":1,"TECALI DE HERRERA":8,"TECAMACHALCO":79,"TECOMATLÁN":1,"TEHUACÁN":209,"TEHUITZINGO":2,"TEOPANTLÁN":0,"TEOTLALCO":2,"TEPANCO DE LÓPEZ":2,"TEPATLAXCO DE HIDALGO":4,"TEPEACA":138,"TEPEOJUMA":1,"TEPEXI DE RODRÍGUEZ":10,"TEPEYAHUALCO":1,"TEPEYAHUALCO DE CUAUHTÉMOC":0,"TETELA DE OCAMPO":17,"TETELES DE AVILA CASTILLO":3,"TEZIUTLÁN":77,"TIANGUISMANALCO":1,"TILAPA":3,"TLACHICHUCA":2,"TLACOTEPEC DE BENITO JUÁREZ":6,"TLACUILOTEPEC":0,"TLAHUAPAN":3,"TLALTENANGO":4,"TLANEPANTLA":1,"TLAOLA":1,"TLAPACOYA":0,"TLAPANALÁ":2,"TLATLAUQUITEPEC":15,"TOCHIMILCO":1,"TOCHTEPEC":3,"TULCINGO":1,"TUZAMAPAN DE GALEANA":2,"VENUSTIANO CARRANZA":26,"VICENTE GUERRERO":0,"XAYACATLÁN DE BRAVO":1,"XICOTEPEC":33,"XIUTETELCO":16,"XOCHILTEPEC":1,"XOCHITLÁN DE VICENTE SUÁREZ":2,"XOCHITLÁN TODOS SANTOS":1,"YAONÁHUAC":1,"YEHUALTEPEC":2,"ZACAPALA":0,"ZACAPOAXTLA":10,"ZACATLÁN":57,"ZAPOTITLÁN":1,"ZAPOTITLÁN DE MÉNDEZ":1,"ZARAGOZA":5,"ZAUTLA":1,"ZINACATEPEC":3,"ZOQUIAPAN":1,"ZOQUITLÁN":2},"Indeterminado":{"ACAJETE":0,"ACATENO":0,"ACATLÁN":0,"ACATZINGO":0,"AHUACATLÁN":0,"AHUATLÁN":0,"AHUAZOTEPEC":0,"AHUEHUETITLA":0,"AJALPAN":0,"ALJOJUCA":0,"ALTEPEXI":0,"AMIXTLÁN":0,"AMOZOC":0,"AQUIXTLA":0,"ATEMPAN":0,"ATLIXCO":0,"ATOYATEMPAN":0,"ATZALA":0,"ATZITZINTLA":0,"AYOTOXCO DE GUERRERO":0,"CALPAN":0,"CAXHUACAN":0,"CAÑADA MORELOS":0,"CHALCHICOMULA DE SESMA":0,"CHAPULCO":0,"CHIAUTLA":0,"CHIAUTZINGO":0,"CHICONCUAUTLA":0,"CHIETLA":0,"CHIGNAHUAPAN":0,"CHIGNAUTLA":0,"CHILA":0,"CHILA DE LA SAL":0,"CHILCHOTLA":0,"CHINANTLA":0,"CORONANGO":0,"COXCATLÁN":0,"COYOTEPEC":0,"CUAPIAXTLA DE MADERO":0,"CUAUTEMPAN":0,"CUAUTINCHÁN":0,"CUAUTLANCINGO":0,"CUETZALAN DEL PROGRESO":0,"CUYOACO":0,"DOMINGO ARENAS":0,"ELOXOCHITLÁN":0,"EPATLÁN":0,"ESPERANZA":0,"FRANCISCO Z. MENA":0,"GENERAL FELIPE ÁNGELES":0,"GUADALUPE VICTORIA":0,"HERMENEGILDO GALEANA":0,"HONEY":0,"HUAQUECHULA":0,"HUATLATLAUCA":0,"HUAUCHINANGO":0,"HUEHUETLA":0,"HUEHUETLÁN EL CHICO":0,"HUEHUETLÁN EL GRANDE":0,"HUEJOTZINGO":0,"HUEYAPAN":0,"HUEYTAMALCO":0,"HUITZILAN DE SERDÁN":0,"HUITZILTEPEC":0,"IXCAQUIXTLA":0,"IXTACAMAXTITLÁN":0,"IXTEPEC":0,"IZÚCAR DE MATAMOROS":0,"JALPAN":0,"JOLALPAN":0,"JONOTLA":0,"JUAN C. BONILLA":0,"JUAN GALINDO":0,"JUAN N. MÉNDEZ":0,"LAFRAGUA":0,"LIBRES":0,"LOS REYES DE JUÁREZ":0,"MOLCAXAC":0,"NAUPAN":0,"NEALTICAN":0,"NICOLÁS BRAVO":0,"NOPALUCAN":0,"OCOTEPEC":0,"OCOYUCAN":0,"OLINTLA":0,"ORIENTAL":0,"PAHUATLÁN":0,"PALMAR DE BRAVO":0,"PANTEPEC":0,"PETLALCINGO":0,"PIAXTLA":0,"PUEBLA":3,"QUECHOLAC":0,"QUIMIXTLÁN":0,"RAFAEL LARA GRAJALES":0,"SAN ANDRÉS CHOLULA":0,"SAN ANTONIO CAÑADA":0,"SAN FELIPE TEOTLALCINGO":0,"SAN GABRIEL CHILAC":0,"SAN GREGORIO ATZOMPA":0,"SAN JOSÉ CHIAPA":0,"SAN JOSÉ MIAHUATLÁN":0,"SAN JUAN ATENCO":0,"SAN MARTÍN TEXMELUCAN":0,"SAN MATÍAS TLALANCALECA":0,"SAN MIGUEL XOXTLA":0,"SAN NICOLÁS BUENOS AIRES":0,"SAN NICOLÁS DE LOS RANCHOS":0,"SAN PABLO ANICANO":0,"SAN PEDRO CHOLULA":0,"SAN PEDRO YELOIXTLAHUACA":0,"SAN SALVADOR EL SECO":0,"SAN SALVADOR EL VERDE":0,"SAN SALVADOR HUIXCOLOTLA":0,"SAN SEBASTIÁN TLACOTEPEC":0,"SANTA CATARINA TLALTEMPAN":0,"SANTA INÉS AHUATEMPAN":0,"SANTA ISABEL CHOLULA":0,"SANTIAGO MIAHUATLÁN":0,"SANTO TOMÁS HUEYOTLIPAN":0,"SE DESCONOCE":2,"SIN MUNICIPIO DE REFERENCIA":0,"SOLTEPEC":0,"TECALI DE HERRERA":0,"TECAMACHALCO":0,"TECOMATLÁN":0,"TEHUACÁN":0,"TEHUITZINGO":0,"TEOPANTLÁN":0,"TEOTLALCO":0,"TEPANCO DE LÓPEZ":0,"TEPATLAXCO DE HIDALGO":0,"TEPEACA":0,"TEPEOJUMA":0,"TEPEXI DE RODRÍGUEZ":0,"TEPEYAHUALCO":0,"TEPEYAHUALCO DE CUAUHTÉMOC":0,"TETELA DE OCAMPO":0,"TETELES DE AVILA CASTILLO":0,"TEZIUTLÁN":0,"TIANGUISMANALCO":0,"TILAPA":0,"TLACHICHUCA":0,"TLACOTEPEC DE BENITO JUÁREZ":0,"TLACUILOTEPEC":0,"TLAHUAPAN":0,"TLALTENANGO":0,"TLANEPANTLA":0,"TLAOLA":0,"TLAPACOYA":0,"TLAPANALÁ":0,"TLATLAUQUITEPEC":0,"TOCHIMILCO":0,"TOCHTEPEC":0,"TULCINGO":0,"TUZAMAPAN DE GALEANA":0,"VENUSTIANO CARRANZA":0,"VICENTE GUERRERO":0,"XAYACATLÁN DE BRAVO":0,"XICOTEPEC":0,"XIUTETELCO":0,"XOCHILTEPEC":0,"XOCHITLÁN DE VICENTE SUÁREZ":0,"XOCHITLÁN TODOS SANTOS":0,"YAONÁHUAC":0,"YEHUALTEPEC":0,"ZACAPALA":0,"ZACAPOAXTLA":0,"ZACATLÁN":0,"ZAPOTITLÁN":0,"ZAPOTITLÁN DE MÉNDEZ":0,"ZARAGOZA":0,"ZAUTLA":0,"ZINACATEPEC":0,"ZOQUIAPAN":0,"ZOQUITLÁN":0},"Mujeres":{"ACAJETE":32,"ACATENO":1,"ACATLÁN":10,"ACATZINGO":23,"AHUACATLÁN":1,"AHUATLÁN":0,"AHUAZOTEPEC":1,"AHUEHUETITLA":0,"AJALPAN":14,"ALJOJUCA":1,"ALTEPEXI":1,"AMIXTLÁN":2,"AMOZOC":95,"AQUIXTLA":1,"ATEMPAN":1,"ATLIXCO":122,"ATOYATEMPAN":1,"ATZALA":9,"ATZITZINTLA":0,"AYOTOXCO DE GUERRERO":3,"CALPAN":2,"CAXHUACAN":1,"CAÑADA MORELOS":3,"CHALCHICOMULA DE SESMA":48,"CHAPULCO":0,"CHIAUTLA":17,"CHIAUTZINGO":2,"CHICONCUAUTLA":3,"CHIETLA":10,"CHIGNAHUAPAN":45,"CHIGNAUTLA":6,"CHILA":3,"CHILA DE LA SAL":0,"CHILCHOTLA":3,"CHINANTLA":2,"CORONANGO":32,"COXCATLÁN":5,"COYOTEPEC":1,"CUAPIAXTLA DE MADERO":6,"CUAUTEMPAN":1,"CUAUTINCHÁN":7,"CUAUTLANCINGO":67,"CUETZALAN DEL PROGRESO":13,"CUYOACO":1,"DOMINGO ARENAS":0,"ELOXOCHITLÁN":3,"EPATLÁN":3,"ESPERANZA":2,"FRANCISCO Z. MENA":13,"GENERAL FELIPE ÁNGELES":0,"GUADALUPE VICTORIA":13,"HERMENEGILDO GALEANA":1,"HONEY":0,"HUAQUECHULA":1,"HUATLATLAUCA":1,"HUAUCHINANGO":97,"HUEHUETLA":5,"HUEHUETLÁN EL CHICO":4,"HUEHUETLÁN EL GRANDE":3,"HUEJOTZINGO":67,"HUEYAPAN":2,"HUEYTAMALCO":6,"HUITZILAN DE SERDÁN":1,"HUITZILTEPEC":0,"IXCAQUIXTLA":3,"IXTACAMAXTITLÁN":2,"IXTEPEC":0,"IZÚCAR DE MATAMOROS":68,"JALPAN":3,"JOLALPAN":0,"JONOTLA":0,"JUAN C. BONILLA":12,"JUAN GALINDO":0,"JUAN N. MÉNDEZ":3,"LAFRAGUA":2,"LIBRES":13,"LOS REYES DE JUÁREZ":7,"MOLCAXAC":2,"NAUPAN":1,"NEALTICAN":4,"NICOLÁS BRAVO":2,"NOPALUCAN":3,"OCOTEPEC":2,"OCOYUCAN":8,"OLINTLA":1,"ORIENTAL":9,"PAHUATLÁN":0,"PALMAR DE BRAVO":9,"PANTEPEC":7,"PETLALCINGO":1,"PIAXTLA":3,"PUEBLA":2675,"QUECHOLAC":5,"QUIMIXTLÁN":1,"RAFAEL LARA GRAJALES":7,"SAN ANDRÉS CHOLULA":88,"SAN ANTONIO CAÑADA":1,"SAN FELIPE TEOTLALCINGO":4,"SAN GABRIEL CHILAC":1,"SAN GREGORIO ATZOMPA":3,"SAN JOSÉ CHIAPA":2,"SAN JOSÉ MIAHUATLÁN":1,"SAN JUAN ATENCO":0,"SAN MARTÍN TEXMELUCAN":115,"SAN MATÍAS TLALANCALECA":3,"SAN MIGUEL XOXTLA":5,"SAN NICOLÁS BUENOS AIRES":0,"SAN NICOLÁS DE LOS RANCHOS":6,"SAN PABLO ANICANO":2,"SAN PEDRO CHOLULA":85,"SAN PEDRO YELOIXTLAHUACA":1,"SAN SALVADOR EL SECO":12,"SAN SALVADOR EL VERDE":12,"SAN SALVADOR HUIXCOLOTLA":6,"SAN SEBASTIÁN TLACOTEPEC":0,"SANTA CATARINA TLALTEMPAN":1,"SANTA INÉS AHUATEMPAN":0,"SANTA ISABEL CHOLULA":1,"SANTIAGO MIAHUATLÁN":7,"SANTO TOMÁS HUEYOTLIPAN":3,"SE DESCONOCE":17,"SIN MUNICIPIO DE REFERENCIA":98,"SOLTEPEC":0,"TECALI DE HERRERA":9,"TECAMACHALCO":75,"TECOMATLÁN":3,"TEHUACÁN":279,"TEHUITZINGO":6,"TEOPANTLÁN":1,"TEOTLALCO":0,"TEPANCO DE LÓPEZ":3,"TEPATLAXCO DE HIDALGO":5,"TEPEACA":166,"TEPEOJUMA":6,"TEPEXI DE RODRÍGUEZ":14,"TEPEYAHUALCO":2,"TEPEYAHUALCO DE CUAUHTÉMOC":1,"TETELA DE OCAMPO":17,"TETELES DE AVILA CASTILLO":4,"TEZIUTLÁN":86,"TIANGUISMANALCO":2,"TILAPA":9,"TLACHICHUCA":2,"TLACOTEPEC DE BENITO JUÁREZ":13,"TLACUILOTEPEC":1,"TLAHUAPAN":2,"TLALTENANGO":0,"TLANEPANTLA":0,"TLAOLA":1,"TLAPACOYA":1,"TLAPANALÁ":2,"TLATLAUQUITEPEC":10,"TOCHIMILCO":1,"TOCHTEPEC":3,"TULCINGO":3,"TUZAMAPAN DE GALEANA":1,"VENUSTIANO CARRANZA":16,"VICENTE GUERRERO":3,"XAYACATLÁN DE BRAVO":2,"XICOTEPEC":21,"XIUTETELCO":10,"XOCHILTEPEC":0,"XOCHITLÁN DE VICENTE SUÁREZ":2,"XOCHITLÁN TODOS SANTOS":0,"YAONÁHUAC":2,"YEHUALTEPEC":0,"ZACAPALA":3,"ZACAPOAXTLA":25,"ZACATLÁN":53,"ZAPOTITLÁN":1,"ZAPOTITLÁN DE MÉNDEZ":0,"ZARAGOZA":6,"ZAUTLA":2,"ZINACATEPEC":1,"ZOQUIAPAN":0,"ZOQUITLÁN":0}},"anual":{"Hombre":{"1.CIFRA SIN  AÑO DE REFERENCIA":1128,"1972":1,"1976":2,"1977":0,"1978":2,"1980":1,"1984":2,"1985":0,"1999":1,"2001":1,"2003":1,"2004":1,"2005":2,"2006":9,"2007":6,"2008":25,"2009":38,"2010":37,"2011":66,"2012":78,"2013":135,"2014":279,"2015":318,"2016":396,"2017":430,"2018":608,"2019":569,"2020":144,"2021":48},"Indeterminado":{"1.CIFRA SIN  AÑO DE REFERENCIA":4,"1972":0,"1976":0,"1977":0,"1978":0,"1980":0,"1984":0,"1985":0,"1999":0,"2001":0,"2003":0,"2004":0,"2005":0,"2006":0,"2007":0,"2008":0,"2009":0,"2010":0,"2011":0,"2012":0,"2013":0,"2014":0,"2015":0,"2016":0,"2017":0,"2018":0,"2019":0,"2020":1,"2021":0},"Mujer":{"1.CIFRA SIN  AÑO DE REFERENCIA":1169,"1972":0,"1976":0,"1977":1,"1978":0,"1980":0,"1984":0,"1985":1,"1999":0,"2001":1,"2003":0,"2004":2,"2005":3,"2006":2,"2007":0,"2008":8,"2009":21,"2010":18,"2011":65,"2012":61,"2013":195,"2014":513,"2015":399,"2016":479,"2017":590,"2018":723,"2019":599,"2020":143,"2021":27}},"mensual_ultimo_anio":{"Hombre":{"2020-AGOSTO":9,"2020-DICIEMBRE":10,"2020-NOVIEMBRE":24,"2020-OCTUBRE":22,"2020-SEPTIEMBRE":5,"2021-ABRIL":6,"2021-ENERO":12,"2021-FEBRERO":3,"2021-JULIO":4,"2021-JUNIO":3,"2021-MARZO":7,"2021-MAYO":13},"Indeterminado":{"2020-AGOSTO":1,"2020-DICIEMBRE":0,"2020-NOVIEMBRE":0,"2020-OCTUBRE":0,"2020-SEPTIEMBRE":0,"2021-ABRIL":0,"2021-ENERO":0,"2021-FEBRERO":0,"2021-JULIO":0,"2021-JUNIO":0,"2021-MARZO":0,"2021-MAYO":0},"Mujer":{"2020-AGOSTO":4,"2020-DICIEMBRE":11,"2020-NOVIEMBRE":19,"2020-OCTUBRE":20,"2020-SEPTIEMBRE":5,"2021-ABRIL":5,"2021-ENERO":8,"2021-FEBRERO":4,"2021-JULIO":2,"2021-JUNIO":5,"2021-MARZO":2,"2021-MAYO":1}},"por_edad":{"Hombres":{"0":8,"1":52,"10":30,"104":1,"11":41,"12":66,"13":83,"14":146,"15":147,"16":157,"17":125,"18":100,"19":95,"2":47,"20":94,"21":87,"22":79,"23":111,"24":115,"25":101,"26":115,"27":118,"28":104,"29":90,"3":47,"30":88,"31":62,"32":90,"33":73,"34":78,"35":78,"36":53,"37":85,"38":65,"39":68,"4":41,"40":63,"41":49,"42":64,"43":58,"44":37,"45":64,"46":50,"47":30,"48":37,"49":37,"5":24,"50":47,"51":29,"52":35,"53":37,"54":29,"55":30,"56":31,"57":27,"58":34,"59":18,"6":40,"60":21,"61":20,"62":24,"63":27,"64":20,"65":19,"66":12,"67":17,"68":22,"69":7,"7":26,"70":20,"71":13,"72":16,"73":11,"74":17,"75":20,"76":10,"77":10,"78":17,"79":10,"8":31,"80":6,"81":5,"82":8,"83":9,"84":6,"85":5,"86":3,"87":5,"88":5,"89":3,"9":24,"90":2,"91":7,"92":1,"93":2,"94":2,"96":1,"SIN EDAD DE REFERENCIA":34},"Indeterminado":{"0":0,"1":0,"10":0,"104":0,"11":0,"12":0,"13":1,"14":0,"15":0,"16":0,"17":0,"18":0,"19":0,"2":0,"20":0,"21":0,"22":0,"23":1,"24":0,"25":1,"26":0,"27":0,"28":0,"29":0,"3":0,"30":0,"31":0,"32":0,"33":0,"34":0,"35":0,"36":0,"37":0,"38":0,"39":0,"4":0,"40":0,"41":0,"42":0,"43":0,"44":0,"45":0,"46":0,"47":0,"48":0,"49":0,"5":0,"50":0,"51":0,"52":0,"53":0,"54":0,"55":0,"56":0,"57":0,"58":0,"59":0,"6":0,"60":0,"61":0,"62":0,"63":0,"64":0,"65":0,"66":0,"67":0,"68":0,"69":0,"7":0,"70":0,"71":0,"72":0,"73":0,"74":0,"75":0,"76":0,"77":0,"78":0,"79":0,"8":0,"80":0,"81":0,"82":0,"83":0,"84":0,"85":0,"86":0,"87":0,"88":0,"89":0,"9":0,"90":0,"91":0,"92":0,"93":0,"94":0,"96":0,"SIN EDAD DE REFERENCIA":2},"Mujeres":{"0":13,"1":59,"10":33,"104":0,"11":32,"12":88,"13":289,"14":455,"15":632,"16":520,"17":447,"18":217,"19":174,"2":55,"20":144,"21":127,"22":121,"23":128,"24":93,"25":81,"26":73,"27":75,"28":64,"29":64,"3":52,"30":58,"31":55,"32":43,"33":45,"34":42,"35":30,"36":38,"37":27,"38":33,"39":26,"4":40,"40":27,"41":22,"42":18,"43":19,"44":20,"45":18,"46":14,"47":18,"48":13,"49":22,"5":30,"50":15,"51":10,"52":6,"53":6,"54":12,"55":3,"56":3,"57":6,"58":7,"59":3,"6":31,"60":7,"61":6,"62":5,"63":1,"64":2,"65":4,"66":3,"67":5,"68":3,"69":2,"7":34,"70":5,"71":1,"72":3,"73":4,"74":6,"75":2,"76":3,"77":7,"78":6,"79":3,"8":27,"80":3,"81":1,"82":3,"83":2,"84":3,"85":3,"86":2,"87":0,"88":2,"89":2,"9":30,"90":2,"91":1,"92":0,"93":2,"94":0,"96":0,"SIN EDAD DE REFERENCIA":29}},"por_nacionalidad":{"Hombres":{"ARGENTINA":1,"BELICENA":1,"COLOMBIANA":3,"CROATA":1,"EGIPCIA":1,"ESTADOUNIDENSE":1,"FRANCESA":1,"GUATEMALTECA":2,"HONDUREÑA":7,"MALAYO":0,"MARROQUI":1,"MEXICANA":4283,"MOLDAVINA":0,"POLACA":0,"RUSA":2,"SALVADORENA":2,"SE DESCONOCE":18,"SIN NACIONALIDAD DE REFERENCIA":2,"VENEZOLANA":2},"Indeterminado":{"ARGENTINA":0,"BELICENA":0,"COLOMBIANA":0,"CROATA":0,"EGIPCIA":0,"ESTADOUNIDENSE":0,"FRANCESA":0,"GUATEMALTECA":0,"HONDUREÑA":0,"MALAYO":0,"MARROQUI":0,"MEXICANA":1,"MOLDAVINA":0,"POLACA":0,"RUSA":0,"SALVADORENA":0,"SE DESCONOCE":4,"SIN NACIONALIDAD DE REFERENCIA":0,"VENEZOLANA":0},"Mujeres":{"ARGENTINA":3,"BELICENA":0,"COLOMBIANA":0,"CROATA":0,"EGIPCIA":0,"ESTADOUNIDENSE":4,"FRANCESA":1,"GUATEMALTECA":1,"HONDUREÑA":0,"MALAYO":1,"MARROQUI":0,"MEXICANA":4992,"MOLDAVINA":1,"POLACA":2,"RUSA":3,"SALVADORENA":2,"SE DESCONOCE":5,"SIN NACIONALIDAD DE REFERENCIA":4,"VENEZOLANA":1}}}