{"totales":{"PorcentajeDesaparecidos":"20.86","PorcentajeLocalizados":"79.14","PorcentajeLocalizadosCV":"94.99","PorcentajeLocalizadosSV":"5.01","PorcentajeSoloDesaparecidos":"66.52","PorcentajeSoloNoLocalizados":"33.48","TotalDesaparecidos":"463","TotalGlobal":"2220","TotalLocalizados":"1757","TotalLocalizadosCV":"1669","TotalLocalizadosSV":"88","TotalSoloDesaparecidos":"308","TotalSoloNoLocalizados":"155"},"espacial":{"Hombres":{"AMEALCO DE BONFIL":33,"ARROYO SECO":1,"CADEREYTA DE MONTES":15,"COLÓN":17,"CORREGIDORA":62,"EL MARQUÉS":51,"EZEQUIEL MONTES":13,"HUIMILPAN":13,"JALPAN DE SERRA":19,"LANDA DE MATAMOROS":9,"PEDRO ESCOBEDO":14,"PEÑAMILLER":3,"PINAL DE AMOLES":4,"QUERÉTARO":659,"SAN JOAQUÍN":7,"SAN JUAN DEL RÍO":133,"SE DESCONOCE":28,"SIN MUNICIPIO DE REFERENCIA":25,"TEQUISQUIAPAN":26,"TOLIMÁN":3,"ZAPOPAN":0},"Indeterminado":{"AMEALCO DE BONFIL":0,"ARROYO SECO":0,"CADEREYTA DE MONTES":0,"COLÓN":0,"CORREGIDORA":0,"EL MARQUÉS":0,"EZEQUIEL MONTES":0,"HUIMILPAN":0,"JALPAN DE SERRA":0,"LANDA DE MATAMOROS":0,"PEDRO ESCOBEDO":0,"PEÑAMILLER":0,"PINAL DE AMOLES":0,"QUERÉTARO":0,"SAN JOAQUÍN":0,"SAN JUAN DEL RÍO":0,"SE DESCONOCE":0,"SIN MUNICIPIO DE REFERENCIA":1,"TEQUISQUIAPAN":0,"TOLIMÁN":0,"ZAPOPAN":0},"Mujeres":{"AMEALCO DE BONFIL":17,"ARROYO SECO":1,"CADEREYTA DE MONTES":9,"COLÓN":10,"CORREGIDORA":56,"EL MARQUÉS":47,"EZEQUIEL MONTES":9,"HUIMILPAN":13,"JALPAN DE SERRA":6,"LANDA DE MATAMOROS":2,"PEDRO ESCOBEDO":7,"PEÑAMILLER":2,"PINAL DE AMOLES":5,"QUERÉTARO":717,"SAN JOAQUÍN":4,"SAN JUAN DEL RÍO":137,"SE DESCONOCE":7,"SIN MUNICIPIO DE REFERENCIA":13,"TEQUISQUIAPAN":13,"TOLIMÁN":8,"ZAPOPAN":1}},"anual":{"Hombre":{"1.CIFRA SIN  AÑO DE REFERENCIA":53,"1971":1,"1980":1,"1981":1,"1987":1,"1993":1,"1996":0,"1998":1,"2000":1,"2001":0,"2002":1,"2003":3,"2005":1,"2006":3,"2007":6,"2008":3,"2009":3,"2010":27,"2011":34,"2012":93,"2013":121,"2014":124,"2015":143,"2016":120,"2017":98,"2018":60,"2019":60,"2020":72,"2021":103},"Indeterminado":{"1.CIFRA SIN  AÑO DE REFERENCIA":0,"1971":0,"1980":0,"1981":0,"1987":0,"1993":0,"1996":0,"1998":0,"2000":0,"2001":0,"2002":0,"2003":0,"2005":0,"2006":0,"2007":0,"2008":0,"2009":0,"2010":0,"2011":0,"2012":0,"2013":0,"2014":0,"2015":0,"2016":0,"2017":0,"2018":0,"2019":1,"2020":0,"2021":0},"Mujer":{"1.CIFRA SIN  AÑO DE REFERENCIA":19,"1971":0,"1980":0,"1981":0,"1987":0,"1993":0,"1996":1,"1998":0,"2000":1,"2001":1,"2002":2,"2003":0,"2005":2,"2006":1,"2007":5,"2008":4,"2009":11,"2010":21,"2011":27,"2012":161,"2013":155,"2014":146,"2015":139,"2016":101,"2017":122,"2018":37,"2019":28,"2020":30,"2021":70}},"mensual_ultimo_anio":{"Hombre":{"2020-AGOSTO":5,"2020-DICIEMBRE":10,"2020-NOVIEMBRE":9,"2020-OCTUBRE":5,"2020-SEPTIEMBRE":5,"2021-ABRIL":17,"2021-ENERO":15,"2021-FEBRERO":6,"2021-JULIO":11,"2021-JUNIO":23,"2021-MARZO":12,"2021-MAYO":19},"Indeterminado":{"2020-AGOSTO":0,"2020-DICIEMBRE":0,"2020-NOVIEMBRE":0,"2020-OCTUBRE":0,"2020-SEPTIEMBRE":0,"2021-ABRIL":0,"2021-ENERO":0,"2021-FEBRERO":0,"2021-JULIO":0,"2021-JUNIO":0,"2021-MARZO":0,"2021-MAYO":0},"Mujer":{"2020-AGOSTO":4,"2020-DICIEMBRE":5,"2020-NOVIEMBRE":1,"2020-OCTUBRE":2,"2020-SEPTIEMBRE":3,"2021-ABRIL":13,"2021-ENERO":3,"2021-FEBRERO":2,"2021-JULIO":9,"2021-JUNIO":9,"2021-MARZO":9,"2021-MAYO":25}},"por_edad":{"Hombres":{"0":23,"1":10,"10":9,"11":5,"12":11,"120":1,"13":26,"14":50,"15":40,"16":44,"17":36,"18":18,"19":20,"2":11,"20":16,"21":32,"22":34,"23":20,"24":19,"25":22,"26":14,"27":30,"28":36,"29":15,"3":5,"30":21,"31":21,"32":25,"33":24,"34":14,"35":19,"36":21,"37":16,"38":14,"39":20,"4":8,"40":27,"41":13,"42":19,"43":27,"44":17,"45":16,"46":15,"47":20,"48":13,"49":12,"5":10,"50":6,"51":12,"52":10,"53":14,"54":9,"55":11,"56":13,"57":6,"58":5,"59":7,"6":9,"60":7,"61":5,"62":6,"63":6,"64":1,"65":5,"66":2,"67":5,"68":1,"69":4,"7":8,"70":3,"71":3,"72":1,"73":4,"74":4,"75":1,"76":2,"77":1,"78":3,"79":1,"8":0,"80":1,"81":1,"82":0,"83":2,"84":0,"85":1,"86":2,"89":1,"9":3,"92":1,"93":1,"97":1,"SIN EDAD DE REFERENCIA":7},"Indeterminado":{"0":0,"1":0,"10":0,"11":0,"12":0,"120":0,"13":0,"14":0,"15":0,"16":0,"17":0,"18":0,"19":0,"2":0,"20":0,"21":0,"22":0,"23":0,"24":0,"25":0,"26":0,"27":0,"28":0,"29":0,"3":0,"30":0,"31":0,"32":0,"33":0,"34":0,"35":0,"36":0,"37":0,"38":0,"39":0,"4":0,"40":0,"41":0,"42":0,"43":0,"44":0,"45":0,"46":0,"47":0,"48":0,"49":0,"5":0,"50":0,"51":0,"52":0,"53":0,"54":0,"55":1,"56":0,"57":0,"58":0,"59":0,"6":0,"60":0,"61":0,"62":0,"63":0,"64":0,"65":0,"66":0,"67":0,"68":0,"69":0,"7":0,"70":0,"71":0,"72":0,"73":0,"74":0,"75":0,"76":0,"77":0,"78":0,"79":0,"8":0,"80":0,"81":0,"82":0,"83":0,"84":0,"85":0,"86":0,"89":0,"9":0,"92":0,"93":0,"97":0,"SIN EDAD DE REFERENCIA":0},"Mujeres":{"0":18,"1":9,"10":4,"11":10,"12":13,"120":0,"13":52,"14":86,"15":133,"16":163,"17":120,"18":31,"19":29,"2":7,"20":25,"21":17,"22":16,"23":28,"24":13,"25":21,"26":18,"27":18,"28":13,"29":9,"3":9,"30":16,"31":5,"32":13,"33":11,"34":5,"35":10,"36":10,"37":7,"38":13,"39":7,"4":5,"40":8,"41":5,"42":5,"43":3,"44":3,"45":3,"46":1,"47":4,"48":6,"49":5,"5":7,"50":4,"51":3,"52":3,"53":3,"54":3,"55":0,"56":1,"57":1,"58":2,"59":2,"6":5,"60":2,"61":0,"62":2,"63":1,"64":1,"65":5,"66":0,"67":3,"68":0,"69":1,"7":6,"70":2,"71":1,"72":1,"73":1,"74":1,"75":0,"76":0,"77":0,"78":1,"79":0,"8":1,"80":1,"81":1,"82":1,"83":0,"84":1,"85":1,"86":0,"89":0,"9":7,"92":0,"93":0,"97":0,"SIN EDAD DE REFERENCIA":2}},"por_nacionalidad":{"Hombres":{"ALEMANA":1,"CANADIENSE":1,"COLOMBIANA":1,"GUATEMALTECA":2,"MEXICANA":1123,"SE DESCONOCE":4,"SIN NACIONALIDAD DE REFERENCIA":3},"Indeterminado":{"ALEMANA":0,"CANADIENSE":0,"COLOMBIANA":0,"GUATEMALTECA":0,"MEXICANA":1,"SE DESCONOCE":0,"SIN NACIONALIDAD DE REFERENCIA":0},"Mujeres":{"ALEMANA":0,"CANADIENSE":0,"COLOMBIANA":0,"GUATEMALTECA":0,"MEXICANA":1081,"SE DESCONOCE":1,"SIN NACIONALIDAD DE REFERENCIA":2}}}