{"totales":{"PorcentajeDesaparecidos":"18.05","PorcentajeLocalizados":"81.95","PorcentajeLocalizadosCV":"98.23","PorcentajeLocalizadosSV":"1.77","PorcentajeSoloDesaparecidos":"89.01","PorcentajeSoloNoLocalizados":"10.99","TotalDesaparecidos":"373","TotalGlobal":"2067","TotalLocalizados":"1694","TotalLocalizadosCV":"1664","TotalLocalizadosSV":"30","TotalSoloDesaparecidos":"332","TotalSoloNoLocalizados":"41"},"espacial":{"Hombres":{"BENITO JUÁREZ":553,"COZUMEL":6,"FELIPE CARRILLO PUERTO":2,"ISLA MUJERES":7,"JOSÉ MARÍA MORELOS":2,"LÁZARO CÁRDENAS":1,"OTHÓN P. BLANCO":199,"SE DESCONOCE":27,"SIN MUNICIPIO DE REFERENCIA":39,"SOLIDARIDAD":44},"Indeterminado":{"BENITO JUÁREZ":0,"COZUMEL":0,"FELIPE CARRILLO PUERTO":0,"ISLA MUJERES":0,"JOSÉ MARÍA MORELOS":0,"LÁZARO CÁRDENAS":0,"OTHÓN P. BLANCO":0,"SE DESCONOCE":0,"SIN MUNICIPIO DE REFERENCIA":0,"SOLIDARIDAD":0},"Mujeres":{"BENITO JUÁREZ":808,"COZUMEL":6,"FELIPE CARRILLO PUERTO":7,"ISLA MUJERES":2,"JOSÉ MARÍA MORELOS":6,"LÁZARO CÁRDENAS":1,"OTHÓN P. BLANCO":279,"SE DESCONOCE":14,"SIN MUNICIPIO DE REFERENCIA":14,"SOLIDARIDAD":50}},"anual":{"Hombre":{"1.CIFRA SIN  AÑO DE REFERENCIA":46,"1973":1,"1978":0,"1981":0,"1989":2,"1992":1,"1993":2,"1994":1,"1995":1,"1998":1,"1999":1,"2000":1,"2001":1,"2002":2,"2003":0,"2004":0,"2006":4,"2007":42,"2008":76,"2009":49,"2010":36,"2011":41,"2012":16,"2013":56,"2014":67,"2015":21,"2016":57,"2017":55,"2018":15,"2019":190,"2020":52,"2021":43},"Indeterminado":{"1.CIFRA SIN  AÑO DE REFERENCIA":0,"1973":0,"1978":0,"1981":0,"1989":0,"1992":0,"1993":0,"1994":0,"1995":0,"1998":0,"1999":0,"2000":0,"2001":0,"2002":0,"2003":0,"2004":0,"2006":0,"2007":0,"2008":0,"2009":0,"2010":0,"2011":0,"2012":0,"2013":0,"2014":0,"2015":0,"2016":0,"2017":0,"2018":0,"2019":0,"2020":0,"2021":0},"Mujer":{"1.CIFRA SIN  AÑO DE REFERENCIA":37,"1973":0,"1978":1,"1981":1,"1989":0,"1992":3,"1993":0,"1994":0,"1995":0,"1998":0,"1999":1,"2000":0,"2001":1,"2002":1,"2003":1,"2004":1,"2006":0,"2007":62,"2008":157,"2009":85,"2010":80,"2011":54,"2012":47,"2013":106,"2014":127,"2015":28,"2016":65,"2017":105,"2018":31,"2019":156,"2020":16,"2021":21}},"mensual_ultimo_anio":{"Hombre":{"2020-AGOSTO":4,"2020-DICIEMBRE":4,"2020-NOVIEMBRE":4,"2020-OCTUBRE":2,"2020-SEPTIEMBRE":3,"2021-ABRIL":7,"2021-AGOSTO":1,"2021-ENERO":9,"2021-FEBRERO":8,"2021-JUNIO":3,"2021-MARZO":5,"2021-MAYO":10},"Indeterminado":{"2020-AGOSTO":0,"2020-DICIEMBRE":0,"2020-NOVIEMBRE":0,"2020-OCTUBRE":0,"2020-SEPTIEMBRE":0,"2021-ABRIL":0,"2021-AGOSTO":0,"2021-ENERO":0,"2021-FEBRERO":0,"2021-JUNIO":0,"2021-MARZO":0,"2021-MAYO":0},"Mujer":{"2020-AGOSTO":1,"2020-DICIEMBRE":2,"2020-NOVIEMBRE":1,"2020-OCTUBRE":2,"2020-SEPTIEMBRE":0,"2021-ABRIL":4,"2021-AGOSTO":1,"2021-ENERO":2,"2021-FEBRERO":4,"2021-JUNIO":1,"2021-MARZO":3,"2021-MAYO":6}},"por_edad":{"Hombres":{"0":31,"1":1,"10":6,"11":12,"12":9,"13":23,"14":41,"15":43,"16":34,"17":31,"18":17,"19":26,"2":2,"20":16,"21":20,"22":27,"23":28,"24":21,"25":19,"26":18,"27":25,"28":25,"29":23,"3":2,"30":28,"31":22,"32":21,"33":21,"34":10,"35":17,"36":18,"37":16,"38":17,"39":15,"4":2,"40":11,"41":10,"42":10,"43":5,"44":13,"45":9,"46":9,"47":6,"48":7,"49":3,"5":1,"50":4,"51":10,"52":4,"53":2,"54":4,"55":3,"56":2,"57":0,"58":2,"59":2,"6":4,"60":4,"61":5,"62":1,"63":2,"64":3,"65":1,"67":3,"68":0,"69":1,"7":4,"70":4,"71":2,"72":1,"73":5,"74":1,"75":2,"76":2,"77":0,"79":1,"8":2,"80":3,"82":1,"83":0,"84":1,"85":2,"87":1,"9":6,"90":1,"SIN EDAD DE REFERENCIA":13},"Indeterminado":{"0":0,"1":0,"10":0,"11":0,"12":0,"13":0,"14":0,"15":0,"16":0,"17":0,"18":0,"19":0,"2":0,"20":0,"21":0,"22":0,"23":0,"24":0,"25":0,"26":0,"27":0,"28":0,"29":0,"3":0,"30":0,"31":0,"32":0,"33":0,"34":0,"35":0,"36":0,"37":0,"38":0,"39":0,"4":0,"40":0,"41":0,"42":0,"43":0,"44":0,"45":0,"46":0,"47":0,"48":0,"49":0,"5":0,"50":0,"51":0,"52":0,"53":0,"54":0,"55":0,"56":0,"57":0,"58":0,"59":0,"6":0,"60":0,"61":0,"62":0,"63":0,"64":0,"65":0,"67":0,"68":0,"69":0,"7":0,"70":0,"71":0,"72":0,"73":0,"74":0,"75":0,"76":0,"77":0,"79":0,"8":0,"80":0,"82":0,"83":0,"84":0,"85":0,"87":0,"9":0,"90":0,"SIN EDAD DE REFERENCIA":0},"Mujeres":{"0":36,"1":2,"10":5,"11":8,"12":30,"13":88,"14":190,"15":175,"16":158,"17":93,"18":40,"19":27,"2":0,"20":26,"21":22,"22":13,"23":17,"24":18,"25":15,"26":17,"27":11,"28":25,"29":14,"3":1,"30":11,"31":10,"32":14,"33":7,"34":7,"35":8,"36":7,"37":0,"38":4,"39":3,"4":2,"40":8,"41":5,"42":4,"43":1,"44":4,"45":1,"46":3,"47":5,"48":1,"49":3,"5":2,"50":1,"51":0,"52":1,"53":4,"54":4,"55":1,"56":2,"57":2,"58":0,"59":1,"6":0,"60":1,"61":0,"62":0,"63":0,"64":1,"65":0,"67":0,"68":2,"69":0,"7":1,"70":0,"71":0,"72":1,"73":0,"74":0,"75":0,"76":0,"77":1,"79":0,"8":1,"80":0,"82":0,"83":1,"84":0,"85":0,"87":0,"9":1,"90":0,"SIN EDAD DE REFERENCIA":20}},"por_nacionalidad":{"Hombres":{"BELICENA":7,"CANADIENSE":1,"COLOMBIANA":6,"COSTARRICENSE":0,"CUBANA":11,"DOMINICANA":1,"ESPANOLA":1,"ESTADOUNIDENSE":5,"GUATEMALTECA":3,"HOLANDESA":0,"HONDUREÑA":1,"ISRAELI":0,"ITALIANA":0,"JAPONESA":1,"MARROQUI":0,"MEXICANA":834,"NICARAGUENSE":1,"PARAGUAYA":0,"PERUANA":2,"RUSA":1,"SALVADORENA":1,"SE DESCONOCE":2,"SIN NACIONALIDAD DE REFERENCIA":0,"SLOVAKO":1,"SUIZA":1,"VENEZOLANA":0},"Indeterminado":{"BELICENA":0,"CANADIENSE":0,"COLOMBIANA":0,"COSTARRICENSE":0,"CUBANA":0,"DOMINICANA":0,"ESPANOLA":0,"ESTADOUNIDENSE":0,"GUATEMALTECA":0,"HOLANDESA":0,"HONDUREÑA":0,"ISRAELI":0,"ITALIANA":0,"JAPONESA":0,"MARROQUI":0,"MEXICANA":0,"NICARAGUENSE":0,"PARAGUAYA":0,"PERUANA":0,"RUSA":0,"SALVADORENA":0,"SE DESCONOCE":0,"SIN NACIONALIDAD DE REFERENCIA":0,"SLOVAKO":0,"SUIZA":0,"VENEZOLANA":0},"Mujeres":{"BELICENA":8,"CANADIENSE":0,"COLOMBIANA":4,"COSTARRICENSE":1,"CUBANA":3,"DOMINICANA":0,"ESPANOLA":1,"ESTADOUNIDENSE":2,"GUATEMALTECA":2,"HOLANDESA":1,"HONDUREÑA":1,"ISRAELI":2,"ITALIANA":1,"JAPONESA":1,"MARROQUI":1,"MEXICANA":1153,"NICARAGUENSE":0,"PARAGUAYA":1,"PERUANA":0,"RUSA":1,"SALVADORENA":0,"SE DESCONOCE":2,"SIN NACIONALIDAD DE REFERENCIA":1,"SLOVAKO":0,"SUIZA":0,"VENEZOLANA":1}}}