{"totales":{"PorcentajeDesaparecidos":"28.56","PorcentajeLocalizados":"71.44","PorcentajeLocalizadosCV":"95.02","PorcentajeLocalizadosSV":"4.98","PorcentajeSoloDesaparecidos":"97.02","PorcentajeSoloNoLocalizados":"2.98","TotalDesaparecidos":"369","TotalGlobal":"1292","TotalLocalizados":"923","TotalLocalizadosCV":"877","TotalLocalizadosSV":"46","TotalSoloDesaparecidos":"358","TotalSoloNoLocalizados":"11"},"espacial":{"Hombres":{"AHUALULCO":3,"ALAQUINES":1,"AQUISMÓN":5,"AXTLA DE TERRAZAS":3,"CATORCE":0,"CEDRAL":1,"CERRITOS":0,"CHARCAS":3,"CIUDAD DEL MAÍZ":5,"CIUDAD FERNÁNDEZ":9,"CIUDAD VALLES":25,"COXCATLÁN":3,"CÁRDENAS":1,"EBANO":6,"GUADALCÁZAR":2,"HUEHUETLÁN":0,"LAGUNILLAS":5,"MATEHUALA":21,"MATLAPA":1,"MEXQUITIC DE CARMONA":2,"MOCTEZUMA":0,"RAYÓN":3,"RIOVERDE":20,"SALINAS":1,"SAN ANTONIO":1,"SAN LUIS POTOSÍ":163,"SAN VICENTE TANCUAYALAB":0,"SANTA MARÍA DEL RÍO":1,"SANTO DOMINGO":3,"SE DESCONOCE":249,"SIN MUNICIPIO DE REFERENCIA":27,"SOLEDAD DE GRACIANO SÁNCHEZ":43,"TAMASOPO":4,"TAMAZUNCHALE":15,"TAMPACÁN":1,"TAMPAMOLÓN CORONA":1,"TAMUÍN":0,"TANCANHUITZ":5,"TANLAJÁS":1,"TANQUIÁN DE ESCOBEDO":1,"VANEGAS":1,"VENADO":2,"VILLA DE ARISTA":1,"VILLA DE GUADALUPE":0,"VILLA DE LA PAZ":0,"VILLA DE RAMOS":1,"VILLA DE REYES":4,"VILLA HIDALGO":2,"VILLA JUÁREZ":1,"XILITLA":6,"ZARAGOZA":1},"Indeterminado":{"AHUALULCO":0,"ALAQUINES":0,"AQUISMÓN":0,"AXTLA DE TERRAZAS":0,"CATORCE":0,"CEDRAL":0,"CERRITOS":0,"CHARCAS":0,"CIUDAD DEL MAÍZ":0,"CIUDAD FERNÁNDEZ":0,"CIUDAD VALLES":0,"COXCATLÁN":0,"CÁRDENAS":0,"EBANO":0,"GUADALCÁZAR":0,"HUEHUETLÁN":0,"LAGUNILLAS":0,"MATEHUALA":0,"MATLAPA":0,"MEXQUITIC DE CARMONA":0,"MOCTEZUMA":0,"RAYÓN":0,"RIOVERDE":0,"SALINAS":0,"SAN ANTONIO":0,"SAN LUIS POTOSÍ":2,"SAN VICENTE TANCUAYALAB":0,"SANTA MARÍA DEL RÍO":0,"SANTO DOMINGO":0,"SE DESCONOCE":0,"SIN MUNICIPIO DE REFERENCIA":0,"SOLEDAD DE GRACIANO SÁNCHEZ":0,"TAMASOPO":0,"TAMAZUNCHALE":0,"TAMPACÁN":0,"TAMPAMOLÓN CORONA":0,"TAMUÍN":0,"TANCANHUITZ":0,"TANLAJÁS":0,"TANQUIÁN DE ESCOBEDO":0,"VANEGAS":0,"VENADO":0,"VILLA DE ARISTA":0,"VILLA DE GUADALUPE":0,"VILLA DE LA PAZ":0,"VILLA DE RAMOS":0,"VILLA DE REYES":0,"VILLA HIDALGO":0,"VILLA JUÁREZ":0,"XILITLA":0,"ZARAGOZA":0},"Mujeres":{"AHUALULCO":0,"ALAQUINES":0,"AQUISMÓN":1,"AXTLA DE TERRAZAS":4,"CATORCE":1,"CEDRAL":1,"CERRITOS":2,"CHARCAS":1,"CIUDAD DEL MAÍZ":3,"CIUDAD FERNÁNDEZ":8,"CIUDAD VALLES":22,"COXCATLÁN":2,"CÁRDENAS":1,"EBANO":0,"GUADALCÁZAR":1,"HUEHUETLÁN":2,"LAGUNILLAS":0,"MATEHUALA":26,"MATLAPA":6,"MEXQUITIC DE CARMONA":3,"MOCTEZUMA":2,"RAYÓN":2,"RIOVERDE":32,"SALINAS":0,"SAN ANTONIO":0,"SAN LUIS POTOSÍ":132,"SAN VICENTE TANCUAYALAB":1,"SANTA MARÍA DEL RÍO":1,"SANTO DOMINGO":0,"SE DESCONOCE":264,"SIN MUNICIPIO DE REFERENCIA":8,"SOLEDAD DE GRACIANO SÁNCHEZ":51,"TAMASOPO":5,"TAMAZUNCHALE":28,"TAMPACÁN":1,"TAMPAMOLÓN CORONA":2,"TAMUÍN":3,"TANCANHUITZ":2,"TANLAJÁS":0,"TANQUIÁN DE ESCOBEDO":3,"VANEGAS":0,"VENADO":0,"VILLA DE ARISTA":5,"VILLA DE GUADALUPE":1,"VILLA DE LA PAZ":1,"VILLA DE RAMOS":0,"VILLA DE REYES":2,"VILLA HIDALGO":2,"VILLA JUÁREZ":0,"XILITLA":1,"ZARAGOZA":3}},"anual":{"Hombre":{"1.CIFRA SIN  AÑO DE REFERENCIA":40,"1980":1,"2000":0,"2006":1,"2009":9,"2010":55,"2011":48,"2012":11,"2013":9,"2014":3,"2015":11,"2016":173,"2017":0,"2018":12,"2019":220,"2020":56,"2021":5},"Indeterminado":{"1.CIFRA SIN  AÑO DE REFERENCIA":1,"1980":0,"2000":0,"2006":0,"2009":0,"2010":0,"2011":0,"2012":0,"2013":0,"2014":0,"2015":0,"2016":0,"2017":0,"2018":0,"2019":0,"2020":1,"2021":0},"Mujer":{"1.CIFRA SIN  AÑO DE REFERENCIA":18,"1980":0,"2000":1,"2006":0,"2009":1,"2010":3,"2011":16,"2012":3,"2013":8,"2014":4,"2015":3,"2016":261,"2017":1,"2018":11,"2019":255,"2020":47,"2021":4}},"mensual_ultimo_anio":{"Hombre":{"2020-AGOSTO":1,"2020-DICIEMBRE":1,"2020-JULIO":3,"2020-JUNIO":15,"2020-NOVIEMBRE":2,"2020-OCTUBRE":1,"2020-SEPTIEMBRE":1,"2021-ABRIL":3,"2021-ENERO":1,"2021-FEBRERO":1,"2021-JULIO":0,"2021-JUNIO":0},"Indeterminado":{"2020-AGOSTO":0,"2020-DICIEMBRE":0,"2020-JULIO":0,"2020-JUNIO":0,"2020-NOVIEMBRE":0,"2020-OCTUBRE":1,"2020-SEPTIEMBRE":0,"2021-ABRIL":0,"2021-ENERO":0,"2021-FEBRERO":0,"2021-JULIO":0,"2021-JUNIO":0},"Mujer":{"2020-AGOSTO":0,"2020-DICIEMBRE":0,"2020-JULIO":1,"2020-JUNIO":14,"2020-NOVIEMBRE":2,"2020-OCTUBRE":2,"2020-SEPTIEMBRE":3,"2021-ABRIL":0,"2021-ENERO":0,"2021-FEBRERO":1,"2021-JULIO":2,"2021-JUNIO":1}},"por_edad":{"Hombres":{"0":5,"1":1,"10":5,"11":2,"12":6,"13":13,"14":14,"15":17,"16":26,"17":20,"18":16,"19":16,"2":7,"20":17,"21":22,"22":22,"23":21,"24":10,"25":15,"26":11,"27":13,"28":17,"29":14,"3":4,"30":14,"31":17,"32":14,"33":16,"34":10,"35":10,"36":10,"37":14,"38":10,"39":5,"4":5,"40":9,"41":10,"42":8,"43":9,"44":8,"45":8,"46":4,"47":9,"48":7,"49":8,"5":2,"50":5,"51":4,"52":6,"53":4,"54":6,"55":4,"56":3,"57":3,"58":4,"59":3,"6":2,"60":5,"61":2,"62":2,"63":5,"64":5,"65":2,"66":2,"67":2,"69":2,"7":1,"70":3,"71":0,"72":0,"73":1,"74":0,"75":2,"76":1,"77":3,"78":4,"79":1,"8":7,"80":2,"82":2,"84":1,"85":2,"87":1,"89":2,"9":1,"90":0,"91":1,"94":1,"96":1,"97":0,"SIN EDAD DE REFERENCIA":25},"Indeterminado":{"0":0,"1":0,"10":0,"11":0,"12":0,"13":0,"14":0,"15":0,"16":0,"17":0,"18":0,"19":0,"2":0,"20":0,"21":0,"22":0,"23":0,"24":0,"25":0,"26":0,"27":0,"28":0,"29":0,"3":0,"30":0,"31":1,"32":0,"33":0,"34":0,"35":0,"36":0,"37":0,"38":0,"39":0,"4":0,"40":0,"41":0,"42":0,"43":0,"44":0,"45":0,"46":0,"47":0,"48":0,"49":0,"5":0,"50":0,"51":0,"52":0,"53":0,"54":0,"55":0,"56":0,"57":0,"58":0,"59":0,"6":0,"60":0,"61":0,"62":0,"63":0,"64":0,"65":0,"66":0,"67":0,"69":0,"7":0,"70":0,"71":0,"72":0,"73":0,"74":0,"75":0,"76":0,"77":0,"78":0,"79":0,"8":0,"80":0,"82":0,"84":0,"85":0,"87":0,"89":0,"9":0,"90":0,"91":0,"94":0,"96":0,"97":0,"SIN EDAD DE REFERENCIA":1},"Mujeres":{"0":3,"1":6,"10":1,"11":5,"12":13,"13":24,"14":48,"15":58,"16":75,"17":60,"18":25,"19":26,"2":8,"20":20,"21":16,"22":17,"23":19,"24":15,"25":14,"26":16,"27":7,"28":7,"29":5,"3":6,"30":5,"31":6,"32":4,"33":5,"34":2,"35":1,"36":4,"37":1,"38":7,"39":5,"4":4,"40":9,"41":5,"42":4,"43":5,"44":5,"45":5,"46":4,"47":3,"48":5,"49":0,"5":1,"50":1,"51":2,"52":2,"53":0,"54":1,"55":1,"56":1,"57":0,"58":1,"59":1,"6":3,"60":0,"61":1,"62":3,"63":0,"64":1,"65":0,"66":1,"67":0,"69":0,"7":3,"70":0,"71":1,"72":1,"73":0,"74":1,"75":0,"76":0,"77":0,"78":0,"79":0,"8":2,"80":0,"82":0,"84":0,"85":0,"87":0,"89":0,"9":2,"90":1,"91":1,"94":0,"96":0,"97":1,"SIN EDAD DE REFERENCIA":20}},"por_nacionalidad":{"Hombres":{"COLOMBIANA":1,"ESTADOUNIDENSE":2,"GUATEMALTECA":3,"HONDUREÑA":8,"MEXICANA":625,"NICARAGUENSE":2,"POLACA":1,"SE DESCONOCE":12},"Indeterminado":{"COLOMBIANA":0,"ESTADOUNIDENSE":0,"GUATEMALTECA":0,"HONDUREÑA":0,"MEXICANA":1,"NICARAGUENSE":0,"POLACA":0,"SE DESCONOCE":1},"Mujeres":{"COLOMBIANA":0,"ESTADOUNIDENSE":4,"GUATEMALTECA":0,"HONDUREÑA":3,"MEXICANA":625,"NICARAGUENSE":0,"POLACA":0,"SE DESCONOCE":4}}}