{"totales":{"PorcentajeDesaparecidos":"45.73","PorcentajeLocalizados":"54.27","PorcentajeLocalizadosCV":"80.15","PorcentajeLocalizadosSV":"19.85","PorcentajeSoloDesaparecidos":"87.23","PorcentajeSoloNoLocalizados":"12.77","TotalDesaparecidos":"4872","TotalGlobal":"10654","TotalLocalizados":"5782","TotalLocalizadosCV":"4634","TotalLocalizadosSV":"1148","TotalSoloDesaparecidos":"4250","TotalSoloNoLocalizados":"622"},"espacial":{"Hombres":{"AHOME":1191,"ANGOSTURA":93,"BADIRAGUATO":19,"CHOIX":64,"CONCORDIA":50,"COSALÁ":16,"CULIACÁN":3283,"EL FUERTE":256,"ELOTA":73,"ESCUINAPA":85,"GUASAVE":433,"MAZATLÁN":1355,"MOCORITO":75,"NAVOLATO":366,"ROSARIO":116,"SALVADOR ALVARADO":176,"SAN IGNACIO":42,"SE DESCONOCE":42,"SIN MUNICIPIO DE REFERENCIA":352,"SINALOA":97},"Indeterminado":{"AHOME":0,"ANGOSTURA":0,"BADIRAGUATO":0,"CHOIX":0,"CONCORDIA":0,"COSALÁ":0,"CULIACÁN":0,"EL FUERTE":0,"ELOTA":0,"ESCUINAPA":0,"GUASAVE":0,"MAZATLÁN":0,"MOCORITO":0,"NAVOLATO":0,"ROSARIO":0,"SALVADOR ALVARADO":0,"SAN IGNACIO":0,"SE DESCONOCE":2,"SIN MUNICIPIO DE REFERENCIA":0,"SINALOA":2},"Mujeres":{"AHOME":262,"ANGOSTURA":26,"BADIRAGUATO":7,"CHOIX":8,"CONCORDIA":5,"COSALÁ":5,"CULIACÁN":1262,"EL FUERTE":23,"ELOTA":29,"ESCUINAPA":46,"GUASAVE":111,"MAZATLÁN":416,"MOCORITO":21,"NAVOLATO":85,"ROSARIO":19,"SALVADOR ALVARADO":47,"SAN IGNACIO":5,"SE DESCONOCE":8,"SIN MUNICIPIO DE REFERENCIA":46,"SINALOA":35}},"anual":{"Hombre":{"1.CIFRA SIN  AÑO DE REFERENCIA":376,"1972":1,"1975":0,"1976":8,"1977":33,"1978":4,"1979":3,"1993":2,"1994":1,"1998":1,"1999":3,"2000":2,"2001":2,"2002":2,"2005":1,"2006":26,"2007":145,"2008":258,"2009":203,"2010":444,"2011":517,"2012":602,"2013":765,"2014":606,"2015":623,"2016":697,"2017":771,"2018":664,"2019":702,"2020":351,"2021":371},"Indeterminado":{"1.CIFRA SIN  AÑO DE REFERENCIA":3,"1972":0,"1975":0,"1976":0,"1977":0,"1978":0,"1979":0,"1993":0,"1994":0,"1998":0,"1999":0,"2000":0,"2001":0,"2002":0,"2005":0,"2006":0,"2007":0,"2008":0,"2009":0,"2010":0,"2011":1,"2012":0,"2013":0,"2014":0,"2015":0,"2016":0,"2017":0,"2018":0,"2019":0,"2020":0,"2021":0},"Mujer":{"1.CIFRA SIN  AÑO DE REFERENCIA":21,"1972":0,"1975":1,"1976":1,"1977":0,"1978":1,"1979":0,"1993":0,"1994":0,"1998":0,"1999":0,"2000":0,"2001":3,"2002":0,"2005":1,"2006":8,"2007":60,"2008":67,"2009":61,"2010":113,"2011":132,"2012":250,"2013":330,"2014":270,"2015":315,"2016":277,"2017":174,"2018":121,"2019":135,"2020":69,"2021":56}},"mensual_ultimo_anio":{"Hombre":{"2020-DICIEMBRE":26,"2020-NOVIEMBRE":22,"2020-OCTUBRE":40,"2020-SEPTIEMBRE":56,"2021-ABRIL":45,"2021-AGOSTO":2,"2021-ENERO":52,"2021-FEBRERO":37,"2021-JULIO":52,"2021-JUNIO":64,"2021-MARZO":38,"2021-MAYO":81},"Indeterminado":{"2020-DICIEMBRE":0,"2020-NOVIEMBRE":0,"2020-OCTUBRE":0,"2020-SEPTIEMBRE":0,"2021-ABRIL":0,"2021-AGOSTO":0,"2021-ENERO":0,"2021-FEBRERO":0,"2021-JULIO":0,"2021-JUNIO":0,"2021-MARZO":0,"2021-MAYO":0},"Mujer":{"2020-DICIEMBRE":7,"2020-NOVIEMBRE":3,"2020-OCTUBRE":2,"2020-SEPTIEMBRE":1,"2021-ABRIL":9,"2021-AGOSTO":0,"2021-ENERO":9,"2021-FEBRERO":5,"2021-JULIO":11,"2021-JUNIO":8,"2021-MARZO":4,"2021-MAYO":10}},"por_edad":{"Hombres":{"0":172,"1":22,"10":8,"11":13,"12":22,"13":45,"14":67,"15":110,"16":134,"17":178,"18":221,"19":194,"2":13,"20":242,"21":265,"22":271,"23":269,"24":255,"25":293,"26":231,"27":252,"28":261,"29":239,"3":14,"30":251,"31":215,"32":213,"33":230,"34":250,"35":196,"36":173,"37":212,"38":193,"39":177,"4":9,"40":164,"41":168,"42":146,"43":161,"44":131,"45":125,"46":123,"47":109,"48":93,"49":68,"5":8,"50":73,"51":56,"52":64,"53":57,"54":55,"55":50,"56":34,"57":42,"58":32,"59":39,"6":7,"60":31,"61":31,"62":24,"63":20,"64":27,"65":11,"66":12,"67":15,"68":18,"69":6,"7":8,"70":7,"71":7,"72":19,"73":6,"74":3,"75":10,"76":3,"77":9,"78":6,"79":6,"8":12,"80":1,"81":1,"82":2,"83":3,"84":4,"85":1,"86":1,"87":1,"88":1,"89":2,"9":8,"90":1,"91":1,"92":3,"97":1,"SIN EDAD DE REFERENCIA":147},"Indeterminado":{"0":0,"1":0,"10":0,"11":0,"12":0,"13":0,"14":0,"15":0,"16":0,"17":0,"18":0,"19":0,"2":0,"20":0,"21":0,"22":0,"23":0,"24":0,"25":0,"26":0,"27":0,"28":0,"29":0,"3":0,"30":0,"31":0,"32":0,"33":0,"34":0,"35":0,"36":0,"37":0,"38":0,"39":0,"4":0,"40":0,"41":0,"42":0,"43":0,"44":0,"45":0,"46":0,"47":0,"48":0,"49":0,"5":0,"50":0,"51":0,"52":0,"53":0,"54":0,"55":0,"56":0,"57":0,"58":0,"59":0,"6":0,"60":0,"61":0,"62":0,"63":0,"64":0,"65":0,"66":0,"67":0,"68":0,"69":0,"7":0,"70":0,"71":0,"72":0,"73":0,"74":0,"75":0,"76":0,"77":0,"78":0,"79":0,"8":0,"80":0,"81":0,"82":0,"83":0,"84":0,"85":0,"86":0,"87":0,"88":0,"89":0,"9":0,"90":0,"91":0,"92":0,"97":0,"SIN EDAD DE REFERENCIA":4},"Mujeres":{"0":46,"1":15,"10":4,"11":10,"12":51,"13":136,"14":213,"15":266,"16":237,"17":175,"18":113,"19":88,"2":10,"20":68,"21":64,"22":59,"23":51,"24":52,"25":49,"26":40,"27":42,"28":36,"29":29,"3":13,"30":31,"31":24,"32":40,"33":30,"34":28,"35":31,"36":29,"37":26,"38":27,"39":23,"4":10,"40":16,"41":16,"42":34,"43":21,"44":14,"45":13,"46":13,"47":14,"48":10,"49":7,"5":5,"50":7,"51":6,"52":10,"53":10,"54":5,"55":5,"56":4,"57":7,"58":4,"59":7,"6":6,"60":2,"61":2,"62":0,"63":1,"64":2,"65":2,"66":3,"67":1,"68":1,"69":0,"7":8,"70":0,"71":2,"72":0,"73":2,"74":0,"75":2,"76":2,"77":3,"78":0,"79":2,"8":7,"80":0,"81":1,"82":1,"83":1,"84":1,"85":0,"86":0,"87":2,"88":0,"89":0,"9":5,"90":0,"91":2,"92":0,"97":0,"SIN EDAD DE REFERENCIA":11}},"por_nacionalidad":{"Hombres":{"ARGENTINA":1,"CANADIENSE":1,"CHINA":1,"COLOMBIANA":3,"ESPANOLA":2,"ESTADOUNIDENSE":10,"HONDUREÑA":2,"MEXICANA":8058,"PERUANA":2,"SALVADORENA":2,"SE DESCONOCE":99,"SIN NACIONALIDAD DE REFERENCIA":3},"Indeterminado":{"ARGENTINA":0,"CANADIENSE":0,"CHINA":0,"COLOMBIANA":0,"ESPANOLA":0,"ESTADOUNIDENSE":0,"HONDUREÑA":0,"MEXICANA":1,"PERUANA":0,"SALVADORENA":0,"SE DESCONOCE":3,"SIN NACIONALIDAD DE REFERENCIA":0},"Mujeres":{"ARGENTINA":0,"CANADIENSE":0,"CHINA":0,"COLOMBIANA":0,"ESPANOLA":0,"ESTADOUNIDENSE":13,"HONDUREÑA":0,"MEXICANA":2443,"PERUANA":0,"SALVADORENA":0,"SE DESCONOCE":9,"SIN NACIONALIDAD DE REFERENCIA":1}}}