{"totales":{"PorcentajeDesaparecidos":"63.51","PorcentajeLocalizados":"36.49","PorcentajeLocalizadosCV":"93.37","PorcentajeLocalizadosSV":"6.63","PorcentajeSoloDesaparecidos":"99.47","PorcentajeSoloNoLocalizados":"0.53","TotalDesaparecidos":"4176","TotalGlobal":"6575","TotalLocalizados":"2399","TotalLocalizadosCV":"2240","TotalLocalizadosSV":"159","TotalSoloDesaparecidos":"4154","TotalSoloNoLocalizados":"22"},"espacial":{"Hombres":{"ACONCHI":3,"AGUA PRIETA":296,"ALAMOS":28,"ALTAR":54,"ARIVECHI":1,"ARIZPE":1,"ATIL":3,"BACADÉHUACHI":1,"BACERAC":1,"BACOACHI":1,"BANÁMICHI":1,"BAVISPE":1,"BAVIÁCORA":2,"BENITO JUÁREZ":27,"BENJAMÍN HILL":2,"BÁCUM":36,"CABORCA":223,"CAJEME":511,"CANANEA":80,"CARBÓ":5,"CUCURPE":11,"CUMPAS":3,"EMPALME":81,"ETCHOJOA":25,"FRONTERAS":7,"GENERAL PLUTARCO ELÍAS CALLES":117,"GUAYMAS":245,"HERMOSILLO":970,"HUATABAMPO":90,"IMURIS":35,"LA COLORADA":2,"MAGDALENA":78,"MAZATÁN":3,"MOCTEZUMA":2,"NACO":14,"NACOZARI DE GARCÍA":19,"NAVOJOA":151,"NOGALES":555,"NÁCORI CHICO":3,"ONAVAS":2,"OPODEPE":2,"PITIQUITO":10,"PUERTO PEÑASCO":210,"RAYÓN":1,"ROSARIO":5,"SAHUARIPA":9,"SAN IGNACIO RÍO MUERTO":14,"SAN JAVIER":1,"SAN LUIS RÍO COLORADO":176,"SAN MIGUEL DE HORCASITAS":8,"SAN PEDRO DE LA CUEVA":0,"SANTA ANA":40,"SANTA CRUZ":2,"SE DESCONOCE":60,"SIN MUNICIPIO DE REFERENCIA":76,"SOYOPA":5,"SÁRIC":23,"TEPACHE":1,"TRINCHERAS":2,"TUBUTAMA":0,"URES":5,"VILLA HIDALGO":1,"VILLA PESQUEIRA":0,"YÉCORA":4},"Indeterminado":{"ACONCHI":0,"AGUA PRIETA":0,"ALAMOS":0,"ALTAR":0,"ARIVECHI":0,"ARIZPE":0,"ATIL":0,"BACADÉHUACHI":0,"BACERAC":0,"BACOACHI":0,"BANÁMICHI":0,"BAVISPE":0,"BAVIÁCORA":0,"BENITO JUÁREZ":0,"BENJAMÍN HILL":0,"BÁCUM":0,"CABORCA":0,"CAJEME":0,"CANANEA":0,"CARBÓ":0,"CUCURPE":0,"CUMPAS":0,"EMPALME":0,"ETCHOJOA":0,"FRONTERAS":0,"GENERAL PLUTARCO ELÍAS CALLES":0,"GUAYMAS":0,"HERMOSILLO":0,"HUATABAMPO":0,"IMURIS":0,"LA COLORADA":0,"MAGDALENA":0,"MAZATÁN":0,"MOCTEZUMA":0,"NACO":0,"NACOZARI DE GARCÍA":0,"NAVOJOA":0,"NOGALES":0,"NÁCORI CHICO":0,"ONAVAS":0,"OPODEPE":0,"PITIQUITO":0,"PUERTO PEÑASCO":0,"RAYÓN":0,"ROSARIO":0,"SAHUARIPA":0,"SAN IGNACIO RÍO MUERTO":0,"SAN JAVIER":0,"SAN LUIS RÍO COLORADO":1,"SAN MIGUEL DE HORCASITAS":0,"SAN PEDRO DE LA CUEVA":0,"SANTA ANA":0,"SANTA CRUZ":0,"SE DESCONOCE":6,"SIN MUNICIPIO DE REFERENCIA":0,"SOYOPA":0,"SÁRIC":0,"TEPACHE":0,"TRINCHERAS":0,"TUBUTAMA":0,"URES":0,"VILLA HIDALGO":0,"VILLA PESQUEIRA":0,"YÉCORA":0},"Mujeres":{"ACONCHI":3,"AGUA PRIETA":174,"ALAMOS":12,"ALTAR":12,"ARIVECHI":0,"ARIZPE":0,"ATIL":0,"BACADÉHUACHI":1,"BACERAC":0,"BACOACHI":0,"BANÁMICHI":1,"BAVISPE":0,"BAVIÁCORA":0,"BENITO JUÁREZ":12,"BENJAMÍN HILL":1,"BÁCUM":16,"CABORCA":72,"CAJEME":266,"CANANEA":32,"CARBÓ":2,"CUCURPE":0,"CUMPAS":2,"EMPALME":31,"ETCHOJOA":13,"FRONTERAS":2,"GENERAL PLUTARCO ELÍAS CALLES":14,"GUAYMAS":73,"HERMOSILLO":644,"HUATABAMPO":35,"IMURIS":8,"LA COLORADA":0,"MAGDALENA":37,"MAZATÁN":0,"MOCTEZUMA":1,"NACO":8,"NACOZARI DE GARCÍA":5,"NAVOJOA":58,"NOGALES":374,"NÁCORI CHICO":0,"ONAVAS":0,"OPODEPE":0,"PITIQUITO":1,"PUERTO PEÑASCO":98,"RAYÓN":0,"ROSARIO":1,"SAHUARIPA":0,"SAN IGNACIO RÍO MUERTO":5,"SAN JAVIER":0,"SAN LUIS RÍO COLORADO":150,"SAN MIGUEL DE HORCASITAS":5,"SAN PEDRO DE LA CUEVA":1,"SANTA ANA":7,"SANTA CRUZ":1,"SE DESCONOCE":14,"SIN MUNICIPIO DE REFERENCIA":24,"SOYOPA":0,"SÁRIC":2,"TEPACHE":0,"TRINCHERAS":0,"TUBUTAMA":1,"URES":1,"VILLA HIDALGO":0,"VILLA PESQUEIRA":1,"YÉCORA":2}},"anual":{"Hombre":{"1.CIFRA SIN  AÑO DE REFERENCIA":116,"1974":2,"1977":1,"1978":2,"1980":1,"1981":7,"1982":1,"1994":1,"1995":1,"1998":1,"1999":1,"2000":1,"2001":3,"2002":2,"2003":1,"2004":4,"2005":6,"2006":6,"2007":39,"2008":64,"2009":101,"2010":107,"2011":129,"2012":191,"2013":286,"2014":275,"2015":249,"2016":293,"2017":652,"2018":681,"2019":516,"2020":561,"2021":44},"Indeterminado":{"1.CIFRA SIN  AÑO DE REFERENCIA":4,"1974":0,"1977":0,"1978":0,"1980":0,"1981":0,"1982":0,"1994":0,"1995":0,"1998":0,"1999":0,"2000":0,"2001":0,"2002":0,"2003":0,"2004":0,"2005":0,"2006":0,"2007":0,"2008":0,"2009":1,"2010":0,"2011":0,"2012":0,"2013":1,"2014":0,"2015":0,"2016":0,"2017":0,"2018":0,"2019":1,"2020":0,"2021":0},"Mujer":{"1.CIFRA SIN  AÑO DE REFERENCIA":42,"1974":0,"1977":0,"1978":0,"1980":0,"1981":1,"1982":0,"1994":0,"1995":0,"1998":0,"1999":1,"2000":0,"2001":0,"2002":0,"2003":1,"2004":3,"2005":3,"2006":10,"2007":54,"2008":61,"2009":62,"2010":64,"2011":100,"2012":175,"2013":215,"2014":138,"2015":128,"2016":198,"2017":423,"2018":362,"2019":71,"2020":92,"2021":19}},"mensual_ultimo_anio":{"Hombre":{"2020-AGOSTO":67,"2020-DICIEMBRE":4,"2020-NOVIEMBRE":6,"2020-OCTUBRE":36,"2020-SEPTIEMBRE":49,"2021-ABRIL":5,"2021-ENERO":8,"2021-FEBRERO":6,"2021-JULIO":11,"2021-JUNIO":4,"2021-MARZO":6,"2021-MAYO":4},"Indeterminado":{"2020-AGOSTO":0,"2020-DICIEMBRE":0,"2020-NOVIEMBRE":0,"2020-OCTUBRE":0,"2020-SEPTIEMBRE":0,"2021-ABRIL":0,"2021-ENERO":0,"2021-FEBRERO":0,"2021-JULIO":0,"2021-JUNIO":0,"2021-MARZO":0,"2021-MAYO":0},"Mujer":{"2020-AGOSTO":18,"2020-DICIEMBRE":1,"2020-NOVIEMBRE":0,"2020-OCTUBRE":9,"2020-SEPTIEMBRE":6,"2021-ABRIL":1,"2021-ENERO":7,"2021-FEBRERO":7,"2021-JULIO":0,"2021-JUNIO":3,"2021-MARZO":0,"2021-MAYO":1}},"por_edad":{"Hombres":{"0":73,"1":4,"10":14,"11":8,"12":27,"13":51,"14":55,"15":73,"16":82,"17":107,"18":85,"19":81,"2":3,"20":79,"21":97,"22":97,"23":87,"24":98,"25":117,"26":107,"27":101,"28":104,"29":107,"3":8,"30":109,"31":83,"32":114,"33":91,"34":98,"35":95,"36":92,"37":86,"38":81,"39":69,"4":6,"40":86,"41":69,"42":73,"43":59,"44":62,"45":45,"46":46,"47":54,"48":37,"49":32,"5":8,"50":32,"51":31,"52":29,"53":27,"54":27,"55":25,"56":27,"57":17,"58":18,"59":15,"6":6,"60":13,"61":6,"62":11,"63":5,"64":7,"65":12,"66":10,"67":9,"68":9,"69":5,"7":3,"70":1,"71":4,"72":8,"73":5,"74":3,"75":6,"76":6,"77":3,"78":6,"79":4,"8":7,"80":5,"81":2,"82":1,"83":1,"84":1,"86":6,"87":2,"9":9,"91":1,"92":2,"95":1,"SIN EDAD DE REFERENCIA":757},"Indeterminado":{"0":0,"1":0,"10":0,"11":0,"12":0,"13":0,"14":0,"15":0,"16":0,"17":0,"18":0,"19":0,"2":0,"20":0,"21":0,"22":0,"23":0,"24":0,"25":2,"26":0,"27":1,"28":0,"29":0,"3":0,"30":0,"31":1,"32":0,"33":0,"34":0,"35":0,"36":0,"37":0,"38":0,"39":0,"4":0,"40":0,"41":0,"42":0,"43":0,"44":0,"45":0,"46":0,"47":0,"48":0,"49":0,"5":0,"50":0,"51":0,"52":0,"53":0,"54":1,"55":0,"56":0,"57":0,"58":0,"59":0,"6":0,"60":0,"61":0,"62":0,"63":0,"64":0,"65":0,"66":0,"67":0,"68":0,"69":0,"7":0,"70":0,"71":0,"72":0,"73":0,"74":0,"75":0,"76":0,"77":0,"78":0,"79":0,"8":0,"80":0,"81":0,"82":0,"83":0,"84":0,"86":0,"87":0,"9":0,"91":0,"92":0,"95":0,"SIN EDAD DE REFERENCIA":2},"Mujeres":{"0":73,"1":7,"10":4,"11":10,"12":43,"13":105,"14":221,"15":209,"16":166,"17":120,"18":48,"19":48,"2":6,"20":34,"21":35,"22":48,"23":24,"24":25,"25":34,"26":16,"27":27,"28":20,"29":32,"3":7,"30":23,"31":19,"32":22,"33":20,"34":20,"35":20,"36":15,"37":20,"38":13,"39":14,"4":5,"40":14,"41":12,"42":14,"43":5,"44":3,"45":8,"46":7,"47":14,"48":14,"49":5,"5":3,"50":8,"51":4,"52":12,"53":1,"54":1,"55":1,"56":3,"57":1,"58":2,"59":3,"6":5,"60":4,"61":1,"62":0,"63":1,"64":1,"65":5,"66":0,"67":1,"68":2,"69":0,"7":3,"70":0,"71":0,"72":4,"73":0,"74":2,"75":3,"76":1,"77":0,"78":0,"79":2,"8":9,"80":0,"81":1,"82":0,"83":0,"84":1,"86":0,"87":1,"9":3,"91":0,"92":0,"95":0,"SIN EDAD DE REFERENCIA":485}},"por_nacionalidad":{"Hombres":{"BRASILENA":0,"CANADIENSE":1,"COLOMBIANA":0,"ECUATORIANA":0,"ESTADOUNIDENSE":18,"GUATEMALTECA":16,"HONDUREÑA":8,"MEXICANA":2335,"NICARAGUENSE":2,"SALVADORENA":2,"SE DESCONOCE":1957,"SIN NACIONALIDAD DE REFERENCIA":5,"VENEZOLANA":1},"Indeterminado":{"BRASILENA":0,"CANADIENSE":0,"COLOMBIANA":0,"ECUATORIANA":2,"ESTADOUNIDENSE":0,"GUATEMALTECA":0,"HONDUREÑA":0,"MEXICANA":2,"NICARAGUENSE":0,"SALVADORENA":0,"SE DESCONOCE":3,"SIN NACIONALIDAD DE REFERENCIA":0,"VENEZOLANA":0},"Mujeres":{"BRASILENA":1,"CANADIENSE":0,"COLOMBIANA":1,"ECUATORIANA":0,"ESTADOUNIDENSE":29,"GUATEMALTECA":8,"HONDUREÑA":0,"MEXICANA":1509,"NICARAGUENSE":0,"SALVADORENA":3,"SE DESCONOCE":665,"SIN NACIONALIDAD DE REFERENCIA":7,"VENEZOLANA":0}}}