{"totales":{"PorcentajeDesaparecidos":"21.25","PorcentajeLocalizados":"78.75","PorcentajeLocalizadosCV":"96.12","PorcentajeLocalizadosSV":"3.88","PorcentajeSoloDesaparecidos":"86.21","PorcentajeSoloNoLocalizados":"13.79","TotalDesaparecidos":"174","TotalGlobal":"819","TotalLocalizados":"645","TotalLocalizadosCV":"620","TotalLocalizadosSV":"25","TotalSoloDesaparecidos":"150","TotalSoloNoLocalizados":"24"},"espacial":{"Hombres":{"BALANCÁN":4,"CENTLA":14,"CENTRO":194,"COMALCALCO":4,"CUNDUACÁN":6,"CÁRDENAS":3,"EMILIANO ZAPATA":6,"HUIMANGUILLO":7,"JALAPA":4,"JALPA DE MÉNDEZ":2,"JONUTA":1,"MACUSPANA":25,"NACAJUCA":8,"PARAÍSO":5,"SE DESCONOCE":7,"SIN MUNICIPIO DE REFERENCIA":11,"TACOTALPA":1,"TEAPA":10,"TENOSIQUE":7},"Indeterminado":{"BALANCÁN":0,"CENTLA":0,"CENTRO":0,"COMALCALCO":0,"CUNDUACÁN":0,"CÁRDENAS":0,"EMILIANO ZAPATA":0,"HUIMANGUILLO":0,"JALAPA":0,"JALPA DE MÉNDEZ":0,"JONUTA":0,"MACUSPANA":0,"NACAJUCA":0,"PARAÍSO":0,"SE DESCONOCE":1,"SIN MUNICIPIO DE REFERENCIA":0,"TACOTALPA":0,"TEAPA":0,"TENOSIQUE":0},"Mujeres":{"BALANCÁN":5,"CENTLA":38,"CENTRO":248,"COMALCALCO":21,"CUNDUACÁN":22,"CÁRDENAS":15,"EMILIANO ZAPATA":11,"HUIMANGUILLO":14,"JALAPA":3,"JALPA DE MÉNDEZ":7,"JONUTA":2,"MACUSPANA":47,"NACAJUCA":19,"PARAÍSO":5,"SE DESCONOCE":4,"SIN MUNICIPIO DE REFERENCIA":3,"TACOTALPA":1,"TEAPA":24,"TENOSIQUE":10}},"anual":{"Hombre":{"1.CIFRA SIN  AÑO DE REFERENCIA":14,"1995":1,"1996":1,"2000":1,"2002":0,"2004":1,"2006":1,"2007":15,"2008":9,"2009":18,"2010":16,"2011":20,"2012":9,"2013":45,"2014":70,"2015":41,"2016":16,"2017":1,"2018":2,"2019":6,"2020":10,"2021":22},"Indeterminado":{"1.CIFRA SIN  AÑO DE REFERENCIA":1,"1995":0,"1996":0,"2000":0,"2002":0,"2004":0,"2006":0,"2007":0,"2008":0,"2009":0,"2010":0,"2011":0,"2012":0,"2013":0,"2014":0,"2015":0,"2016":0,"2017":0,"2018":0,"2019":0,"2020":0,"2021":0},"Mujer":{"1.CIFRA SIN  AÑO DE REFERENCIA":5,"1995":0,"1996":0,"2000":0,"2002":1,"2004":0,"2006":1,"2007":5,"2008":15,"2009":5,"2010":32,"2011":22,"2012":20,"2013":84,"2014":163,"2015":66,"2016":47,"2017":3,"2018":1,"2019":5,"2020":8,"2021":16}},"mensual_ultimo_anio":{"Hombre":{"2020-ABRIL":1,"2020-AGOSTO":0,"2020-DICIEMBRE":2,"2020-JULIO":0,"2020-MAYO":1,"2020-NOVIEMBRE":2,"2020-OCTUBRE":1,"2020-SEPTIEMBRE":1,"2021-ABRIL":10,"2021-FEBRERO":1,"2021-MARZO":2,"2021-MAYO":9},"Indeterminado":{"2020-ABRIL":0,"2020-AGOSTO":0,"2020-DICIEMBRE":0,"2020-JULIO":0,"2020-MAYO":0,"2020-NOVIEMBRE":0,"2020-OCTUBRE":0,"2020-SEPTIEMBRE":0,"2021-ABRIL":0,"2021-FEBRERO":0,"2021-MARZO":0,"2021-MAYO":0},"Mujer":{"2020-ABRIL":0,"2020-AGOSTO":2,"2020-DICIEMBRE":0,"2020-JULIO":1,"2020-MAYO":0,"2020-NOVIEMBRE":0,"2020-OCTUBRE":1,"2020-SEPTIEMBRE":0,"2021-ABRIL":13,"2021-FEBRERO":1,"2021-MARZO":1,"2021-MAYO":1}},"por_edad":{"Hombres":{"0":58,"1":2,"10":0,"11":5,"12":3,"13":4,"14":11,"15":14,"16":16,"17":17,"18":5,"19":10,"2":4,"20":7,"21":7,"22":9,"23":4,"24":2,"25":11,"26":5,"27":6,"28":8,"29":6,"3":6,"30":7,"31":0,"32":2,"33":4,"34":6,"35":9,"36":3,"37":1,"38":2,"39":4,"4":1,"40":3,"41":1,"42":7,"43":2,"44":2,"45":4,"46":1,"47":1,"48":1,"49":0,"5":3,"50":1,"52":1,"53":2,"54":1,"55":1,"56":0,"57":1,"58":3,"59":1,"6":1,"63":2,"65":1,"66":1,"67":0,"68":2,"7":1,"70":0,"71":1,"72":1,"73":3,"75":0,"76":1,"77":1,"8":2,"80":1,"88":1,"9":0,"90":1,"SIN EDAD DE REFERENCIA":4},"Indeterminado":{"0":0,"1":0,"10":0,"11":0,"12":0,"13":0,"14":0,"15":0,"16":0,"17":0,"18":0,"19":0,"2":0,"20":0,"21":0,"22":0,"23":0,"24":0,"25":0,"26":0,"27":0,"28":0,"29":0,"3":0,"30":0,"31":0,"32":0,"33":0,"34":0,"35":0,"36":0,"37":0,"38":0,"39":0,"4":0,"40":0,"41":0,"42":0,"43":0,"44":0,"45":0,"46":0,"47":0,"48":0,"49":0,"5":0,"50":0,"52":0,"53":0,"54":0,"55":0,"56":0,"57":0,"58":0,"59":0,"6":0,"63":0,"65":0,"66":0,"67":0,"68":0,"7":0,"70":0,"71":0,"72":0,"73":0,"75":0,"76":0,"77":0,"8":0,"80":0,"88":0,"9":1,"90":0,"SIN EDAD DE REFERENCIA":0},"Mujeres":{"0":61,"1":2,"10":2,"11":0,"12":14,"13":37,"14":51,"15":82,"16":49,"17":45,"18":29,"19":5,"2":1,"20":15,"21":10,"22":5,"23":8,"24":2,"25":8,"26":3,"27":6,"28":7,"29":2,"3":3,"30":8,"31":3,"32":1,"33":0,"34":1,"35":3,"36":4,"37":2,"38":1,"39":1,"4":2,"40":2,"41":0,"42":3,"43":0,"44":0,"45":1,"46":0,"47":0,"48":1,"49":2,"5":2,"50":0,"52":1,"53":0,"54":0,"55":0,"56":1,"57":0,"58":0,"59":0,"6":1,"63":0,"65":0,"66":0,"67":1,"68":0,"7":2,"70":1,"71":0,"72":0,"73":0,"75":1,"76":0,"77":0,"8":3,"80":0,"88":0,"9":2,"90":0,"SIN EDAD DE REFERENCIA":2}},"por_nacionalidad":{"Hombres":{"BRASILENA":1,"ESTADOUNIDENSE":0,"GUATEMALTECA":1,"HONDUREÑA":18,"MEXICANA":294,"SALVADORENA":3,"SE DESCONOCE":2},"Indeterminado":{"BRASILENA":0,"ESTADOUNIDENSE":0,"GUATEMALTECA":0,"HONDUREÑA":0,"MEXICANA":0,"SALVADORENA":0,"SE DESCONOCE":1},"Mujeres":{"BRASILENA":0,"ESTADOUNIDENSE":1,"GUATEMALTECA":1,"HONDUREÑA":10,"MEXICANA":484,"SALVADORENA":3,"SE DESCONOCE":0}}}