{"totales":{"PorcentajeDesaparecidos":"67.75","PorcentajeLocalizados":"32.25","PorcentajeLocalizadosCV":"91.79","PorcentajeLocalizadosSV":"8.21","PorcentajeSoloDesaparecidos":"99.14","PorcentajeSoloNoLocalizados":"0.86","TotalDesaparecidos":"11537","TotalGlobal":"17030","TotalLocalizados":"5493","TotalLocalizadosCV":"5042","TotalLocalizadosSV":"451","TotalSoloDesaparecidos":"11438","TotalSoloNoLocalizados":"99"},"espacial":{"Hombres":{"ABASOLO":62,"ALDAMA":65,"ALTAMIRA":373,"ANTIGUO MORELOS":1,"BURGOS":2,"BUSTAMANTE":3,"CAMARGO":72,"CASAS":9,"CIUDAD MADERO":293,"COATZACOALCOS":1,"CRUILLAS":6,"EL MANTE":226,"GONZÁLEZ":74,"GUERRERO":41,"GUSTAVO DÍAZ ORDAZ":49,"GÓMEZ FARÍAS":5,"GÜÉMEZ":42,"HIDALGO":58,"JAUMAVE":15,"JIMÉNEZ":65,"LLERA":36,"MAINERO":5,"MATAMOROS":2402,"MIER":118,"MIGUEL ALEMÁN":201,"MÉNDEZ":5,"NUEVO LAREDO":2115,"NUEVO MORELOS":5,"OCAMPO":6,"PADILLA":64,"PALMILLAS":1,"REYNOSA":2235,"RÍO BRAVO":166,"SAN CARLOS":7,"SAN FERNANDO":232,"SE DESCONOCE":187,"SIN MUNICIPIO DE REFERENCIA":121,"SOTO LA MARINA":81,"TAMPICO":762,"TULA":23,"VALLE HERMOSO":245,"VICTORIA":944,"VILLAGRÁN":2,"XICOTÉNCATL":199},"Indeterminado":{"ABASOLO":0,"ALDAMA":0,"ALTAMIRA":0,"ANTIGUO MORELOS":0,"BURGOS":0,"BUSTAMANTE":0,"CAMARGO":0,"CASAS":0,"CIUDAD MADERO":0,"COATZACOALCOS":0,"CRUILLAS":0,"EL MANTE":1,"GONZÁLEZ":0,"GUERRERO":0,"GUSTAVO DÍAZ ORDAZ":0,"GÓMEZ FARÍAS":0,"GÜÉMEZ":0,"HIDALGO":0,"JAUMAVE":0,"JIMÉNEZ":0,"LLERA":0,"MAINERO":0,"MATAMOROS":1,"MIER":0,"MIGUEL ALEMÁN":0,"MÉNDEZ":0,"NUEVO LAREDO":0,"NUEVO MORELOS":0,"OCAMPO":0,"PADILLA":0,"PALMILLAS":0,"REYNOSA":1,"RÍO BRAVO":0,"SAN CARLOS":0,"SAN FERNANDO":0,"SE DESCONOCE":12,"SIN MUNICIPIO DE REFERENCIA":2,"SOTO LA MARINA":0,"TAMPICO":1,"TULA":0,"VALLE HERMOSO":0,"VICTORIA":1,"VILLAGRÁN":0,"XICOTÉNCATL":0},"Mujeres":{"ABASOLO":15,"ALDAMA":22,"ALTAMIRA":221,"ANTIGUO MORELOS":2,"BURGOS":0,"BUSTAMANTE":1,"CAMARGO":16,"CASAS":5,"CIUDAD MADERO":231,"COATZACOALCOS":0,"CRUILLAS":1,"EL MANTE":107,"GONZÁLEZ":30,"GUERRERO":12,"GUSTAVO DÍAZ ORDAZ":11,"GÓMEZ FARÍAS":2,"GÜÉMEZ":16,"HIDALGO":9,"JAUMAVE":14,"JIMÉNEZ":17,"LLERA":15,"MAINERO":2,"MATAMOROS":1155,"MIER":23,"MIGUEL ALEMÁN":54,"MÉNDEZ":1,"NUEVO LAREDO":836,"NUEVO MORELOS":1,"OCAMPO":2,"PADILLA":22,"PALMILLAS":1,"REYNOSA":1052,"RÍO BRAVO":52,"SAN CARLOS":2,"SAN FERNANDO":55,"SE DESCONOCE":72,"SIN MUNICIPIO DE REFERENCIA":34,"SOTO LA MARINA":27,"TAMPICO":411,"TULA":9,"VALLE HERMOSO":82,"VICTORIA":510,"VILLAGRÁN":1,"XICOTÉNCATL":236}},"anual":{"Hombre":{"1.CIFRA SIN  AÑO DE REFERENCIA":1063,"1968":1,"1973":1,"1978":1,"1981":0,"1982":1,"1985":1,"1989":2,"1991":3,"1992":1,"1993":1,"1996":3,"1997":1,"1998":4,"1999":3,"2001":6,"2002":6,"2003":2,"2004":9,"2005":9,"2006":31,"2007":74,"2008":70,"2009":260,"2010":968,"2011":1238,"2012":1210,"2013":793,"2014":891,"2015":368,"2016":1034,"2017":1199,"2018":906,"2019":876,"2020":503,"2021":85},"Indeterminado":{"1.CIFRA SIN  AÑO DE REFERENCIA":16,"1968":0,"1973":0,"1978":0,"1981":0,"1982":0,"1985":0,"1989":0,"1991":0,"1992":0,"1993":0,"1996":0,"1997":0,"1998":0,"1999":0,"2001":0,"2002":0,"2003":0,"2004":0,"2005":0,"2006":0,"2007":0,"2008":0,"2009":0,"2010":0,"2011":0,"2012":0,"2013":0,"2014":1,"2015":0,"2016":0,"2017":0,"2018":0,"2019":2,"2020":0,"2021":0},"Mujer":{"1.CIFRA SIN  AÑO DE REFERENCIA":281,"1968":0,"1973":0,"1978":0,"1981":1,"1982":0,"1985":0,"1989":0,"1991":0,"1992":0,"1993":1,"1996":1,"1997":0,"1998":0,"1999":0,"2001":1,"2002":2,"2003":1,"2004":1,"2005":3,"2006":14,"2007":60,"2008":35,"2009":175,"2010":290,"2011":510,"2012":602,"2013":492,"2014":478,"2015":132,"2016":591,"2017":651,"2018":427,"2019":392,"2020":213,"2021":33}},"mensual_ultimo_anio":{"Hombre":{"2020-AGOSTO":32,"2020-DICIEMBRE":23,"2020-NOVIEMBRE":28,"2020-OCTUBRE":40,"2020-SEPTIEMBRE":27,"2021-ABRIL":10,"2021-ENERO":29,"2021-FEBRERO":12,"2021-JULIO":7,"2021-JUNIO":4,"2021-MARZO":16,"2021-MAYO":7},"Indeterminado":{"2020-AGOSTO":0,"2020-DICIEMBRE":0,"2020-NOVIEMBRE":0,"2020-OCTUBRE":0,"2020-SEPTIEMBRE":0,"2021-ABRIL":0,"2021-ENERO":0,"2021-FEBRERO":0,"2021-JULIO":0,"2021-JUNIO":0,"2021-MARZO":0,"2021-MAYO":0},"Mujer":{"2020-AGOSTO":14,"2020-DICIEMBRE":18,"2020-NOVIEMBRE":21,"2020-OCTUBRE":18,"2020-SEPTIEMBRE":14,"2021-ABRIL":7,"2021-ENERO":5,"2021-FEBRERO":9,"2021-JULIO":0,"2021-JUNIO":1,"2021-MARZO":9,"2021-MAYO":2}},"por_edad":{"Hombres":{"0":436,"1":46,"10":37,"11":29,"116":6,"117":17,"118":7,"119":5,"12":50,"120":3,"13":119,"14":187,"15":236,"16":273,"17":314,"18":287,"19":280,"2":32,"20":342,"21":267,"22":358,"23":352,"24":329,"25":337,"26":320,"27":362,"28":335,"29":284,"3":33,"30":338,"31":286,"32":301,"33":291,"34":254,"35":262,"36":225,"37":254,"38":220,"39":213,"4":20,"40":223,"41":194,"42":193,"43":168,"44":166,"45":157,"46":139,"47":140,"48":114,"49":92,"5":26,"50":104,"51":78,"52":75,"53":78,"54":62,"55":76,"56":77,"57":58,"58":64,"59":41,"6":23,"60":59,"61":30,"62":37,"63":29,"64":30,"65":19,"66":21,"67":30,"68":20,"69":26,"7":27,"70":23,"71":14,"72":15,"73":13,"74":13,"75":10,"76":9,"77":12,"78":13,"79":9,"8":19,"80":7,"81":5,"82":8,"83":8,"84":2,"85":8,"86":8,"87":3,"88":3,"89":3,"9":32,"90":1,"91":2,"92":3,"93":1,"94":2,"95":1,"97":2,"98":1,"SIN EDAD DE REFERENCIA":351},"Indeterminado":{"0":0,"1":0,"10":0,"11":0,"116":0,"117":0,"118":0,"119":0,"12":0,"120":0,"13":0,"14":0,"15":0,"16":0,"17":0,"18":2,"19":0,"2":0,"20":0,"21":1,"22":0,"23":0,"24":0,"25":1,"26":1,"27":1,"28":0,"29":1,"3":0,"30":0,"31":0,"32":1,"33":4,"34":0,"35":1,"36":2,"37":1,"38":0,"39":0,"4":0,"40":0,"41":1,"42":0,"43":1,"44":0,"45":0,"46":0,"47":0,"48":0,"49":0,"5":0,"50":0,"51":0,"52":0,"53":0,"54":0,"55":0,"56":0,"57":0,"58":0,"59":0,"6":0,"60":0,"61":0,"62":0,"63":0,"64":0,"65":0,"66":0,"67":0,"68":0,"69":0,"7":0,"70":0,"71":0,"72":0,"73":0,"74":0,"75":0,"76":0,"77":0,"78":0,"79":0,"8":0,"80":0,"81":0,"82":0,"83":0,"84":0,"85":0,"86":0,"87":0,"88":0,"89":0,"9":0,"90":0,"91":0,"92":0,"93":0,"94":0,"95":0,"97":0,"98":0,"SIN EDAD DE REFERENCIA":1},"Mujeres":{"0":408,"1":25,"10":15,"11":31,"116":5,"117":10,"118":4,"119":3,"12":105,"120":1,"13":254,"14":388,"15":464,"16":412,"17":309,"18":197,"19":147,"2":18,"20":129,"21":94,"22":113,"23":108,"24":95,"25":93,"26":104,"27":85,"28":100,"29":79,"3":22,"30":74,"31":64,"32":58,"33":52,"34":71,"35":56,"36":43,"37":49,"38":48,"39":45,"4":20,"40":43,"41":30,"42":35,"43":41,"44":39,"45":33,"46":30,"47":40,"48":26,"49":22,"5":26,"50":19,"51":16,"52":17,"53":12,"54":14,"55":23,"56":13,"57":13,"58":10,"59":9,"6":14,"60":10,"61":6,"62":8,"63":6,"64":4,"65":2,"66":5,"67":3,"68":8,"69":3,"7":20,"70":5,"71":1,"72":3,"73":8,"74":1,"75":4,"76":1,"77":2,"78":2,"79":3,"8":20,"80":3,"81":1,"82":0,"83":0,"84":0,"85":2,"86":4,"87":1,"88":2,"89":0,"9":21,"90":0,"91":1,"92":0,"93":1,"94":1,"95":0,"97":0,"98":0,"SIN EDAD DE REFERENCIA":302}},"por_nacionalidad":{"Hombres":{"BELICENA":1,"BRASILENA":1,"CANADIENSE":0,"COLOMBIANA":2,"CUBANA":5,"DOMINICANA":1,"ECUATORIANA":2,"ESTADOUNIDENSE":122,"GUATEMALTECA":41,"HONDUREÑA":33,"MEXICANA":9500,"NICARAGUENSE":7,"PERUANA":3,"SALVADORENA":17,"SE DESCONOCE":1348,"SIN NACIONALIDAD DE REFERENCIA":541,"VENEZOLANA":0},"Indeterminado":{"BELICENA":0,"BRASILENA":0,"CANADIENSE":0,"COLOMBIANA":0,"CUBANA":0,"DOMINICANA":0,"ECUATORIANA":9,"ESTADOUNIDENSE":0,"GUATEMALTECA":0,"HONDUREÑA":0,"MEXICANA":6,"NICARAGUENSE":0,"PERUANA":0,"SALVADORENA":0,"SE DESCONOCE":3,"SIN NACIONALIDAD DE REFERENCIA":0,"VENEZOLANA":1},"Mujeres":{"BELICENA":0,"BRASILENA":1,"CANADIENSE":1,"COLOMBIANA":0,"CUBANA":3,"DOMINICANA":0,"ECUATORIANA":1,"ESTADOUNIDENSE":52,"GUATEMALTECA":6,"HONDUREÑA":6,"MEXICANA":4268,"NICARAGUENSE":2,"PERUANA":3,"SALVADORENA":9,"SE DESCONOCE":406,"SIN NACIONALIDAD DE REFERENCIA":629,"VENEZOLANA":0}}}