{"totales":{"PorcentajeDesaparecidos":"33.77","PorcentajeLocalizados":"66.23","PorcentajeLocalizadosCV":"83.66","PorcentajeLocalizadosSV":"16.34","PorcentajeSoloDesaparecidos":"87.18","PorcentajeSoloNoLocalizados":"12.82","TotalDesaparecidos":"78","TotalGlobal":"231","TotalLocalizados":"153","TotalLocalizadosCV":"128","TotalLocalizadosSV":"25","TotalSoloDesaparecidos":"68","TotalSoloNoLocalizados":"10"},"espacial":{"Hombres":{"ACUAMANALA DE MIGUEL HIDALGO":1,"AMAXAC DE GUERRERO":2,"APETATITLÁN DE ANTONIO CARVAJAL":1,"APIZACO":15,"BENITO JUÁREZ":1,"CALPULALPAN":3,"CHIAUTEMPAN":3,"CONTLA DE JUAN CUAMATZI":3,"CUAPIAXTLA":0,"CUAXOMULCO":1,"EL CARMEN TEQUEXQUITLA":2,"HUAMANTLA":2,"HUEYOTLIPAN":1,"IXTACUIXTLA DE MARIANO MATAMOROS":1,"LA MAGDALENA TLALTELULCO":1,"NANACAMILPA DE MARIANO ARISTA":1,"NATÍVITAS":0,"PANOTLA":3,"PAPALOTLA DE XICOHTÉNCATL":2,"SAN FRANCISCO TETLANOHCAN":0,"SAN JERÓNIMO ZACUALPAN":1,"SAN PABLO DEL MONTE":7,"SANTA CATARINA AYOMETLA":0,"SANTA CRUZ TLAXCALA":1,"SANTA ISABEL XILOXOXTLA":0,"SE DESCONOCE":3,"SIN MUNICIPIO DE REFERENCIA":12,"TENANCINGO":1,"TEOLOCHOLCO":4,"TEPETITLA DE LARDIZÁBAL":2,"TETLA DE LA SOLIDARIDAD":3,"TETLATLAHUCA":1,"TLAXCALA":19,"TLAXCO":0,"TOTOLAC":3,"TZOMPANTEPEC":1,"XALOZTOC":1,"XICOHTZINCO":2,"YAUHQUEMECAN":4,"ZACATELCO":7,"ZITLALTEPEC":1},"Indeterminado":{"ACUAMANALA DE MIGUEL HIDALGO":0,"AMAXAC DE GUERRERO":0,"APETATITLÁN DE ANTONIO CARVAJAL":0,"APIZACO":0,"BENITO JUÁREZ":0,"CALPULALPAN":0,"CHIAUTEMPAN":0,"CONTLA DE JUAN CUAMATZI":0,"CUAPIAXTLA":0,"CUAXOMULCO":0,"EL CARMEN TEQUEXQUITLA":0,"HUAMANTLA":0,"HUEYOTLIPAN":0,"IXTACUIXTLA DE MARIANO MATAMOROS":0,"LA MAGDALENA TLALTELULCO":0,"NANACAMILPA DE MARIANO ARISTA":0,"NATÍVITAS":0,"PANOTLA":0,"PAPALOTLA DE XICOHTÉNCATL":0,"SAN FRANCISCO TETLANOHCAN":0,"SAN JERÓNIMO ZACUALPAN":0,"SAN PABLO DEL MONTE":0,"SANTA CATARINA AYOMETLA":0,"SANTA CRUZ TLAXCALA":0,"SANTA ISABEL XILOXOXTLA":0,"SE DESCONOCE":0,"SIN MUNICIPIO DE REFERENCIA":1,"TENANCINGO":0,"TEOLOCHOLCO":0,"TEPETITLA DE LARDIZÁBAL":0,"TETLA DE LA SOLIDARIDAD":0,"TETLATLAHUCA":0,"TLAXCALA":0,"TLAXCO":0,"TOTOLAC":0,"TZOMPANTEPEC":0,"XALOZTOC":0,"XICOHTZINCO":0,"YAUHQUEMECAN":0,"ZACATELCO":0,"ZITLALTEPEC":0},"Mujeres":{"ACUAMANALA DE MIGUEL HIDALGO":0,"AMAXAC DE GUERRERO":0,"APETATITLÁN DE ANTONIO CARVAJAL":3,"APIZACO":16,"BENITO JUÁREZ":0,"CALPULALPAN":1,"CHIAUTEMPAN":9,"CONTLA DE JUAN CUAMATZI":2,"CUAPIAXTLA":1,"CUAXOMULCO":1,"EL CARMEN TEQUEXQUITLA":0,"HUAMANTLA":3,"HUEYOTLIPAN":1,"IXTACUIXTLA DE MARIANO MATAMOROS":6,"LA MAGDALENA TLALTELULCO":0,"NANACAMILPA DE MARIANO ARISTA":2,"NATÍVITAS":1,"PANOTLA":1,"PAPALOTLA DE XICOHTÉNCATL":3,"SAN FRANCISCO TETLANOHCAN":1,"SAN JERÓNIMO ZACUALPAN":0,"SAN PABLO DEL MONTE":13,"SANTA CATARINA AYOMETLA":1,"SANTA CRUZ TLAXCALA":2,"SANTA ISABEL XILOXOXTLA":1,"SE DESCONOCE":3,"SIN MUNICIPIO DE REFERENCIA":1,"TENANCINGO":3,"TEOLOCHOLCO":4,"TEPETITLA DE LARDIZÁBAL":0,"TETLA DE LA SOLIDARIDAD":3,"TETLATLAHUCA":0,"TLAXCALA":25,"TLAXCO":2,"TOTOLAC":1,"TZOMPANTEPEC":0,"XALOZTOC":0,"XICOHTZINCO":0,"YAUHQUEMECAN":3,"ZACATELCO":0,"ZITLALTEPEC":1}},"anual":{"Hombre":{"1.CIFRA SIN  AÑO DE REFERENCIA":9,"2008":1,"2009":1,"2011":6,"2012":15,"2013":29,"2014":9,"2015":4,"2016":2,"2017":5,"2018":3,"2019":9,"2020":19,"2021":4},"Indeterminado":{"1.CIFRA SIN  AÑO DE REFERENCIA":1,"2008":0,"2009":0,"2011":0,"2012":0,"2013":0,"2014":0,"2015":0,"2016":0,"2017":0,"2018":0,"2019":0,"2020":0,"2021":0},"Mujer":{"1.CIFRA SIN  AÑO DE REFERENCIA":6,"2008":0,"2009":3,"2011":3,"2012":4,"2013":46,"2014":13,"2015":5,"2016":5,"2017":7,"2018":1,"2019":3,"2020":15,"2021":3}},"mensual_ultimo_anio":{"Hombre":{"2020-ABRIL":1,"2020-AGOSTO":5,"2020-DICIEMBRE":1,"2020-JULIO":1,"2020-JUNIO":1,"2020-MAYO":1,"2020-NOVIEMBRE":2,"2020-OCTUBRE":1,"2020-SEPTIEMBRE":1,"2021-ENERO":2,"2021-JUNIO":1,"2021-MAYO":1},"Indeterminado":{"2020-ABRIL":0,"2020-AGOSTO":0,"2020-DICIEMBRE":0,"2020-JULIO":0,"2020-JUNIO":0,"2020-MAYO":0,"2020-NOVIEMBRE":0,"2020-OCTUBRE":0,"2020-SEPTIEMBRE":0,"2021-ENERO":0,"2021-JUNIO":0,"2021-MAYO":0},"Mujer":{"2020-ABRIL":3,"2020-AGOSTO":1,"2020-DICIEMBRE":0,"2020-JULIO":0,"2020-JUNIO":2,"2020-MAYO":0,"2020-NOVIEMBRE":0,"2020-OCTUBRE":1,"2020-SEPTIEMBRE":2,"2021-ENERO":0,"2021-JUNIO":3,"2021-MAYO":0}},"por_edad":{"Hombres":{"0":0,"10":1,"11":3,"12":1,"13":2,"14":3,"15":3,"16":7,"17":4,"18":1,"19":2,"2":0,"20":1,"21":2,"22":2,"23":3,"24":3,"25":5,"26":3,"27":1,"28":3,"29":2,"30":4,"31":2,"32":2,"33":0,"34":1,"35":1,"36":1,"37":0,"38":8,"39":2,"40":0,"41":3,"43":1,"44":2,"46":1,"47":1,"49":2,"50":1,"51":2,"52":1,"53":3,"54":3,"56":1,"57":1,"60":2,"61":1,"62":1,"63":0,"68":1,"69":2,"70":1,"71":1,"77":1,"78":1,"8":1,"80":1,"83":1,"85":1,"86":1,"9":1,"91":1,"SIN EDAD DE REFERENCIA":3},"Indeterminado":{"0":0,"10":0,"11":0,"12":0,"13":0,"14":0,"15":0,"16":0,"17":0,"18":0,"19":0,"2":0,"20":0,"21":0,"22":0,"23":0,"24":0,"25":0,"26":0,"27":0,"28":0,"29":0,"30":0,"31":0,"32":0,"33":1,"34":0,"35":0,"36":0,"37":0,"38":0,"39":0,"40":0,"41":0,"43":0,"44":0,"46":0,"47":0,"49":0,"50":0,"51":0,"52":0,"53":0,"54":0,"56":0,"57":0,"60":0,"61":0,"62":0,"63":0,"68":0,"69":0,"70":0,"71":0,"77":0,"78":0,"8":0,"80":0,"83":0,"85":0,"86":0,"9":0,"91":0,"SIN EDAD DE REFERENCIA":0},"Mujeres":{"0":1,"10":0,"11":3,"12":4,"13":6,"14":6,"15":7,"16":7,"17":8,"18":5,"19":8,"2":1,"20":5,"21":1,"22":3,"23":3,"24":6,"25":3,"26":3,"27":1,"28":3,"29":1,"30":2,"31":3,"32":2,"33":4,"34":1,"35":1,"36":0,"37":3,"38":1,"39":0,"40":1,"41":0,"43":0,"44":0,"46":1,"47":0,"49":0,"50":0,"51":0,"52":1,"53":0,"54":1,"56":0,"57":0,"60":0,"61":0,"62":0,"63":1,"68":0,"69":0,"70":0,"71":0,"77":0,"78":0,"8":1,"80":0,"83":0,"85":0,"86":0,"9":1,"91":0,"SIN EDAD DE REFERENCIA":5}},"por_nacionalidad":{"Hombres":{"COLOMBIANA":2,"ESTADOUNIDENSE":0,"HONDUREÑA":1,"MEXICANA":113},"Indeterminado":{"COLOMBIANA":0,"ESTADOUNIDENSE":0,"HONDUREÑA":0,"MEXICANA":1},"Mujeres":{"COLOMBIANA":0,"ESTADOUNIDENSE":2,"HONDUREÑA":0,"MEXICANA":112}}}