{"totales":{"PorcentajeDesaparecidos":"71.30","PorcentajeLocalizados":"28.70","PorcentajeLocalizadosCV":"86.90","PorcentajeLocalizadosSV":"13.10","PorcentajeSoloDesaparecidos":"90.69","PorcentajeSoloNoLocalizados":"9.31","TotalDesaparecidos":"569","TotalGlobal":"798","TotalLocalizados":"229","TotalLocalizadosCV":"199","TotalLocalizadosSV":"30","TotalSoloDesaparecidos":"516","TotalSoloNoLocalizados":"53"},"espacial":{"Hombres":{"COMONDÚ":15,"LA PAZ":207,"LORETO":1,"LOS CABOS":187,"MULEGÉ":15,"SE DESCONOCE":9,"SIN MUNICIPIO DE REFERENCIA":148},"Indeterminado":{"COMONDÚ":0,"LA PAZ":1,"LORETO":0,"LOS CABOS":0,"MULEGÉ":0,"SE DESCONOCE":1,"SIN MUNICIPIO DE REFERENCIA":0},"Mujeres":{"COMONDÚ":4,"LA PAZ":102,"LORETO":2,"LOS CABOS":52,"MULEGÉ":9,"SE DESCONOCE":2,"SIN MUNICIPIO DE REFERENCIA":43}},"anual":{"Hombre":{"1.CIFRA SIN  AÑO DE REFERENCIA":223,"1996":1,"2003":0,"2008":2,"2009":1,"2010":2,"2011":2,"2012":6,"2013":16,"2014":4,"2015":8,"2016":26,"2017":22,"2018":35,"2019":55,"2020":128,"2021":51},"Indeterminado":{"1.CIFRA SIN  AÑO DE REFERENCIA":1,"1996":0,"2003":0,"2008":0,"2009":0,"2010":0,"2011":0,"2012":0,"2013":0,"2014":0,"2015":0,"2016":1,"2017":0,"2018":0,"2019":0,"2020":0,"2021":0},"Mujer":{"1.CIFRA SIN  AÑO DE REFERENCIA":51,"1996":0,"2003":1,"2008":0,"2009":0,"2010":1,"2011":1,"2012":0,"2013":8,"2014":0,"2015":1,"2016":7,"2017":7,"2018":17,"2019":6,"2020":63,"2021":51}},"mensual_ultimo_anio":{"Hombre":{"2020-AGOSTO":12,"2020-DICIEMBRE":9,"2020-NOVIEMBRE":14,"2020-OCTUBRE":12,"2020-SEPTIEMBRE":5,"2021-ABRIL":7,"2021-ENERO":10,"2021-FEBRERO":7,"2021-JULIO":5,"2021-JUNIO":5,"2021-MARZO":10,"2021-MAYO":7},"Indeterminado":{"2020-AGOSTO":0,"2020-DICIEMBRE":0,"2020-NOVIEMBRE":0,"2020-OCTUBRE":0,"2020-SEPTIEMBRE":0,"2021-ABRIL":0,"2021-ENERO":0,"2021-FEBRERO":0,"2021-JULIO":0,"2021-JUNIO":0,"2021-MARZO":0,"2021-MAYO":0},"Mujer":{"2020-AGOSTO":2,"2020-DICIEMBRE":5,"2020-NOVIEMBRE":9,"2020-OCTUBRE":5,"2020-SEPTIEMBRE":3,"2021-ABRIL":6,"2021-ENERO":13,"2021-FEBRERO":5,"2021-JULIO":5,"2021-JUNIO":6,"2021-MARZO":6,"2021-MAYO":10}},"por_edad":{"Hombres":{"0":1,"1":1,"12":2,"13":3,"14":4,"15":2,"16":7,"17":4,"18":5,"19":12,"20":7,"21":15,"22":19,"23":12,"24":12,"25":16,"26":21,"27":19,"28":20,"29":33,"30":36,"31":19,"32":18,"33":17,"34":19,"35":17,"36":19,"37":14,"38":14,"39":8,"40":20,"41":19,"42":11,"43":11,"44":10,"45":12,"46":8,"47":8,"48":6,"49":3,"50":5,"51":10,"52":2,"53":2,"54":4,"55":3,"56":2,"57":3,"58":3,"59":2,"6":1,"60":3,"61":4,"62":2,"63":1,"66":2,"68":1,"7":0,"74":1,"75":1,"81":2,"82":1,"83":1,"SIN EDAD DE REFERENCIA":22},"Indeterminado":{"0":0,"1":0,"12":0,"13":0,"14":0,"15":0,"16":0,"17":0,"18":0,"19":0,"20":1,"21":0,"22":0,"23":0,"24":0,"25":0,"26":0,"27":0,"28":0,"29":0,"30":0,"31":0,"32":0,"33":0,"34":0,"35":0,"36":1,"37":0,"38":0,"39":0,"40":0,"41":0,"42":0,"43":0,"44":0,"45":0,"46":0,"47":0,"48":0,"49":0,"50":0,"51":0,"52":0,"53":0,"54":0,"55":0,"56":0,"57":0,"58":0,"59":0,"6":0,"60":0,"61":0,"62":0,"63":0,"66":0,"68":0,"7":0,"74":0,"75":0,"81":0,"82":0,"83":0,"SIN EDAD DE REFERENCIA":0},"Mujeres":{"0":1,"1":0,"12":4,"13":6,"14":11,"15":14,"16":9,"17":17,"18":7,"19":3,"20":9,"21":6,"22":4,"23":5,"24":7,"25":9,"26":7,"27":6,"28":8,"29":6,"30":5,"31":1,"32":5,"33":3,"34":4,"35":3,"36":5,"37":4,"38":1,"39":5,"40":6,"41":1,"42":5,"43":1,"44":1,"45":2,"46":0,"47":2,"48":1,"49":0,"50":0,"51":0,"52":0,"53":0,"54":0,"55":2,"56":1,"57":1,"58":0,"59":0,"6":0,"60":1,"61":1,"62":0,"63":0,"66":0,"68":0,"7":2,"74":0,"75":0,"81":0,"82":0,"83":0,"SIN EDAD DE REFERENCIA":12}},"por_nacionalidad":{"Hombres":{"ARGENTINA":3,"COLOMBIANA":2,"ESTADOUNIDENSE":1,"HONDUREÑA":1,"MARROQUI":1,"MEXICANA":571,"SE DESCONOCE":3,"SIN NACIONALIDAD DE REFERENCIA":0,"VENEZOLANA":0},"Indeterminado":{"ARGENTINA":0,"COLOMBIANA":0,"ESTADOUNIDENSE":0,"HONDUREÑA":0,"MARROQUI":0,"MEXICANA":1,"SE DESCONOCE":1,"SIN NACIONALIDAD DE REFERENCIA":0,"VENEZOLANA":0},"Mujeres":{"ARGENTINA":0,"COLOMBIANA":0,"ESTADOUNIDENSE":2,"HONDUREÑA":0,"MARROQUI":0,"MEXICANA":208,"SE DESCONOCE":2,"SIN NACIONALIDAD DE REFERENCIA":1,"VENEZOLANA":1}}}