{"totales":{"PorcentajeDesaparecidos":"78.42","PorcentajeLocalizados":"21.58","PorcentajeLocalizadosCV":"90.27","PorcentajeLocalizadosSV":"9.73","PorcentajeSoloDesaparecidos":"99.70","PorcentajeSoloNoLocalizados":"0.30","TotalDesaparecidos":"5341","TotalGlobal":"6811","TotalLocalizados":"1470","TotalLocalizadosCV":"1327","TotalLocalizadosSV":"143","TotalSoloDesaparecidos":"5325","TotalSoloNoLocalizados":"16"},"espacial":{"Hombres":{"ACAJETE":1,"ACATLÁN":2,"ACAYUCAN":12,"ACTOPAN":24,"ACULA":1,"ACULTZINGO":8,"AGUA DULCE":19,"ALPATLÁHUAC":10,"ALTO LUCERO DE GUTIÉRREZ BARRIOS":12,"ALTOTONGA":11,"ALVARADO":23,"AMATITLÁN":4,"AMATLÁN DE LOS REYES":18,"ANGEL R. CABADA":9,"ATOYAC":17,"ATZACAN":2,"ATZALAN":8,"AYAHUALULCO":0,"BANDERILLA":13,"BENITO JUÁREZ":3,"BOCA DEL RÍO":74,"CALCAHUALCO":0,"CAMARÓN DE TEJEDA":6,"CAMERINO Z. MENDOZA":39,"CARLOS A. CARRILLO":9,"CARRILLO PUERTO":3,"CASTILLO DE TEAYO":1,"CATEMACO":8,"CAZONES":4,"CERRO AZUL":9,"CHACALTIANGUIS":4,"CHALMA":1,"CHICONTEPEC":4,"CHINAMECA":3,"CHINAMPA DE GOROSTIZA":2,"CHOCAMÁN":3,"CHONTLA":0,"CHUMATLÁN":1,"COACOATZINTLA":8,"COATEPEC":30,"COATZACOALCOS":146,"COATZINTLA":20,"COLIPA":3,"COMAPA":3,"COSAMALOAPAN DE CARPIO":68,"COSAUTLÁN DE CARVAJAL":2,"COSCOMATEPEC":9,"COSOLEACAQUE":22,"COTAXTLA":5,"COXQUIHUI":1,"COYUTLA":0,"CUICHAPA":5,"CUITLÁHUAC":22,"CÓRDOBA":178,"EL HIGO":2,"EMILIANO ZAPATA":20,"ESPINAL":2,"FILOMENO MATA":1,"FORTÍN":32,"GUTIÉRREZ ZAMORA":8,"HIDALGOTITLÁN":1,"HUATUSCO":22,"HUAYACOCOTLA":3,"HUEYAPAN DE OCAMPO":1,"HUILOAPAN":3,"IGNACIO DE LA LLAVE":2,"ISLA":50,"IXCATEPEC":1,"IXHUACÁN DE LOS REYES":2,"IXHUATLANCILLO":10,"IXHUATLÁN DE MADERO":3,"IXHUATLÁN DEL CAFÉ":4,"IXTACZOQUITLÁN":39,"JALACINGO":5,"JALCOMULCO":2,"JAMAPA":4,"JESÚS CARRANZA":4,"JILOTEPEC":3,"JOSÉ AZUETA":10,"JUAN RODRÍGUEZ CLARA":21,"JUCHIQUE DE FERRER":3,"JÁLTIPAN":2,"LA ANTIGUA":42,"LA PERLA":4,"LANDERO Y COSS":1,"LAS CHOAPAS":18,"LAS VIGAS DE RAMÍREZ":9,"LERDO DE TEJADA":2,"MALTRATA":4,"MANLIO FABIO ALTAMIRANO":2,"MARIANO ESCOBEDO":16,"MARTÍNEZ DE LA TORRE":17,"MECATLÁN":1,"MEDELLÍN":23,"MIAHUATLÁN":2,"MINATITLÁN":25,"MISANTLA":12,"MIXTLA DE ALTAMIRANO":1,"MOLOACÁN":5,"NANCHITAL DE LÁZARO CÁRDENAS DEL RÍO":8,"NAOLINCO":2,"NARANJAL":1,"NARANJOS AMATLÁN":5,"NAUTLA":3,"NOGALES":36,"OLUTA":0,"OMEALCA":21,"ORIZABA":132,"OTATITLÁN":2,"OTEAPAN":5,"OZULUAMA DE MASCAREÑAS":11,"PAPANTLA":46,"PASO DE OVEJAS":13,"PASO DEL MACHO":13,"PEROTE":21,"PLATÓN SÁNCHEZ":2,"PLAYA VICENTE":26,"POZA RICA DE HIDALGO":141,"PUEBLO VIEJO":42,"PUENTE NACIONAL":1,"PÁNUCO":83,"RAFAEL DELGADO":4,"RAFAEL LUCIO":2,"RÍO BLANCO":24,"SAN ANDRÉS TUXTLA":15,"SAN JUAN EVANGELISTA":1,"SAN RAFAEL":0,"SANTIAGO SOCHIAPAN":2,"SANTIAGO TUXTLA":7,"SAYULA DE ALEMÁN":3,"SE DESCONOCE":1159,"SIN MUNICIPIO DE REFERENCIA":136,"SOCHIAPA":2,"SOCONUSCO":3,"SOLEDAD DE DOBLADO":5,"SOTEAPAN":1,"TAMIAHUA":1,"TAMPICO ALTO":11,"TANTIMA":2,"TANTOYUCA":19,"TECOLUTLA":4,"TEHUIPANGO":0,"TEMAPACHE":42,"TEMPOAL":3,"TENAMPA":0,"TENOCHTITLÁN":1,"TEOCELO":1,"TEPATLAXCO":2,"TEPETLÁN":0,"TEPETZINTLA":3,"TEQUILA":1,"TEXHUACÁN":1,"TEXISTEPEC":0,"TEZONAPA":23,"TIERRA BLANCA":66,"TIHUATLÁN":31,"TLACHICHILCO":1,"TLACOJALPAN":1,"TLACOLULAN":1,"TLACOTALPAN":3,"TLACOTEPEC DE MEJÍA":0,"TLALIXCOYAN":10,"TLALNELHUAYOCAN":3,"TLALTETELA":1,"TLAPACOYAN":16,"TLAQUILPA":4,"TOMATLÁN":1,"TOTUTLA":3,"TRES VALLES":24,"TUXTILLA":4,"TÚXPAM":54,"URSULO GALVÁN":10,"UXPANAPA":3,"VEGA DE ALATORRE":13,"VERACRUZ":613,"VILLA ALDAMA":7,"XALAPA":401,"XICO":4,"XOXOCOTLA":1,"YANGA":8,"YECUATLA":0,"ZACUALPAN":2,"ZARAGOZA":1,"ZONGOLICA":4,"ZOZOCOLCO DE HIDALGO":3},"Indeterminado":{"ACAJETE":0,"ACATLÁN":0,"ACAYUCAN":0,"ACTOPAN":0,"ACULA":0,"ACULTZINGO":0,"AGUA DULCE":0,"ALPATLÁHUAC":0,"ALTO LUCERO DE GUTIÉRREZ BARRIOS":0,"ALTOTONGA":0,"ALVARADO":0,"AMATITLÁN":0,"AMATLÁN DE LOS REYES":0,"ANGEL R. CABADA":0,"ATOYAC":0,"ATZACAN":0,"ATZALAN":0,"AYAHUALULCO":0,"BANDERILLA":0,"BENITO JUÁREZ":0,"BOCA DEL RÍO":0,"CALCAHUALCO":0,"CAMARÓN DE TEJEDA":0,"CAMERINO Z. MENDOZA":0,"CARLOS A. CARRILLO":0,"CARRILLO PUERTO":0,"CASTILLO DE TEAYO":0,"CATEMACO":0,"CAZONES":0,"CERRO AZUL":0,"CHACALTIANGUIS":0,"CHALMA":0,"CHICONTEPEC":0,"CHINAMECA":0,"CHINAMPA DE GOROSTIZA":0,"CHOCAMÁN":0,"CHONTLA":0,"CHUMATLÁN":0,"COACOATZINTLA":0,"COATEPEC":0,"COATZACOALCOS":1,"COATZINTLA":0,"COLIPA":0,"COMAPA":0,"COSAMALOAPAN DE CARPIO":0,"COSAUTLÁN DE CARVAJAL":0,"COSCOMATEPEC":0,"COSOLEACAQUE":0,"COTAXTLA":0,"COXQUIHUI":0,"COYUTLA":0,"CUICHAPA":0,"CUITLÁHUAC":0,"CÓRDOBA":0,"EL HIGO":0,"EMILIANO ZAPATA":0,"ESPINAL":0,"FILOMENO MATA":0,"FORTÍN":0,"GUTIÉRREZ ZAMORA":0,"HIDALGOTITLÁN":0,"HUATUSCO":0,"HUAYACOCOTLA":0,"HUEYAPAN DE OCAMPO":0,"HUILOAPAN":0,"IGNACIO DE LA LLAVE":0,"ISLA":0,"IXCATEPEC":0,"IXHUACÁN DE LOS REYES":0,"IXHUATLANCILLO":0,"IXHUATLÁN DE MADERO":0,"IXHUATLÁN DEL CAFÉ":0,"IXTACZOQUITLÁN":0,"JALACINGO":0,"JALCOMULCO":0,"JAMAPA":0,"JESÚS CARRANZA":0,"JILOTEPEC":0,"JOSÉ AZUETA":0,"JUAN RODRÍGUEZ CLARA":0,"JUCHIQUE DE FERRER":0,"JÁLTIPAN":0,"LA ANTIGUA":0,"LA PERLA":0,"LANDERO Y COSS":0,"LAS CHOAPAS":0,"LAS VIGAS DE RAMÍREZ":0,"LERDO DE TEJADA":0,"MALTRATA":0,"MANLIO FABIO ALTAMIRANO":0,"MARIANO ESCOBEDO":0,"MARTÍNEZ DE LA TORRE":0,"MECATLÁN":0,"MEDELLÍN":0,"MIAHUATLÁN":0,"MINATITLÁN":0,"MISANTLA":0,"MIXTLA DE ALTAMIRANO":0,"MOLOACÁN":0,"NANCHITAL DE LÁZARO CÁRDENAS DEL RÍO":0,"NAOLINCO":0,"NARANJAL":0,"NARANJOS AMATLÁN":0,"NAUTLA":0,"NOGALES":0,"OLUTA":0,"OMEALCA":0,"ORIZABA":0,"OTATITLÁN":0,"OTEAPAN":0,"OZULUAMA DE MASCAREÑAS":0,"PAPANTLA":0,"PASO DE OVEJAS":0,"PASO DEL MACHO":0,"PEROTE":0,"PLATÓN SÁNCHEZ":0,"PLAYA VICENTE":0,"POZA RICA DE HIDALGO":0,"PUEBLO VIEJO":0,"PUENTE NACIONAL":0,"PÁNUCO":0,"RAFAEL DELGADO":0,"RAFAEL LUCIO":0,"RÍO BLANCO":0,"SAN ANDRÉS TUXTLA":0,"SAN JUAN EVANGELISTA":0,"SAN RAFAEL":0,"SANTIAGO SOCHIAPAN":0,"SANTIAGO TUXTLA":0,"SAYULA DE ALEMÁN":0,"SE DESCONOCE":8,"SIN MUNICIPIO DE REFERENCIA":1,"SOCHIAPA":0,"SOCONUSCO":0,"SOLEDAD DE DOBLADO":0,"SOTEAPAN":0,"TAMIAHUA":0,"TAMPICO ALTO":0,"TANTIMA":0,"TANTOYUCA":0,"TECOLUTLA":0,"TEHUIPANGO":0,"TEMAPACHE":0,"TEMPOAL":0,"TENAMPA":0,"TENOCHTITLÁN":0,"TEOCELO":0,"TEPATLAXCO":0,"TEPETLÁN":0,"TEPETZINTLA":0,"TEQUILA":0,"TEXHUACÁN":0,"TEXISTEPEC":0,"TEZONAPA":0,"TIERRA BLANCA":0,"TIHUATLÁN":0,"TLACHICHILCO":0,"TLACOJALPAN":0,"TLACOLULAN":0,"TLACOTALPAN":0,"TLACOTEPEC DE MEJÍA":0,"TLALIXCOYAN":0,"TLALNELHUAYOCAN":0,"TLALTETELA":0,"TLAPACOYAN":0,"TLAQUILPA":0,"TOMATLÁN":0,"TOTUTLA":0,"TRES VALLES":0,"TUXTILLA":0,"TÚXPAM":0,"URSULO GALVÁN":0,"UXPANAPA":0,"VEGA DE ALATORRE":0,"VERACRUZ":7,"VILLA ALDAMA":0,"XALAPA":0,"XICO":0,"XOXOCOTLA":0,"YANGA":0,"YECUATLA":0,"ZACUALPAN":0,"ZARAGOZA":0,"ZONGOLICA":0,"ZOZOCOLCO DE HIDALGO":0},"Mujeres":{"ACAJETE":2,"ACATLÁN":0,"ACAYUCAN":7,"ACTOPAN":18,"ACULA":1,"ACULTZINGO":2,"AGUA DULCE":3,"ALPATLÁHUAC":2,"ALTO LUCERO DE GUTIÉRREZ BARRIOS":3,"ALTOTONGA":6,"ALVARADO":4,"AMATITLÁN":0,"AMATLÁN DE LOS REYES":11,"ANGEL R. CABADA":1,"ATOYAC":10,"ATZACAN":1,"ATZALAN":5,"AYAHUALULCO":1,"BANDERILLA":11,"BENITO JUÁREZ":0,"BOCA DEL RÍO":30,"CALCAHUALCO":1,"CAMARÓN DE TEJEDA":2,"CAMERINO Z. MENDOZA":20,"CARLOS A. CARRILLO":6,"CARRILLO PUERTO":1,"CASTILLO DE TEAYO":0,"CATEMACO":5,"CAZONES":2,"CERRO AZUL":5,"CHACALTIANGUIS":3,"CHALMA":1,"CHICONTEPEC":0,"CHINAMECA":0,"CHINAMPA DE GOROSTIZA":0,"CHOCAMÁN":1,"CHONTLA":2,"CHUMATLÁN":1,"COACOATZINTLA":2,"COATEPEC":23,"COATZACOALCOS":80,"COATZINTLA":5,"COLIPA":1,"COMAPA":1,"COSAMALOAPAN DE CARPIO":18,"COSAUTLÁN DE CARVAJAL":0,"COSCOMATEPEC":4,"COSOLEACAQUE":9,"COTAXTLA":2,"COXQUIHUI":1,"COYUTLA":2,"CUICHAPA":2,"CUITLÁHUAC":6,"CÓRDOBA":81,"EL HIGO":1,"EMILIANO ZAPATA":13,"ESPINAL":2,"FILOMENO MATA":0,"FORTÍN":18,"GUTIÉRREZ ZAMORA":9,"HIDALGOTITLÁN":0,"HUATUSCO":8,"HUAYACOCOTLA":1,"HUEYAPAN DE OCAMPO":1,"HUILOAPAN":1,"IGNACIO DE LA LLAVE":2,"ISLA":18,"IXCATEPEC":2,"IXHUACÁN DE LOS REYES":1,"IXHUATLANCILLO":6,"IXHUATLÁN DE MADERO":0,"IXHUATLÁN DEL CAFÉ":1,"IXTACZOQUITLÁN":9,"JALACINGO":4,"JALCOMULCO":0,"JAMAPA":0,"JESÚS CARRANZA":16,"JILOTEPEC":2,"JOSÉ AZUETA":3,"JUAN RODRÍGUEZ CLARA":6,"JUCHIQUE DE FERRER":1,"JÁLTIPAN":4,"LA ANTIGUA":6,"LA PERLA":0,"LANDERO Y COSS":0,"LAS CHOAPAS":11,"LAS VIGAS DE RAMÍREZ":1,"LERDO DE TEJADA":0,"MALTRATA":0,"MANLIO FABIO ALTAMIRANO":1,"MARIANO ESCOBEDO":4,"MARTÍNEZ DE LA TORRE":14,"MECATLÁN":0,"MEDELLÍN":11,"MIAHUATLÁN":1,"MINATITLÁN":7,"MISANTLA":10,"MIXTLA DE ALTAMIRANO":0,"MOLOACÁN":1,"NANCHITAL DE LÁZARO CÁRDENAS DEL RÍO":4,"NAOLINCO":3,"NARANJAL":0,"NARANJOS AMATLÁN":3,"NAUTLA":0,"NOGALES":8,"OLUTA":1,"OMEALCA":5,"ORIZABA":37,"OTATITLÁN":2,"OTEAPAN":0,"OZULUAMA DE MASCAREÑAS":1,"PAPANTLA":18,"PASO DE OVEJAS":3,"PASO DEL MACHO":3,"PEROTE":22,"PLATÓN SÁNCHEZ":1,"PLAYA VICENTE":3,"POZA RICA DE HIDALGO":66,"PUEBLO VIEJO":17,"PUENTE NACIONAL":2,"PÁNUCO":18,"RAFAEL DELGADO":3,"RAFAEL LUCIO":2,"RÍO BLANCO":9,"SAN ANDRÉS TUXTLA":15,"SAN JUAN EVANGELISTA":0,"SAN RAFAEL":6,"SANTIAGO SOCHIAPAN":0,"SANTIAGO TUXTLA":2,"SAYULA DE ALEMÁN":2,"SE DESCONOCE":430,"SIN MUNICIPIO DE REFERENCIA":47,"SOCHIAPA":0,"SOCONUSCO":0,"SOLEDAD DE DOBLADO":2,"SOTEAPAN":1,"TAMIAHUA":0,"TAMPICO ALTO":2,"TANTIMA":0,"TANTOYUCA":15,"TECOLUTLA":3,"TEHUIPANGO":2,"TEMAPACHE":20,"TEMPOAL":9,"TENAMPA":1,"TENOCHTITLÁN":0,"TEOCELO":1,"TEPATLAXCO":0,"TEPETLÁN":1,"TEPETZINTLA":2,"TEQUILA":0,"TEXHUACÁN":0,"TEXISTEPEC":1,"TEZONAPA":4,"TIERRA BLANCA":14,"TIHUATLÁN":9,"TLACHICHILCO":0,"TLACOJALPAN":1,"TLACOLULAN":2,"TLACOTALPAN":0,"TLACOTEPEC DE MEJÍA":2,"TLALIXCOYAN":4,"TLALNELHUAYOCAN":5,"TLALTETELA":1,"TLAPACOYAN":10,"TLAQUILPA":0,"TOMATLÁN":1,"TOTUTLA":1,"TRES VALLES":6,"TUXTILLA":0,"TÚXPAM":40,"URSULO GALVÁN":3,"UXPANAPA":1,"VEGA DE ALATORRE":2,"VERACRUZ":315,"VILLA ALDAMA":0,"XALAPA":253,"XICO":3,"XOXOCOTLA":0,"YANGA":2,"YECUATLA":1,"ZACUALPAN":0,"ZARAGOZA":1,"ZONGOLICA":0,"ZOZOCOLCO DE HIDALGO":0}},"anual":{"Hombre":{"1.CIFRA SIN  AÑO DE REFERENCIA":1547,"1976":1,"1978":0,"1980":1,"1984":1,"1996":1,"1998":2,"2001":2,"2002":1,"2003":2,"2004":2,"2005":4,"2006":1,"2007":12,"2008":18,"2009":23,"2010":95,"2011":327,"2012":271,"2013":372,"2014":528,"2015":218,"2016":189,"2017":273,"2018":389,"2019":351,"2020":63,"2021":25},"Indeterminado":{"1.CIFRA SIN  AÑO DE REFERENCIA":14,"1976":0,"1978":1,"1980":0,"1984":0,"1996":0,"1998":0,"2001":0,"2002":0,"2003":0,"2004":0,"2005":0,"2006":0,"2007":0,"2008":0,"2009":0,"2010":0,"2011":1,"2012":0,"2013":0,"2014":0,"2015":1,"2016":0,"2017":0,"2018":0,"2019":0,"2020":0,"2021":0},"Mujer":{"1.CIFRA SIN  AÑO DE REFERENCIA":712,"1976":0,"1978":0,"1980":0,"1984":0,"1996":0,"1998":0,"2001":0,"2002":0,"2003":4,"2004":1,"2005":2,"2006":10,"2007":11,"2008":14,"2009":14,"2010":33,"2011":159,"2012":98,"2013":122,"2014":267,"2015":35,"2016":50,"2017":80,"2018":202,"2019":227,"2020":28,"2021":6}},"mensual_ultimo_anio":{"Hombre":{"2020-AGOSTO":4,"2020-DICIEMBRE":8,"2020-JULIO":9,"2020-NOVIEMBRE":2,"2020-OCTUBRE":5,"2020-SEPTIEMBRE":5,"2021-ABRIL":2,"2021-ENERO":3,"2021-FEBRERO":6,"2021-JUNIO":1,"2021-MARZO":9,"2021-MAYO":4},"Indeterminado":{"2020-AGOSTO":0,"2020-DICIEMBRE":0,"2020-JULIO":0,"2020-NOVIEMBRE":0,"2020-OCTUBRE":0,"2020-SEPTIEMBRE":0,"2021-ABRIL":0,"2021-ENERO":0,"2021-FEBRERO":0,"2021-JUNIO":0,"2021-MARZO":0,"2021-MAYO":0},"Mujer":{"2020-AGOSTO":4,"2020-DICIEMBRE":4,"2020-JULIO":2,"2020-NOVIEMBRE":0,"2020-OCTUBRE":2,"2020-SEPTIEMBRE":2,"2021-ABRIL":3,"2021-ENERO":0,"2021-FEBRERO":1,"2021-JUNIO":1,"2021-MARZO":0,"2021-MAYO":1}},"por_edad":{"Hombres":{"0":9,"1":11,"10":9,"11":12,"12":12,"13":33,"14":45,"15":63,"16":65,"17":88,"18":104,"19":100,"2":9,"20":90,"21":121,"22":108,"23":117,"24":118,"25":136,"26":124,"27":116,"28":126,"29":89,"3":9,"30":135,"31":96,"32":102,"33":76,"34":84,"35":91,"36":76,"37":77,"38":75,"39":71,"4":9,"40":66,"41":54,"42":59,"43":65,"44":42,"45":55,"46":32,"47":40,"48":33,"49":39,"5":7,"50":32,"51":32,"52":27,"53":25,"54":29,"55":25,"56":23,"57":16,"58":10,"59":16,"6":6,"60":18,"61":22,"62":16,"63":10,"64":14,"65":6,"66":9,"67":4,"68":7,"69":5,"7":4,"70":2,"71":5,"72":4,"73":9,"74":8,"75":9,"76":3,"77":7,"78":5,"79":9,"8":4,"80":6,"81":4,"82":2,"83":3,"84":1,"85":3,"86":3,"87":1,"88":0,"89":1,"9":0,"90":2,"91":1,"92":1,"95":1,"96":0,"98":1,"99":1,"SIN EDAD DE REFERENCIA":1169},"Indeterminado":{"0":0,"1":0,"10":0,"11":0,"12":0,"13":0,"14":0,"15":0,"16":0,"17":0,"18":0,"19":0,"2":0,"20":1,"21":0,"22":1,"23":0,"24":0,"25":0,"26":0,"27":0,"28":0,"29":0,"3":0,"30":0,"31":0,"32":1,"33":0,"34":0,"35":0,"36":0,"37":0,"38":0,"39":1,"4":0,"40":1,"41":0,"42":0,"43":0,"44":0,"45":0,"46":0,"47":0,"48":0,"49":0,"5":0,"50":0,"51":0,"52":0,"53":0,"54":0,"55":0,"56":0,"57":0,"58":0,"59":0,"6":0,"60":0,"61":0,"62":0,"63":0,"64":0,"65":0,"66":0,"67":0,"68":0,"69":0,"7":0,"70":0,"71":0,"72":0,"73":0,"74":0,"75":0,"76":0,"77":0,"78":0,"79":0,"8":0,"80":0,"81":0,"82":0,"83":0,"84":0,"85":0,"86":0,"87":0,"88":0,"89":0,"9":0,"90":0,"91":0,"92":0,"95":0,"96":0,"98":0,"99":0,"SIN EDAD DE REFERENCIA":12},"Mujeres":{"0":69,"1":10,"10":8,"11":21,"12":29,"13":90,"14":115,"15":156,"16":159,"17":113,"18":79,"19":67,"2":13,"20":63,"21":53,"22":57,"23":37,"24":53,"25":54,"26":52,"27":32,"28":33,"29":20,"3":4,"30":40,"31":32,"32":23,"33":15,"34":17,"35":24,"36":17,"37":16,"38":18,"39":12,"4":10,"40":16,"41":8,"42":14,"43":11,"44":14,"45":14,"46":16,"47":10,"48":9,"49":5,"5":8,"50":4,"51":8,"52":6,"53":6,"54":7,"55":7,"56":4,"57":3,"58":10,"59":3,"6":8,"60":3,"61":0,"62":5,"63":0,"64":3,"65":3,"66":2,"67":3,"68":1,"69":1,"7":2,"70":3,"71":2,"72":2,"73":1,"74":2,"75":1,"76":1,"77":1,"78":2,"79":2,"8":9,"80":1,"81":0,"82":1,"83":2,"84":0,"85":0,"86":0,"87":0,"88":1,"89":0,"9":2,"90":1,"91":0,"92":1,"95":0,"96":1,"98":0,"99":0,"SIN EDAD DE REFERENCIA":214}},"por_nacionalidad":{"Hombres":{"ARGENTINA":3,"CANADIENSE":5,"COLOMBIANA":7,"ESTADOUNIDENSE":3,"HINDU":1,"HONDUREÑA":8,"ITALIANA":1,"MEXICANA":2475,"NICARAGUENSE":1,"PERUANA":0,"SALVADORENA":2,"SE DESCONOCE":2213,"SIN NACIONALIDAD DE REFERENCIA":0},"Indeterminado":{"ARGENTINA":0,"CANADIENSE":0,"COLOMBIANA":0,"ESTADOUNIDENSE":0,"HINDU":0,"HONDUREÑA":0,"ITALIANA":0,"MEXICANA":3,"NICARAGUENSE":0,"PERUANA":0,"SALVADORENA":0,"SE DESCONOCE":14,"SIN NACIONALIDAD DE REFERENCIA":0},"Mujeres":{"ARGENTINA":0,"CANADIENSE":2,"COLOMBIANA":1,"ESTADOUNIDENSE":1,"HINDU":0,"HONDUREÑA":2,"ITALIANA":0,"MEXICANA":1124,"NICARAGUENSE":0,"PERUANA":1,"SALVADORENA":2,"SE DESCONOCE":941,"SIN NACIONALIDAD DE REFERENCIA":1}}}