{"totales":{"PorcentajeDesaparecidos":"7.85","PorcentajeLocalizados":"92.15","PorcentajeLocalizadosCV":"97.25","PorcentajeLocalizadosSV":"2.75","PorcentajeSoloDesaparecidos":"74.44","PorcentajeSoloNoLocalizados":"25.56","TotalDesaparecidos":"536","TotalGlobal":"6832","TotalLocalizados":"6296","TotalLocalizadosCV":"6123","TotalLocalizadosSV":"173","TotalSoloDesaparecidos":"399","TotalSoloNoLocalizados":"137"},"espacial":{"Hombres":{"ABALÁ":2,"ACANCEH":3,"AKIL":1,"BACA":1,"BOKOBÁ":4,"BUCTZOTZ":1,"CACALCHÉN":1,"CALOTMUL":0,"CANSAHCAB":0,"CANTAMAYEC":1,"CELESTÚN":2,"CENOTILLO":0,"CHACSINKÍN":0,"CHEMAX":5,"CHICHIMILÁ":1,"CHICXULUB PUEBLO":1,"CONKAL":1,"CUZAMÁ":0,"DZEMUL":0,"DZIDZANTÚN":0,"DZILAM GONZÁLEZ":1,"DZITÁS":2,"ESPITA":0,"HALACHÓ":5,"HOCABÁ":3,"HOMÚN":2,"HUHÍ":0,"HUNUCMÁ":28,"IXIL":1,"IZAMAL":21,"KANASÍN":184,"KANTUNIL":1,"KINCHIL":1,"MANÍ":0,"MAXCANÚ":20,"MOTUL":38,"MUNA":0,"MUXUPIP":1,"MÉRIDA":1920,"OXKUTZCAB":3,"PANABÁ":0,"PETO":1,"PROGRESO":102,"QUINTANA ROO":1,"RÍO LAGARTOS":2,"SAMAHIL":1,"SANTA ELENA":0,"SE DESCONOCE":8,"SEYÉ":2,"SIN MUNICIPIO DE REFERENCIA":13,"SOTUTA":0,"SUCILÁ":0,"SUDZAL":0,"TECOH":3,"TEKAX":32,"TEKIT":2,"TELCHAC PUEBLO":0,"TELCHAC PUERTO":1,"TEMOZÓN":5,"TEPAKÁN":0,"TETIZ":2,"TEYA":0,"TICUL":24,"TIMUCUY":2,"TINUM":2,"TIXCACALCUPUL":1,"TIXKOKOB":2,"TIXMEHUAC":0,"TIXPÉHUAL":1,"TIZIMÍN":43,"TUNKÁS":0,"TZUCACAB":1,"UCÚ":0,"UMÁN":51,"VALLADOLID":63,"XOCCHEL":1,"YAXCABÁ":1,"YAXKUKUL":0},"Indeterminado":{"ABALÁ":0,"ACANCEH":0,"AKIL":0,"BACA":0,"BOKOBÁ":0,"BUCTZOTZ":0,"CACALCHÉN":0,"CALOTMUL":0,"CANSAHCAB":0,"CANTAMAYEC":0,"CELESTÚN":0,"CENOTILLO":0,"CHACSINKÍN":0,"CHEMAX":0,"CHICHIMILÁ":0,"CHICXULUB PUEBLO":0,"CONKAL":0,"CUZAMÁ":0,"DZEMUL":0,"DZIDZANTÚN":0,"DZILAM GONZÁLEZ":0,"DZITÁS":0,"ESPITA":0,"HALACHÓ":0,"HOCABÁ":0,"HOMÚN":0,"HUHÍ":0,"HUNUCMÁ":0,"IXIL":0,"IZAMAL":0,"KANASÍN":0,"KANTUNIL":0,"KINCHIL":0,"MANÍ":0,"MAXCANÚ":0,"MOTUL":0,"MUNA":0,"MUXUPIP":0,"MÉRIDA":0,"OXKUTZCAB":0,"PANABÁ":0,"PETO":0,"PROGRESO":0,"QUINTANA ROO":0,"RÍO LAGARTOS":0,"SAMAHIL":0,"SANTA ELENA":0,"SE DESCONOCE":1,"SEYÉ":0,"SIN MUNICIPIO DE REFERENCIA":0,"SOTUTA":0,"SUCILÁ":0,"SUDZAL":0,"TECOH":0,"TEKAX":0,"TEKIT":0,"TELCHAC PUEBLO":0,"TELCHAC PUERTO":0,"TEMOZÓN":0,"TEPAKÁN":0,"TETIZ":0,"TEYA":0,"TICUL":0,"TIMUCUY":0,"TINUM":0,"TIXCACALCUPUL":0,"TIXKOKOB":0,"TIXMEHUAC":0,"TIXPÉHUAL":0,"TIZIMÍN":0,"TUNKÁS":0,"TZUCACAB":0,"UCÚ":0,"UMÁN":0,"VALLADOLID":0,"XOCCHEL":0,"YAXCABÁ":0,"YAXKUKUL":0},"Mujeres":{"ABALÁ":2,"ACANCEH":6,"AKIL":4,"BACA":2,"BOKOBÁ":0,"BUCTZOTZ":1,"CACALCHÉN":0,"CALOTMUL":2,"CANSAHCAB":3,"CANTAMAYEC":0,"CELESTÚN":2,"CENOTILLO":1,"CHACSINKÍN":1,"CHEMAX":7,"CHICHIMILÁ":0,"CHICXULUB PUEBLO":0,"CONKAL":1,"CUZAMÁ":1,"DZEMUL":2,"DZIDZANTÚN":1,"DZILAM GONZÁLEZ":3,"DZITÁS":0,"ESPITA":2,"HALACHÓ":6,"HOCABÁ":0,"HOMÚN":1,"HUHÍ":3,"HUNUCMÁ":49,"IXIL":0,"IZAMAL":56,"KANASÍN":364,"KANTUNIL":2,"KINCHIL":2,"MANÍ":2,"MAXCANÚ":45,"MOTUL":88,"MUNA":3,"MUXUPIP":0,"MÉRIDA":2776,"OXKUTZCAB":6,"PANABÁ":3,"PETO":4,"PROGRESO":155,"QUINTANA ROO":0,"RÍO LAGARTOS":1,"SAMAHIL":1,"SANTA ELENA":1,"SE DESCONOCE":5,"SEYÉ":1,"SIN MUNICIPIO DE REFERENCIA":8,"SOTUTA":1,"SUCILÁ":2,"SUDZAL":1,"TECOH":2,"TEKAX":82,"TEKIT":0,"TELCHAC PUEBLO":1,"TELCHAC PUERTO":0,"TEMOZÓN":3,"TEPAKÁN":1,"TETIZ":2,"TEYA":3,"TICUL":54,"TIMUCUY":1,"TINUM":3,"TIXCACALCUPUL":1,"TIXKOKOB":2,"TIXMEHUAC":2,"TIXPÉHUAL":0,"TIZIMÍN":144,"TUNKÁS":1,"TZUCACAB":5,"UCÚ":1,"UMÁN":146,"VALLADOLID":125,"XOCCHEL":0,"YAXCABÁ":2,"YAXKUKUL":1}},"anual":{"Hombre":{"1.CIFRA SIN  AÑO DE REFERENCIA":223,"1969":1,"1987":2,"1995":1,"1996":2,"1998":1,"2000":1,"2001":1,"2002":2,"2003":1,"2004":7,"2005":23,"2006":35,"2007":72,"2008":37,"2009":21,"2010":90,"2011":197,"2012":64,"2013":155,"2014":250,"2015":267,"2016":296,"2017":223,"2018":236,"2019":216,"2020":116,"2021":82},"Indeterminado":{"1.CIFRA SIN  AÑO DE REFERENCIA":1,"1969":0,"1987":0,"1995":0,"1996":0,"1998":0,"2000":0,"2001":0,"2002":0,"2003":0,"2004":0,"2005":0,"2006":0,"2007":0,"2008":0,"2009":0,"2010":0,"2011":0,"2012":0,"2013":0,"2014":0,"2015":0,"2016":0,"2017":0,"2018":0,"2019":0,"2020":0,"2021":0},"Mujer":{"1.CIFRA SIN  AÑO DE REFERENCIA":425,"1969":0,"1987":0,"1995":1,"1996":0,"1998":1,"2000":1,"2001":3,"2002":0,"2003":3,"2004":9,"2005":16,"2006":61,"2007":126,"2008":31,"2009":34,"2010":127,"2011":328,"2012":89,"2013":249,"2014":414,"2015":501,"2016":493,"2017":375,"2018":341,"2019":302,"2020":165,"2021":114}},"mensual_ultimo_anio":{"Hombre":{"2020-AGOSTO":12,"2020-DICIEMBRE":10,"2020-NOVIEMBRE":5,"2020-OCTUBRE":11,"2020-SEPTIEMBRE":6,"2021-ABRIL":9,"2021-ENERO":17,"2021-FEBRERO":12,"2021-JULIO":6,"2021-JUNIO":6,"2021-MARZO":19,"2021-MAYO":13},"Indeterminado":{"2020-AGOSTO":0,"2020-DICIEMBRE":0,"2020-NOVIEMBRE":0,"2020-OCTUBRE":0,"2020-SEPTIEMBRE":0,"2021-ABRIL":0,"2021-ENERO":0,"2021-FEBRERO":0,"2021-JULIO":0,"2021-JUNIO":0,"2021-MARZO":0,"2021-MAYO":0},"Mujer":{"2020-AGOSTO":11,"2020-DICIEMBRE":8,"2020-NOVIEMBRE":16,"2020-OCTUBRE":21,"2020-SEPTIEMBRE":10,"2021-ABRIL":22,"2021-ENERO":21,"2021-FEBRERO":21,"2021-JULIO":11,"2021-JUNIO":10,"2021-MARZO":18,"2021-MAYO":11}},"por_edad":{"Hombres":{"0":1,"1":15,"10":19,"11":22,"12":39,"13":80,"14":88,"15":146,"16":141,"17":96,"18":66,"19":57,"2":23,"20":46,"21":49,"22":54,"23":60,"24":55,"25":42,"26":44,"27":39,"28":44,"29":32,"3":19,"30":56,"31":34,"32":55,"33":38,"34":34,"35":38,"36":41,"37":32,"38":52,"39":34,"4":30,"40":32,"41":26,"42":35,"43":26,"44":21,"45":32,"46":22,"47":27,"48":26,"49":19,"5":13,"50":30,"51":18,"52":20,"53":17,"54":21,"55":15,"56":10,"57":13,"58":21,"59":18,"6":16,"60":23,"61":14,"62":11,"63":9,"64":11,"65":17,"66":12,"67":8,"68":19,"69":5,"7":22,"70":12,"71":7,"72":16,"73":16,"74":14,"75":12,"76":16,"77":7,"78":13,"79":12,"8":16,"80":8,"81":8,"82":9,"83":5,"84":5,"85":6,"86":9,"87":4,"88":0,"9":16,"90":2,"92":1,"94":0,"95":1,"96":1,"97":0,"98":1,"SIN EDAD DE REFERENCIA":55},"Indeterminado":{"0":0,"1":0,"10":0,"11":0,"12":0,"13":0,"14":0,"15":0,"16":0,"17":0,"18":0,"19":0,"2":0,"20":0,"21":0,"22":0,"23":0,"24":0,"25":0,"26":0,"27":0,"28":0,"29":0,"3":0,"30":0,"31":0,"32":0,"33":0,"34":0,"35":0,"36":0,"37":0,"38":0,"39":0,"4":0,"40":0,"41":0,"42":0,"43":0,"44":0,"45":0,"46":0,"47":0,"48":0,"49":0,"5":0,"50":0,"51":0,"52":0,"53":0,"54":0,"55":0,"56":0,"57":0,"58":0,"59":0,"6":0,"60":0,"61":0,"62":0,"63":0,"64":0,"65":0,"66":0,"67":0,"68":0,"69":0,"7":0,"70":0,"71":0,"72":0,"73":0,"74":0,"75":0,"76":0,"77":0,"78":0,"79":0,"8":0,"80":0,"81":0,"82":0,"83":0,"84":0,"85":0,"86":0,"87":0,"88":0,"9":0,"90":0,"92":0,"94":0,"95":0,"96":0,"97":0,"98":0,"SIN EDAD DE REFERENCIA":1},"Mujeres":{"0":1,"1":19,"10":25,"11":18,"12":89,"13":300,"14":516,"15":678,"16":606,"17":430,"18":170,"19":90,"2":22,"20":70,"21":75,"22":73,"23":63,"24":54,"25":60,"26":58,"27":53,"28":36,"29":25,"3":26,"30":42,"31":26,"32":33,"33":28,"34":30,"35":26,"36":31,"37":17,"38":13,"39":23,"4":25,"40":15,"41":12,"42":15,"43":16,"44":8,"45":14,"46":6,"47":14,"48":12,"49":4,"5":14,"50":6,"51":6,"52":5,"53":5,"54":5,"55":5,"56":3,"57":2,"58":0,"59":9,"6":19,"60":3,"61":4,"62":3,"63":2,"64":2,"65":3,"66":3,"67":2,"68":3,"69":4,"7":20,"70":1,"71":1,"72":8,"73":1,"74":0,"75":4,"76":6,"77":1,"78":2,"79":3,"8":20,"80":2,"81":1,"82":2,"83":1,"84":1,"85":2,"86":1,"87":4,"88":2,"9":15,"90":2,"92":0,"94":1,"95":0,"96":0,"97":1,"98":0,"SIN EDAD DE REFERENCIA":32}},"por_nacionalidad":{"Hombres":{"ALEMANA":1,"BELICENA":0,"COLOMBIANA":1,"CUBANA":1,"DANESA":1,"ESTADOS INDEPENDIENTES":2,"ESTADOUNIDENSE":1,"GUATEMALTECA":2,"HINDU":4,"HONDUREÑA":1,"ITALIANA":1,"MEXICANA":2606,"SE DESCONOCE":0,"SUECA":1,"UKRANIANA":0,"VENEZOLANA":0},"Indeterminado":{"ALEMANA":0,"BELICENA":0,"COLOMBIANA":0,"CUBANA":0,"DANESA":0,"ESTADOS INDEPENDIENTES":0,"ESTADOUNIDENSE":0,"GUATEMALTECA":0,"HINDU":0,"HONDUREÑA":0,"ITALIANA":0,"MEXICANA":0,"SE DESCONOCE":1,"SUECA":0,"UKRANIANA":0,"VENEZOLANA":0},"Mujeres":{"ALEMANA":0,"BELICENA":1,"COLOMBIANA":0,"CUBANA":1,"DANESA":1,"ESTADOS INDEPENDIENTES":2,"ESTADOUNIDENSE":4,"GUATEMALTECA":1,"HINDU":0,"HONDUREÑA":1,"ITALIANA":2,"MEXICANA":4194,"SE DESCONOCE":0,"SUECA":0,"UKRANIANA":1,"VENEZOLANA":1}}}