{"totales":{"PorcentajeDesaparecidos":"64.05","PorcentajeLocalizados":"35.95","PorcentajeLocalizadosCV":"84.21","PorcentajeLocalizadosSV":"15.79","PorcentajeSoloDesaparecidos":"64.79","PorcentajeSoloNoLocalizados":"35.21","TotalDesaparecidos":"2076","TotalGlobal":"3241","TotalLocalizados":"1165","TotalLocalizadosCV":"981","TotalLocalizadosSV":"184","TotalSoloDesaparecidos":"1345","TotalSoloNoLocalizados":"731"},"espacial":{"Hombres":{"APOZOL":6,"APULCO":4,"ATOLINGA":1,"BENITO JUÁREZ":3,"CALERA":87,"CAÑITAS DE FELIPE PESCADOR":7,"CHALCHIHUITES":3,"CONCEPCIÓN DEL ORO":12,"CUAUHTÉMOC":12,"EL PLATEADO DE JOAQUÍN AMARO":3,"EL SALVADOR":1,"FRESNILLO":369,"GENARO CODINA":3,"GENERAL ENRIQUE ESTRADA":15,"GENERAL FRANCISCO R. MURGUÍA":13,"GENERAL PÁNFILO NATERA":19,"GUADALUPE":294,"HUANUSCO":1,"JALPA":27,"JEREZ":89,"JIMÉNEZ DEL TEUL":4,"JUAN ALDAMA":30,"JUCHIPILA":5,"LORETO":42,"LUIS MOYA":18,"MAZAPIL":15,"MEZQUITAL DEL ORO":0,"MIGUEL AUZA":10,"MOMAX":3,"MONTE ESCOBEDO":20,"MORELOS":17,"MOYAHUA DE ESTRADA":2,"NOCHISTLÁN DE MEJÍA":36,"NORIA DE ÁNGELES":5,"OJOCALIENTE":60,"PINOS":21,"PÁNUCO":17,"RÍO GRANDE":107,"SAIN ALTO":18,"SANTA MARÍA DE LA PAZ":0,"SE DESCONOCE":47,"SIN MUNICIPIO DE REFERENCIA":121,"SOMBRERETE":53,"TABASCO":13,"TEPECHITLÁN":10,"TEPETONGO":15,"TEÚL DE GONZÁLEZ ORTEGA":6,"TLALTENANGO DE SÁNCHEZ ROMÁN":33,"TRANCOSO":27,"TRINIDAD GARCÍA DE LA CADENA":4,"VALPARAÍSO":81,"VETAGRANDE":6,"VILLA DE COS":86,"VILLA GARCÍA":0,"VILLA GONZÁLEZ ORTEGA":4,"VILLA HIDALGO":12,"VILLANUEVA":37,"ZACATECAS":309},"Indeterminado":{"APOZOL":0,"APULCO":0,"ATOLINGA":0,"BENITO JUÁREZ":0,"CALERA":0,"CAÑITAS DE FELIPE PESCADOR":0,"CHALCHIHUITES":0,"CONCEPCIÓN DEL ORO":0,"CUAUHTÉMOC":0,"EL PLATEADO DE JOAQUÍN AMARO":0,"EL SALVADOR":0,"FRESNILLO":0,"GENARO CODINA":0,"GENERAL ENRIQUE ESTRADA":0,"GENERAL FRANCISCO R. MURGUÍA":0,"GENERAL PÁNFILO NATERA":0,"GUADALUPE":0,"HUANUSCO":0,"JALPA":0,"JEREZ":0,"JIMÉNEZ DEL TEUL":0,"JUAN ALDAMA":0,"JUCHIPILA":0,"LORETO":0,"LUIS MOYA":0,"MAZAPIL":0,"MEZQUITAL DEL ORO":0,"MIGUEL AUZA":0,"MOMAX":0,"MONTE ESCOBEDO":0,"MORELOS":0,"MOYAHUA DE ESTRADA":0,"NOCHISTLÁN DE MEJÍA":0,"NORIA DE ÁNGELES":0,"OJOCALIENTE":0,"PINOS":0,"PÁNUCO":0,"RÍO GRANDE":0,"SAIN ALTO":0,"SANTA MARÍA DE LA PAZ":0,"SE DESCONOCE":0,"SIN MUNICIPIO DE REFERENCIA":0,"SOMBRERETE":0,"TABASCO":0,"TEPECHITLÁN":0,"TEPETONGO":0,"TEÚL DE GONZÁLEZ ORTEGA":0,"TLALTENANGO DE SÁNCHEZ ROMÁN":0,"TRANCOSO":0,"TRINIDAD GARCÍA DE LA CADENA":0,"VALPARAÍSO":0,"VETAGRANDE":0,"VILLA DE COS":0,"VILLA GARCÍA":0,"VILLA GONZÁLEZ ORTEGA":0,"VILLA HIDALGO":0,"VILLANUEVA":0,"ZACATECAS":0},"Mujeres":{"APOZOL":1,"APULCO":0,"ATOLINGA":0,"BENITO JUÁREZ":0,"CALERA":53,"CAÑITAS DE FELIPE PESCADOR":1,"CHALCHIHUITES":1,"CONCEPCIÓN DEL ORO":4,"CUAUHTÉMOC":3,"EL PLATEADO DE JOAQUÍN AMARO":0,"EL SALVADOR":1,"FRESNILLO":185,"GENARO CODINA":5,"GENERAL ENRIQUE ESTRADA":1,"GENERAL FRANCISCO R. MURGUÍA":2,"GENERAL PÁNFILO NATERA":0,"GUADALUPE":192,"HUANUSCO":2,"JALPA":5,"JEREZ":28,"JIMÉNEZ DEL TEUL":0,"JUAN ALDAMA":7,"JUCHIPILA":4,"LORETO":12,"LUIS MOYA":3,"MAZAPIL":3,"MEZQUITAL DEL ORO":1,"MIGUEL AUZA":4,"MOMAX":0,"MONTE ESCOBEDO":0,"MORELOS":6,"MOYAHUA DE ESTRADA":0,"NOCHISTLÁN DE MEJÍA":6,"NORIA DE ÁNGELES":0,"OJOCALIENTE":18,"PINOS":8,"PÁNUCO":7,"RÍO GRANDE":20,"SAIN ALTO":5,"SANTA MARÍA DE LA PAZ":1,"SE DESCONOCE":25,"SIN MUNICIPIO DE REFERENCIA":61,"SOMBRERETE":19,"TABASCO":1,"TEPECHITLÁN":4,"TEPETONGO":1,"TEÚL DE GONZÁLEZ ORTEGA":1,"TLALTENANGO DE SÁNCHEZ ROMÁN":14,"TRANCOSO":13,"TRINIDAD GARCÍA DE LA CADENA":1,"VALPARAÍSO":18,"VETAGRANDE":6,"VILLA DE COS":14,"VILLA GARCÍA":1,"VILLA GONZÁLEZ ORTEGA":4,"VILLA HIDALGO":0,"VILLANUEVA":9,"ZACATECAS":197}},"anual":{"Hombre":{"1.CIFRA SIN  AÑO DE REFERENCIA":130,"1988":1,"1992":0,"1994":0,"2001":0,"2002":0,"2003":1,"2005":2,"2006":2,"2007":4,"2008":22,"2009":32,"2010":67,"2011":67,"2012":41,"2013":80,"2014":96,"2015":109,"2016":124,"2017":169,"2018":173,"2019":298,"2020":415,"2021":430},"Indeterminado":{"1.CIFRA SIN  AÑO DE REFERENCIA":0,"1988":0,"1992":0,"1994":0,"2001":0,"2002":0,"2003":0,"2005":0,"2006":0,"2007":0,"2008":0,"2009":0,"2010":0,"2011":0,"2012":0,"2013":0,"2014":0,"2015":0,"2016":0,"2017":0,"2018":0,"2019":0,"2020":0,"2021":0},"Mujer":{"1.CIFRA SIN  AÑO DE REFERENCIA":71,"1988":0,"1992":1,"1994":1,"2001":1,"2002":1,"2003":0,"2005":1,"2006":0,"2007":1,"2008":4,"2009":6,"2010":4,"2011":10,"2012":18,"2013":30,"2014":18,"2015":27,"2016":33,"2017":38,"2018":109,"2019":192,"2020":216,"2021":196}},"mensual_ultimo_anio":{"Hombre":{"2020-AGOSTO":43,"2020-DICIEMBRE":39,"2020-NOVIEMBRE":40,"2020-OCTUBRE":39,"2020-SEPTIEMBRE":46,"2021-ABRIL":65,"2021-ENERO":76,"2021-FEBRERO":75,"2021-JULIO":57,"2021-JUNIO":62,"2021-MARZO":43,"2021-MAYO":52},"Indeterminado":{"2020-AGOSTO":0,"2020-DICIEMBRE":0,"2020-NOVIEMBRE":0,"2020-OCTUBRE":0,"2020-SEPTIEMBRE":0,"2021-ABRIL":0,"2021-ENERO":0,"2021-FEBRERO":0,"2021-JULIO":0,"2021-JUNIO":0,"2021-MARZO":0,"2021-MAYO":0},"Mujer":{"2020-AGOSTO":12,"2020-DICIEMBRE":17,"2020-NOVIEMBRE":21,"2020-OCTUBRE":22,"2020-SEPTIEMBRE":18,"2021-ABRIL":29,"2021-ENERO":23,"2021-FEBRERO":49,"2021-JULIO":15,"2021-JUNIO":29,"2021-MARZO":23,"2021-MAYO":28}},"por_edad":{"Hombres":{"0":4,"1":8,"10":7,"11":4,"12":9,"13":20,"14":24,"15":43,"16":45,"17":56,"18":78,"19":69,"2":10,"20":68,"21":62,"22":68,"23":70,"24":75,"25":57,"26":82,"27":52,"28":63,"29":55,"3":5,"30":50,"31":46,"32":67,"33":53,"34":53,"35":34,"36":40,"37":37,"38":49,"39":40,"4":5,"40":28,"41":40,"42":30,"43":25,"44":25,"45":33,"46":19,"47":27,"48":23,"49":29,"5":10,"50":21,"51":17,"52":23,"53":25,"54":16,"55":9,"56":10,"57":11,"58":8,"59":4,"6":9,"60":8,"61":8,"62":8,"63":4,"64":3,"65":9,"66":2,"67":7,"68":3,"69":3,"7":6,"70":3,"71":2,"72":3,"73":4,"74":3,"75":4,"76":1,"77":2,"78":3,"79":2,"8":10,"80":4,"81":1,"83":3,"84":2,"86":1,"87":0,"89":1,"9":4,"90":0,"91":1,"SIN EDAD DE REFERENCIA":198},"Indeterminado":{"0":0,"1":0,"10":0,"11":0,"12":0,"13":0,"14":0,"15":0,"16":0,"17":0,"18":0,"19":0,"2":0,"20":0,"21":0,"22":0,"23":0,"24":0,"25":0,"26":0,"27":0,"28":0,"29":0,"3":0,"30":0,"31":0,"32":0,"33":0,"34":0,"35":0,"36":0,"37":0,"38":0,"39":0,"4":0,"40":0,"41":0,"42":0,"43":0,"44":0,"45":0,"46":0,"47":0,"48":0,"49":0,"5":0,"50":0,"51":0,"52":0,"53":0,"54":0,"55":0,"56":0,"57":0,"58":0,"59":0,"6":0,"60":0,"61":0,"62":0,"63":0,"64":0,"65":0,"66":0,"67":0,"68":0,"69":0,"7":0,"70":0,"71":0,"72":0,"73":0,"74":0,"75":0,"76":0,"77":0,"78":0,"79":0,"8":0,"80":0,"81":0,"83":0,"84":0,"86":0,"87":0,"89":0,"9":0,"90":0,"91":0,"SIN EDAD DE REFERENCIA":0},"Mujeres":{"0":3,"1":12,"10":3,"11":9,"12":25,"13":47,"14":74,"15":90,"16":78,"17":65,"18":30,"19":32,"2":15,"20":32,"21":24,"22":24,"23":10,"24":25,"25":20,"26":24,"27":14,"28":21,"29":13,"3":6,"30":15,"31":11,"32":19,"33":7,"34":8,"35":10,"36":10,"37":8,"38":5,"39":9,"4":10,"40":4,"41":2,"42":2,"43":7,"44":6,"45":5,"46":5,"47":4,"48":4,"49":4,"5":6,"50":3,"51":3,"52":2,"53":3,"54":2,"55":5,"56":1,"57":1,"58":1,"59":2,"6":6,"60":2,"61":0,"62":0,"63":1,"64":0,"65":1,"66":1,"67":1,"68":1,"69":0,"7":8,"70":2,"71":1,"72":0,"73":2,"74":1,"75":1,"76":1,"77":0,"78":0,"79":0,"8":4,"80":1,"81":0,"83":0,"84":0,"86":0,"87":1,"89":0,"9":7,"90":1,"91":0,"SIN EDAD DE REFERENCIA":55}},"por_nacionalidad":{"Hombres":{"COLOMBIANA":0,"ESTADOUNIDENSE":4,"GUATEMALTECA":8,"HONDUREÑA":8,"MALAYO":1,"MEXICANA":2229,"SALVADORENA":1,"SE DESCONOCE":9,"SIN NACIONALIDAD DE REFERENCIA":3},"Indeterminado":{"COLOMBIANA":0,"ESTADOUNIDENSE":0,"GUATEMALTECA":0,"HONDUREÑA":0,"MALAYO":0,"MEXICANA":0,"SALVADORENA":0,"SE DESCONOCE":0,"SIN NACIONALIDAD DE REFERENCIA":0},"Mujeres":{"COLOMBIANA":1,"ESTADOUNIDENSE":8,"GUATEMALTECA":11,"HONDUREÑA":15,"MALAYO":0,"MEXICANA":935,"SALVADORENA":4,"SE DESCONOCE":4,"SIN NACIONALIDAD DE REFERENCIA":0}}}