{"totales":{"PorcentajeDesaparecidos":"86.69","PorcentajeLocalizados":"13.31","PorcentajeLocalizadosCV":"92.42","PorcentajeLocalizadosSV":"7.58","PorcentajeSoloDesaparecidos":"99.19","PorcentajeSoloNoLocalizados":"0.81","TotalDesaparecidos":"860","TotalGlobal":"992","TotalLocalizados":"132","TotalLocalizadosCV":"122","TotalLocalizadosSV":"10","TotalSoloDesaparecidos":"853","TotalSoloNoLocalizados":"07"},"espacial":{"Hombres":{"SE DESCONOCE":226,"SIN MUNICIPIO DE REFERENCIA":399},"Indeterminado":{"SE DESCONOCE":9,"SIN MUNICIPIO DE REFERENCIA":65},"Mujeres":{"SE DESCONOCE":85,"SIN MUNICIPIO DE REFERENCIA":208}},"anual":{"Hombre":{"1.CIFRA SIN  AÑO DE REFERENCIA":334,"1974":3,"1975":2,"1976":1,"1977":1,"1978":1,"1981":1,"1988":1,"1994":1,"1996":0,"2001":2,"2002":1,"2004":0,"2006":1,"2007":3,"2008":6,"2009":9,"2010":25,"2011":23,"2012":11,"2013":51,"2014":58,"2015":18,"2016":24,"2017":13,"2018":4,"2019":14,"2020":10,"2021":7},"Indeterminado":{"1.CIFRA SIN  AÑO DE REFERENCIA":69,"1974":0,"1975":0,"1976":0,"1977":1,"1978":0,"1981":0,"1988":0,"1994":0,"1996":0,"2001":0,"2002":0,"2004":0,"2006":0,"2007":0,"2008":0,"2009":0,"2010":0,"2011":0,"2012":0,"2013":4,"2014":0,"2015":0,"2016":0,"2017":0,"2018":0,"2019":0,"2020":0,"2021":0},"Mujer":{"1.CIFRA SIN  AÑO DE REFERENCIA":179,"1974":0,"1975":0,"1976":0,"1977":0,"1978":0,"1981":0,"1988":0,"1994":0,"1996":1,"2001":0,"2002":0,"2004":1,"2006":0,"2007":1,"2008":0,"2009":1,"2010":8,"2011":7,"2012":3,"2013":42,"2014":15,"2015":7,"2016":9,"2017":7,"2018":2,"2019":6,"2020":4,"2021":0}},"mensual_ultimo_anio":{"Hombre":{"2019-DICIEMBRE":0,"2020-AGOSTO":2,"2020-ENERO":1,"2020-FEBRERO":2,"2020-JULIO":1,"2020-MARZO":2,"2020-OCTUBRE":0,"2020-SEPTIEMBRE":2,"2021-ENERO":2,"2021-JULIO":1,"2021-MARZO":1,"2021-MAYO":3},"Indeterminado":{"2019-DICIEMBRE":0,"2020-AGOSTO":0,"2020-ENERO":0,"2020-FEBRERO":0,"2020-JULIO":0,"2020-MARZO":0,"2020-OCTUBRE":0,"2020-SEPTIEMBRE":0,"2021-ENERO":0,"2021-JULIO":0,"2021-MARZO":0,"2021-MAYO":0},"Mujer":{"2019-DICIEMBRE":1,"2020-AGOSTO":1,"2020-ENERO":0,"2020-FEBRERO":0,"2020-JULIO":0,"2020-MARZO":2,"2020-OCTUBRE":1,"2020-SEPTIEMBRE":0,"2021-ENERO":0,"2021-JULIO":0,"2021-MARZO":0,"2021-MAYO":0}},"por_edad":{"Hombres":{"0":11,"1":6,"10":0,"11":2,"12":3,"13":8,"14":13,"15":16,"16":18,"17":10,"18":12,"19":15,"2":1,"20":16,"21":12,"22":10,"23":9,"24":12,"25":10,"26":4,"27":12,"28":13,"29":12,"3":1,"30":14,"31":8,"32":10,"33":14,"34":4,"35":9,"36":5,"37":6,"38":4,"39":6,"4":2,"40":6,"41":10,"42":7,"43":7,"44":6,"45":3,"46":3,"47":9,"48":5,"49":8,"5":1,"50":3,"51":5,"52":2,"53":4,"54":5,"55":1,"56":2,"57":2,"58":5,"59":1,"6":0,"60":3,"61":0,"63":2,"64":2,"65":2,"67":3,"68":1,"69":1,"7":1,"70":2,"71":1,"72":1,"74":1,"75":0,"76":1,"77":0,"79":1,"8":2,"80":0,"82":0,"86":1,"87":2,"88":0,"9":3,"SIN EDAD DE REFERENCIA":192},"Indeterminado":{"0":0,"1":0,"10":0,"11":0,"12":0,"13":0,"14":0,"15":0,"16":1,"17":0,"18":1,"19":0,"2":0,"20":0,"21":1,"22":0,"23":1,"24":1,"25":0,"26":2,"27":0,"28":0,"29":0,"3":0,"30":0,"31":1,"32":1,"33":1,"34":0,"35":1,"36":1,"37":0,"38":1,"39":1,"4":0,"40":0,"41":0,"42":0,"43":0,"44":1,"45":0,"46":0,"47":0,"48":1,"49":0,"5":0,"50":0,"51":1,"52":0,"53":1,"54":0,"55":0,"56":0,"57":0,"58":0,"59":0,"6":0,"60":0,"61":0,"63":0,"64":0,"65":0,"67":0,"68":0,"69":0,"7":0,"70":0,"71":0,"72":0,"74":0,"75":0,"76":0,"77":0,"79":0,"8":0,"80":0,"82":0,"86":0,"87":0,"88":0,"9":0,"SIN EDAD DE REFERENCIA":56},"Mujeres":{"0":6,"1":1,"10":1,"11":0,"12":3,"13":6,"14":10,"15":17,"16":17,"17":14,"18":5,"19":6,"2":2,"20":5,"21":7,"22":3,"23":5,"24":9,"25":7,"26":8,"27":6,"28":7,"29":5,"3":2,"30":11,"31":7,"32":4,"33":3,"34":1,"35":4,"36":7,"37":4,"38":4,"39":2,"4":0,"40":2,"41":4,"42":3,"43":0,"44":0,"45":2,"46":1,"47":2,"48":0,"49":1,"5":0,"50":4,"51":3,"52":2,"53":0,"54":1,"55":3,"56":1,"57":1,"58":0,"59":1,"6":1,"60":0,"61":1,"63":2,"64":0,"65":0,"67":0,"68":0,"69":0,"7":0,"70":2,"71":0,"72":0,"74":0,"75":1,"76":1,"77":1,"79":1,"8":1,"80":1,"82":1,"86":1,"87":0,"88":1,"9":0,"SIN EDAD DE REFERENCIA":48}},"por_nacionalidad":{"Hombres":{"ARGENTINA":1,"COLOMBIANA":2,"COSTARRICENSE":1,"ECUATORIANA":2,"ESTADOUNIDENSE":0,"GUATEMALTECA":17,"HINDU":0,"HONDUREÑA":3,"ITALIANA":0,"MEXICANA":115,"NICARAGUENSE":2,"PERUANA":2,"SALVADORENA":8,"SE DESCONOCE":471,"VENEZOLANA":1},"Indeterminado":{"ARGENTINA":0,"COLOMBIANA":0,"COSTARRICENSE":0,"ECUATORIANA":11,"ESTADOUNIDENSE":0,"GUATEMALTECA":1,"HINDU":0,"HONDUREÑA":0,"ITALIANA":0,"MEXICANA":2,"NICARAGUENSE":0,"PERUANA":0,"SALVADORENA":0,"SE DESCONOCE":60,"VENEZOLANA":0},"Mujeres":{"ARGENTINA":0,"COLOMBIANA":0,"COSTARRICENSE":0,"ECUATORIANA":0,"ESTADOUNIDENSE":1,"GUATEMALTECA":9,"HINDU":1,"HONDUREÑA":5,"ITALIANA":1,"MEXICANA":72,"NICARAGUENSE":0,"PERUANA":0,"SALVADORENA":6,"SE DESCONOCE":198,"VENEZOLANA":0}}}