{"totales":{"PorcentajeDesaparecidos":"7.23","PorcentajeLocalizados":"92.77","PorcentajeLocalizadosCV":"98.85","PorcentajeLocalizadosSV":"1.15","PorcentajeSoloDesaparecidos":"90.74","PorcentajeSoloNoLocalizados":"9.26","TotalDesaparecidos":"54","TotalGlobal":"747","TotalLocalizados":"693","TotalLocalizadosCV":"685","TotalLocalizadosSV":"08","TotalSoloDesaparecidos":"49","TotalSoloNoLocalizados":"05"},"espacial":{"Hombres":{"CALAKMUL":0,"CALKINÍ":7,"CAMPECHE":159,"CANDELARIA":2,"CARMEN":50,"CHAMPOTÓN":8,"ESCÁRCEGA":9,"HECELCHAKÁN":0,"HOPELCHÉN":4,"PALIZADA":1,"SE DESCONOCE":0,"SIN MUNICIPIO DE REFERENCIA":2,"TENABO":1},"Indeterminado":{"CALAKMUL":0,"CALKINÍ":0,"CAMPECHE":0,"CANDELARIA":0,"CARMEN":0,"CHAMPOTÓN":0,"ESCÁRCEGA":0,"HECELCHAKÁN":0,"HOPELCHÉN":0,"PALIZADA":0,"SE DESCONOCE":0,"SIN MUNICIPIO DE REFERENCIA":0,"TENABO":0},"Mujeres":{"CALAKMUL":5,"CALKINÍ":8,"CAMPECHE":297,"CANDELARIA":11,"CARMEN":85,"CHAMPOTÓN":29,"ESCÁRCEGA":51,"HECELCHAKÁN":3,"HOPELCHÉN":6,"PALIZADA":2,"SE DESCONOCE":1,"SIN MUNICIPIO DE REFERENCIA":3,"TENABO":3}},"anual":{"Hombre":{"1.CIFRA SIN  AÑO DE REFERENCIA":15,"1980":0,"2008":4,"2009":1,"2010":1,"2011":1,"2012":1,"2013":8,"2014":104,"2015":61,"2016":33,"2017":6,"2019":4,"2020":2,"2021":2},"Indeterminado":{"1.CIFRA SIN  AÑO DE REFERENCIA":0,"1980":0,"2008":0,"2009":0,"2010":0,"2011":0,"2012":0,"2013":0,"2014":0,"2015":0,"2016":0,"2017":0,"2019":0,"2020":0,"2021":0},"Mujer":{"1.CIFRA SIN  AÑO DE REFERENCIA":11,"1980":1,"2008":1,"2009":1,"2010":1,"2011":1,"2012":0,"2013":21,"2014":288,"2015":94,"2016":68,"2017":13,"2019":1,"2020":1,"2021":2}},"mensual_ultimo_anio":{"Hombre":{"2017-NOVIEMBRE":1,"2017-OCTUBRE":0,"2019-ABRIL":2,"2019-DICIEMBRE":1,"2019-FEBRERO":1,"2019-MAYO":0,"2020-ENERO":0,"2020-JULIO":1,"2020-MAYO":1,"2021-ABRIL":1,"2021-MARZO":1,"2021-MAYO":0},"Indeterminado":{"2017-NOVIEMBRE":0,"2017-OCTUBRE":0,"2019-ABRIL":0,"2019-DICIEMBRE":0,"2019-FEBRERO":0,"2019-MAYO":0,"2020-ENERO":0,"2020-JULIO":0,"2020-MAYO":0,"2021-ABRIL":0,"2021-MARZO":0,"2021-MAYO":0},"Mujer":{"2017-NOVIEMBRE":1,"2017-OCTUBRE":1,"2019-ABRIL":0,"2019-DICIEMBRE":0,"2019-FEBRERO":0,"2019-MAYO":1,"2020-ENERO":1,"2020-JULIO":0,"2020-MAYO":0,"2021-ABRIL":1,"2021-MARZO":0,"2021-MAYO":1}},"por_edad":{"Hombres":{"0":11,"1":2,"10":2,"11":4,"12":9,"13":13,"14":17,"15":14,"16":19,"17":11,"18":6,"19":2,"2":1,"20":2,"21":6,"22":3,"23":4,"24":4,"25":5,"26":5,"27":5,"28":3,"29":3,"30":4,"31":1,"32":2,"33":3,"34":3,"35":2,"36":7,"37":2,"38":1,"4":1,"40":1,"41":3,"42":5,"43":2,"44":1,"45":1,"46":1,"47":2,"48":3,"49":1,"5":2,"50":1,"51":1,"52":2,"53":0,"54":3,"55":2,"56":2,"57":1,"58":2,"59":1,"6":1,"60":2,"61":1,"63":0,"65":2,"66":3,"68":2,"69":0,"7":0,"71":0,"72":1,"73":1,"75":1,"78":1,"79":2,"8":2,"81":1,"82":1,"85":1,"9":6,"92":1,"SIN EDAD DE REFERENCIA":0},"Indeterminado":{"0":0,"1":0,"10":0,"11":0,"12":0,"13":0,"14":0,"15":0,"16":0,"17":0,"18":0,"19":0,"2":0,"20":0,"21":0,"22":0,"23":0,"24":0,"25":0,"26":0,"27":0,"28":0,"29":0,"30":0,"31":0,"32":0,"33":0,"34":0,"35":0,"36":0,"37":0,"38":0,"4":0,"40":0,"41":0,"42":0,"43":0,"44":0,"45":0,"46":0,"47":0,"48":0,"49":0,"5":0,"50":0,"51":0,"52":0,"53":0,"54":0,"55":0,"56":0,"57":0,"58":0,"59":0,"6":0,"60":0,"61":0,"63":0,"65":0,"66":0,"68":0,"69":0,"7":0,"71":0,"72":0,"73":0,"75":0,"78":0,"79":0,"8":0,"81":0,"82":0,"85":0,"9":0,"92":0,"SIN EDAD DE REFERENCIA":0},"Mujeres":{"0":6,"1":1,"10":1,"11":7,"12":21,"13":50,"14":68,"15":81,"16":71,"17":70,"18":20,"19":12,"2":1,"20":4,"21":5,"22":10,"23":7,"24":7,"25":5,"26":4,"27":3,"28":1,"29":2,"30":1,"31":3,"32":0,"33":1,"34":1,"35":5,"36":2,"37":2,"38":3,"4":1,"40":3,"41":4,"42":0,"43":0,"44":1,"45":0,"46":0,"47":1,"48":1,"49":0,"5":1,"50":2,"51":1,"52":0,"53":1,"54":1,"55":1,"56":0,"57":1,"58":1,"59":0,"6":3,"60":0,"61":0,"63":1,"65":0,"66":1,"68":0,"69":1,"7":1,"71":1,"72":0,"73":0,"75":0,"78":0,"79":0,"8":0,"81":0,"82":0,"85":0,"9":0,"92":0,"SIN EDAD DE REFERENCIA":1}},"por_nacionalidad":{"Hombres":{"MEXICANA":242,"SE DESCONOCE":1},"Indeterminado":{"MEXICANA":0,"SE DESCONOCE":0},"Mujeres":{"MEXICANA":502,"SE DESCONOCE":2}}}