{"totales":{"PorcentajeDesaparecidos":"84.83","PorcentajeLocalizados":"15.17","PorcentajeLocalizadosCV":"67.05","PorcentajeLocalizadosSV":"32.95","PorcentajeSoloDesaparecidos":"88.15","PorcentajeSoloNoLocalizados":"11.85","TotalDesaparecidos":"3410","TotalGlobal":"4020","TotalLocalizados":"610","TotalLocalizadosCV":"409","TotalLocalizadosSV":"201","TotalSoloDesaparecidos":"3006","TotalSoloNoLocalizados":"404"},"espacial":{"Hombres":{"ABASOLO":3,"ACUÑA":176,"ALLENDE":90,"ARTEAGA":2,"CANDELA":49,"CASTAÑOS":14,"CUATROCIÉNEGAS":5,"FRANCISCO I. MADERO":50,"FRONTERA":34,"GENERAL CEPEDA":1,"GUERRERO":2,"HIDALGO":1,"JUÁREZ":1,"MATAMOROS":54,"MONCLOVA":208,"MORELOS":0,"MÚZQUIZ":31,"NADADORES":2,"NAVA":15,"OCAMPO":1,"PARRAS":18,"PIEDRAS NEGRAS":434,"PROGRESO":0,"RAMOS ARIZPE":38,"SABINAS":29,"SALTILLO":593,"SAN BUENAVENTURA":14,"SAN JUAN DE SABINAS":43,"SAN PEDRO":85,"SE DESCONOCE":78,"SIN MUNICIPIO DE REFERENCIA":29,"TORREÓN":855,"VIESCA":2,"VILLA UNIÓN":4,"ZARAGOZA":3},"Indeterminado":{"ABASOLO":0,"ACUÑA":0,"ALLENDE":0,"ARTEAGA":0,"CANDELA":0,"CASTAÑOS":0,"CUATROCIÉNEGAS":0,"FRANCISCO I. MADERO":0,"FRONTERA":0,"GENERAL CEPEDA":0,"GUERRERO":0,"HIDALGO":0,"JUÁREZ":0,"MATAMOROS":0,"MONCLOVA":0,"MORELOS":0,"MÚZQUIZ":0,"NADADORES":0,"NAVA":0,"OCAMPO":0,"PARRAS":0,"PIEDRAS NEGRAS":0,"PROGRESO":0,"RAMOS ARIZPE":0,"SABINAS":0,"SALTILLO":0,"SAN BUENAVENTURA":0,"SAN JUAN DE SABINAS":0,"SAN PEDRO":0,"SE DESCONOCE":2,"SIN MUNICIPIO DE REFERENCIA":0,"TORREÓN":0,"VIESCA":0,"VILLA UNIÓN":0,"ZARAGOZA":0},"Mujeres":{"ABASOLO":1,"ACUÑA":45,"ALLENDE":30,"ARTEAGA":5,"CANDELA":6,"CASTAÑOS":2,"CUATROCIÉNEGAS":2,"FRANCISCO I. MADERO":9,"FRONTERA":12,"GENERAL CEPEDA":0,"GUERRERO":0,"HIDALGO":2,"JUÁREZ":1,"MATAMOROS":19,"MONCLOVA":64,"MORELOS":1,"MÚZQUIZ":4,"NADADORES":0,"NAVA":14,"OCAMPO":0,"PARRAS":7,"PIEDRAS NEGRAS":106,"PROGRESO":1,"RAMOS ARIZPE":18,"SABINAS":12,"SALTILLO":355,"SAN BUENAVENTURA":9,"SAN JUAN DE SABINAS":14,"SAN PEDRO":14,"SE DESCONOCE":28,"SIN MUNICIPIO DE REFERENCIA":9,"TORREÓN":260,"VIESCA":1,"VILLA UNIÓN":0,"ZARAGOZA":3}},"anual":{"Hombre":{"1.CIFRA SIN  AÑO DE REFERENCIA":128,"1989":4,"1994":2,"1996":1,"1997":3,"1998":1,"2000":1,"2001":8,"2002":10,"2003":15,"2004":12,"2005":10,"2006":16,"2007":54,"2008":162,"2009":308,"2010":450,"2011":465,"2012":332,"2013":235,"2014":154,"2015":105,"2016":92,"2017":78,"2018":58,"2019":96,"2020":83,"2021":81},"Indeterminado":{"1.CIFRA SIN  AÑO DE REFERENCIA":2,"1989":0,"1994":0,"1996":0,"1997":0,"1998":0,"2000":0,"2001":0,"2002":0,"2003":0,"2004":0,"2005":0,"2006":0,"2007":0,"2008":0,"2009":0,"2010":0,"2011":0,"2012":0,"2013":0,"2014":0,"2015":0,"2016":0,"2017":0,"2018":0,"2019":0,"2020":0,"2021":0},"Mujer":{"1.CIFRA SIN  AÑO DE REFERENCIA":53,"1989":1,"1994":0,"1996":0,"1997":0,"1998":0,"2000":0,"2001":5,"2002":15,"2003":4,"2004":6,"2005":10,"2006":7,"2007":43,"2008":43,"2009":55,"2010":112,"2011":167,"2012":104,"2013":124,"2014":96,"2015":27,"2016":33,"2017":26,"2018":10,"2019":20,"2020":41,"2021":52}},"mensual_ultimo_anio":{"Hombre":{"2020-AGOSTO":4,"2020-DICIEMBRE":9,"2020-NOVIEMBRE":14,"2020-OCTUBRE":7,"2020-SEPTIEMBRE":9,"2021-ABRIL":12,"2021-ENERO":2,"2021-FEBRERO":11,"2021-JULIO":5,"2021-JUNIO":20,"2021-MARZO":10,"2021-MAYO":21},"Indeterminado":{"2020-AGOSTO":0,"2020-DICIEMBRE":0,"2020-NOVIEMBRE":0,"2020-OCTUBRE":0,"2020-SEPTIEMBRE":0,"2021-ABRIL":0,"2021-ENERO":0,"2021-FEBRERO":0,"2021-JULIO":0,"2021-JUNIO":0,"2021-MARZO":0,"2021-MAYO":0},"Mujer":{"2020-AGOSTO":4,"2020-DICIEMBRE":3,"2020-NOVIEMBRE":4,"2020-OCTUBRE":19,"2020-SEPTIEMBRE":7,"2021-ABRIL":5,"2021-ENERO":2,"2021-FEBRERO":6,"2021-JULIO":5,"2021-JUNIO":15,"2021-MARZO":8,"2021-MAYO":11}},"por_edad":{"Hombres":{"0":58,"1":6,"10":2,"11":6,"12":8,"13":17,"14":30,"15":41,"16":65,"17":57,"18":58,"19":82,"2":6,"20":59,"21":92,"22":90,"23":99,"24":90,"25":83,"26":81,"27":85,"28":90,"29":85,"3":4,"30":108,"31":92,"32":98,"33":79,"34":85,"35":70,"36":76,"37":77,"38":59,"39":72,"4":11,"40":55,"41":55,"42":51,"43":34,"44":43,"45":44,"46":41,"47":32,"48":32,"49":35,"5":1,"50":34,"51":17,"52":22,"53":24,"54":14,"55":20,"56":21,"57":21,"58":13,"59":10,"6":3,"60":8,"61":10,"62":10,"63":13,"64":7,"65":9,"66":5,"67":3,"68":8,"69":5,"7":0,"70":12,"71":6,"72":3,"73":5,"74":6,"75":7,"76":5,"77":3,"78":2,"79":3,"8":2,"80":5,"81":2,"82":2,"83":1,"84":1,"85":1,"87":1,"88":1,"9":7,"90":2,"SIN EDAD DE REFERENCIA":66},"Indeterminado":{"0":0,"1":0,"10":0,"11":0,"12":0,"13":0,"14":0,"15":0,"16":0,"17":0,"18":0,"19":0,"2":0,"20":0,"21":0,"22":0,"23":0,"24":0,"25":0,"26":0,"27":0,"28":0,"29":0,"3":0,"30":0,"31":0,"32":0,"33":0,"34":0,"35":0,"36":0,"37":0,"38":0,"39":0,"4":0,"40":0,"41":0,"42":0,"43":0,"44":0,"45":0,"46":0,"47":0,"48":0,"49":0,"5":0,"50":0,"51":0,"52":0,"53":0,"54":0,"55":0,"56":0,"57":0,"58":0,"59":0,"6":0,"60":0,"61":0,"62":0,"63":0,"64":0,"65":0,"66":0,"67":0,"68":0,"69":0,"7":0,"70":0,"71":0,"72":0,"73":0,"74":0,"75":0,"76":0,"77":0,"78":0,"79":0,"8":0,"80":0,"81":0,"82":0,"83":0,"84":0,"85":0,"87":0,"88":0,"9":0,"90":0,"SIN EDAD DE REFERENCIA":2},"Mujeres":{"0":39,"1":1,"10":1,"11":4,"12":10,"13":41,"14":40,"15":71,"16":77,"17":58,"18":38,"19":47,"2":5,"20":31,"21":29,"22":34,"23":38,"24":24,"25":29,"26":26,"27":20,"28":28,"29":27,"3":0,"30":21,"31":13,"32":15,"33":19,"34":21,"35":15,"36":16,"37":8,"38":9,"39":10,"4":1,"40":9,"41":9,"42":14,"43":5,"44":16,"45":10,"46":7,"47":5,"48":5,"49":9,"5":4,"50":5,"51":6,"52":3,"53":3,"54":5,"55":8,"56":3,"57":0,"58":4,"59":3,"6":2,"60":5,"61":0,"62":3,"63":1,"64":2,"65":1,"66":2,"67":0,"68":1,"69":1,"7":5,"70":2,"71":1,"72":2,"73":2,"74":0,"75":2,"76":0,"77":0,"78":0,"79":0,"8":3,"80":0,"81":1,"82":0,"83":0,"84":0,"85":1,"87":0,"88":0,"9":2,"90":1,"SIN EDAD DE REFERENCIA":15}},"por_nacionalidad":{"Hombres":{"BELGA":0,"COLOMBIANA":2,"ECUATORIANA":1,"ESTADOUNIDENSE":11,"GUATEMALTECA":0,"HONDUREÑA":35,"INGLESA":1,"MEXICANA":2892,"NICARAGUENSE":1,"PERUANA":2,"SALVADORENA":3,"SE DESCONOCE":16},"Indeterminado":{"BELGA":0,"COLOMBIANA":0,"ECUATORIANA":0,"ESTADOUNIDENSE":0,"GUATEMALTECA":0,"HONDUREÑA":0,"INGLESA":0,"MEXICANA":1,"NICARAGUENSE":0,"PERUANA":0,"SALVADORENA":0,"SE DESCONOCE":1},"Mujeres":{"BELGA":1,"COLOMBIANA":0,"ECUATORIANA":0,"ESTADOUNIDENSE":2,"GUATEMALTECA":1,"HONDUREÑA":1,"INGLESA":0,"MEXICANA":1044,"NICARAGUENSE":0,"PERUANA":0,"SALVADORENA":2,"SE DESCONOCE":3}}}