{"totales":{"PorcentajeDesaparecidos":"36.34","PorcentajeLocalizados":"63.66","PorcentajeLocalizadosCV":"91.60","PorcentajeLocalizadosSV":"8.40","PorcentajeSoloDesaparecidos":"94.07","PorcentajeSoloNoLocalizados":"5.93","TotalDesaparecidos":"1366","TotalGlobal":"3759","TotalLocalizados":"2393","TotalLocalizadosCV":"2192","TotalLocalizadosSV":"201","TotalSoloDesaparecidos":"1285","TotalSoloNoLocalizados":"81"},"espacial":{"Hombres":{"ARMERÍA":56,"COLIMA":571,"COMALA":32,"COQUIMATLÁN":47,"CUAUHTÉMOC":113,"IXTLAHUACÁN":8,"MANZANILLO":511,"MINATITLÁN":8,"SE DESCONOCE":4,"SIN MUNICIPIO DE REFERENCIA":73,"TECOMÁN":378,"VILLA DE ALVAREZ":246},"Indeterminado":{"ARMERÍA":0,"COLIMA":1,"COMALA":0,"COQUIMATLÁN":0,"CUAUHTÉMOC":0,"IXTLAHUACÁN":0,"MANZANILLO":1,"MINATITLÁN":0,"SE DESCONOCE":0,"SIN MUNICIPIO DE REFERENCIA":0,"TECOMÁN":0,"VILLA DE ALVAREZ":0},"Mujeres":{"ARMERÍA":54,"COLIMA":520,"COMALA":20,"COQUIMATLÁN":40,"CUAUHTÉMOC":64,"IXTLAHUACÁN":4,"MANZANILLO":373,"MINATITLÁN":7,"SE DESCONOCE":4,"SIN MUNICIPIO DE REFERENCIA":59,"TECOMÁN":285,"VILLA DE ALVAREZ":280}},"anual":{"Hombre":{"1.CIFRA SIN  AÑO DE REFERENCIA":594,"1986":1,"1997":1,"2000":0,"2002":1,"2003":1,"2006":2,"2007":0,"2008":4,"2009":1,"2010":18,"2011":31,"2012":78,"2013":196,"2014":208,"2015":58,"2016":115,"2017":328,"2018":169,"2019":42,"2020":115,"2021":84},"Indeterminado":{"1.CIFRA SIN  AÑO DE REFERENCIA":1,"1986":0,"1997":0,"2000":0,"2002":0,"2003":0,"2006":0,"2007":0,"2008":0,"2009":0,"2010":0,"2011":0,"2012":0,"2013":0,"2014":0,"2015":0,"2016":0,"2017":0,"2018":0,"2019":0,"2020":1,"2021":0},"Mujer":{"1.CIFRA SIN  AÑO DE REFERENCIA":379,"1986":0,"1997":0,"2000":1,"2002":0,"2003":1,"2006":1,"2007":1,"2008":1,"2009":2,"2010":3,"2011":15,"2012":77,"2013":224,"2014":269,"2015":82,"2016":115,"2017":274,"2018":96,"2019":21,"2020":98,"2021":50}},"mensual_ultimo_anio":{"Hombre":{"2020-AGOSTO":7,"2020-DICIEMBRE":6,"2020-NOVIEMBRE":6,"2020-OCTUBRE":12,"2020-SEPTIEMBRE":7,"2021-ABRIL":13,"2021-ENERO":11,"2021-FEBRERO":12,"2021-JULIO":9,"2021-JUNIO":10,"2021-MARZO":12,"2021-MAYO":17},"Indeterminado":{"2020-AGOSTO":0,"2020-DICIEMBRE":0,"2020-NOVIEMBRE":0,"2020-OCTUBRE":1,"2020-SEPTIEMBRE":0,"2021-ABRIL":0,"2021-ENERO":0,"2021-FEBRERO":0,"2021-JULIO":0,"2021-JUNIO":0,"2021-MARZO":0,"2021-MAYO":0},"Mujer":{"2020-AGOSTO":5,"2020-DICIEMBRE":4,"2020-NOVIEMBRE":7,"2020-OCTUBRE":4,"2020-SEPTIEMBRE":6,"2021-ABRIL":6,"2021-ENERO":9,"2021-FEBRERO":6,"2021-JULIO":6,"2021-JUNIO":6,"2021-MARZO":8,"2021-MAYO":9}},"por_edad":{"Hombres":{"0":49,"1":8,"10":13,"104":1,"11":11,"12":15,"13":30,"14":53,"15":60,"16":70,"17":50,"18":52,"19":53,"2":5,"20":54,"21":55,"22":59,"23":59,"24":55,"25":47,"26":50,"27":43,"28":52,"29":56,"3":8,"30":57,"31":54,"32":38,"33":51,"34":48,"35":39,"36":40,"37":34,"38":39,"39":30,"4":9,"40":24,"41":20,"42":34,"43":29,"44":29,"45":26,"46":27,"47":19,"48":16,"49":18,"5":13,"50":14,"51":14,"52":12,"53":9,"54":8,"55":12,"56":9,"57":7,"58":2,"59":6,"6":4,"60":10,"61":1,"62":3,"63":4,"64":5,"65":3,"66":1,"67":2,"68":3,"69":2,"7":7,"70":9,"71":5,"72":6,"73":2,"74":3,"75":0,"76":2,"77":2,"78":2,"79":1,"8":6,"80":1,"81":1,"82":1,"84":1,"89":1,"9":11,"90":0,"91":2,"92":1,"SIN EDAD DE REFERENCIA":150},"Indeterminado":{"0":0,"1":0,"10":0,"104":0,"11":0,"12":0,"13":0,"14":0,"15":0,"16":0,"17":0,"18":0,"19":0,"2":0,"20":0,"21":0,"22":0,"23":0,"24":0,"25":0,"26":0,"27":0,"28":0,"29":0,"3":0,"30":0,"31":0,"32":0,"33":0,"34":0,"35":0,"36":0,"37":1,"38":0,"39":0,"4":0,"40":0,"41":0,"42":0,"43":0,"44":0,"45":0,"46":0,"47":0,"48":0,"49":0,"5":0,"50":0,"51":0,"52":0,"53":0,"54":0,"55":0,"56":0,"57":0,"58":0,"59":0,"6":0,"60":0,"61":0,"62":0,"63":0,"64":0,"65":0,"66":0,"67":0,"68":0,"69":0,"7":0,"70":0,"71":0,"72":0,"73":0,"74":0,"75":0,"76":0,"77":0,"78":0,"79":0,"8":0,"80":0,"81":0,"82":0,"84":0,"89":0,"9":0,"90":0,"91":0,"92":0,"SIN EDAD DE REFERENCIA":1},"Mujeres":{"0":41,"1":11,"10":7,"104":0,"11":16,"12":44,"13":109,"14":188,"15":212,"16":185,"17":120,"18":61,"19":34,"2":6,"20":37,"21":47,"22":43,"23":24,"24":29,"25":21,"26":26,"27":17,"28":24,"29":13,"3":9,"30":28,"31":9,"32":9,"33":22,"34":11,"35":8,"36":13,"37":14,"38":16,"39":10,"4":5,"40":8,"41":10,"42":9,"43":6,"44":9,"45":3,"46":12,"47":3,"48":5,"49":0,"5":6,"50":2,"51":1,"52":6,"53":3,"54":7,"55":1,"56":3,"57":0,"58":1,"59":0,"6":6,"60":4,"61":2,"62":3,"63":0,"64":3,"65":3,"66":1,"67":0,"68":1,"69":2,"7":7,"70":0,"71":1,"72":1,"73":0,"74":1,"75":1,"76":0,"77":0,"78":0,"79":0,"8":4,"80":1,"81":0,"82":1,"84":1,"89":0,"9":7,"90":1,"91":0,"92":0,"SIN EDAD DE REFERENCIA":95}},"por_nacionalidad":{"Hombres":{"COLOMBIANA":0,"ESTADOUNIDENSE":7,"HONDUREÑA":1,"MEXICANA":2035,"MOLDAVINA":0,"SE DESCONOCE":4},"Indeterminado":{"COLOMBIANA":0,"ESTADOUNIDENSE":0,"HONDUREÑA":0,"MEXICANA":1,"MOLDAVINA":0,"SE DESCONOCE":1},"Mujeres":{"COLOMBIANA":1,"ESTADOUNIDENSE":9,"HONDUREÑA":1,"MEXICANA":1693,"MOLDAVINA":1,"SE DESCONOCE":5}}}