{"totales":{"PorcentajeDesaparecidos":"14.13","PorcentajeLocalizados":"85.87","PorcentajeLocalizadosCV":"97.71","PorcentajeLocalizadosSV":"2.29","PorcentajeSoloDesaparecidos":"80.04","PorcentajeSoloNoLocalizados":"19.96","TotalDesaparecidos":"481","TotalGlobal":"3404","TotalLocalizados":"2923","TotalLocalizadosCV":"2856","TotalLocalizadosSV":"67","TotalSoloDesaparecidos":"385","TotalSoloNoLocalizados":"96"},"espacial":{"Hombres":{"ACACOYAGUA":1,"ACALA":2,"ACAPETAHUA":0,"ALTAMIRANO":4,"AMATENANGO DE LA FRONTERA":1,"AMATENANGO DEL VALLE":0,"AMATÁN":2,"ANGEL ALBINO CORZO":4,"ARRIAGA":14,"BEJUCAL DE OCAMPO":1,"BELLA VISTA":0,"BENEMÉRITO DE LAS AMÉRICAS":2,"BERRIOZÁBAL":13,"BOCHIL":3,"CACAHOATÁN":1,"CATAZAJÁ":1,"CHALCHIHUITÁN":2,"CHAMULA":5,"CHANAL":2,"CHAPULTENANGO":1,"CHENALHÓ":4,"CHIAPA DE CORZO":22,"CHICOASÉN":0,"CHILÓN":2,"CINTALAPA":6,"COAPILLA":1,"COMITÁN DE DOMÍNGUEZ":13,"COPAINALÁ":0,"EL BOSQUE":0,"ESCUINTLA":7,"FRANCISCO LEÓN":1,"FRONTERA COMALAPA":8,"FRONTERA HIDALGO":4,"HUEHUETÁN":4,"HUITIUPÁN":1,"HUIXTLA":7,"IXHUATÁN":1,"IXTACOMITÁN":0,"IXTAPA":3,"JIQUIPILAS":6,"JITOTOL":0,"JUÁREZ":0,"LA CONCORDIA":2,"LA INDEPENDENCIA":0,"LA TRINITARIA":0,"LARRÁINZAR":3,"LAS MARGARITAS":5,"LAS ROSAS":4,"MAPASTEPEC":6,"MARAVILLA TENEJAPA":0,"MAZAPA DE MADERO":0,"MAZATÁN":3,"METAPA":0,"MOTOZINTLA":2,"OCOSINGO":22,"OCOTEPEC":0,"OCOZOCOAUTLA DE ESPINOSA":25,"OSTUACÁN":5,"OXCHUC":1,"PALENQUE":19,"PANTELHÓ":1,"PICHUCALCO":6,"PIJIJIAPAN":7,"PUEBLO NUEVO SOLISTAHUACÁN":1,"REFORMA":15,"SABANILLA":0,"SALTO DE AGUA":1,"SAN ANDRÉS DURAZNAL":0,"SAN CRISTÓBAL DE LAS CASAS":125,"SAN FERNANDO":7,"SAN LUCAS":1,"SE DESCONOCE":18,"SILTEPEC":1,"SIMOJOVEL":1,"SIN MUNICIPIO DE REFERENCIA":26,"SITALÁ":0,"SOCOLTENANGO":1,"SOYALÓ":0,"SUCHIAPA":9,"SUCHIATE":7,"TAPACHULA":125,"TAPILULA":0,"TECPATÁN":4,"TENEJAPA":2,"TEOPISCA":9,"TILA":6,"TONALÁ":12,"TUMBALÁ":2,"TUXTLA CHICO":4,"TUXTLA GUTIÉRREZ":672,"TUZANTÁN":5,"TZIMOL":0,"UNIÓN JUÁREZ":1,"VENUSTIANO CARRANZA":4,"VILLA COMALTITLÁN":4,"VILLA CORZO":6,"VILLAFLORES":10,"YAJALÓN":5},"Indeterminado":{"ACACOYAGUA":0,"ACALA":0,"ACAPETAHUA":0,"ALTAMIRANO":0,"AMATENANGO DE LA FRONTERA":0,"AMATENANGO DEL VALLE":0,"AMATÁN":0,"ANGEL ALBINO CORZO":0,"ARRIAGA":0,"BEJUCAL DE OCAMPO":0,"BELLA VISTA":0,"BENEMÉRITO DE LAS AMÉRICAS":0,"BERRIOZÁBAL":0,"BOCHIL":0,"CACAHOATÁN":0,"CATAZAJÁ":0,"CHALCHIHUITÁN":0,"CHAMULA":0,"CHANAL":0,"CHAPULTENANGO":0,"CHENALHÓ":0,"CHIAPA DE CORZO":0,"CHICOASÉN":0,"CHILÓN":0,"CINTALAPA":0,"COAPILLA":0,"COMITÁN DE DOMÍNGUEZ":0,"COPAINALÁ":0,"EL BOSQUE":0,"ESCUINTLA":0,"FRANCISCO LEÓN":0,"FRONTERA COMALAPA":0,"FRONTERA HIDALGO":0,"HUEHUETÁN":0,"HUITIUPÁN":0,"HUIXTLA":0,"IXHUATÁN":0,"IXTACOMITÁN":0,"IXTAPA":0,"JIQUIPILAS":0,"JITOTOL":0,"JUÁREZ":0,"LA CONCORDIA":0,"LA INDEPENDENCIA":0,"LA TRINITARIA":0,"LARRÁINZAR":0,"LAS MARGARITAS":0,"LAS ROSAS":0,"MAPASTEPEC":0,"MARAVILLA TENEJAPA":0,"MAZAPA DE MADERO":0,"MAZATÁN":0,"METAPA":0,"MOTOZINTLA":0,"OCOSINGO":0,"OCOTEPEC":0,"OCOZOCOAUTLA DE ESPINOSA":0,"OSTUACÁN":0,"OXCHUC":0,"PALENQUE":0,"PANTELHÓ":0,"PICHUCALCO":0,"PIJIJIAPAN":0,"PUEBLO NUEVO SOLISTAHUACÁN":0,"REFORMA":0,"SABANILLA":0,"SALTO DE AGUA":0,"SAN ANDRÉS DURAZNAL":0,"SAN CRISTÓBAL DE LAS CASAS":0,"SAN FERNANDO":0,"SAN LUCAS":0,"SE DESCONOCE":0,"SILTEPEC":0,"SIMOJOVEL":0,"SIN MUNICIPIO DE REFERENCIA":0,"SITALÁ":0,"SOCOLTENANGO":0,"SOYALÓ":0,"SUCHIAPA":0,"SUCHIATE":0,"TAPACHULA":0,"TAPILULA":0,"TECPATÁN":0,"TENEJAPA":0,"TEOPISCA":0,"TILA":0,"TONALÁ":0,"TUMBALÁ":0,"TUXTLA CHICO":0,"TUXTLA GUTIÉRREZ":0,"TUZANTÁN":0,"TZIMOL":0,"UNIÓN JUÁREZ":0,"VENUSTIANO CARRANZA":0,"VILLA COMALTITLÁN":0,"VILLA CORZO":0,"VILLAFLORES":0,"YAJALÓN":0},"Mujeres":{"ACACOYAGUA":12,"ACALA":7,"ACAPETAHUA":5,"ALTAMIRANO":1,"AMATENANGO DE LA FRONTERA":1,"AMATENANGO DEL VALLE":1,"AMATÁN":0,"ANGEL ALBINO CORZO":2,"ARRIAGA":11,"BEJUCAL DE OCAMPO":0,"BELLA VISTA":1,"BENEMÉRITO DE LAS AMÉRICAS":0,"BERRIOZÁBAL":14,"BOCHIL":4,"CACAHOATÁN":6,"CATAZAJÁ":1,"CHALCHIHUITÁN":3,"CHAMULA":2,"CHANAL":1,"CHAPULTENANGO":1,"CHENALHÓ":1,"CHIAPA DE CORZO":48,"CHICOASÉN":2,"CHILÓN":4,"CINTALAPA":10,"COAPILLA":2,"COMITÁN DE DOMÍNGUEZ":15,"COPAINALÁ":2,"EL BOSQUE":3,"ESCUINTLA":13,"FRANCISCO LEÓN":0,"FRONTERA COMALAPA":7,"FRONTERA HIDALGO":1,"HUEHUETÁN":2,"HUITIUPÁN":2,"HUIXTLA":10,"IXHUATÁN":0,"IXTACOMITÁN":2,"IXTAPA":3,"JIQUIPILAS":5,"JITOTOL":3,"JUÁREZ":4,"LA CONCORDIA":3,"LA INDEPENDENCIA":2,"LA TRINITARIA":1,"LARRÁINZAR":6,"LAS MARGARITAS":2,"LAS ROSAS":7,"MAPASTEPEC":19,"MARAVILLA TENEJAPA":1,"MAZAPA DE MADERO":1,"MAZATÁN":5,"METAPA":2,"MOTOZINTLA":4,"OCOSINGO":13,"OCOTEPEC":1,"OCOZOCOAUTLA DE ESPINOSA":20,"OSTUACÁN":2,"OXCHUC":1,"PALENQUE":22,"PANTELHÓ":0,"PICHUCALCO":16,"PIJIJIAPAN":15,"PUEBLO NUEVO SOLISTAHUACÁN":1,"REFORMA":12,"SABANILLA":1,"SALTO DE AGUA":2,"SAN ANDRÉS DURAZNAL":1,"SAN CRISTÓBAL DE LAS CASAS":152,"SAN FERNANDO":11,"SAN LUCAS":2,"SE DESCONOCE":18,"SILTEPEC":1,"SIMOJOVEL":1,"SIN MUNICIPIO DE REFERENCIA":17,"SITALÁ":1,"SOCOLTENANGO":0,"SOYALÓ":1,"SUCHIAPA":14,"SUCHIATE":12,"TAPACHULA":184,"TAPILULA":3,"TECPATÁN":5,"TENEJAPA":2,"TEOPISCA":8,"TILA":2,"TONALÁ":23,"TUMBALÁ":0,"TUXTLA CHICO":14,"TUXTLA GUTIÉRREZ":1161,"TUZANTÁN":5,"TZIMOL":1,"UNIÓN JUÁREZ":1,"VENUSTIANO CARRANZA":6,"VILLA COMALTITLÁN":9,"VILLA CORZO":7,"VILLAFLORES":23,"YAJALÓN":4}},"anual":{"Hombre":{"1.CIFRA SIN  AÑO DE REFERENCIA":24,"1974":7,"1983":0,"1986":0,"1992":1,"1994":4,"1995":1,"2001":0,"2002":0,"2003":1,"2004":0,"2005":1,"2006":1,"2007":2,"2008":3,"2009":69,"2010":92,"2011":88,"2012":69,"2013":118,"2014":185,"2015":72,"2016":66,"2017":55,"2018":108,"2019":115,"2020":209,"2021":53},"Indeterminado":{"1.CIFRA SIN  AÑO DE REFERENCIA":0,"1974":0,"1983":0,"1986":0,"1992":0,"1994":0,"1995":0,"2001":0,"2002":0,"2003":0,"2004":0,"2005":0,"2006":0,"2007":0,"2008":0,"2009":0,"2010":0,"2011":0,"2012":0,"2013":0,"2014":0,"2015":0,"2016":0,"2017":0,"2018":0,"2019":0,"2020":0,"2021":0},"Mujer":{"1.CIFRA SIN  AÑO DE REFERENCIA":10,"1974":1,"1983":1,"1986":1,"1992":0,"1994":0,"1995":0,"2001":1,"2002":2,"2003":0,"2004":1,"2005":0,"2006":2,"2007":0,"2008":2,"2009":167,"2010":187,"2011":160,"2012":121,"2013":248,"2014":354,"2015":139,"2016":73,"2017":57,"2018":106,"2019":113,"2020":255,"2021":59}},"mensual_ultimo_anio":{"Hombre":{"2020-AGOSTO":24,"2020-DICIEMBRE":0,"2020-JULIO":17,"2020-NOVIEMBRE":19,"2020-OCTUBRE":16,"2020-SEPTIEMBRE":23,"2021-ABRIL":23,"2021-ENERO":2,"2021-FEBRERO":4,"2021-JULIO":1,"2021-MARZO":23,"2021-MAYO":0},"Indeterminado":{"2020-AGOSTO":0,"2020-DICIEMBRE":0,"2020-JULIO":0,"2020-NOVIEMBRE":0,"2020-OCTUBRE":0,"2020-SEPTIEMBRE":0,"2021-ABRIL":0,"2021-ENERO":0,"2021-FEBRERO":0,"2021-JULIO":0,"2021-MARZO":0,"2021-MAYO":0},"Mujer":{"2020-AGOSTO":38,"2020-DICIEMBRE":2,"2020-JULIO":23,"2020-NOVIEMBRE":11,"2020-OCTUBRE":32,"2020-SEPTIEMBRE":46,"2021-ABRIL":24,"2021-ENERO":1,"2021-FEBRERO":5,"2021-JULIO":1,"2021-MARZO":27,"2021-MAYO":1}},"por_edad":{"Hombres":{"0":7,"1":24,"10":15,"11":24,"12":30,"13":31,"14":29,"15":46,"16":56,"17":57,"18":36,"19":30,"2":20,"20":27,"21":34,"22":23,"23":32,"24":22,"25":18,"26":32,"27":39,"28":32,"29":17,"3":19,"30":15,"31":21,"32":27,"33":22,"34":23,"35":23,"36":19,"37":18,"38":21,"39":17,"4":23,"40":17,"41":9,"42":14,"43":13,"44":18,"45":16,"46":14,"47":6,"48":14,"49":7,"5":23,"50":16,"51":15,"52":6,"53":11,"54":7,"55":11,"56":5,"57":6,"58":1,"59":5,"6":17,"60":3,"61":6,"62":3,"63":2,"64":7,"65":5,"66":3,"67":4,"68":1,"69":4,"7":13,"70":3,"71":3,"72":2,"73":3,"74":5,"75":1,"76":5,"77":2,"78":2,"79":3,"8":18,"80":2,"81":1,"82":2,"83":1,"84":1,"85":3,"86":2,"87":0,"88":1,"89":1,"9":26,"91":1,"93":1,"97":0,"SIN EDAD DE REFERENCIA":24},"Indeterminado":{"0":0,"1":0,"10":0,"11":0,"12":0,"13":0,"14":0,"15":0,"16":0,"17":0,"18":0,"19":0,"2":0,"20":0,"21":0,"22":0,"23":0,"24":0,"25":0,"26":0,"27":0,"28":0,"29":0,"3":0,"30":0,"31":0,"32":0,"33":0,"34":0,"35":0,"36":0,"37":0,"38":0,"39":0,"4":0,"40":0,"41":0,"42":0,"43":0,"44":0,"45":0,"46":0,"47":0,"48":0,"49":0,"5":0,"50":0,"51":0,"52":0,"53":0,"54":0,"55":0,"56":0,"57":0,"58":0,"59":0,"6":0,"60":0,"61":0,"62":0,"63":0,"64":0,"65":0,"66":0,"67":0,"68":0,"69":0,"7":0,"70":0,"71":0,"72":0,"73":0,"74":0,"75":0,"76":0,"77":0,"78":0,"79":0,"8":0,"80":0,"81":0,"82":0,"83":0,"84":0,"85":0,"86":0,"87":0,"88":0,"89":0,"9":0,"91":0,"93":0,"97":0,"SIN EDAD DE REFERENCIA":0},"Mujeres":{"0":23,"1":10,"10":10,"11":23,"12":48,"13":88,"14":140,"15":198,"16":222,"17":165,"18":143,"19":109,"2":19,"20":98,"21":89,"22":61,"23":45,"24":33,"25":39,"26":21,"27":27,"28":21,"29":21,"3":26,"30":22,"31":18,"32":14,"33":14,"34":16,"35":13,"36":9,"37":11,"38":10,"39":10,"4":20,"40":7,"41":5,"42":5,"43":8,"44":10,"45":4,"46":0,"47":2,"48":4,"49":2,"5":28,"50":4,"51":5,"52":0,"53":3,"54":6,"55":1,"56":0,"57":3,"58":1,"59":2,"6":14,"60":0,"61":1,"62":1,"63":1,"64":0,"65":0,"66":2,"67":0,"68":1,"69":2,"7":11,"70":1,"71":1,"72":1,"73":3,"74":1,"75":0,"76":1,"77":1,"78":2,"79":1,"8":20,"80":0,"81":0,"82":3,"83":1,"84":1,"85":2,"86":1,"87":1,"88":0,"89":0,"9":17,"91":0,"93":0,"97":1,"SIN EDAD DE REFERENCIA":32}},"por_nacionalidad":{"Hombres":{"BRASILENA":0,"COLOMBIANA":3,"CUBANA":0,"ESTADOUNIDENSE":4,"ESTONIO":1,"GUATEMALTECA":31,"HONDUREÑA":16,"MEXICANA":1261,"NICARAGUENSE":4,"SALVADORENA":9,"SE DESCONOCE":13,"SIN NACIONALIDAD DE REFERENCIA":2},"Indeterminado":{"BRASILENA":0,"COLOMBIANA":0,"CUBANA":0,"ESTADOUNIDENSE":0,"ESTONIO":0,"GUATEMALTECA":0,"HONDUREÑA":0,"MEXICANA":0,"NICARAGUENSE":0,"SALVADORENA":0,"SE DESCONOCE":0,"SIN NACIONALIDAD DE REFERENCIA":0},"Mujeres":{"BRASILENA":1,"COLOMBIANA":0,"CUBANA":3,"ESTADOUNIDENSE":1,"ESTONIO":0,"GUATEMALTECA":35,"HONDUREÑA":28,"MEXICANA":1980,"NICARAGUENSE":2,"SALVADORENA":8,"SE DESCONOCE":1,"SIN NACIONALIDAD DE REFERENCIA":1}}}