{"totales":{"PorcentajeDesaparecidos":"27.91","PorcentajeLocalizados":"72.09","PorcentajeLocalizadosCV":"91.46","PorcentajeLocalizadosSV":"8.54","PorcentajeSoloDesaparecidos":"67.55","PorcentajeSoloNoLocalizados":"32.45","TotalDesaparecidos":"3439","TotalGlobal":"12322","TotalLocalizados":"8883","TotalLocalizadosCV":"8124","TotalLocalizadosSV":"759","TotalSoloDesaparecidos":"2323","TotalSoloNoLocalizados":"1116"},"espacial":{"Hombres":{"AHUMADA":14,"ALDAMA":43,"ALLENDE":9,"AQUILES SERDÁN":2,"ASCENSIÓN":66,"BACHÍNIVA":3,"BALLEZA":22,"BATOPILAS":14,"BOCOYNA":54,"BUENAVENTURA":55,"CAMARGO":47,"CARICHÍ":9,"CASAS GRANDES":16,"CHIHUAHUA":1422,"CHÍNIPAS":18,"COYAME DEL SOTOL":1,"CUAUHTÉMOC":995,"CUSIHUIRIACHI":6,"DELICIAS":153,"GUACHOCHI":30,"GUADALUPE":31,"GUADALUPE Y CALVO":46,"GUAZAPARES":12,"GUERRERO":42,"GÓMEZ FARÍAS":21,"HIDALGO DEL PARRAL":285,"IGNACIO ZARAGOZA":4,"JANOS":17,"JIMÉNEZ":47,"JULIMES":4,"JUÁREZ":3330,"MADERA":142,"MATACHÍ":6,"MATAMOROS":3,"MEOQUI":54,"MORELOS":3,"NAMIQUIPA":19,"NONOAVA":2,"NUEVO CASAS GRANDES":193,"OCAMPO":8,"OJINAGA":124,"PRAXEDIS G. GUERRERO":39,"RIVA PALACIO":2,"ROSALES":4,"ROSARIO":1,"SAN FRANCISCO DE CONCHOS":2,"SAN FRANCISCO DEL ORO":3,"SANTA BÁRBARA":6,"SANTA ISABEL":2,"SATEVÓ":2,"SAUCILLO":18,"SE DESCONOCE":443,"SIN MUNICIPIO DE REFERENCIA":71,"TEMÓSACHI":4,"URIQUE":37,"URUACHI":2,"VALLE DE ZARAGOZA":4},"Indeterminado":{"AHUMADA":0,"ALDAMA":0,"ALLENDE":0,"AQUILES SERDÁN":0,"ASCENSIÓN":0,"BACHÍNIVA":0,"BALLEZA":0,"BATOPILAS":0,"BOCOYNA":0,"BUENAVENTURA":0,"CAMARGO":0,"CARICHÍ":0,"CASAS GRANDES":0,"CHIHUAHUA":1,"CHÍNIPAS":0,"COYAME DEL SOTOL":0,"CUAUHTÉMOC":0,"CUSIHUIRIACHI":0,"DELICIAS":0,"GUACHOCHI":0,"GUADALUPE":0,"GUADALUPE Y CALVO":0,"GUAZAPARES":0,"GUERRERO":0,"GÓMEZ FARÍAS":0,"HIDALGO DEL PARRAL":0,"IGNACIO ZARAGOZA":0,"JANOS":0,"JIMÉNEZ":0,"JULIMES":0,"JUÁREZ":0,"MADERA":0,"MATACHÍ":0,"MATAMOROS":0,"MEOQUI":0,"MORELOS":0,"NAMIQUIPA":0,"NONOAVA":0,"NUEVO CASAS GRANDES":0,"OCAMPO":0,"OJINAGA":0,"PRAXEDIS G. GUERRERO":0,"RIVA PALACIO":0,"ROSALES":0,"ROSARIO":0,"SAN FRANCISCO DE CONCHOS":0,"SAN FRANCISCO DEL ORO":0,"SANTA BÁRBARA":0,"SANTA ISABEL":0,"SATEVÓ":0,"SAUCILLO":0,"SE DESCONOCE":0,"SIN MUNICIPIO DE REFERENCIA":3,"TEMÓSACHI":0,"URIQUE":0,"URUACHI":0,"VALLE DE ZARAGOZA":0},"Mujeres":{"AHUMADA":8,"ALDAMA":9,"ALLENDE":0,"AQUILES SERDÁN":0,"ASCENSIÓN":9,"BACHÍNIVA":1,"BALLEZA":1,"BATOPILAS":13,"BOCOYNA":17,"BUENAVENTURA":12,"CAMARGO":32,"CARICHÍ":2,"CASAS GRANDES":5,"CHIHUAHUA":989,"CHÍNIPAS":2,"COYAME DEL SOTOL":1,"CUAUHTÉMOC":270,"CUSIHUIRIACHI":2,"DELICIAS":87,"GUACHOCHI":27,"GUADALUPE":5,"GUADALUPE Y CALVO":2,"GUAZAPARES":1,"GUERRERO":13,"GÓMEZ FARÍAS":1,"HIDALGO DEL PARRAL":140,"IGNACIO ZARAGOZA":0,"JANOS":3,"JIMÉNEZ":28,"JULIMES":0,"JUÁREZ":1669,"MADERA":8,"MATACHÍ":0,"MATAMOROS":1,"MEOQUI":21,"MORELOS":0,"NAMIQUIPA":2,"NONOAVA":2,"NUEVO CASAS GRANDES":59,"OCAMPO":2,"OJINAGA":18,"PRAXEDIS G. GUERRERO":1,"RIVA PALACIO":0,"ROSALES":2,"ROSARIO":0,"SAN FRANCISCO DE CONCHOS":0,"SAN FRANCISCO DEL ORO":0,"SANTA BÁRBARA":2,"SANTA ISABEL":4,"SATEVÓ":0,"SAUCILLO":4,"SE DESCONOCE":799,"SIN MUNICIPIO DE REFERENCIA":21,"TEMÓSACHI":5,"URIQUE":4,"URUACHI":1,"VALLE DE ZARAGOZA":1}},"anual":{"Hombre":{"1.CIFRA SIN  AÑO DE REFERENCIA":93,"1972":1,"1976":2,"1977":5,"1978":3,"1979":1,"1980":1,"1982":1,"1986":2,"1989":0,"1990":1,"1991":1,"1993":1,"1994":1,"1995":1,"1996":4,"1997":7,"1998":5,"1999":4,"2000":4,"2001":7,"2002":14,"2003":8,"2004":10,"2005":18,"2006":29,"2007":116,"2008":127,"2009":201,"2010":312,"2011":350,"2012":378,"2013":582,"2014":1159,"2015":808,"2016":767,"2017":1226,"2018":1365,"2019":350,"2020":27,"2021":20},"Indeterminado":{"1.CIFRA SIN  AÑO DE REFERENCIA":4,"1972":0,"1976":0,"1977":0,"1978":0,"1979":0,"1980":0,"1982":0,"1986":0,"1989":0,"1990":0,"1991":0,"1993":0,"1994":0,"1995":0,"1996":0,"1997":0,"1998":0,"1999":0,"2000":0,"2001":0,"2002":0,"2003":0,"2004":0,"2005":0,"2006":0,"2007":0,"2008":0,"2009":0,"2010":0,"2011":0,"2012":0,"2013":0,"2014":0,"2015":0,"2016":0,"2017":0,"2018":0,"2019":0,"2020":0,"2021":0},"Mujer":{"1.CIFRA SIN  AÑO DE REFERENCIA":32,"1972":0,"1976":0,"1977":1,"1978":2,"1979":1,"1980":0,"1982":0,"1986":0,"1989":1,"1990":0,"1991":0,"1993":0,"1994":0,"1995":3,"1996":4,"1997":1,"1998":3,"1999":0,"2000":3,"2001":1,"2002":4,"2003":2,"2004":1,"2005":2,"2006":10,"2007":8,"2008":24,"2009":42,"2010":55,"2011":76,"2012":29,"2013":59,"2014":897,"2015":546,"2016":480,"2017":908,"2018":962,"2019":139,"2020":7,"2021":3}},"mensual_ultimo_anio":{"Hombre":{"2020-AGOSTO":4,"2020-DICIEMBRE":2,"2020-NOVIEMBRE":5,"2020-OCTUBRE":3,"2020-SEPTIEMBRE":3,"2021-ABRIL":0,"2021-ENERO":3,"2021-FEBRERO":4,"2021-JULIO":1,"2021-JUNIO":7,"2021-MARZO":2,"2021-MAYO":3},"Indeterminado":{"2020-AGOSTO":0,"2020-DICIEMBRE":0,"2020-NOVIEMBRE":0,"2020-OCTUBRE":0,"2020-SEPTIEMBRE":0,"2021-ABRIL":0,"2021-ENERO":0,"2021-FEBRERO":0,"2021-JULIO":0,"2021-JUNIO":0,"2021-MARZO":0,"2021-MAYO":0},"Mujer":{"2020-AGOSTO":0,"2020-DICIEMBRE":0,"2020-NOVIEMBRE":1,"2020-OCTUBRE":1,"2020-SEPTIEMBRE":0,"2021-ABRIL":2,"2021-ENERO":0,"2021-FEBRERO":0,"2021-JULIO":0,"2021-JUNIO":0,"2021-MARZO":1,"2021-MAYO":0}},"por_edad":{"Hombres":{"0":20,"1":13,"10":49,"11":62,"12":105,"13":176,"14":236,"15":309,"16":358,"17":301,"18":203,"19":200,"2":4,"20":196,"21":207,"22":192,"23":197,"24":181,"25":158,"26":170,"27":185,"28":180,"29":171,"3":8,"30":228,"31":142,"32":152,"33":188,"34":160,"35":154,"36":153,"37":166,"38":136,"39":139,"4":13,"40":147,"41":116,"42":122,"43":104,"44":109,"45":99,"46":102,"47":98,"48":84,"49":60,"5":14,"50":94,"51":61,"52":69,"53":66,"54":57,"55":55,"56":67,"57":38,"58":52,"59":35,"6":9,"60":42,"61":37,"62":27,"63":39,"64":22,"65":31,"66":15,"67":21,"68":24,"69":16,"7":21,"70":26,"71":12,"72":21,"73":25,"74":15,"75":18,"76":18,"77":13,"78":21,"79":18,"8":26,"80":8,"81":4,"82":11,"83":11,"84":7,"85":4,"86":7,"87":6,"88":5,"89":5,"9":38,"90":3,"91":3,"92":3,"94":0,"98":1,"SIN EDAD DE REFERENCIA":218},"Indeterminado":{"0":0,"1":0,"10":0,"11":0,"12":0,"13":0,"14":0,"15":0,"16":0,"17":0,"18":0,"19":0,"2":0,"20":0,"21":0,"22":0,"23":0,"24":0,"25":0,"26":0,"27":0,"28":0,"29":0,"3":0,"30":1,"31":0,"32":0,"33":0,"34":0,"35":0,"36":0,"37":1,"38":0,"39":0,"4":0,"40":0,"41":0,"42":1,"43":0,"44":1,"45":0,"46":0,"47":0,"48":0,"49":0,"5":0,"50":0,"51":0,"52":0,"53":0,"54":0,"55":0,"56":0,"57":0,"58":0,"59":0,"6":0,"60":0,"61":0,"62":0,"63":0,"64":0,"65":0,"66":0,"67":0,"68":0,"69":0,"7":0,"70":0,"71":0,"72":0,"73":0,"74":0,"75":0,"76":0,"77":0,"78":0,"79":0,"8":0,"80":0,"81":0,"82":0,"83":0,"84":0,"85":0,"86":0,"87":0,"88":0,"89":0,"9":0,"90":0,"91":0,"92":0,"94":0,"98":0,"SIN EDAD DE REFERENCIA":0},"Mujeres":{"0":22,"1":14,"10":16,"11":40,"12":132,"13":360,"14":540,"15":671,"16":576,"17":338,"18":180,"19":102,"2":16,"20":91,"21":77,"22":79,"23":61,"24":62,"25":57,"26":61,"27":49,"28":42,"29":39,"3":10,"30":35,"31":40,"32":32,"33":32,"34":32,"35":34,"36":25,"37":25,"38":16,"39":19,"4":6,"40":21,"41":19,"42":17,"43":18,"44":29,"45":11,"46":14,"47":7,"48":9,"49":3,"5":11,"50":5,"51":4,"52":10,"53":7,"54":5,"55":8,"56":7,"57":9,"58":9,"59":7,"6":7,"60":4,"61":5,"62":5,"63":2,"64":4,"65":4,"66":2,"67":4,"68":3,"69":1,"7":13,"70":6,"71":2,"72":1,"73":3,"74":2,"75":3,"76":6,"77":2,"78":0,"79":0,"8":10,"80":0,"81":2,"82":2,"83":1,"84":1,"85":0,"86":1,"87":0,"88":0,"89":1,"9":10,"90":0,"91":0,"92":1,"94":1,"98":0,"SIN EDAD DE REFERENCIA":36}},"por_nacionalidad":{"Hombres":{"AFGANA":1,"BRASILENA":0,"BULGARA":3,"COLOMBIANA":3,"DOMINICANA":0,"ECUATORIANA":1,"ESTADOUNIDENSE":73,"GUATEMALTECA":15,"HONDUREÑA":3,"ITALIANA":1,"LEICHTENSTEIN":1,"MEXICANA":7833,"PANAMENA":1,"SALVADORENA":2,"SE DESCONOCE":73,"SIN NACIONALIDAD DE REFERENCIA":1,"VENEZOLANA":1},"Indeterminado":{"AFGANA":0,"BRASILENA":0,"BULGARA":0,"COLOMBIANA":0,"DOMINICANA":0,"ECUATORIANA":0,"ESTADOUNIDENSE":0,"GUATEMALTECA":0,"HONDUREÑA":0,"ITALIANA":0,"LEICHTENSTEIN":0,"MEXICANA":3,"PANAMENA":0,"SALVADORENA":0,"SE DESCONOCE":1,"SIN NACIONALIDAD DE REFERENCIA":0,"VENEZOLANA":0},"Mujeres":{"AFGANA":0,"BRASILENA":1,"BULGARA":16,"COLOMBIANA":0,"DOMINICANA":1,"ECUATORIANA":2,"ESTADOUNIDENSE":87,"GUATEMALTECA":2,"HONDUREÑA":2,"ITALIANA":0,"LEICHTENSTEIN":0,"MEXICANA":4118,"PANAMENA":0,"SALVADORENA":2,"SE DESCONOCE":66,"SIN NACIONALIDAD DE REFERENCIA":9,"VENEZOLANA":0}}}