{"totales":{"PorcentajeDesaparecidos":"85.90","PorcentajeLocalizados":"14.10","PorcentajeLocalizadosCV":"60.61","PorcentajeLocalizadosSV":"39.39","PorcentajeSoloDesaparecidos":"99.00","PorcentajeSoloNoLocalizados":"1.00","TotalDesaparecidos":"201","TotalGlobal":"234","TotalLocalizados":"33","TotalLocalizadosCV":"20","TotalLocalizadosSV":"13","TotalSoloDesaparecidos":"199","TotalSoloNoLocalizados":"02"},"espacial":{"Hombre":{"BAJA CALIFORNIA SUR":1,"CHIAPAS":1,"CIUDAD DE MEXICO":1,"COAHUILA":26,"COLIMA":1,"DURANGO":2,"GUANAJUATO":4,"GUERRERO":10,"JALISCO":13,"MICHOACAN ":2,"MORELOS":2,"NAYARIT":2,"QUINTANA ROO":5,"SINALOA":115,"SONORA":3,"TAMAULIPAS":1,"VERACRUZ ":9,"ZACATECAS":14},"Indeterminado":{"BAJA CALIFORNIA SUR":0,"CHIAPAS":0,"CIUDAD DE MEXICO":1,"COAHUILA":0,"COLIMA":0,"DURANGO":0,"GUANAJUATO":2,"GUERRERO":0,"JALISCO":0,"MICHOACAN ":0,"MORELOS":0,"NAYARIT":0,"QUINTANA ROO":0,"SINALOA":0,"SONORA":0,"TAMAULIPAS":0,"VERACRUZ ":0,"ZACATECAS":0},"Mujer":{"BAJA CALIFORNIA SUR":0,"CHIAPAS":0,"CIUDAD DE MEXICO":0,"COAHUILA":2,"COLIMA":0,"DURANGO":0,"GUANAJUATO":2,"GUERRERO":4,"JALISCO":0,"MICHOACAN ":0,"MORELOS":0,"NAYARIT":0,"QUINTANA ROO":3,"SINALOA":5,"SONORA":0,"TAMAULIPAS":0,"VERACRUZ ":1,"ZACATECAS":2}},"anual":{"Hombre":{"1.CIFRA SIN  AÑO DE REFERENCIA":32,"1993":1,"2007":2,"2008":3,"2009":9,"2010":4,"2011":4,"2012":4,"2013":4,"2014":5,"2015":2,"2016":6,"2017":4,"2018":9,"2019":28,"2020":42,"2021":53},"Indeterminado":{"1.CIFRA SIN  AÑO DE REFERENCIA":0,"1993":0,"2007":0,"2008":0,"2009":0,"2010":0,"2011":0,"2012":0,"2013":0,"2014":0,"2015":0,"2016":0,"2017":2,"2018":0,"2019":0,"2020":0,"2021":1},"Mujer":{"1.CIFRA SIN  AÑO DE REFERENCIA":0,"1993":0,"2007":0,"2008":0,"2009":1,"2010":0,"2011":2,"2012":1,"2013":0,"2014":0,"2015":1,"2016":0,"2017":0,"2018":0,"2019":7,"2020":4,"2021":3}},"mensual_ultimo_anio":{"Hombre":{"2020-DICIEMBRE":5,"2020-NOVIEMBRE":6,"2020-OCTUBRE":3,"2020-SEPTIEMBRE":6,"2021-ABRIL":1,"2021-AGOSTO":1,"2021-ENERO":5,"2021-FEBRERO":7,"2021-JULIO":6,"2021-JUNIO":17,"2021-MARZO":7,"2021-MAYO":9},"Indeterminado":{"2020-DICIEMBRE":0,"2020-NOVIEMBRE":0,"2020-OCTUBRE":0,"2020-SEPTIEMBRE":0,"2021-ABRIL":0,"2021-AGOSTO":0,"2021-ENERO":0,"2021-FEBRERO":0,"2021-JULIO":0,"2021-JUNIO":0,"2021-MARZO":0,"2021-MAYO":1},"Mujer":{"2020-DICIEMBRE":2,"2020-NOVIEMBRE":0,"2020-OCTUBRE":0,"2020-SEPTIEMBRE":1,"2021-ABRIL":0,"2021-AGOSTO":0,"2021-ENERO":1,"2021-FEBRERO":0,"2021-JULIO":0,"2021-JUNIO":0,"2021-MARZO":2,"2021-MAYO":0}},"por_edad":{"Hombres":{"14":1,"16":1,"17":2,"18":4,"19":4,"20":3,"21":3,"22":15,"23":7,"24":7,"25":7,"26":5,"27":8,"28":5,"29":5,"30":12,"31":4,"32":10,"33":5,"34":2,"35":6,"36":10,"37":8,"38":5,"39":5,"40":4,"41":3,"42":5,"43":4,"44":3,"45":2,"46":3,"47":6,"48":1,"49":4,"50":3,"51":1,"52":1,"53":2,"54":2,"55":2,"56":0,"58":2,"60":2,"61":1,"63":1,"64":1,"65":1,"66":1,"67":2,"SIN EDAD DE REFERENCIA":11},"Indeterminado":{"14":0,"16":0,"17":0,"18":0,"19":0,"20":0,"21":0,"22":0,"23":0,"24":0,"25":0,"26":0,"27":0,"28":0,"29":0,"30":0,"31":1,"32":0,"33":0,"34":0,"35":0,"36":0,"37":0,"38":0,"39":0,"40":0,"41":0,"42":0,"43":0,"44":0,"45":0,"46":0,"47":0,"48":0,"49":1,"50":0,"51":0,"52":0,"53":0,"54":0,"55":0,"56":1,"58":0,"60":0,"61":0,"63":0,"64":0,"65":0,"66":0,"67":0,"SIN EDAD DE REFERENCIA":0},"Mujeres":{"14":1,"16":0,"17":1,"18":0,"19":0,"20":2,"21":2,"22":0,"23":2,"24":0,"25":2,"26":1,"27":1,"28":0,"29":1,"30":0,"31":1,"32":0,"33":0,"34":1,"35":1,"36":0,"37":0,"38":0,"39":0,"40":0,"41":0,"42":0,"43":0,"44":3,"45":0,"46":0,"47":0,"48":0,"49":0,"50":0,"51":0,"52":0,"53":0,"54":0,"55":0,"56":0,"58":0,"60":0,"61":0,"63":0,"64":0,"65":0,"66":0,"67":0,"SIN EDAD DE REFERENCIA":0}},"por_nacionalidad":{"Hombres":{"COLOMBIANA":2,"CUBANA":5,"MEXICANA":195,"PERUANA":3,"SE DESCONOCE":7},"Indeterminado":{"COLOMBIANA":0,"CUBANA":0,"MEXICANA":3,"PERUANA":0,"SE DESCONOCE":0},"Mujeres":{"COLOMBIANA":0,"CUBANA":3,"MEXICANA":15,"PERUANA":0,"SE DESCONOCE":1}}}