{"totales":{"PorcentajeDesaparecidos":"65.73","PorcentajeLocalizados":"34.27","PorcentajeLocalizadosCV":"84.43","PorcentajeLocalizadosSV":"15.57","PorcentajeSoloDesaparecidos":"90.63","PorcentajeSoloNoLocalizados":"9.37","TotalDesaparecidos":"8487","TotalGlobal":"12911","TotalLocalizados":"4424","TotalLocalizadosCV":"3735","TotalLocalizadosSV":"689","TotalSoloDesaparecidos":"7692","TotalSoloNoLocalizados":"795"},"espacial":{"Hombre":{"BAJA CALIFORNIA":1,"BAJA CALIFORNIA SUR":168,"CHIAPAS":6,"CHIHUAHUA":81,"CIUDAD DE MEXICO":1,"COAHUILA":168,"COLIMA":7,"ESTADO DE MEXICO":168,"GUANAJUATO":1122,"GUERRERO":8,"HIDALGO":1,"JALISCO":4109,"MICHOACAN ":39,"MORELOS":21,"NAYARIT":40,"NUEVO LEON":350,"OAXACA":62,"PUEBLA":26,"QUERETARO ":56,"QUINTANA ROO":3,"SE DESCONOCE":5,"SINALOA":1677,"SONORA":1,"TAMAULIPAS":794,"VERACRUZ ":338,"ZACATECAS":46},"Indeterminado":{"BAJA CALIFORNIA":0,"BAJA CALIFORNIA SUR":1,"CHIAPAS":0,"CHIHUAHUA":0,"CIUDAD DE MEXICO":0,"COAHUILA":0,"COLIMA":0,"ESTADO DE MEXICO":0,"GUANAJUATO":217,"GUERRERO":0,"HIDALGO":0,"JALISCO":0,"MICHOACAN ":0,"MORELOS":0,"NAYARIT":0,"NUEVO LEON":0,"OAXACA":0,"PUEBLA":0,"QUERETARO ":0,"QUINTANA ROO":0,"SE DESCONOCE":0,"SINALOA":0,"SONORA":0,"TAMAULIPAS":0,"VERACRUZ ":0,"ZACATECAS":0},"Mujer":{"BAJA CALIFORNIA":1,"BAJA CALIFORNIA SUR":37,"CHIAPAS":7,"CHIHUAHUA":8,"CIUDAD DE MEXICO":3,"COAHUILA":40,"COLIMA":4,"ESTADO DE MEXICO":189,"GUANAJUATO":252,"GUERRERO":2,"HIDALGO":1,"JALISCO":1931,"MICHOACAN ":10,"MORELOS":17,"NAYARIT":23,"NUEVO LEON":213,"OAXACA":76,"PUEBLA":12,"QUERETARO ":22,"QUINTANA ROO":4,"SE DESCONOCE":0,"SINALOA":242,"SONORA":0,"TAMAULIPAS":219,"VERACRUZ ":78,"ZACATECAS":4}},"anual":{"Hombre":{"1.CIFRA SIN  AÑO DE REFERENCIA":422,"1968":1,"1977":0,"1984":1,"1993":1,"1994":2,"1995":2,"1998":2,"1999":2,"2000":3,"2001":6,"2002":15,"2003":26,"2004":20,"2005":24,"2006":30,"2007":16,"2008":55,"2009":55,"2010":112,"2011":106,"2012":161,"2013":212,"2014":248,"2015":362,"2016":374,"2017":584,"2018":1393,"2019":2977,"2020":1856,"2021":230},"Indeterminado":{"1.CIFRA SIN  AÑO DE REFERENCIA":0,"1968":0,"1977":0,"1984":0,"1993":0,"1994":0,"1995":0,"1998":0,"1999":0,"2000":0,"2001":0,"2002":0,"2003":0,"2004":0,"2005":0,"2006":0,"2007":0,"2008":0,"2009":0,"2010":0,"2011":0,"2012":0,"2013":1,"2014":1,"2015":3,"2016":6,"2017":28,"2018":59,"2019":100,"2020":20,"2021":0},"Mujer":{"1.CIFRA SIN  AÑO DE REFERENCIA":266,"1968":0,"1977":1,"1984":0,"1993":0,"1994":0,"1995":0,"1998":0,"1999":0,"2000":0,"2001":3,"2002":5,"2003":11,"2004":12,"2005":11,"2006":13,"2007":4,"2008":6,"2009":5,"2010":18,"2011":40,"2012":49,"2013":36,"2014":56,"2015":55,"2016":89,"2017":149,"2018":424,"2019":1306,"2020":728,"2021":108}},"mensual_ultimo_anio":{"Hombre":{"2020-AGOSTO":111,"2020-DICIEMBRE":19,"2020-JULIO":109,"2020-JUNIO":142,"2020-NOVIEMBRE":111,"2020-OCTUBRE":86,"2020-SEPTIEMBRE":59,"2021-ABRIL":12,"2021-ENERO":43,"2021-FEBRERO":64,"2021-MARZO":57,"2021-MAYO":54},"Indeterminado":{"2020-AGOSTO":0,"2020-DICIEMBRE":0,"2020-JULIO":5,"2020-JUNIO":5,"2020-NOVIEMBRE":0,"2020-OCTUBRE":0,"2020-SEPTIEMBRE":0,"2021-ABRIL":0,"2021-ENERO":0,"2021-FEBRERO":0,"2021-MARZO":0,"2021-MAYO":0},"Mujer":{"2020-AGOSTO":45,"2020-DICIEMBRE":5,"2020-JULIO":61,"2020-JUNIO":66,"2020-NOVIEMBRE":50,"2020-OCTUBRE":54,"2020-SEPTIEMBRE":16,"2021-ABRIL":5,"2021-ENERO":11,"2021-FEBRERO":40,"2021-MARZO":33,"2021-MAYO":19}},"por_edad":{"Hombres":{"0":1,"1":26,"10":32,"11":38,"12":33,"120":1,"13":50,"14":70,"15":118,"16":137,"17":162,"18":198,"19":231,"2":27,"20":267,"21":250,"22":290,"23":293,"24":315,"25":340,"26":281,"27":320,"28":295,"29":299,"3":30,"30":324,"31":265,"32":257,"33":271,"34":287,"35":219,"36":214,"37":238,"38":214,"39":186,"4":22,"40":193,"41":192,"42":179,"43":163,"44":134,"45":129,"46":140,"47":134,"48":117,"49":85,"5":15,"50":97,"51":66,"52":60,"53":68,"54":55,"55":44,"56":44,"57":45,"58":38,"59":38,"6":12,"60":27,"61":30,"62":33,"63":24,"64":26,"65":21,"66":20,"67":18,"68":20,"69":7,"7":21,"70":12,"71":8,"72":14,"73":12,"74":9,"75":10,"76":10,"77":6,"78":14,"79":9,"8":16,"80":9,"81":4,"82":7,"83":4,"84":9,"85":4,"86":2,"87":2,"88":1,"9":22,"90":2,"91":2,"92":3,"94":1,"SIN EDAD DE REFERENCIA":210},"Indeterminado":{"0":0,"1":0,"10":0,"11":0,"12":0,"120":0,"13":1,"14":1,"15":3,"16":1,"17":3,"18":0,"19":8,"2":1,"20":5,"21":7,"22":9,"23":9,"24":7,"25":8,"26":7,"27":5,"28":11,"29":0,"3":0,"30":4,"31":6,"32":13,"33":7,"34":8,"35":6,"36":8,"37":7,"38":7,"39":4,"4":0,"40":4,"41":3,"42":3,"43":1,"44":2,"45":2,"46":1,"47":3,"48":2,"49":1,"5":0,"50":0,"51":1,"52":6,"53":3,"54":2,"55":3,"56":2,"57":2,"58":0,"59":1,"6":0,"60":0,"61":1,"62":0,"63":0,"64":1,"65":2,"66":0,"67":0,"68":0,"69":0,"7":0,"70":0,"71":0,"72":0,"73":0,"74":0,"75":0,"76":0,"77":1,"78":0,"79":0,"8":0,"80":0,"81":0,"82":0,"83":0,"84":0,"85":0,"86":0,"87":0,"88":0,"9":0,"90":0,"91":0,"92":0,"94":0,"SIN EDAD DE REFERENCIA":15},"Mujeres":{"0":0,"1":34,"10":27,"11":34,"12":79,"120":0,"13":147,"14":215,"15":273,"16":255,"17":205,"18":123,"19":87,"2":31,"20":97,"21":77,"22":96,"23":77,"24":81,"25":95,"26":75,"27":71,"28":69,"29":55,"3":26,"30":61,"31":54,"32":45,"33":54,"34":60,"35":57,"36":36,"37":40,"38":42,"39":33,"4":25,"40":31,"41":19,"42":38,"43":19,"44":26,"45":23,"46":20,"47":17,"48":13,"49":16,"5":28,"50":17,"51":12,"52":8,"53":9,"54":5,"55":10,"56":7,"57":9,"58":9,"59":14,"6":17,"60":4,"61":5,"62":4,"63":6,"64":3,"65":2,"66":5,"67":5,"68":6,"69":4,"7":20,"70":5,"71":1,"72":6,"73":2,"74":0,"75":3,"76":1,"77":2,"78":3,"79":2,"8":21,"80":1,"81":2,"82":0,"83":1,"84":6,"85":0,"86":0,"87":0,"88":0,"9":22,"90":0,"91":1,"92":0,"94":0,"SIN EDAD DE REFERENCIA":49}},"por_nacionalidad":{"Hombres":{"BRASILENA":1,"CANADIENSE":8,"COLOMBIANA":6,"CUBANA":2,"ECUATORIANA":1,"ESTADOUNIDENSE":23,"GUATEMALTECA":4,"HONDUREÑA":11,"INGLESA":0,"ITALIANA":1,"JAPONESA":0,"MEXICANA":8958,"NICARAGUENSE":1,"POLACA":1,"RUSA":0,"SE DESCONOCE":281},"Indeterminado":{"BRASILENA":0,"CANADIENSE":0,"COLOMBIANA":1,"CUBANA":0,"ECUATORIANA":0,"ESTADOUNIDENSE":0,"GUATEMALTECA":0,"HONDUREÑA":0,"INGLESA":0,"ITALIANA":0,"JAPONESA":0,"MEXICANA":180,"NICARAGUENSE":0,"POLACA":0,"RUSA":0,"SE DESCONOCE":37},"Mujeres":{"BRASILENA":0,"CANADIENSE":3,"COLOMBIANA":1,"CUBANA":3,"ECUATORIANA":0,"ESTADOUNIDENSE":20,"GUATEMALTECA":1,"HONDUREÑA":8,"INGLESA":1,"ITALIANA":0,"JAPONESA":1,"MEXICANA":3294,"NICARAGUENSE":0,"POLACA":0,"RUSA":1,"SE DESCONOCE":62}}}