{"totales":{"PorcentajeDesaparecidos":"69.20","PorcentajeLocalizados":"30.80","PorcentajeLocalizadosCV":"80.07","PorcentajeLocalizadosSV":"19.93","PorcentajeSoloDesaparecidos":"82.10","PorcentajeSoloNoLocalizados":"17.90","TotalDesaparecidos":"1905","TotalGlobal":"2753","TotalLocalizados":"848","TotalLocalizadosCV":"679","TotalLocalizadosSV":"169","TotalSoloDesaparecidos":"1564","TotalSoloNoLocalizados":"341"},"espacial":{"Hombre":{"BAJA CALIFORNIA SUR":20,"CHIAPAS":9,"CHIHUAHUA":1,"CIUDAD DE MEXICO":420,"COAHUILA":127,"COLIMA":83,"DURANGO":2,"ESTADO DE MEXICO":2,"GUANAJUATO":16,"GUERRERO":169,"HIDALGO":10,"JALISCO":961,"MICHOACAN ":38,"NUEVO LEON":1,"OAXACA":2,"QUERETARO ":2,"QUINTANA ROO":14,"SE DESCONOCE":2,"SINALOA":73,"SONORA":7,"TAMAULIPAS":40,"TLAXCALA":3,"VERACRUZ ":33,"ZACATECAS":76},"Indeterminado":{"BAJA CALIFORNIA SUR":0,"CHIAPAS":0,"CHIHUAHUA":0,"CIUDAD DE MEXICO":1,"COAHUILA":0,"COLIMA":0,"DURANGO":0,"ESTADO DE MEXICO":0,"GUANAJUATO":6,"GUERRERO":0,"HIDALGO":0,"JALISCO":0,"MICHOACAN ":0,"NUEVO LEON":0,"OAXACA":0,"QUERETARO ":0,"QUINTANA ROO":0,"SE DESCONOCE":0,"SINALOA":0,"SONORA":0,"TAMAULIPAS":0,"TLAXCALA":0,"VERACRUZ ":0,"ZACATECAS":0},"Mujer":{"BAJA CALIFORNIA SUR":2,"CHIAPAS":8,"CHIHUAHUA":0,"CIUDAD DE MEXICO":336,"COAHUILA":22,"COLIMA":26,"DURANGO":0,"ESTADO DE MEXICO":2,"GUANAJUATO":0,"GUERRERO":66,"HIDALGO":0,"JALISCO":145,"MICHOACAN ":6,"NUEVO LEON":0,"OAXACA":0,"QUERETARO ":1,"QUINTANA ROO":3,"SE DESCONOCE":0,"SINALOA":2,"SONORA":2,"TAMAULIPAS":2,"TLAXCALA":1,"VERACRUZ ":1,"ZACATECAS":10}},"anual":{"Hombre":{"1.CIFRA SIN  AÑO DE REFERENCIA":148,"1970":1,"1989":1,"1992":1,"1995":1,"2001":1,"2002":3,"2003":1,"2004":2,"2005":3,"2006":4,"2007":3,"2008":8,"2009":19,"2010":33,"2011":42,"2012":51,"2013":54,"2014":39,"2015":34,"2016":21,"2017":54,"2018":153,"2019":457,"2020":710,"2021":267},"Indeterminado":{"1.CIFRA SIN  AÑO DE REFERENCIA":0,"1970":0,"1989":0,"1992":0,"1995":0,"2001":0,"2002":0,"2003":0,"2004":0,"2005":0,"2006":0,"2007":0,"2008":0,"2009":0,"2010":0,"2011":0,"2012":0,"2013":0,"2014":0,"2015":0,"2016":0,"2017":0,"2018":3,"2019":2,"2020":2,"2021":0},"Mujer":{"1.CIFRA SIN  AÑO DE REFERENCIA":23,"1970":0,"1989":0,"1992":0,"1995":0,"2001":0,"2002":1,"2003":0,"2004":2,"2005":0,"2006":0,"2007":1,"2008":0,"2009":1,"2010":3,"2011":8,"2012":8,"2013":1,"2014":2,"2015":2,"2016":2,"2017":14,"2018":24,"2019":85,"2020":367,"2021":91}},"mensual_ultimo_anio":{"Hombre":{"2020-DICIEMBRE":10,"2020-NOVIEMBRE":95,"2020-OCTUBRE":93,"2020-SEPTIEMBRE":84,"2021-ABRIL":22,"2021-AGOSTO":1,"2021-ENERO":34,"2021-FEBRERO":29,"2021-JULIO":55,"2021-JUNIO":37,"2021-MARZO":32,"2021-MAYO":57},"Indeterminado":{"2020-DICIEMBRE":0,"2020-NOVIEMBRE":0,"2020-OCTUBRE":0,"2020-SEPTIEMBRE":0,"2021-ABRIL":0,"2021-AGOSTO":0,"2021-ENERO":0,"2021-FEBRERO":0,"2021-JULIO":0,"2021-JUNIO":0,"2021-MARZO":0,"2021-MAYO":0},"Mujer":{"2020-DICIEMBRE":5,"2020-NOVIEMBRE":59,"2020-OCTUBRE":58,"2020-SEPTIEMBRE":51,"2021-ABRIL":6,"2021-AGOSTO":0,"2021-ENERO":9,"2021-FEBRERO":6,"2021-JULIO":14,"2021-JUNIO":17,"2021-MARZO":15,"2021-MAYO":24}},"por_edad":{"Hombres":{"0":1,"1":2,"10":5,"109":1,"11":2,"12":3,"13":7,"14":13,"15":24,"16":46,"17":52,"18":38,"19":39,"2":1,"20":55,"21":54,"22":66,"23":54,"24":66,"25":68,"26":65,"27":75,"28":64,"29":80,"3":2,"30":88,"31":45,"32":58,"33":53,"34":54,"35":55,"36":51,"37":66,"38":60,"39":57,"4":6,"40":33,"41":37,"42":34,"43":27,"44":33,"45":36,"46":33,"47":31,"48":26,"49":28,"5":3,"50":25,"51":18,"52":18,"53":12,"54":18,"55":13,"56":11,"57":7,"58":12,"59":8,"6":5,"60":10,"61":5,"62":10,"63":11,"64":5,"65":3,"66":9,"67":6,"68":5,"69":3,"7":2,"70":5,"71":3,"72":7,"73":3,"74":1,"75":4,"76":3,"77":1,"78":5,"79":2,"8":4,"80":1,"82":1,"83":2,"84":1,"85":3,"87":0,"9":3,"90":3,"91":0,"93":1,"SIN EDAD DE REFERENCIA":45},"Indeterminado":{"0":0,"1":0,"10":0,"109":0,"11":0,"12":0,"13":1,"14":0,"15":0,"16":0,"17":0,"18":0,"19":0,"2":0,"20":1,"21":1,"22":0,"23":0,"24":0,"25":0,"26":0,"27":0,"28":0,"29":1,"3":0,"30":1,"31":0,"32":1,"33":0,"34":0,"35":0,"36":0,"37":0,"38":0,"39":0,"4":0,"40":0,"41":1,"42":0,"43":0,"44":0,"45":0,"46":0,"47":0,"48":0,"49":0,"5":0,"50":0,"51":0,"52":0,"53":0,"54":0,"55":0,"56":0,"57":0,"58":0,"59":0,"6":0,"60":0,"61":0,"62":0,"63":0,"64":0,"65":0,"66":0,"67":0,"68":0,"69":0,"7":0,"70":0,"71":0,"72":0,"73":0,"74":0,"75":0,"76":0,"77":0,"78":0,"79":0,"8":0,"80":0,"82":0,"83":0,"84":0,"85":0,"87":0,"9":0,"90":0,"91":0,"93":0,"SIN EDAD DE REFERENCIA":0},"Mujeres":{"0":3,"1":3,"10":5,"109":0,"11":2,"12":14,"13":20,"14":39,"15":45,"16":50,"17":35,"18":14,"19":15,"2":3,"20":16,"21":17,"22":13,"23":9,"24":21,"25":13,"26":10,"27":10,"28":13,"29":17,"3":2,"30":16,"31":14,"32":12,"33":16,"34":8,"35":12,"36":12,"37":7,"38":4,"39":9,"4":5,"40":9,"41":5,"42":9,"43":4,"44":6,"45":7,"46":5,"47":3,"48":2,"49":3,"5":2,"50":5,"51":1,"52":2,"53":3,"54":1,"55":2,"56":3,"57":3,"58":4,"59":3,"6":5,"60":2,"61":1,"62":1,"63":2,"64":4,"65":1,"66":0,"67":2,"68":2,"69":2,"7":3,"70":0,"71":1,"72":0,"73":0,"74":1,"75":0,"76":0,"77":0,"78":2,"79":2,"8":2,"80":0,"82":1,"83":0,"84":0,"85":0,"87":1,"9":6,"90":0,"91":1,"93":0,"SIN EDAD DE REFERENCIA":7}},"por_nacionalidad":{"Hombres":{"AUSTRALIANA":1,"BRASILENA":0,"COLOMBIANA":2,"CUBANA":1,"DOMINICANA":2,"ECUATORIANA":1,"ESTADOUNIDENSE":3,"GUATEMALTECA":9,"HONDUREÑA":8,"ITALIANA":1,"MEXICANA":2016,"NICARAGUENSE":1,"SALVADORENA":3,"SE DESCONOCE":62,"VENEZOLANA":1},"Indeterminado":{"AUSTRALIANA":0,"BRASILENA":0,"COLOMBIANA":0,"CUBANA":0,"DOMINICANA":0,"ECUATORIANA":0,"ESTADOUNIDENSE":0,"GUATEMALTECA":0,"HONDUREÑA":0,"ITALIANA":0,"MEXICANA":3,"NICARAGUENSE":0,"SALVADORENA":0,"SE DESCONOCE":4,"VENEZOLANA":0},"Mujeres":{"AUSTRALIANA":0,"BRASILENA":1,"COLOMBIANA":1,"CUBANA":0,"DOMINICANA":0,"ECUATORIANA":0,"ESTADOUNIDENSE":4,"GUATEMALTECA":2,"HONDUREÑA":4,"ITALIANA":0,"MEXICANA":612,"NICARAGUENSE":0,"SALVADORENA":0,"SE DESCONOCE":9,"VENEZOLANA":2}}}