{"totales":{"PorcentajeDesaparecidos":"33.94","PorcentajeLocalizados":"66.06","PorcentajeLocalizadosCV":"96.61","PorcentajeLocalizadosSV":"3.39","PorcentajeSoloDesaparecidos":"80.16","PorcentajeSoloNoLocalizados":"19.84","TotalDesaparecidos":"2560","TotalGlobal":"7542","TotalLocalizados":"4982","TotalLocalizadosCV":"4813","TotalLocalizadosSV":"169","TotalSoloDesaparecidos":"2052","TotalSoloNoLocalizados":"508"},"espacial":{"Hombre":{"AGUASCALIENTES":748,"BAJA CALIFORNIA":1,"BAJA CALIFORNIA SUR":6,"CAMPECHE":1,"CHIAPAS":0,"CHIHUAHUA":1,"CIUDAD DE MEXICO":22,"COAHUILA":400,"COLIMA":4,"DURANGO":726,"GUANAJUATO":4,"GUERRERO":52,"HIDALGO":188,"JALISCO":120,"MICHOACAN ":1,"MORELOS":2,"NAYARIT":1,"NUEVO LEON":561,"OAXACA":1,"PUEBLA":997,"QUERETARO ":1,"SAN LUIS POTOSI":1,"SINALOA":42,"SONORA":6,"TAMAULIPAS":48,"VERACRUZ ":151,"YUCATAN":1,"ZACATECAS":0},"Indeterminado":{"AGUASCALIENTES":1,"BAJA CALIFORNIA":0,"BAJA CALIFORNIA SUR":0,"CAMPECHE":0,"CHIAPAS":0,"CHIHUAHUA":0,"CIUDAD DE MEXICO":0,"COAHUILA":0,"COLIMA":0,"DURANGO":1,"GUANAJUATO":0,"GUERRERO":0,"HIDALGO":0,"JALISCO":0,"MICHOACAN ":0,"MORELOS":0,"NAYARIT":0,"NUEVO LEON":0,"OAXACA":0,"PUEBLA":0,"QUERETARO ":0,"SAN LUIS POTOSI":0,"SINALOA":0,"SONORA":0,"TAMAULIPAS":0,"VERACRUZ ":0,"YUCATAN":0,"ZACATECAS":0},"Mujer":{"AGUASCALIENTES":853,"BAJA CALIFORNIA":0,"BAJA CALIFORNIA SUR":2,"CAMPECHE":0,"CHIAPAS":13,"CHIHUAHUA":1,"CIUDAD DE MEXICO":23,"COAHUILA":96,"COLIMA":2,"DURANGO":680,"GUANAJUATO":2,"GUERRERO":24,"HIDALGO":201,"JALISCO":8,"MICHOACAN ":1,"MORELOS":0,"NAYARIT":0,"NUEVO LEON":352,"OAXACA":1,"PUEBLA":1080,"QUERETARO ":1,"SAN LUIS POTOSI":1,"SINALOA":0,"SONORA":3,"TAMAULIPAS":31,"VERACRUZ ":76,"YUCATAN":2,"ZACATECAS":1}},"anual":{"Hombre":{"1.CIFRA SIN  AÑO DE REFERENCIA":264,"1964":1,"1982":1,"1985":2,"1989":1,"1991":1,"1993":0,"1994":1,"1996":1,"1997":1,"1998":1,"2000":2,"2001":6,"2002":8,"2003":6,"2004":3,"2005":6,"2006":9,"2007":12,"2008":33,"2009":57,"2010":81,"2011":90,"2012":68,"2013":55,"2014":62,"2015":78,"2016":93,"2017":68,"2018":898,"2019":1449,"2020":653,"2021":75},"Indeterminado":{"1.CIFRA SIN  AÑO DE REFERENCIA":0,"1964":0,"1982":0,"1985":0,"1989":0,"1991":0,"1993":0,"1994":0,"1996":0,"1997":0,"1998":0,"2000":0,"2001":0,"2002":0,"2003":0,"2004":0,"2005":0,"2006":0,"2007":0,"2008":0,"2009":0,"2010":0,"2011":0,"2012":0,"2013":0,"2014":0,"2015":0,"2016":0,"2017":0,"2018":0,"2019":0,"2020":2,"2021":0},"Mujer":{"1.CIFRA SIN  AÑO DE REFERENCIA":188,"1964":0,"1982":0,"1985":0,"1989":0,"1991":0,"1993":1,"1994":0,"1996":0,"1997":0,"1998":0,"2000":0,"2001":4,"2002":11,"2003":3,"2004":2,"2005":4,"2006":2,"2007":10,"2008":7,"2009":12,"2010":21,"2011":33,"2012":24,"2013":43,"2014":67,"2015":53,"2016":39,"2017":48,"2018":897,"2019":1312,"2020":631,"2021":42}},"mensual_ultimo_anio":{"Hombre":{"2020-AGOSTO":47,"2020-DICIEMBRE":27,"2020-NOVIEMBRE":36,"2020-OCTUBRE":32,"2020-SEPTIEMBRE":32,"2021-ABRIL":4,"2021-ENERO":14,"2021-FEBRERO":7,"2021-JULIO":12,"2021-JUNIO":22,"2021-MARZO":7,"2021-MAYO":9},"Indeterminado":{"2020-AGOSTO":0,"2020-DICIEMBRE":0,"2020-NOVIEMBRE":0,"2020-OCTUBRE":0,"2020-SEPTIEMBRE":0,"2021-ABRIL":0,"2021-ENERO":0,"2021-FEBRERO":0,"2021-JULIO":0,"2021-JUNIO":0,"2021-MARZO":0,"2021-MAYO":0},"Mujer":{"2020-AGOSTO":47,"2020-DICIEMBRE":11,"2020-NOVIEMBRE":30,"2020-OCTUBRE":24,"2020-SEPTIEMBRE":25,"2021-ABRIL":4,"2021-ENERO":2,"2021-FEBRERO":4,"2021-JULIO":10,"2021-JUNIO":12,"2021-MARZO":3,"2021-MAYO":7}},"por_edad":{"Hombres":{"0":1,"1":36,"10":19,"11":27,"12":37,"13":62,"14":87,"15":99,"16":141,"17":119,"18":93,"19":80,"2":48,"20":92,"21":82,"22":91,"23":131,"24":119,"25":115,"26":105,"27":106,"28":102,"29":92,"3":48,"30":102,"31":98,"32":76,"33":92,"34":68,"35":87,"36":71,"37":78,"38":71,"39":63,"4":51,"40":55,"41":67,"42":61,"43":58,"44":54,"45":70,"46":60,"47":38,"48":44,"49":37,"5":30,"50":37,"51":37,"52":43,"53":36,"54":28,"55":27,"56":22,"57":15,"58":19,"59":15,"6":20,"60":13,"61":16,"62":18,"63":15,"64":12,"65":21,"66":10,"67":11,"68":12,"69":9,"7":23,"70":11,"71":5,"72":8,"73":9,"74":9,"75":9,"76":6,"77":6,"78":10,"79":6,"8":17,"80":5,"81":4,"82":5,"83":4,"84":4,"85":1,"86":2,"87":3,"88":1,"89":2,"9":19,"90":1,"91":2,"92":1,"93":1,"94":2,"95":0,"97":1,"SIN EDAD DE REFERENCIA":110},"Indeterminado":{"0":0,"1":0,"10":0,"11":0,"12":0,"13":0,"14":0,"15":0,"16":0,"17":0,"18":0,"19":0,"2":0,"20":0,"21":0,"22":0,"23":0,"24":0,"25":0,"26":0,"27":0,"28":0,"29":0,"3":0,"30":0,"31":0,"32":0,"33":0,"34":0,"35":0,"36":0,"37":0,"38":0,"39":0,"4":0,"40":1,"41":0,"42":0,"43":0,"44":0,"45":0,"46":0,"47":0,"48":0,"49":0,"5":0,"50":0,"51":0,"52":0,"53":0,"54":0,"55":0,"56":0,"57":0,"58":0,"59":0,"6":0,"60":0,"61":0,"62":0,"63":0,"64":0,"65":0,"66":0,"67":0,"68":0,"69":0,"7":0,"70":0,"71":0,"72":0,"73":0,"74":0,"75":0,"76":0,"77":0,"78":0,"79":0,"8":0,"80":0,"81":0,"82":0,"83":0,"84":0,"85":0,"86":0,"87":0,"88":0,"89":0,"9":0,"90":0,"91":0,"92":0,"93":0,"94":0,"95":0,"97":0,"SIN EDAD DE REFERENCIA":1},"Mujeres":{"0":2,"1":35,"10":14,"11":26,"12":77,"13":201,"14":322,"15":419,"16":330,"17":292,"18":117,"19":106,"2":46,"20":73,"21":77,"22":83,"23":74,"24":71,"25":66,"26":52,"27":54,"28":55,"29":61,"3":32,"30":37,"31":41,"32":36,"33":32,"34":32,"35":27,"36":24,"37":31,"38":18,"39":19,"4":27,"40":28,"41":16,"42":14,"43":23,"44":24,"45":16,"46":10,"47":9,"48":9,"49":13,"5":23,"50":13,"51":5,"52":9,"53":6,"54":8,"55":3,"56":2,"57":5,"58":6,"59":3,"6":20,"60":2,"61":1,"62":3,"63":0,"64":1,"65":0,"66":4,"67":1,"68":2,"69":2,"7":29,"70":5,"71":1,"72":1,"73":1,"74":3,"75":0,"76":2,"77":3,"78":1,"79":0,"8":16,"80":1,"81":1,"82":2,"83":0,"84":2,"85":2,"86":0,"87":1,"88":1,"89":2,"9":14,"90":1,"91":0,"92":0,"93":1,"94":0,"95":1,"97":0,"SIN EDAD DE REFERENCIA":73}},"por_nacionalidad":{"Hombres":{"ARGENTINA":1,"BRASILENA":1,"DOMINICANA":0,"ESTADOUNIDENSE":14,"FRANCESA":1,"GUATEMALTECA":3,"HONDUREÑA":16,"INGLESA":1,"MEXICANA":3817,"POLACA":0,"RUSA":1,"SALVADORENA":5,"SE DESCONOCE":225,"VENEZOLANA":1},"Indeterminado":{"ARGENTINA":0,"BRASILENA":0,"DOMINICANA":0,"ESTADOUNIDENSE":0,"FRANCESA":0,"GUATEMALTECA":0,"HONDUREÑA":0,"INGLESA":0,"MEXICANA":2,"POLACA":0,"RUSA":0,"SALVADORENA":0,"SE DESCONOCE":0,"VENEZOLANA":0},"Mujeres":{"ARGENTINA":0,"BRASILENA":0,"DOMINICANA":1,"ESTADOUNIDENSE":6,"FRANCESA":0,"GUATEMALTECA":3,"HONDUREÑA":4,"INGLESA":0,"MEXICANA":3326,"POLACA":1,"RUSA":2,"SALVADORENA":1,"SE DESCONOCE":110,"VENEZOLANA":0}}}