{"totales":{"PorcentajeDesaparecidos":"12.50","PorcentajeLocalizados":"87.50","PorcentajeLocalizadosCV":"0.00","PorcentajeLocalizadosSV":"100.00","PorcentajeSoloDesaparecidos":"0.00","PorcentajeSoloNoLocalizados":"100.00","TotalDesaparecidos":"01","TotalGlobal":"08","TotalLocalizados":"07","TotalLocalizadosCV":"00","TotalLocalizadosSV":"07","TotalSoloDesaparecidos":"00","TotalSoloNoLocalizados":"01"},"espacial":{"Hombre":{"CHIAPAS":0,"CHIHUAHUA":0,"COAHUILA":0,"PUEBLA":0,"YUCATAN":0},"Indeterminado":{"CHIAPAS":0,"CHIHUAHUA":0,"COAHUILA":0,"PUEBLA":0,"YUCATAN":0},"Mujer":{"CHIAPAS":1,"CHIHUAHUA":3,"COAHUILA":2,"PUEBLA":1,"YUCATAN":1}},"anual":{"Hombre":{"1.CIFRA SIN  AÑO DE REFERENCIA":0,"2008":0,"2016":0,"2018":0,"2019":0,"2021":0},"Indeterminado":{"1.CIFRA SIN  AÑO DE REFERENCIA":0,"2008":0,"2016":0,"2018":0,"2019":0,"2021":0},"Mujer":{"1.CIFRA SIN  AÑO DE REFERENCIA":1,"2008":1,"2016":2,"2018":2,"2019":1,"2021":1}},"mensual_ultimo_anio":{"Hombre":{"0-CIFRA SIN AÑO NI MES DE REFERENCIA":0,"2008-DICIEMBRE":0,"2016-MARZO":0,"2016-MAYO":0,"2018-OCTUBRE":0,"2018-SEPTIEMBRE":0,"2019-JULIO":0,"2021-ABRIL":0},"Indeterminado":{"0-CIFRA SIN AÑO NI MES DE REFERENCIA":0,"2008-DICIEMBRE":0,"2016-MARZO":0,"2016-MAYO":0,"2018-OCTUBRE":0,"2018-SEPTIEMBRE":0,"2019-JULIO":0,"2021-ABRIL":0},"Mujer":{"0-CIFRA SIN AÑO NI MES DE REFERENCIA":1,"2008-DICIEMBRE":1,"2016-MARZO":1,"2016-MAYO":1,"2018-OCTUBRE":1,"2018-SEPTIEMBRE":1,"2019-JULIO":1,"2021-ABRIL":1}},"por_edad":{"Hombres":{"15":0,"16":0,"17":0,"19":0,"20":0,"28":0,"30":0,"39":0},"Indeterminado":{"15":0,"16":0,"17":0,"19":0,"20":0,"28":0,"30":0,"39":0},"Mujeres":{"15":1,"16":1,"17":1,"19":1,"20":1,"28":1,"30":1,"39":1}},"por_nacionalidad":{"Hombres":{"MEXICANA":0,"SE DESCONOCE":0},"Indeterminado":{"MEXICANA":0,"SE DESCONOCE":0},"Mujeres":{"MEXICANA":7,"SE DESCONOCE":1}}}