{"totales":{"PorcentajeDesaparecidos":"0.57","PorcentajeLocalizados":"99.43","PorcentajeLocalizadosCV":"1.15","PorcentajeLocalizadosSV":"98.85","PorcentajeSoloDesaparecidos":"100.00","PorcentajeSoloNoLocalizados":"0.00","TotalDesaparecidos":"03","TotalGlobal":"524","TotalLocalizados":"521","TotalLocalizadosCV":"06","TotalLocalizadosSV":"515","TotalSoloDesaparecidos":"03","TotalSoloNoLocalizados":"00"},"espacial":{"Hombre":{"AGUASCALIENTES":9,"CHIAPAS":1,"CHIHUAHUA":380,"DURANGO":2,"MORELOS":15,"PUEBLA":69,"VERACRUZ ":1,"YUCATAN":1,"ZACATECAS":2},"Indeterminado":{"AGUASCALIENTES":0,"CHIAPAS":0,"CHIHUAHUA":0,"DURANGO":0,"MORELOS":0,"PUEBLA":0,"VERACRUZ ":0,"YUCATAN":0,"ZACATECAS":0},"Mujer":{"AGUASCALIENTES":1,"CHIAPAS":0,"CHIHUAHUA":35,"DURANGO":0,"MORELOS":0,"PUEBLA":7,"VERACRUZ ":1,"YUCATAN":0,"ZACATECAS":0}},"anual":{"Hombre":{"1.CIFRA SIN  AÑO DE REFERENCIA":23,"1999":1,"2007":3,"2008":6,"2009":10,"2010":30,"2011":29,"2012":26,"2013":26,"2014":38,"2015":37,"2016":42,"2017":79,"2018":36,"2019":72,"2020":21,"2021":1},"Indeterminado":{"1.CIFRA SIN  AÑO DE REFERENCIA":0,"1999":0,"2007":0,"2008":0,"2009":0,"2010":0,"2011":0,"2012":0,"2013":0,"2014":0,"2015":0,"2016":0,"2017":0,"2018":0,"2019":0,"2020":0,"2021":0},"Mujer":{"1.CIFRA SIN  AÑO DE REFERENCIA":3,"1999":0,"2007":0,"2008":2,"2009":4,"2010":2,"2011":0,"2012":2,"2013":1,"2014":1,"2015":5,"2016":4,"2017":11,"2018":4,"2019":4,"2020":1,"2021":0}},"mensual_ultimo_anio":{"Hombre":{"2019-NOVIEMBRE":1,"2019-OCTUBRE":3,"2019-SEPTIEMBRE":7,"2020-ABRIL":1,"2020-AGOSTO":3,"2020-DICIEMBRE":2,"2020-JULIO":4,"2020-MAYO":1,"2020-NOVIEMBRE":5,"2020-OCTUBRE":4,"2020-SEPTIEMBRE":1,"2021-ENERO":1},"Indeterminado":{"2019-NOVIEMBRE":0,"2019-OCTUBRE":0,"2019-SEPTIEMBRE":0,"2020-ABRIL":0,"2020-AGOSTO":0,"2020-DICIEMBRE":0,"2020-JULIO":0,"2020-MAYO":0,"2020-NOVIEMBRE":0,"2020-OCTUBRE":0,"2020-SEPTIEMBRE":0,"2021-ENERO":0},"Mujer":{"2019-NOVIEMBRE":0,"2019-OCTUBRE":0,"2019-SEPTIEMBRE":2,"2020-ABRIL":0,"2020-AGOSTO":0,"2020-DICIEMBRE":0,"2020-JULIO":0,"2020-MAYO":0,"2020-NOVIEMBRE":0,"2020-OCTUBRE":1,"2020-SEPTIEMBRE":0,"2021-ENERO":0}},"por_edad":{"Hombres":{"0":0,"1":1,"13":1,"14":3,"15":0,"16":8,"17":13,"18":20,"19":17,"20":12,"21":11,"22":15,"23":16,"24":10,"25":25,"26":15,"27":14,"28":14,"29":11,"3":1,"30":20,"31":6,"32":19,"33":16,"34":11,"35":12,"36":10,"37":15,"38":10,"39":6,"40":13,"41":6,"42":7,"43":8,"44":8,"45":7,"46":8,"47":8,"48":4,"49":5,"50":4,"51":6,"52":5,"53":6,"54":3,"55":3,"56":6,"57":3,"58":6,"60":4,"62":3,"63":2,"64":3,"66":1,"67":1,"68":1,"70":2,"74":2,"75":1,"76":2,"78":3,"82":1,"84":0,"9":1,"91":1,"SIN EDAD DE REFERENCIA":4},"Indeterminado":{"0":0,"1":0,"13":0,"14":0,"15":0,"16":0,"17":0,"18":0,"19":0,"20":0,"21":0,"22":0,"23":0,"24":0,"25":0,"26":0,"27":0,"28":0,"29":0,"3":0,"30":0,"31":0,"32":0,"33":0,"34":0,"35":0,"36":0,"37":0,"38":0,"39":0,"40":0,"41":0,"42":0,"43":0,"44":0,"45":0,"46":0,"47":0,"48":0,"49":0,"50":0,"51":0,"52":0,"53":0,"54":0,"55":0,"56":0,"57":0,"58":0,"60":0,"62":0,"63":0,"64":0,"66":0,"67":0,"68":0,"70":0,"74":0,"75":0,"76":0,"78":0,"82":0,"84":0,"9":0,"91":0,"SIN EDAD DE REFERENCIA":0},"Mujeres":{"0":1,"1":0,"13":0,"14":0,"15":2,"16":0,"17":2,"18":1,"19":1,"20":0,"21":1,"22":1,"23":0,"24":1,"25":0,"26":2,"27":4,"28":1,"29":3,"3":0,"30":1,"31":2,"32":0,"33":1,"34":0,"35":1,"36":2,"37":1,"38":2,"39":0,"40":1,"41":0,"42":2,"43":2,"44":1,"45":0,"46":0,"47":0,"48":2,"49":0,"50":1,"51":0,"52":0,"53":0,"54":0,"55":1,"56":1,"57":0,"58":0,"60":0,"62":0,"63":0,"64":0,"66":0,"67":0,"68":0,"70":0,"74":0,"75":0,"76":0,"78":0,"82":1,"84":1,"9":0,"91":0,"SIN EDAD DE REFERENCIA":1}},"por_nacionalidad":{"Hombres":{"ESTADOUNIDENSE":2,"MEXICANA":476,"SE DESCONOCE":2},"Indeterminado":{"ESTADOUNIDENSE":0,"MEXICANA":0,"SE DESCONOCE":0},"Mujeres":{"ESTADOUNIDENSE":0,"MEXICANA":42,"SE DESCONOCE":2}}}