{"totales":{"PorcentajeDesaparecidos":"80.00","PorcentajeLocalizados":"20.00","PorcentajeLocalizadosCV":"100.00","PorcentajeLocalizadosSV":"0.00","PorcentajeSoloDesaparecidos":"100.00","PorcentajeSoloNoLocalizados":"0.00","TotalDesaparecidos":"08","TotalGlobal":"10","TotalLocalizados":"02","TotalLocalizadosCV":"02","TotalLocalizadosSV":"00","TotalSoloDesaparecidos":"08","TotalSoloNoLocalizados":"00"},"espacial":{"Hombre":{"MORELOS":1,"PUEBLA":1,"SINALOA":1,"VERACRUZ ":4,"YUCATAN":0,"ZACATECAS":1},"Indeterminado":{"MORELOS":0,"PUEBLA":0,"SINALOA":0,"VERACRUZ ":0,"YUCATAN":0,"ZACATECAS":0},"Mujer":{"MORELOS":0,"PUEBLA":0,"SINALOA":0,"VERACRUZ ":1,"YUCATAN":1,"ZACATECAS":0}},"anual":{"Hombre":{"1.CIFRA SIN  AÑO DE REFERENCIA":4,"2020":4,"2021":0},"Indeterminado":{"1.CIFRA SIN  AÑO DE REFERENCIA":0,"2020":0,"2021":0},"Mujer":{"1.CIFRA SIN  AÑO DE REFERENCIA":1,"2020":0,"2021":1}},"mensual_ultimo_anio":{"Hombre":{"0-CIFRA SIN AÑO NI MES DE REFERENCIA":4,"2020-DICIEMBRE":1,"2020-ENERO":1,"2020-MARZO":1,"2020-NOVIEMBRE":1,"2021-ABRIL":0},"Indeterminado":{"0-CIFRA SIN AÑO NI MES DE REFERENCIA":0,"2020-DICIEMBRE":0,"2020-ENERO":0,"2020-MARZO":0,"2020-NOVIEMBRE":0,"2021-ABRIL":0},"Mujer":{"0-CIFRA SIN AÑO NI MES DE REFERENCIA":1,"2020-DICIEMBRE":0,"2020-ENERO":0,"2020-MARZO":0,"2020-NOVIEMBRE":0,"2021-ABRIL":1}},"por_edad":{"Hombres":{"25":1,"28":1,"29":0,"30":1,"31":1,"44":0,"50":1,"55":1,"60":1,"68":1},"Indeterminado":{"25":0,"28":0,"29":0,"30":0,"31":0,"44":0,"50":0,"55":0,"60":0,"68":0},"Mujeres":{"25":0,"28":0,"29":1,"30":0,"31":0,"44":1,"50":0,"55":0,"60":0,"68":0}},"por_nacionalidad":{"Hombres":{"ESTADOUNIDENSE":1,"MEXICANA":3,"SE DESCONOCE":4},"Indeterminado":{"ESTADOUNIDENSE":0,"MEXICANA":0,"SE DESCONOCE":0},"Mujeres":{"ESTADOUNIDENSE":0,"MEXICANA":1,"SE DESCONOCE":1}}}