{"totales":{"PorcentajeDesaparecidos":"50.00","PorcentajeLocalizados":"50.00","PorcentajeLocalizadosCV":"100.00","PorcentajeLocalizadosSV":"0.00","PorcentajeSoloDesaparecidos":"100.00","PorcentajeSoloNoLocalizados":"0.00","TotalDesaparecidos":"01","TotalGlobal":"02","TotalLocalizados":"01","TotalLocalizadosCV":"01","TotalLocalizadosSV":"00","TotalSoloDesaparecidos":"01","TotalSoloNoLocalizados":"00"},"espacial":{"Hombre":{"CHIAPAS":0},"Indeterminado":{"CHIAPAS":0},"Mujer":{"CHIAPAS":2}},"anual":{"Hombre":{"2014":0,"2016":0},"Indeterminado":{"2014":0,"2016":0},"Mujer":{"2014":1,"2016":1}},"mensual_ultimo_anio":{"Hombre":{"2014-SEPTIEMBRE":0,"2016-ABRIL":0},"Indeterminado":{"2014-SEPTIEMBRE":0,"2016-ABRIL":0},"Mujer":{"2014-SEPTIEMBRE":1,"2016-ABRIL":1}},"por_edad":{"Hombres":{"0":0,"15":0},"Indeterminado":{"0":0,"15":0},"Mujeres":{"0":1,"15":1}},"por_nacionalidad":{"Hombres":{"MEXICANA":0},"Indeterminado":{"MEXICANA":0},"Mujeres":{"MEXICANA":2}}}