{"totales":{"PorcentajeDesaparecidos":"100.00","PorcentajeLocalizados":"0.00","PorcentajeLocalizadosCV":"0.00","PorcentajeLocalizadosSV":"0.00","PorcentajeSoloDesaparecidos":"100.00","PorcentajeSoloNoLocalizados":"0.00","TotalDesaparecidos":"02","TotalGlobal":"02","TotalLocalizados":"00","TotalLocalizadosCV":"00","TotalLocalizadosSV":"00","TotalSoloDesaparecidos":"02","TotalSoloNoLocalizados":"00"},"espacial":{"Hombre":{"CHIAPAS":2},"Indeterminado":{"CHIAPAS":0},"Mujer":{"CHIAPAS":0}},"anual":{"Hombre":{"2021":2},"Indeterminado":{"2021":0},"Mujer":{"2021":0}},"mensual_ultimo_anio":{"Hombre":{"2021-ABRIL":2},"Indeterminado":{"2021-ABRIL":0},"Mujer":{"2021-ABRIL":0}},"por_edad":{"Hombres":{"28":2},"Indeterminado":{"28":0},"Mujeres":{"28":0}},"por_nacionalidad":{"Hombres":{"GUATEMALTECA":2},"Indeterminado":{"GUATEMALTECA":0},"Mujeres":{"GUATEMALTECA":0}}}